v 0.659031 7.12121 -1.93942
v 0.654076 7.24051 -1.91806
v 0.589266 7.19593 -1.93243
v 0.860672 7.08625 -1.93076
v 0.855386 7.25085 -1.90122
v 0.454692 7.22606 -1.93981
v 1.06171 7.0762 -1.91508
v 1.05726 7.25065 -1.89014
v 0.838996 7.24937 -1.68887
v 0.637753 7.24647 -1.70119
v 0.862155 6.91355 -1.92677
v 0.66038 6.93205 -1.93518
v 0.436956 7.24812 -1.71497
v 0.459032 6.96952 -1.94184
v 1.26339 7.07028 -1.91038
v 1.25908 7.24855 -1.88028
v 1.04054 7.24948 -1.67722
v 1.06234 6.89627 -1.91803
v 0.824975 7.24443 -1.48129
v 0.62316 7.2458 -1.49222
v 0.659636 6.74331 -1.93785
v 0.859404 6.72413 -1.92044
v 0.4223 7.24818 -1.50466
v 0.236383 7.24714 -1.72779
v 0.253334 7.23329 -1.94949
v 0.457997 6.7641 -1.94083
v 0.257285 6.99543 -1.9518
v 1.26254 6.88412 -1.9073
v 1.46386 7.0626 -1.89735
v 1.46097 7.24565 -1.86872
v 1.24287 7.24657 -1.66653
v 1.02715 7.24436 -1.47063
v 1.06029 6.70794 -1.9175
v 0.609939 7.24936 -1.28544
v 0.81236 7.2444 -1.27537
v 0.855339 6.52723 -1.91781
v 0.655499 6.54552 -1.93259
v 0.220865 7.24996 -1.51558
v 0.40791 7.25399 -1.29583
v 0.0352568 7.24872 -1.7377
v 0.0525296 7.23424 -1.95553
v 0.256611 6.78382 -1.95542
v 0.45494 6.56379 -1.93748
v 0.0563268 7.01031 -1.96718
v 1.25996 6.69396 -1.89958
v 1.46253 6.87366 -1.89521
v 1.6644 7.05645 -1.88124
v 1.66225 7.24157 -1.85446
v 1.4448 7.244 -1.65484
v 1.2292 7.24263 -1.45957
v 1.01456 7.24245 -1.26491
v 1.05605 6.51265 -1.91182
v 0.799598 7.24969 -1.06945
v 0.596993 7.25258 -1.07888
v 0.850648 6.32971 -1.91663
v 0.650531 6.34636 -1.93448
v 0.206048 7.25184 -1.30579
v 0.0200237 7.2515 -1.52617
v 0.395123 7.25441 -1.08905
v -0.14696 7.23856 -1.96608
v -0.164946 7.25153 -1.74775
v 0.0552833 6.80018 -1.96422
v 0.25373 6.5807 -1.94845
v 0.44995 6.36375 -1.93805
v -0.144743 7.01979 -1.97487
v 1.25564 6.49794 -1.89635
v 1.45967 6.68094 -1.88989
v 1.66245 6.86408 -1.88512
v 1.86399 7.04768 -1.86798
v 1.8637 7.23509 -1.84353
v 1.64661 7.24277 -1.64256
v 1.43124 7.2407 -1.44811
v 1.21604 7.24094 -1.2534
v 1.00214 7.24242 -1.05965
v 1.05081 6.31452 -1.90817
v 0.584941 7.25318 -0.873476
v 0.787569 7.24969 -0.864406
v 0.64444 6.14681 -1.93213
v 0.844865 6.13081 -1.91716
v 0.193084 7.2558 -1.0987
v 0.00416024 7.25013 -1.31521
v -0.180929 7.25233 -1.53564
v 0.382592 7.25502 -0.882703
v -0.346602 7.23878 -1.97366
v -0.363887 7.25684 -1.75884
v -0.145467 6.81322 -1.97876
v 0.0525275 6.59617 -1.95872
v 0.249476 6.37944 -1.94868
v 0.443634 6.16326 -1.9394
v -0.345226 7.02843 -1.98868
v 1.25134 6.30136 -1.89559
v 1.45626 6.48651 -1.88596
v 1.65947 6.6707 -1.87715
v 1.86225 6.85696 -1.86699
v 2.06451 7.04547 -1.85223
v 2.06257 7.23598 -1.8294
v 1.84833 7.24158 -1.63016
v 1.6334 7.2399 -1.43635
v 1.41851 7.24047 -1.24259
v 1.20407 7.24253 -1.0488
v 0.989802 7.24654 -0.85462
v 1.04547 6.11575 -1.90816
v 0.775516 7.25106 -0.659292
v 0.572854 7.25385 -0.668071
v 0.637601 5.94723 -1.93117
v 0.837536 5.93029 -1.91696
v 0.179814 7.25658 -0.891506
v -0.00948337 7.2517 -1.1074
v -0.197326 7.25545 -1.3241
v -0.38125 7.25506 -1.54489
v 0.370458 7.25559 -0.676858
v -0.546029 7.24313 -1.9871
v -0.562172 7.2508 -1.77008
v -0.346781 6.82487 -1.99031
v -0.148948 6.60994 -1.96966
v 0.0480287 6.39334 -1.95764
v 0.242854 6.178 -1.94851
v 0.436477 5.96282 -1.94098
v -0.546795 7.03644 -1.99768
v 1.45188 6.28953 -1.88573
v 1.24559 6.1023 -1.8951
v 1.65677 6.47692 -1.87521
v 1.85995 6.66333 -1.86449
v 2.06311 6.85277 -1.8556
v 2.26548 7.04451 -1.83736
v 2.26397 7.2403 -1.82175
v 2.04987 7.24151 -1.61813
v 1.83548 7.24026 -1.42397
v 1.62111 7.24162 -1.23134
v 1.40619 7.24168 -1.03772
v 1.19219 7.24272 -0.844369
v 0.977971 7.24839 -0.649959
v 1.03828 5.91541 -1.90574
v 0.763201 7.25222 -0.454247
v 0.560992 7.25577 -0.463004
v 0.629204 5.74716 -1.93128
v 0.829302 5.73022 -1.9169
v 0.167373 7.25522 -0.684959
v -0.0239461 7.25483 -0.898946
v -0.213039 7.25269 -1.11471
v -0.397003 7.25544 -1.3339
v -0.578154 7.25387 -1.55564
v 0.358346 7.25924 -0.471142
v -0.758756 7.25017 -1.78173
v -0.745324 7.24742 -2.00252
v -0.548576 6.8353 -2.00428
v -0.350362 6.62306 -1.98387
v -0.153152 6.40775 -1.969
v 0.0421113 6.19212 -1.9569
v 0.234942 5.97756 -1.95033
v 0.42756 5.76326 -1.94113
v -0.746873 7.04429 -2.01341
v 1.44605 6.0907 -1.88541
v 1.65321 6.28065 -1.87633
v 1.23891 5.90212 -1.89432
v 1.85675 6.4677 -1.86397
v 2.06095 6.6581 -1.85556
v 2.2647 6.85142 -1.84494
v 2.46724 7.04541 -1.82606
v 2.46613 7.23846 -1.81312
v 2.25196 7.24099 -1.60747
v 2.03765 7.2421 -1.41186
v 1.82344 7.24099 -1.21906
v 1.60906 7.24318 -1.02665
v 1.39463 7.24491 -0.833729
v 1.1802 7.24716 -0.639997
v 0.965785 7.2503 -0.445425
v 1.03029 5.71472 -1.90576
v 0.751585 7.252 -0.249853
v 0.549486 7.25739 -0.258206
v 0.620045 5.54844 -1.93376
v 0.820567 5.53084 -1.91899
v 0.155545 7.25492 -0.478862
v -0.0364227 7.25737 -0.692128
v -0.228477 7.25842 -0.905863
v -0.413971 7.2555 -1.12393
v -0.596983 7.25419 -1.3426
v -0.773485 7.24833 -1.5664
v 0.34681 7.25991 -0.265787
v -0.945179 7.24958 -2.01341
v -0.953763 7.25689 -1.79586
v -0.750278 6.84473 -2.01862
v -0.552089 6.63594 -1.99654
v -0.353702 6.42117 -1.98339
v -0.158163 6.20588 -1.96643
v 0.03452 5.99128 -1.95821
v 0.226474 5.77821 -1.95593
v 0.41611 5.5648 -1.94282
v -0.947871 7.05081 -2.02153
v 1.43923 5.89033 -1.88369
v 1.64699 6.08111 -1.87576
v 1.85295 6.27156 -1.86423
v 1.23106 5.70082 -1.89351
v 2.05784 6.4622 -1.85357
v 2.26254 6.65553 -1.84449
v 2.46678 6.85083 -1.83611
v 2.6704 7.04491 -1.8188
v 2.66942 7.23571 -1.80365
v 2.45496 7.24068 -1.59776
v 2.2404 7.24037 -1.40072
v 2.0259 7.24366 -1.20671
v 1.81161 7.24317 -1.01478
v 1.59728 7.24516 -0.822696
v 1.38291 7.24675 -0.629877
v 1.16843 7.2498 -0.436031
v 0.953528 7.25087 -0.24099
v 1.02175 5.51369 -1.90664
v 0.740397 7.25348 -0.0457925
v 0.538267 7.25713 -0.0535642
v 0.6067 5.35088 -1.93536
v 0.807638 5.33163 -1.92138
v 0.143893 7.25381 -0.272646
v -0.0483666 7.25728 -0.485477
v -0.241039 7.25686 -0.698747
v -0.432549 7.26007 -0.913283
v -0.618416 7.25901 -1.131
v -0.799893 7.25909 -1.3505
v -0.967265 7.24771 -1.58192
v 0.336286 7.25435 -0.0610123
v -1.1439 7.24977 -2.02424
v -1.14467 7.26181 -1.8022
v -0.754671 6.64547 -2.01486
v -0.95246 6.8537 -2.02674
v -0.555519 6.4367 -1.9977
v -0.358647 6.21946 -1.98163
v -0.165122 6.00544 -1.96623
v 0.0258344 5.79174 -1.9596
v 0.215829 5.58244 -1.96215
v 0.401157 5.37306 -1.94895
v -1.1484 7.05792 -2.02843
v 1.43101 5.68863 -1.88252
v 1.63944 5.88029 -1.87562
v 1.84732 6.07247 -1.86392
v 2.05372 6.26507 -1.85228
v 1.22196 5.49868 -1.89392
v 2.25922 6.45863 -1.84365
v 2.46458 6.65391 -1.83581
v 2.6698 6.85053 -1.82636
v 2.87446 7.04811 -1.80825
v 2.87425 7.24122 -1.79282
v 2.65917 7.23635 -1.58836
v 2.4438 7.23851 -1.3906
v 2.22879 7.24224 -1.19487
v 2.01426 7.24579 -1.00244
v 1.80009 7.24596 -0.811275
v 1.58531 7.24666 -0.619043
v 1.37095 7.24912 -0.426031
v 1.15613 7.25093 -0.232025
v 0.942394 7.25313 -0.0373765
v 1.01165 5.31303 -1.9087
v 0.729823 7.25284 0.157864
v 0.527973 7.25501 0.150388
v 0.580793 5.16106 -1.95624
v 0.784431 5.13432 -1.92251
v 0.133564 7.25016 -0.0675485
v -0.0588281 7.25476 -0.279794
v -0.252791 7.25355 -0.491995
v -0.446344 7.25836 -0.705281
v -0.639239 7.26031 -0.919988
v -0.828828 7.26345 -1.13938
v -1.00899 7.23893 -1.36732
v -1.14652 7.2652 -1.59873
v 0.32594 7.24935 0.143492
v -1.34177 7.25812 -2.03503
v -1.33394 7.26897 -1.79783
v -0.759363 6.4489 -2.01213
v -0.957551 6.65667 -2.02469
v -1.15415 6.86303 -2.03257
v -0.560481 6.23663 -1.99758
v -0.366226 6.01914 -1.98115
v -0.17239 5.80668 -1.97348
v 0.0152686 5.59473 -1.96896
v 0.197602 5.38599 -1.96252
v 0.37638 5.17659 -1.96344
v -1.34697 7.06977 -2.035
v 1.42153 5.48614 -1.88442
v 1.63126 5.67872 -1.87677
v 1.84021 5.87231 -1.86422
v 2.04806 6.06605 -1.85338
v 2.25524 6.26089 -1.8426
v 1.21115 5.29615 -1.89542
v 2.4616 6.4562 -1.83468
v 2.66768 6.65375 -1.8257
v 2.87342 6.85257 -1.81449
v 3.07988 7.05478 -1.79891
v 3.08809 7.25245 -1.79083
v 2.86543 7.24107 -1.57816
v 2.64818 7.23543 -1.38062
v 2.432 7.23757 -1.18314
v 2.2171 7.24546 -0.990014
v 2.00258 7.24619 -0.799242
v 1.788 7.24863 -0.607776
v 1.57357 7.24877 -0.415735
v 1.35865 7.24872 -0.222457
v 1.14462 7.2514 -0.028597
v 0.93154 7.25274 0.166028
v 0.991506 5.11193 -1.91113
v 0.51754 7.25296 0.354114
v 0.719195 7.25237 0.361403
v 0.549846 4.95467 -1.94335
v 0.749468 4.93656 -1.93777
v 0.123751 7.25031 0.137236
v -0.0689758 7.2559 -0.0738953
v -0.262368 7.25458 -0.286444
v -0.457393 7.25702 -0.498208
v -0.653395 7.25922 -0.711869
v -0.849187 7.26346 -0.930673
v -1.0376 7.26041 -1.17036
v -1.16212 7.24783 -1.42108
v -1.33007 7.27102 -1.59356
v 0.316142 7.2461 0.347597
v -1.50761 7.24042 -1.77613
v -1.53168 7.25187 -1.98928
v -0.962809 6.46036 -2.02171
v -0.76483 6.25077 -2.01235
v -1.16007 6.66734 -2.03401
v -1.35458 6.87626 -2.03967
v -0.568398 6.03507 -1.98153
v -0.371659 5.82315 -1.98187
v -0.182228 5.60729 -1.97817
v -0.000108751 5.39441 -1.9654
v 0.178264 5.18687 -1.9708
v 0.352026 4.97487 -1.95196
v -1.54382 7.08823 -2.03933
v 1.4109 5.2829 -1.88601
v 1.62197 5.47626 -1.87754
v 1.83222 5.67113 -1.86545
v 2.04154 5.86582 -1.85482
v 2.25001 6.06204 -1.84362
v 2.45774 6.25855 -1.83403
v 1.19631 5.09226 -1.90521
v 2.66466 6.45506 -1.82535
v 2.87153 6.65498 -1.81295
v 3.07746 6.85684 -1.79388
v 3.28337 7.06229 -1.78367
v 3.28913 7.25825 -1.79981
v 3.07656 7.23197 -1.56697
v 2.85236 7.22948 -1.3683
v 2.63501 7.22669 -1.17208
v 2.41946 7.22892 -0.977397
v 2.20531 7.24466 -0.786595
v 1.99079 7.24877 -0.595983
v 1.77626 7.2497 -0.40472
v 1.56136 7.2484 -0.212442
v 1.34701 7.24869 -0.0193275
v 1.13346 7.25032 0.174627
v 0.920226 7.25166 0.369368
v 0.956995 4.9234 -1.92077
v 0.708237 7.25141 0.565064
v 0.506781 7.25102 0.557908
v 0.723283 4.7277 -1.95039
v 0.522331 4.74613 -1.95107
v 0.114491 7.24717 0.341617
v -0.078276 7.25133 0.131222
v -0.271903 7.25388 -0.0802201
v -0.46697 7.25755 -0.291817
v -0.664115 7.26018 -0.503947
v -0.861843 7.26221 -0.720356
v -1.06179 7.26426 -0.94264
v -1.06957 7.24906 -1.31958
v -1.32837 7.24149 -1.42275
v -1.53678 7.28314 -1.56495
v 0.306292 7.24299 0.551881
v -1.72612 7.24709 -1.74455
v -1.74089 7.26294 -1.9624
v -1.16629 6.47279 -2.03125
v -0.96821 6.26311 -2.022
v -0.770152 6.05528 -2.00737
v -1.36152 6.68064 -2.04435
v -1.55347 6.89407 -2.045
v -0.571786 5.84221 -2.00219
v -0.379281 5.62262 -1.98409
v -0.195899 5.40503 -1.9766
v -0.0169151 5.19438 -1.9901
v 0.152528 4.9909 -1.95836
v 0.328385 4.77318 -1.97943
v -1.75452 7.18197 -2.05454
v 1.39824 5.07951 -1.88757
v 1.61172 5.27329 -1.87833
v 1.82312 5.46889 -1.86586
v 2.0338 5.66537 -1.85628
v 2.24378 5.86186 -1.84398
v 2.45285 6.05909 -1.83364
v 2.66104 6.25627 -1.82491
v 1.16404 4.89554 -1.89465
v 2.86852 6.45593 -1.81179
v 3.07609 6.65731 -1.80413
v 3.28274 6.86217 -1.76581
v 3.48825 7.06882 -1.78953
v 3.487 7.26695 -1.7871
v 3.28632 7.45238 -1.79266
v 3.11816 7.45228 -1.77451
v 3.06211 7.2301 -1.35658
v 2.83865 7.22746 -1.16044
v 2.62289 7.22836 -0.965623
v 2.40779 7.23047 -0.773497
v 2.19375 7.24787 -0.583354
v 1.97916 7.24893 -0.3931
v 1.76428 7.24915 -0.201754
v 1.54965 7.24889 -0.00953366
v 1.33555 7.24849 0.183664
v 1.12201 7.2499 0.377786
v 0.909201 7.2517 0.572703
v 0.929314 4.71436 -1.92373
v 0.697155 7.25113 0.768046
v 0.495995 7.24993 0.760799
v 0.408431 4.49546 -1.98196
v 0.699975 4.51487 -1.95954
v 0.104887 7.24289 0.545938
v -0.0871419 7.24644 0.336132
v -0.280757 7.25523 0.125763
v -0.475544 7.2547 -0.0851961
v -0.672589 7.26104 -0.296692
v -0.873058 7.26222 -0.50948
v -1.05663 7.23781 -0.741527
v -1.2765 7.26908 -0.946698
v -1.28065 7.26911 -1.16264
v -1.55111 7.25276 -1.36976
v -1.72492 7.23677 -1.53926
v 0.295917 7.24406 0.755196
v -1.92362 7.23772 -1.71043
v -1.93099 7.24011 -1.89558
v -1.36883 6.4846 -2.04064
v -1.17236 6.27526 -2.03049
v -0.973701 6.06774 -2.02194
v -0.775193 5.85777 -2.00969
v -1.56133 6.69638 -2.05158
v -1.74868 6.91607 -2.03323
v -0.575909 5.64075 -2.00655
v -0.387431 5.41995 -1.98447
v -0.206588 5.19959 -1.9965
v -0.040717 4.999 -1.97786
v 0.124929 4.79597 -1.97549
v 0.304877 4.5667 -1.98661
v -1.92826 7.15189 -2.04195
v 1.37911 4.87726 -1.89024
v 1.60096 5.0692 -1.87865
v 1.81342 5.26572 -1.86735
v 2.02485 5.4631 -1.85753
v 2.23645 5.6614 -1.84625
v 2.44726 5.85887 -1.83383
v 2.65655 6.05674 -1.82449
v 2.86507 6.25614 -1.81149
v 1.13972 4.70477 -1.90161
v 3.07345 6.45755 -1.80249
v 3.28212 6.66238 -1.78622
v 3.48691 6.86948 -1.78299
v 3.69534 7.07795 -1.75701
v 3.6902 7.281 -1.75721
v 3.47777 7.46109 -1.77298
v 3.0487 7.23338 -1.1486
v 2.82612 7.22706 -0.954353
v 2.61149 7.22864 -0.761351
v 2.39654 7.23264 -0.570339
v 2.18194 7.24763 -0.380506
v 1.96716 7.24842 -0.190262
v 1.75216 7.25025 0.00103493
v 1.53788 7.24671 0.193292
v 1.32393 7.24835 0.386536
v 1.11083 7.24984 0.580612
v 0.898354 7.25113 0.775544
v 0.914567 4.50715 -1.94185
v 0.485826 7.24815 0.96287
v 0.68642 7.24998 0.970093
v 0.656749 4.28032 -1.96494
v 0.395763 4.26762 -1.98624
v 0.0951889 7.24372 0.749752
v -0.0965609 7.24274 0.54149
v -0.289261 7.25091 0.331491
v -0.483752 7.25686 0.121517
v -0.679414 7.25843 -0.0896401
v -0.879037 7.26293 -0.300025
v -1.08243 7.26288 -0.513252
v -1.28335 7.26668 -0.729708
v -1.51673 7.27607 -1.15452
v -1.49961 7.26177 -0.947731
v -1.7255 7.24002 -1.33754
v -1.92013 7.24389 -1.51838
v 0.28669 7.24267 0.95751
v -2.122 7.2249 -1.69453
v -2.12435 7.234 -1.88578
v -1.57023 6.49813 -2.05208
v -1.37563 6.28543 -2.0402
v -1.17786 6.07823 -2.03084
v -0.978511 5.87102 -2.02307
v -0.777841 5.66031 -2.01119
v -1.75719 6.71879 -2.05623
v -1.92886 6.91772 -1.95499
v -0.580864 5.43959 -2.00334
v -0.394553 5.2133 -1.98773
v -0.228078 5.00081 -1.99085
v -0.0842453 4.79649 -1.98812
v 0.0967155 4.61383 -1.98933
v 0.112433 4.44086 -1.99298
v -2.11638 7.1751 -2.06936
v 1.35394 4.68813 -1.89611
v 1.58799 4.8653 -1.87879
v 1.80268 5.06147 -1.86882
v 2.01546 5.26027 -1.8607
v 2.22788 5.45937 -1.84938
v 2.4406 5.6588 -1.83562
v 2.65117 5.85697 -1.82197
v 2.86059 6.05663 -1.81148
v 3.07014 6.25689 -1.80182
v 1.12674 4.50536 -1.90442
v 3.27904 6.46083 -1.79263
v 3.48852 6.66817 -1.7784
v 3.69802 6.87663 -1.75649
v 3.70879 7.08214 -1.54861
v 3.70668 7.28229 -1.55493
v 3.68094 7.48579 -1.76805
v 3.44725 7.64098 -1.76508
v 3.26375 7.64963 -1.80005
v 3.03309 7.23256 -0.943253
v 2.81484 7.22699 -0.749362
v 2.60063 7.22974 -0.557795
v 2.38477 7.23511 -0.367722
v 2.17005 7.24853 -0.177749
v 1.95472 7.24758 0.0123019
v 1.7397 7.24987 0.203707
v 1.52585 7.2471 0.396045
v 1.31243 7.24834 0.589366
v 1.09952 7.24937 0.78327
v 0.886748 7.25045 0.977459
v 0.905004 4.29604 -1.94705
v 0.675319 7.24743 1.17119
v 0.476159 7.24386 1.16349
v 0.326822 4.43189 -1.78616
v 0.360141 4.24093 -1.78575
v 0.615908 4.24966 -1.76439
v 0.0862424 7.24194 0.952956
v -0.105525 7.2443 0.74643
v -0.297842 7.24542 0.538404
v -0.49144 7.25149 0.327754
v -0.68658 7.25728 0.117603
v -0.884435 7.26016 -0.0929337
v -1.08939 7.26474 -0.303174
v -1.29834 7.26663 -0.51337
v -1.50528 7.24515 -0.721223
v -1.68733 7.22736 -0.929179
v -1.7105 7.247 -1.1338
v -1.91347 7.24065 -1.32408
v -2.12133 7.22904 -1.51361
v 0.277202 7.24151 1.15732
v -2.36205 7.22384 -1.64413
v -2.32225 7.22102 -1.866
v -1.76956 6.5104 -2.06217
v -1.57812 6.29621 -2.05049
v -1.38162 6.08738 -2.03975
v -1.18245 5.88134 -2.03152
v -0.981662 5.67623 -2.02428
v -0.780309 5.46207 -2.01308
v -1.94328 6.75037 -2.0645
v -2.10203 6.95836 -2.01364
v -0.581639 5.23274 -2.00052
v -0.423095 4.99393 -1.99797
v -0.209764 4.81604 -1.99831
v -0.152265 4.61454 -2.02179
v 0.0718507 4.5895 -1.79291
v 0.0879716 4.42732 -1.7969
v -2.30805 7.19107 -2.07634
v 1.57277 4.66372 -1.87148
v 1.34068 4.49877 -1.88884
v 1.79096 4.85723 -1.86959
v 2.00506 5.05672 -1.86136
v 2.21867 5.25693 -1.85117
v 2.43214 5.45699 -1.8378
v 2.64601 5.65689 -1.82425
v 2.85518 5.85641 -1.81006
v 3.06598 6.05583 -1.80078
v 3.27653 6.25923 -1.79003
v 1.13635 4.30898 -1.91922
v 3.48523 6.46526 -1.78559
v 3.69156 6.67384 -1.75254
v 3.7108 6.88077 -1.54414
v 3.69777 7.08586 -1.3453
v 3.69819 7.28483 -1.35174
v 3.7086 7.48144 -1.5649
v 3.61568 7.69052 -1.73425
v 3.46704 7.8834 -1.75525
v 3.22243 7.82706 -1.81556
v 3.02228 7.23111 -0.738517
v 2.80489 7.22657 -0.545399
v 2.58864 7.23137 -0.355262
v 2.37191 7.23643 -0.165246
v 2.1566 7.24094 0.0247439
v 1.94198 7.24914 0.214953
v 1.7274 7.24791 0.406624
v 1.51404 7.24835 0.598825
v 1.30092 7.24777 0.791771
v 1.08782 7.24791 0.985324
v 0.875114 7.24904 1.17878
v 0.656332 4.07718 -1.956
v 0.916262 4.09763 -1.93693
v 0.664794 7.24598 1.37202
v 0.467041 7.2406 1.3633
v 0.324003 4.42457 -1.58154
v 0.350067 4.23378 -1.58061
v 0.599439 4.24756 -1.56177
v 0.646729 4.05943 -1.75608
v -0.114111 7.24293 0.950338
v 0.0774483 7.24214 1.15191
v -0.3064 7.24447 0.745318
v -0.499548 7.24735 0.535393
v -0.693835 7.25362 0.324398
v -0.890071 7.25788 0.114496
v -1.09101 7.26235 -0.0945604
v -1.3069 7.26741 -0.304704
v -1.54131 7.27066 -0.513979
v -1.69888 7.21968 -0.724293
v -1.91209 7.22354 -0.921565
v -1.9166 7.22528 -1.12439
v -2.10936 7.25336 -1.32087
v -2.36391 7.21912 -1.49901
v 0.268362 7.23948 1.35534
v -2.3467 7.27011 -1.77865
v -1.96742 6.52046 -2.07085
v -1.78006 6.30574 -2.06082
v -1.58485 6.09586 -2.04991
v -1.38629 5.89029 -2.04126
v -1.18544 5.68629 -2.03367
v -0.984534 5.48188 -2.02445
v -0.777704 5.2628 -2.01854
v -2.13042 6.74335 -2.06934
v -2.31915 6.95573 -2.07148
v -0.571951 5.00907 -2.02977
v -0.439521 4.82613 -2.03859
v -0.148758 4.74236 -2.00274
v -0.172433 4.60218 -1.81297
v 0.0614934 4.58627 -1.59126
v 0.0720374 4.42246 -1.59459
v -2.44406 7.35469 -2.04931
v -2.35579 7.36546 -1.82583
v 1.55111 4.48351 -1.88221
v 1.77839 4.65314 -1.86905
v 1.34728 4.31225 -1.88623
v 1.99365 4.85312 -1.86039
v 2.20818 5.05391 -1.85092
v 2.4227 5.2545 -1.83916
v 2.63796 5.45608 -1.82538
v 2.8506 5.65762 -1.8094
v 3.06031 5.85562 -1.79949
v 3.27275 6.05691 -1.79214
v 3.48223 6.26232 -1.78377
v 1.16281 4.1126 -1.92469
v 3.69405 6.47086 -1.75437
v 3.70665 6.67911 -1.54241
v 3.69931 6.88524 -1.34015
v 3.68718 7.09142 -1.14179
v 3.68814 7.29182 -1.1486
v 3.69586 7.482 -1.36125
v 3.6911 7.67998 -1.57667
v 3.66491 7.78057 -1.60124
v 3.10375 7.78868 -1.59947
v 3.06542 7.64753 -1.77095
v 3.01322 7.23152 -0.534116
v 2.7931 7.22813 -0.34255
v 2.57524 7.23443 -0.152999
v 2.35858 7.23699 0.037134
v 2.1427 7.23856 0.227145
v 1.92829 7.24117 0.417871
v 1.71516 7.2502 0.609624
v 1.50177 7.2497 0.801424
v 1.28873 7.24741 0.994002
v 1.07571 7.24618 1.18684
v 0.863895 7.24935 1.38005
v 0.879392 4.07891 -1.73447
v 0.45693 7.23877 1.56206
v 0.654389 7.246 1.57231
v 0.311977 4.42243 -1.37798
v 0.341593 4.23182 -1.37549
v 0.64181 4.04989 -1.5518
v 0.588157 4.24663 -1.35903
v -0.314761 7.24404 0.950811
v -0.1227 7.24275 1.14897
v 0.06901 7.24089 1.34781
v -0.508028 7.24854 0.744397
v -0.701608 7.25015 0.532763
v -0.896735 7.25342 0.322243
v -1.09481 7.25993 0.113548
v -1.29982 7.26719 -0.0950315
v -1.55439 7.2649 -0.308126
v -1.71463 7.22181 -0.518339
v -1.91139 7.22072 -0.717115
v -2.12986 7.22314 -1.12119
v -2.12706 7.22144 -0.913389
v -2.36577 7.2144 -1.3539
v -2.38705 7.27518 -1.50098
v 0.259253 7.23904 1.5525
v -2.16515 6.52659 -2.07453
v -1.98104 6.31361 -2.07116
v -1.78748 6.10371 -2.06058
v -1.59004 5.89756 -2.05253
v -1.38961 5.69421 -2.04301
v -1.18815 5.49129 -2.03577
v -0.986058 5.29084 -2.02324
v -0.754341 5.05446 -2.01547
v -2.34386 6.73991 -2.07371
v -2.48092 7.17913 -2.07824
v -2.50023 6.95424 -2.08055
v -0.478189 4.94305 -2.02211
v -0.46958 4.78606 -1.83049
v -0.235681 4.76492 -1.80313
v -0.182355 4.60153 -1.60473
v 0.0499075 4.58645 -1.38837
v 0.0606905 4.4201 -1.39005
v -2.41101 7.24163 -2.06796
v -2.14457 7.31101 -2.02846
v -2.30904 7.43967 -2.03846
v 1.56104 4.30269 -1.87633
v 1.75983 4.4582 -1.868
v 1.98183 4.65011 -1.85865
v 1.37225 4.12804 -1.88717
v 2.19671 4.85072 -1.85049
v 2.41193 5.05096 -1.84021
v 2.62789 5.25283 -1.82801
v 2.84649 5.45753 -1.79962
v 3.05188 5.65591 -1.79229
v 3.26785 5.85406 -1.79017
v 3.47988 6.05949 -1.7828
v 3.69358 6.26775 -1.75307
v 0.964344 3.91522 -1.92839
v 1.19297 3.91307 -1.91528
v 3.70687 6.47658 -1.54071
v 3.6928 6.68331 -1.33807
v 3.68784 6.89013 -1.13636
v 3.6774 7.09828 -0.938519
v 3.67666 7.30138 -0.946835
v 3.68424 7.49041 -1.15886
v 3.69184 7.67331 -1.37007
v 3.65723 7.71702 -1.63739
v 3.51051 7.85985 -1.55617
v 3.00743 7.22933 -0.33015
v 2.77884 7.23031 -0.140683
v 2.56081 7.23527 0.0493087
v 2.34444 7.23833 0.239381
v 2.12918 7.23925 0.429797
v 1.91532 7.23787 0.620986
v 1.70222 7.24054 0.812234
v 1.48956 7.24855 1.00386
v 1.27681 7.24726 1.19584
v 1.0643 7.24736 1.3883
v 0.852997 7.24953 1.58116
v 0.868163 4.07409 -1.53075
v 0.949363 3.91076 -1.72585
v 0.6438 7.24461 1.77218
v 0.446435 7.23772 1.76014
v 0.304125 4.41889 -1.17415
v 0.329987 4.2359 -1.17171
v 0.639914 4.04088 -1.34647
v 0.57262 4.24431 -1.15672
v -0.516033 7.24514 0.951084
v -0.322988 7.24526 1.15049
v -0.130559 7.24253 1.34434
v 0.0606171 7.24126 1.54134
v -0.709256 7.24984 0.741336
v -0.903939 7.24937 0.530379
v -1.10036 7.25574 0.321514
v -1.29976 7.26488 0.113336
v -1.51733 7.26417 -0.0979495
v -1.71716 7.21611 -0.303584
v -1.91253 7.21889 -0.512046
v -2.12232 7.2192 -0.706446
v -2.33629 7.22145 -0.89639
v -2.3785 7.21537 -1.14088
v -2.36003 7.39559 -1.57937
v 0.248555 7.23641 1.74717
v -2.18285 6.319 -2.07581
v -2.37071 6.52938 -2.07815
v -1.99017 6.1105 -2.0716
v -1.79322 5.90401 -2.06263
v -1.59362 5.7001 -2.0541
v -1.39208 5.49873 -2.04438
v -1.18955 5.3002 -2.03579
v -0.980939 5.12042 -2.00005
v -0.763295 5.0546 -1.8221
v -0.539797 4.97464 -1.81144
v -2.5922 6.73704 -2.08429
v -2.65082 6.9466 -2.08444
v -2.6525 7.16632 -2.08431
v -0.483302 4.77966 -1.62025
v -0.245118 4.75402 -1.59961
v -0.191782 4.59074 -1.3957
v 0.0350839 4.58827 -1.18396
v 0.0542001 4.41801 -1.18492
v -2.29922 7.36845 -2.03874
v -2.46582 7.37062 -1.83951
v 1.58113 4.15042 -1.87792
v 1.77089 4.25579 -1.86472
v 1.97193 4.44782 -1.85638
v 2.18508 4.64717 -1.84774
v 1.40355 3.93804 -1.88808
v 2.40035 4.84751 -1.83906
v 2.61609 5.04798 -1.82951
v 2.83264 5.25154 -1.81653
v 3.04853 5.45218 -1.73043
v 3.25971 5.65002 -1.79039
v 3.47612 5.8554 -1.78415
v 3.69452 6.06499 -1.75235
v 3.71125 6.27349 -1.53992
v 1.15782 3.89934 -1.71027
v 3.68998 6.4809 -1.337
v 3.68345 6.68812 -1.13423
v 3.67771 6.89647 -0.932771
v 3.6658 7.10659 -0.736221
v 3.66514 7.31199 -0.744833
v 3.67359 7.50438 -0.958268
v 3.66929 7.69175 -1.16931
v 3.57457 7.80489 -1.38489
v 3.43769 7.9046 -1.59824
v 2.98579 7.2325 -0.127417
v 2.76283 7.23079 0.0617301
v 2.5461 7.23592 0.2514
v 2.3305 7.23867 0.441669
v 2.11589 7.23967 0.63249
v 1.90281 7.23718 0.823715
v 1.68961 7.23865 1.01481
v 1.47683 7.24015 1.20584
v 1.26471 7.24545 1.39719
v 1.05322 7.24906 1.58931
v 0.842664 7.24844 1.78184
v 0.935348 3.90664 -1.52318
v 0.859197 4.07105 -1.32613
v 0.631027 7.20523 1.96648
v 0.433132 7.19684 1.95537
v 0.323436 4.22704 -0.966191
v 0.287811 4.41938 -0.970233
v 0.63273 4.03531 -1.14156
v 0.557793 4.24626 -0.954963
v -0.523764 7.24648 1.15719
v -0.717233 7.24709 0.952428
v -0.330546 7.24544 1.34679
v -0.138332 7.24328 1.5316
v 0.0509208 7.23907 1.73389
v -0.911266 7.25146 0.738979
v -1.10722 7.25177 0.529571
v -1.30393 7.25652 0.320553
v -1.50571 7.2683 0.112919
v -1.69387 7.24693 -0.101192
v -1.9056 7.21488 -0.308077
v -2.11794 7.2178 -0.501927
v -2.32783 7.21953 -0.690639
v -2.53031 7.24384 -1.02715
v -2.53172 7.22094 -0.873349
v -2.48351 7.32295 -1.42848
v -2.43387 7.38619 -1.19422
v 0.239317 7.19082 1.94649
v -2.19291 6.11521 -2.07942
v -2.38924 6.32337 -2.06803
v -2.59328 6.5284 -2.08871
v -1.99618 5.90972 -2.07297
v -1.7972 5.70581 -2.06275
v -1.59607 5.50422 -2.05357
v -1.3933 5.30496 -2.04552
v -1.18635 5.12377 -2.01407
v -0.977541 5.13917 -1.82123
v -0.777887 5.0456 -1.62102
v -0.545787 4.96687 -1.60948
v -2.58108 6.87929 -2.08309
v -2.62576 7.37203 -2.08369
v -2.83393 7.1482 -2.09282
v -2.83011 6.94064 -2.09338
v -0.496372 4.7727 -1.41214
v -0.261536 4.75805 -1.39451
v -0.203037 4.59489 -1.18789
v 0.0235376 4.59064 -0.979494
v 0.0467359 4.41451 -0.979204
v -2.4226 7.41207 -1.80939
v -2.60585 7.40094 -1.87528
v 1.60121 3.99815 -1.87951
v 1.66156 4.15078 -1.87242
v 1.97034 4.24789 -1.85591
v 2.17428 4.44477 -1.84518
v 2.38881 4.64375 -1.83704
v 1.23742 3.7292 -1.90012
v 1.45127 3.74206 -1.88138
v 2.60443 4.84376 -1.82901
v 2.82038 5.04403 -1.81615
v 3.03567 5.24647 -1.80247
v 3.25275 5.44514 -1.79714
v 3.47153 5.65149 -1.78703
v 3.69439 5.86177 -1.75564
v 3.7113 6.07041 -1.53992
v 3.68818 6.27819 -1.33599
v 1.14476 3.89732 -1.50654
v 1.22273 3.72103 -1.69843
v 3.68002 6.48548 -1.13279
v 3.67347 6.69346 -0.930185
v 3.66625 6.90358 -0.72981
v 3.65314 7.11637 -0.532871
v 3.65331 7.32308 -0.542349
v 3.66377 7.52033 -0.758551
v 3.65305 7.72007 -0.977011
v 3.47083 7.76011 -1.19453
v 3.40833 7.9258 -1.44123
v 2.96979 7.23026 0.074964
v 2.74763 7.23337 0.263924
v 2.53179 7.23815 0.45344
v 2.31683 7.23907 0.644044
v 2.10347 7.23805 0.835056
v 1.89059 7.23797 1.02605
v 1.67782 7.23988 1.21691
v 1.46522 7.23753 1.40745
v 1.25304 7.24041 1.59829
v 1.0419 7.24561 1.7897
v 0.831198 7.19983 1.97749
v 0.917051 3.90243 -1.3194
v 0.849902 4.07148 -1.12125
v 0.629321 6.97639 1.95794
v 0.434104 6.96871 1.95041
v 0.275821 4.42089 -0.76311
v 0.326746 4.25122 -0.759133
v 0.638025 4.02834 -0.92892
v 0.551507 4.25192 -0.753873
v -0.531612 7.2479 1.36354
v -0.724377 7.24538 1.16489
v -0.918929 7.2471 0.950789
v -0.337744 7.24548 1.52767
v -0.14649 7.24362 1.71619
v 0.056258 7.1639 1.94352
v -1.11451 7.25362 0.739047
v -1.31069 7.25428 0.529144
v -1.50766 7.25831 0.319259
v -1.70087 7.22748 0.110872
v -1.89681 7.22613 -0.0945049
v -2.1101 7.21937 -0.299328
v -2.32239 7.21865 -0.487334
v -2.52978 7.21982 -0.677747
v -2.44971 7.37715 -1.00335
v -2.72861 7.22097 -0.860228
v -2.7303 7.24363 -1.0392
v -2.43078 7.59756 -1.21368
v -2.41366 7.56628 -1.45699
v -2.50549 7.49947 -1.57929
v 0.240606 6.9554 1.94016
v -2.19883 5.91383 -2.0801
v -2.39582 6.1186 -2.08239
v -2.59594 6.32347 -2.08968
v -2.8144 6.73313 -2.09441
v -2.80604 6.52645 -2.09761
v -2.0004 5.71031 -2.07288
v -1.79986 5.50932 -2.06216
v -1.59755 5.30906 -2.05342
v -1.39187 5.11982 -2.0182
v -1.18749 5.14664 -1.82586
v -0.980021 5.14271 -1.63316
v -0.793552 5.03655 -1.4196
v -0.549336 4.96083 -1.40855
v -2.80432 7.36021 -2.07074
v -3.02208 6.93481 -2.10287
v -3.01988 7.13849 -2.1025
v -0.48355 4.75119 -1.19071
v -0.271651 4.75906 -1.1876
v -0.215843 4.59406 -0.979012
v 0.0120188 4.59253 -0.776103
v 0.0412105 4.41786 -0.770655
v -2.44617 7.50012 -1.76281
v -2.59988 7.35889 -1.80513
v 1.64145 3.8078 -1.88043
v 1.79352 4.04684 -1.86364
v 2.16857 4.24232 -1.8443
v 1.98781 4.05037 -1.85446
v 2.37747 4.44024 -1.8362
v 2.59277 4.63988 -1.82604
v 1.43841 3.7248 -1.67986
v 2.80971 4.83923 -1.81494
v 3.02647 5.03835 -1.80043
v 3.24523 5.24256 -1.76167
v 3.46762 5.44755 -1.78696
v 3.69518 5.65805 -1.76081
v 3.70985 5.86747 -1.54083
v 3.69368 6.07518 -1.33549
v 3.67868 6.28307 -1.13179
v 1.13095 3.89409 -1.30416
v 1.2094 3.72033 -1.49763
v 3.66924 6.49048 -0.92881
v 3.66149 6.69968 -0.727042
v 3.65347 6.91077 -0.527116
v 3.63991 7.33273 -0.33899
v 3.64083 7.12357 -0.330791
v 3.6552 7.53526 -0.557257
v 3.64971 7.74066 -0.784078
v 3.43259 7.73397 -0.976888
v 2.95326 7.23502 0.277527
v 2.7329 7.23472 0.465846
v 2.51786 7.23864 0.65563
v 2.30416 7.23882 0.846463
v 2.09132 7.23811 1.03748
v 1.87893 7.24149 1.22815
v 1.66625 7.23775 1.41853
v 1.45334 7.23946 1.60861
v 1.2409 7.24013 1.79872
v 1.02738 7.19181 1.98159
v 0.824678 6.98029 1.97462
v 0.905747 3.90239 -1.11427
v 0.839302 4.0704 -0.914729
v 0.625301 6.7599 1.96073
v 0.430859 6.75245 1.953
v 0.345721 4.24547 -0.523258
v 0.266785 4.4187 -0.545747
v 0.611655 4.06217 -0.727188
v 0.53402 4.24982 -0.552876
v -0.541682 7.24678 1.63309
v -0.732272 7.24859 1.37971
v -0.925607 7.24443 1.16459
v -1.1213 7.24886 0.949843
v -0.3443 7.24623 1.69149
v -0.154077 7.23328 1.89432
v 0.0459557 6.93719 1.92944
v -1.31956 7.26535 0.739305
v -1.51233 7.2587 0.529096
v -1.71031 7.2625 0.319825
v -1.91986 7.23661 0.117697
v -2.08824 7.26432 -0.107721
v -2.31285 7.22137 -0.277263
v -2.52505 7.21851 -0.475142
v -2.72918 7.21941 -0.668331
v -2.45141 7.58579 -1.00163
v -2.92633 7.22342 -0.852797
v -2.92306 7.23632 -1.02504
v -2.42918 7.80604 -1.23353
v -2.42008 7.78839 -1.4383
v -2.58233 7.39419 -1.55389
v 0.238467 6.74358 1.93225
v -2.40041 5.91634 -2.08494
v -2.20307 5.71388 -2.07977
v -2.59807 6.11987 -2.09216
v -2.80246 6.3223 -2.09991
v -3.01677 6.72791 -2.10438
v -3.01131 6.52093 -2.10609
v -2.00357 5.51304 -2.0694
v -1.80141 5.31493 -2.06176
v -1.59681 5.12002 -2.01325
v -1.39571 5.14253 -1.81195
v -1.19266 5.14695 -1.65334
v -0.987042 5.14458 -1.43866
v -0.791551 5.01067 -1.21801
v -0.553948 4.95912 -1.20865
v -3.00965 7.33476 -2.08194
v -2.62618 7.56303 -2.04739
v -2.8189 7.54949 -2.08864
v -3.20957 7.13195 -2.11252
v -3.21406 6.92826 -2.11284
v -0.491384 4.75134 -1.00292
v -0.280761 4.76227 -0.980324
v -0.215484 4.60647 -0.76789
v -0.00205775 4.5962 -0.579489
v 0.0632552 4.41923 -0.532257
v -2.72799 7.30512 -1.70061
v 1.51711 3.56191 -1.87975
v 1.69594 3.6435 -1.8792
v 1.83549 3.86074 -1.86095
v 2.17758 4.0356 -1.84007
v 2.36831 4.23546 -1.83095
v 2.03843 3.85808 -1.84891
v 2.58123 4.43562 -1.81904
v 2.79736 4.63478 -1.80966
v 1.42927 3.72272 -1.47971
v 1.48758 3.55008 -1.67517
v 3.01406 4.83442 -1.78392
v 3.23371 5.034 -1.77495
v 3.46235 5.24154 -1.78593
v 3.6914 5.45356 -1.76279
v 3.70846 5.66416 -1.54277
v 3.69558 5.87162 -1.33583
v 3.67752 6.07978 -1.13143
v 3.66748 6.28756 -0.927968
v 1.11977 3.89396 -1.10257
v 1.19856 3.71892 -1.29598
v 3.65756 6.49623 -0.725384
v 3.64921 6.70619 -0.524334
v 3.64098 6.91754 -0.325262
v 3.6423 7.54658 -0.353959
v 3.62947 7.1299 -0.129033
v 3.6296 7.33696 -0.136166
v 3.64229 7.767 -0.592025
v 3.46317 7.79682 -0.777802
v 2.94211 7.23687 0.47927
v 2.71799 7.23731 0.667454
v 2.50454 7.23961 0.857996
v 2.2919 7.23845 1.04893
v 2.07966 7.24143 1.23962
v 1.86719 7.2384 1.42998
v 1.65414 7.23892 1.61964
v 1.44084 7.23916 1.81004
v 1.22545 7.19415 1.99435
v 1.02251 6.98144 1.99141
v 0.822478 6.76721 1.97473
v 0.892088 3.89932 -0.907988
v 0.826151 4.07196 -0.706134
v 0.624265 6.54708 1.95124
v 0.429716 6.53843 1.94213
v 0.26489 4.43901 -0.414661
v 0.616671 4.07875 -0.50244
v -0.740331 7.24782 1.6084
v -0.407909 7.24617 1.61742
v -0.932294 7.245 1.37804
v -1.12687 7.24774 1.16133
v -1.32497 7.26214 0.947735
v -0.352171 7.23675 1.87286
v -0.0845751 7.16692 1.92446
v 0.0479355 6.73454 1.92412
v -0.150454 6.91676 1.91652
v -0.155907 7.10357 1.93554
v -1.53591 7.26763 0.743689
v -1.70218 7.23485 0.524439
v -1.93073 7.25222 0.33889
v -2.09476 7.28723 0.107116
v -2.25815 7.24774 -0.0255244
v -2.51646 7.22019 -0.26173
v -2.72759 7.21723 -0.470888
v -2.93078 7.22284 -0.66499
v -2.43614 7.82441 -1.03087
v -3.11853 7.23205 -1.02728
v -3.12653 7.22669 -0.853425
v -2.42515 8.01233 -1.25108
v -2.41652 7.99517 -1.45347
v -2.59608 7.4364 -1.44549
v 0.242592 6.53731 1.92761
v -2.40421 5.71576 -2.08454
v -2.60032 5.91718 -2.09441
v -2.20657 5.51544 -2.07856
v -2.79838 6.11891 -2.10157
v -3.00606 6.31716 -2.10858
v -3.21249 6.72062 -2.11399
v -3.21033 6.51247 -2.11454
v -2.00534 5.31691 -2.06804
v -1.80196 5.13286 -2.02071
v -1.60328 5.13909 -1.78324
v -1.39919 5.14451 -1.69068
v -1.1978 5.15073 -1.46944
v -0.995433 5.147 -1.24069
v -0.81252 5.03184 -1.01381
v -0.576069 4.96115 -1.01059
v -3.19774 7.33447 -2.12027
v -2.99632 7.53111 -1.99534
v -3.40433 6.91855 -2.12349
v -3.4018 7.12564 -2.12281
v -0.505773 4.75889 -0.815764
v -0.289527 4.76132 -0.767021
v -0.217513 4.58462 -0.549094
v 0.0306052 4.54442 -0.502263
v 0.0306181 4.61784 -0.395042
v 1.66293 3.44579 -1.83475
v 1.75199 3.51157 -1.84133
v 1.88378 3.69949 -1.85792
v 2.13366 3.7865 -1.84032
v 2.35781 4.02584 -1.82827
v 2.56851 4.22959 -1.81869
v 2.78523 4.43014 -1.80155
v 3.00385 4.62904 -1.78433
v 1.41889 3.72083 -1.27956
v 1.47782 3.54808 -1.47625
v 1.68476 3.47809 -1.65584
v 3.21985 4.82714 -1.77419
v 3.45476 5.03367 -1.77845
v 3.68878 5.24876 -1.76392
v 3.70816 5.45986 -1.54448
v 3.69662 5.66821 -1.33609
v 3.6816 5.87619 -1.13083
v 3.66615 6.08433 -0.927408
v 3.655 6.29245 -0.724888
v 1.107 3.89192 -0.901617
v 1.19044 3.71949 -1.09442
v 3.64555 6.50216 -0.522631
v 3.63721 6.71221 -0.322644
v 3.62886 6.92392 -0.123801
v 3.63282 7.54383 -0.147043
v 3.6538 7.7847 -0.37639
v 3.6125 7.34051 0.0657049
v 3.616 7.13569 0.0728895
v 3.4624 7.83726 -0.572521
v 2.91903 7.23943 0.679974
v 2.70352 7.23729 0.869727
v 2.49165 7.2397 1.06048
v 2.27993 7.2424 1.25123
v 2.06792 7.23886 1.44168
v 1.85532 7.23818 1.63131
v 1.6408 7.23911 1.82102
v 1.42472 7.19791 2.0107
v 1.22102 6.9838 2.00763
v 1.02047 6.77185 1.99323
v 0.822648 6.5553 1.96246
v 0.888546 3.90214 -0.698921
v 0.837064 4.05985 -0.458999
v 0.62293 6.3317 1.94208
v 0.426257 6.32312 1.9348
v 0.459577 4.39068 -0.421166
v 0.565208 4.2627 -0.354537
v 0.663692 4.15471 -0.350307
v -0.939614 7.24711 1.59782
v -0.550139 7.23806 1.85527
v -0.748906 7.23796 1.83964
v -1.13254 7.24754 1.37414
v -1.32833 7.26113 1.15721
v -1.53196 7.24543 0.947056
v -0.351203 7.07724 1.9008
v -0.144913 6.72337 1.9154
v 0.0562691 6.53698 1.92054
v -0.346351 6.89842 1.89894
v -1.72748 7.24335 0.734617
v -1.92058 7.24396 0.528684
v -2.01405 7.26391 0.242979
v -2.35904 7.32393 0.114244
v -2.50333 7.2326 -0.0532435
v -2.72136 7.21751 -0.266458
v -2.93097 7.22194 -0.470975
v -3.13544 7.22694 -0.668724
v -2.43502 8.02956 -1.04923
v -3.31239 7.23421 -1.03291
v -3.32882 7.22752 -0.859694
v -2.41671 8.19982 -1.46972
v -2.42322 8.2163 -1.26808
v -2.72206 7.33434 -1.46471
v 0.245483 6.3311 1.92396
v -2.60361 5.71623 -2.09646
v -2.40812 5.51675 -2.08502
v -2.79616 5.91485 -2.10312
v -2.20884 5.31887 -2.07794
v -2.99574 6.11481 -2.1101
v -3.20689 6.3031 -2.11614
v -3.40417 6.50168 -2.12378
v -3.40432 6.70987 -2.12378
v -2.00551 5.12543 -2.03819
v -1.80877 5.14083 -1.79601
v -1.46606 5.14205 -1.76196
v -1.40648 5.14958 -1.51148
v -1.2044 5.15484 -1.26901
v -1.00452 5.14852 -1.03763
v -0.82209 5.03327 -0.809732
v -0.584781 4.96069 -0.815214
v -3.19176 7.5271 -2.0946
v -3.3973 7.32982 -2.12492
v -2.8258 7.74038 -2.06637
v -3.01378 7.70947 -2.07628
v -3.59481 7.11735 -2.13344
v -3.59454 6.90902 -2.13394
v -0.487779 4.78617 -0.612649
v -0.278697 4.79029 -0.447512
v -0.281148 4.6945 -0.599009
v -0.100599 4.44058 -0.35152
v 0.0729653 4.30678 -0.343305
v 1.69989 3.47848 -1.77731
v 1.92148 3.5447 -1.84876
v 2.34733 3.81194 -1.82719
v 2.55839 4.02327 -1.81967
v 2.77251 4.22452 -1.79334
v 2.12502 3.57657 -1.83867
v 2.99166 4.42242 -1.78772
v 3.2116 4.62037 -1.7692
v 1.40728 3.72066 -1.07939
v 1.46555 3.54425 -1.27748
v 1.65857 3.46849 -1.458
v 3.44796 4.82562 -1.77759
v 3.68617 5.04239 -1.76315
v 3.70869 5.25553 -1.54414
v 3.6968 5.46322 -1.33774
v 3.68099 5.67222 -1.131
v 3.66726 5.88047 -0.926824
v 3.65268 6.08888 -0.723882
v 3.64224 6.29799 -0.521878
v 1.09497 3.89244 -0.701052
v 1.18256 3.7203 -0.892821
v 3.63359 6.50762 -0.320637
v 3.62486 6.71825 -0.120957
v 3.61665 6.92966 0.0776693
v 3.61549 7.54405 0.0573685
v 3.65752 7.78176 -0.162489
v 3.46759 7.91555 -0.346301
v 3.60243 7.1405 0.274232
v 3.59939 7.3451 0.267782
v 2.90058 7.24718 0.881075
v 2.69076 7.23945 1.07198
v 2.48017 7.2434 1.26273
v 2.26842 7.24155 1.45346
v 2.05601 7.23917 1.64356
v 1.84218 7.24109 1.83216
v 1.62518 7.20722 2.02417
v 1.42262 6.98868 2.02061
v 1.22141 6.77714 2.00807
v 1.02073 6.56208 1.98677
v 0.823158 6.34184 1.94994
v 0.893305 3.90138 -0.472672
v 0.841572 4.17961 -0.367188
v 0.617701 6.11374 1.94721
v 0.410809 6.09532 1.93935
v 0.437339 4.58047 -0.401736
v 0.383568 4.0747 -0.32597
v 0.552317 3.97028 -0.303781
v -0.947333 7.2351 1.82578
v -1.13893 7.24715 1.59058
v -0.549459 7.06979 1.89348
v -0.747384 7.06211 1.88308
v -1.33234 7.25308 1.36867
v -1.52583 7.22802 1.15589
v -1.73203 7.24026 0.943339
v -0.133811 6.53167 1.91086
v -0.337983 6.7135 1.89856
v 0.0726042 6.34791 1.91893
v -0.544209 6.88928 1.8923
v -1.93182 7.25433 0.705958
v -2.09772 7.24847 0.511511
v -2.01854 7.26524 0.330026
v -2.10635 7.27826 0.321163
v -2.50043 7.25324 0.143432
v -2.31117 7.26573 0.32178
v -2.7222 7.19621 -0.0669964
v -2.9277 7.22394 -0.272208
v -3.14009 7.22491 -0.475864
v -3.34648 7.22944 -0.674596
v -2.43745 8.23255 -1.0669
v -3.50444 7.27089 -0.99834
v -3.53456 7.22879 -0.873318
v -2.40818 8.1838 -1.67129
v -2.40919 7.97977 -1.65475
v -2.41952 8.40175 -1.48616
v -2.42457 8.41955 -1.28486
v -2.7684 7.45204 -1.5999
v -2.87641 7.25777 -1.37721
v 0.191902 6.06191 1.92696
v -2.79964 5.71464 -2.1059
v -2.60784 5.5168 -2.09722
v -2.41149 5.31931 -2.0849
v -2.98858 5.9112 -2.11358
v -2.20986 5.12744 -2.05335
v -3.20169 6.06925 -2.12285
v -3.40385 6.28869 -2.12315
v -3.59321 6.69995 -2.13492
v -3.5939 6.49108 -2.13684
v -2.01388 5.14304 -1.81214
v -1.81722 5.14964 -1.57998
v -1.61265 5.14707 -1.55992
v -1.4141 5.15515 -1.30697
v -1.21505 5.15717 -1.06534
v -1.01502 5.15215 -0.826341
v -0.820559 5.02502 -0.606436
v -0.60542 4.96079 -0.627899
v -3.16009 7.7125 -2.121
v -3.39192 7.53709 -2.125
v -3.59222 7.32428 -2.13538
v -3.78204 7.10594 -2.12673
v -3.77549 6.89742 -2.1277
v -0.404518 4.72979 -0.463531
v 0.0531236 4.30001 -0.541283
v -0.116706 4.41176 -0.546002
v 0.219189 4.17983 -0.344361
v 0.390419 4.35115 -0.360157
v -0.0875831 4.56054 -0.374193
v 1.85571 3.47552 -1.84334
v 2.33888 3.60074 -1.8272
v 2.5481 3.81396 -1.82277
v 2.75941 4.01795 -1.79387
v 2.98016 4.21662 -1.79041
v 1.89366 3.37029 -1.83994
v 2.11378 3.37708 -1.82905
v 3.19896 4.41353 -1.77114
v 3.43574 4.61562 -1.78158
v 1.39679 3.72255 -0.878601
v 1.45753 3.54163 -1.07766
v 1.65465 3.4618 -1.26363
v 1.84923 3.36846 -1.452
v 1.86161 3.36535 -1.64822
v 3.68545 4.8359 -1.76727
v 3.70968 5.05061 -1.54329
v 3.69629 5.25774 -1.33908
v 3.68142 5.46794 -1.13118
v 3.6672 5.67641 -0.926367
v 3.65429 5.88473 -0.723298
v 3.63979 6.09394 -0.520843
v 3.63008 6.30308 -0.319496
v 1.06882 3.90628 -0.493554
v 1.17248 3.71847 -0.691769
v 3.62123 6.51302 -0.118948
v 3.61304 6.72419 0.0806523
v 3.60499 6.93466 0.278802
v 3.61298 7.74031 0.0439548
v 3.60549 7.54845 0.259635
v 3.57302 7.93227 -0.16367
v 3.58684 7.14396 0.475284
v 3.58544 7.34963 0.469405
v 2.88952 7.25041 1.08328
v 2.6796 7.24204 1.27419
v 2.46788 7.24307 1.46517
v 2.25602 7.24008 1.65576
v 2.04342 7.24474 1.84418
v 1.82671 7.21273 2.03379
v 1.62458 6.99584 2.03035
v 1.4233 6.78329 2.02098
v 1.22225 6.5704 2.00625
v 1.02218 6.35353 1.98325
v 0.822484 6.12949 1.95486
v 1.1065 3.97626 -0.347041
v 0.905833 4.03747 -0.360429
v 0.764491 4.11403 -0.347237
v 0.614923 5.89817 1.95291
v 0.404901 5.87542 1.94339
v 0.496426 4.42139 -0.382021
v 0.376978 4.05785 -0.524576
v 0.54351 3.94258 -0.511212
v 0.716334 3.85244 -0.291046
v 0.788207 4.00777 -0.324216
v -0.945565 7.05499 1.87236
v -1.14517 7.22977 1.81925
v -1.33699 7.24471 1.58247
v -0.741383 6.88021 1.88303
v -1.52858 7.22443 1.36397
v -1.72822 7.23196 1.15121
v -1.85145 7.24678 0.830914
v -0.113847 6.34705 1.90998
v -0.32531 6.52385 1.89781
v -0.534514 6.7024 1.89007
v 0.118271 6.18882 1.92365
v -2.04913 7.2643 0.696755
v -2.0742 7.26399 0.387567
v -2.50509 7.24638 0.326371
v -2.70822 7.21381 0.133462
v -2.3075 7.22608 0.518486
v -2.91925 7.22186 -0.0735132
v -3.13757 7.22404 -0.277975
v -3.36099 7.22698 -0.483017
v -3.56243 7.22598 -0.687598
v -3.73322 7.26918 -0.886972
v -3.69196 7.37193 -1.00795
v -2.93457 7.46954 -1.7696
v -2.87919 7.55917 -1.63471
v -2.77726 7.25541 -1.40788
v -2.84459 7.37886 -1.42775
v 0.188439 5.84509 1.93193
v -2.98967 5.71011 -2.11672
v -2.80645 5.51604 -2.10683
v -2.61328 5.32046 -2.09799
v -2.41451 5.12641 -2.06713
v -3.18219 5.9015 -2.05491
v -2.21866 5.14063 -1.82907
v -3.40413 6.06461 -2.12818
v -3.59558 6.276 -2.13855
v -3.77721 6.47755 -2.13224
v -3.77801 6.687 -2.12994
v -2.02256 5.14912 -1.59878
v -1.82677 5.15906 -1.36648
v -1.62189 5.15541 -1.34352
v -1.42584 5.16095 -1.10321
v -1.23242 5.15941 -0.860061
v -1.00846 5.18206 -0.586528
v -0.778158 5.06371 -0.429763
v -0.605885 4.92521 -0.401886
v -3.36834 7.74847 -2.1272
v -3.58901 7.55877 -2.13852
v -3.78202 7.31004 -2.12302
v -3.79576 7.09562 -1.91454
v -3.79535 6.88445 -1.92069
v -0.432449 5.02055 -0.507817
v -0.424514 4.64609 -0.343567
v -0.280851 4.54782 -0.344319
v 0.221079 4.18638 -0.534848
v -0.284158 4.5195 -0.55275
v -0.112562 4.40705 -0.748262
v 0.0571216 4.29632 -0.738922
v -0.192769 4.62321 -0.376016
v 2.32418 3.38611 -1.82656
v 2.54037 3.60502 -1.81775
v 2.74748 3.81108 -1.7948
v 2.96692 4.01119 -1.80134
v 3.18115 4.20794 -1.77114
v 2.08955 3.36708 -1.63484
v 3.41667 4.40503 -1.785
v 3.67611 4.61788 -1.75492
v 1.38997 3.71967 -0.676638
v 1.47967 3.54636 -0.875951
v 1.61023 3.44063 -1.06296
v 1.83856 3.37231 -1.25587
v 2.07096 3.36792 -1.43843
v 3.7112 4.84492 -1.54437
v 3.69901 5.05215 -1.33786
v 3.68365 5.26232 -1.1318
v 3.66667 5.47197 -0.926241
v 3.65096 5.68065 -0.722528
v 3.63973 5.88902 -0.520251
v 3.62744 6.09855 -0.318393
v 3.61819 6.30848 -0.117104
v 1.16804 3.73028 -0.490642
v 3.60885 6.51886 0.0829707
v 3.60142 6.72979 0.282152
v 3.59111 6.93926 0.480217
v 3.60236 7.74053 0.249683
v 3.63637 7.79516 -0.0346665
v 3.58919 7.55576 0.461783
v 3.5737 7.3523 0.672324
v 3.57361 7.147 0.677815
v 2.88829 7.25467 1.28594
v 2.66629 7.24108 1.47664
v 2.45478 7.23905 1.66789
v 2.24417 7.24754 1.8575
v 2.0283 7.22384 2.04463
v 1.82602 7.00185 2.04122
v 1.62503 6.78943 2.03022
v 1.4242 6.57738 2.01822
v 1.22338 6.36288 2.00383
v 1.02529 6.14467 1.97644
v 0.821924 5.91818 1.96916
v 1.10264 3.84653 -0.317393
v 1.36338 3.76756 -0.295397
v 0.619987 5.6873 1.9545
v 0.411083 5.66544 1.94303
v 0.484018 4.34508 -0.365572
v 0.556685 3.94651 -0.709333
v 0.393257 4.06584 -0.721073
v 0.713408 3.83198 -0.49797
v 0.891398 3.7549 -0.273751
v 0.955825 3.96389 -0.304703
v -0.939552 6.86951 1.87307
v -1.14409 7.04846 1.86295
v -1.34233 7.23097 1.80945
v -1.53062 7.22147 1.57487
v -0.732576 6.69142 1.88124
v -1.73403 7.22626 1.36469
v -1.84744 7.24154 1.05198
v -1.93411 7.25151 0.949723
v -0.308524 6.3364 1.89863
v -0.0812647 6.17576 1.91209
v -0.521413 6.51358 1.88838
v -0.0475328 6.00515 1.91804
v -2.05411 7.25688 0.766844
v -2.10969 7.25114 0.639237
v -1.93181 7.24444 0.820936
v -2.50666 7.21396 0.521046
v -2.70437 7.20913 0.324863
v -2.91143 7.21764 0.125723
v -2.31533 7.21701 0.722136
v -2.18223 7.24065 0.709446
v -3.12301 7.22152 -0.0782892
v -3.37523 7.22402 -0.28528
v -3.58401 7.22993 -0.493034
v -3.7638 7.26601 -0.704974
v -3.87383 7.24296 -1.10391
v -3.95775 7.24985 -0.94845
v -2.82076 7.44584 -1.433
v -2.90707 7.64285 -1.50256
v -3.04035 7.62119 -1.84904
v -2.97654 7.72664 -1.73942
v -2.73331 7.17411 -1.38172
v -2.89799 7.34383 -1.34143
v 0.201064 5.64172 1.92958
v -0.0289442 5.81268 1.91925
v -3.19536 5.71063 -2.10449
v -3.00206 5.51145 -2.11523
v -2.81578 5.32188 -2.10684
v -2.61883 5.13122 -2.07251
v -2.42315 5.14056 -1.84501
v -3.38253 5.9071 -2.04504
v -2.22775 5.14176 -1.61638
v -3.58076 6.03356 -2.15307
v -3.77487 6.26755 -2.13273
v -3.79443 6.673 -1.92414
v -3.7934 6.46562 -1.92542
v -2.03205 5.16012 -1.38732
v -1.838 5.15752 -1.15913
v -1.63302 5.15662 -1.13412
v -1.4421 5.16179 -0.898955
v -1.25941 5.16164 -0.655498
v -1.00841 5.40152 -0.571627
v -0.985386 5.00435 -0.373312
v -0.704256 4.8776 -0.414617
v -3.12722 7.90902 -2.11999
v -3.32961 7.94878 -2.12989
v -3.57548 7.81168 -2.12888
v -3.77478 7.5116 -2.11924
v -3.80187 7.29797 -1.90624
v -3.80614 7.08683 -1.69413
v -3.79324 6.87106 -1.69576
v -0.444184 5.26623 -0.473181
v -0.507513 4.97283 -0.389155
v -0.341147 4.89554 -0.435562
v -0.451082 4.62477 -0.56135
v -0.548377 4.78676 -0.459815
v -0.582481 4.7698 -0.350714
v 0.227416 4.18386 -0.73057
v -0.277794 4.5175 -0.758477
v -0.100134 4.40574 -0.949171
v 0.0702455 4.29609 -0.939144
v -0.0233171 4.88909 -0.432324
v 2.29777 3.36313 -1.62374
v 2.52377 3.38786 -1.82486
v 2.73734 3.60251 -1.79627
v 2.95009 3.80613 -1.80463
v 3.16073 4.00345 -1.76963
v 3.39295 4.19997 -1.78833
v 3.64502 4.38808 -1.77149
v 3.72417 4.63196 -1.54739
v 1.39219 3.69688 -0.470433
v 1.47496 3.53938 -0.672996
v 1.61438 3.40127 -0.868776
v 1.82497 3.37673 -1.05908
v 2.0541 3.36862 -1.24182
v 2.27832 3.36434 -1.42421
v 3.70111 4.8444 -1.33897
v 3.68836 5.0538 -1.13249
v 3.67041 5.26679 -0.925847
v 3.65056 5.47579 -0.722166
v 3.63814 5.68456 -0.519376
v 3.62524 5.89368 -0.317399
v 3.61512 6.10341 -0.11582
v 3.60573 6.31368 0.0849588
v 3.59698 6.52501 0.284971
v 3.5877 6.73464 0.48367
v 3.57991 6.94265 0.682434
v 3.57917 7.76607 0.447688
v 3.61594 7.90503 0.232566
v 3.6386 7.86341 0.0145352
v 3.57653 7.56049 0.665433
v 3.55917 7.14905 0.880755
v 3.56037 7.35268 0.875832
v 2.86732 7.2568 1.48765
v 2.65164 7.23657 1.67945
v 2.44263 7.24581 1.87023
v 2.23035 7.23386 2.06083
v 2.02798 7.00763 2.05294
v 1.82676 6.79557 2.04312
v 1.62582 6.5837 2.03081
v 1.42546 6.37123 2.01801
v 1.22598 6.15564 2.00309
v 1.02581 5.93459 1.98416
v 0.824704 5.70567 1.96768
v 1.03103 3.85167 -0.306127
v 1.09878 3.71679 -0.287746
v 1.24709 3.58437 -0.253662
v 0.629167 5.47727 1.95566
v 0.423115 5.45782 1.94454
v 0.728259 3.83719 -0.697815
v 0.573857 3.95125 -0.908803
v 0.409589 4.07158 -0.919067
v 0.889708 3.73579 -0.483412
v -0.930852 6.67957 1.87188
v -1.13792 6.86118 1.86323
v -1.3424 7.04578 1.85143
v -1.53789 7.22604 1.79488
v -1.74575 7.24359 1.5779
v -0.719764 6.50107 1.88014
v -1.83698 7.23903 1.27042
v -1.90838 7.24464 1.1637
v -0.505999 6.32423 1.88839
v -0.286073 6.15379 1.89975
v -0.26252 5.97161 1.90858
v -2.51424 7.21589 0.722452
v -2.7098 7.21124 0.52213
v -2.90863 7.2144 0.323796
v -3.10835 7.21842 0.122016
v -3.31315 7.22064 -0.0832675
v -3.6096 7.23695 -0.294579
v -3.78982 7.25545 -0.509274
v -3.98502 7.22942 -0.743453
v -3.81667 7.3481 -1.05634
v -3.87451 7.04631 -1.12059
v -4.01128 7.04939 -0.995645
v -2.85938 7.39483 -1.38722
v 0.216044 5.4385 1.93217
v -0.0109152 5.61684 1.92068
v -0.238753 5.78542 1.90219
v -3.23141 5.51983 -2.11408
v -3.40479 5.69647 -2.06188
v -3.02046 5.32076 -2.11664
v -2.82132 5.13921 -2.07631
v -2.62619 5.14342 -1.85504
v -2.43197 5.14374 -1.63116
v -3.58344 5.90367 -2.02355
v -2.23671 5.1485 -1.40526
v -3.76807 6.05958 -2.13257
v -3.79231 6.25792 -1.92336
v -3.7997 6.66287 -1.72071
v -3.80168 6.45608 -1.7229
v -2.04265 5.15843 -1.18
v -1.85057 5.15619 -0.955381
v -1.64691 5.15437 -0.930997
v -1.46749 5.16255 -0.699551
v -1.31216 5.16916 -0.464785
v -1.12026 5.20997 -0.396238
v -0.993674 5.36113 -0.364754
v -0.85755 5.42339 -0.422075
v -0.966163 4.95121 -0.612127
v -0.789446 4.84381 -0.589494
v -3.08633 8.10285 -2.11411
v -3.27972 8.14254 -2.13399
v -3.53631 7.9992 -2.13231
v -3.78542 7.89576 -2.12664
v -3.77993 7.7017 -2.1218
v -3.71457 7.59069 -2.12652
v -3.81342 7.50346 -1.90253
v -3.83207 7.28274 -1.70283
v -3.85137 7.05813 -1.51608
v -3.85238 6.85601 -1.52788
v -0.287947 5.22594 -0.422358
v -0.542337 5.15929 -0.390273
v -0.264568 4.92502 -0.441709
v -0.618615 4.73352 -0.573391
v -0.443445 4.6289 -0.770055
v 0.240269 4.18438 -0.929363
v -0.268304 4.51611 -0.960639
v -0.0872275 4.40411 -1.14958
v 0.0833997 4.29477 -1.13928
v -0.188861 4.86813 -0.440515
v 2.49885 3.36668 -1.61304
v 2.72261 3.38958 -1.81291
v 2.93225 3.5965 -1.80192
v 3.13966 3.79816 -1.77831
v 3.36741 3.99557 -1.78733
v 3.60543 4.1892 -1.78172
v 3.8663 4.35174 -1.72756
v 3.85813 4.57368 -1.74697
v 3.71585 4.62662 -1.34104
v 1.46128 3.63361 -0.539596
v 1.60652 3.40989 -0.666899
v 1.80784 3.38055 -0.863083
v 2.03428 3.36936 -1.04308
v 2.25894 3.36528 -1.22431
v 2.4799 3.36601 -1.40973
v 3.68993 4.84553 -1.13288
v 3.6783 5.05884 -0.92636
v 3.65906 5.26998 -0.721748
v 3.64277 5.47923 -0.518546
v 3.62485 5.68799 -0.316763
v 3.61117 5.89825 -0.114726
v 3.60276 6.1087 0.0865149
v 3.59421 6.31961 0.286882
v 1.48911 3.92974 -0.311168
v 1.57394 3.90992 -0.421937
v 3.58384 6.53003 0.486341
v 3.57795 6.7384 0.685645
v 3.56516 6.94571 0.884938
v 3.55517 7.85836 0.641664
v 3.59217 7.92215 0.436672
v 3.41351 7.96485 0.0368935
v 3.52606 7.91413 0.0257144
v 3.5607 7.55801 0.870448
v 3.54244 7.14973 1.08382
v 3.54562 7.35031 1.0792
v 2.85327 7.26634 1.68849
v 2.63868 7.23428 1.88194
v 2.43328 7.2374 2.07899
v 2.23021 7.01486 2.07098
v 2.02841 6.8009 2.05629
v 1.82729 6.5897 2.04433
v 1.62765 6.37858 2.03109
v 1.42779 6.16524 2.01814
v 1.22813 5.94809 2.00407
v 1.02922 5.72442 1.9814
v 0.833847 5.49644 1.96674
v 1.06204 3.64625 -0.471916
v 1.22521 3.53755 -0.456076
v 1.43847 3.50373 -0.277448
v 1.56297 3.69404 -0.310872
v 0.439247 5.249 1.94444
v 0.644118 5.26883 1.95486
v 0.904792 3.74455 -0.686384
v 0.741563 3.83807 -0.898332
v 0.423807 4.07326 -1.11876
v 0.590085 3.95977 -1.10816
v -0.919013 6.48692 1.87105
v -1.12948 6.66824 1.86242
v -1.33581 6.85501 1.85289
v -1.54042 7.04387 1.84062
v -1.73229 7.2522 1.79267
v -1.84809 7.24525 1.50065
v -0.705678 6.30898 1.87963
v -1.90672 7.24664 1.39376
v -1.93443 7.23933 1.0519
v -2.00936 7.25548 0.965423
v -0.487888 6.13619 1.89288
v -0.467487 5.94917 1.89704
v -2.17556 7.2807 0.901125
v -2.71512 7.21012 0.723295
v -2.32134 7.22406 0.929752
v -2.52043 7.22231 0.925904
v -2.91069 7.19845 0.522743
v -3.10638 7.21486 0.321989
v -3.29576 7.2186 0.118383
v -3.37959 7.2226 -0.151906
v -3.4504 7.22315 -0.0871696
v -3.64075 7.2318 -0.0941805
v -3.81105 7.24735 -0.307715
v -3.99885 7.23049 -0.531557
v -4.01779 7.03651 -0.761391
v -3.88423 7.4294 -1.05716
v -3.84217 7.25064 -1.30461
v -3.85355 7.04918 -1.31872
v -3.86962 6.84744 -1.11201
v -4.01137 6.8447 -1.00086
v 0.234531 5.23357 1.93355
v 0.00800877 5.41878 1.92215
v -0.218845 5.59244 1.90832
v -0.446428 5.75899 1.89533
v -3.46445 5.57071 -2.13687
v -3.2289 5.32324 -2.12699
v -3.55584 5.70194 -1.97868
v -3.02269 5.14009 -2.08957
v -2.82822 5.14162 -1.86316
v -2.63467 5.14288 -1.64306
v -2.44094 5.14027 -1.42097
v -3.75351 5.85894 -2.13703
v -2.24665 5.15466 -1.19733
v -3.7913 6.05248 -1.91886
v -3.79999 6.24848 -1.71919
v -3.82069 6.44793 -1.52392
v -3.81669 6.65631 -1.52368
v -2.05284 5.14943 -0.975853
v -1.86165 5.14442 -0.754921
v -1.66464 5.15165 -0.730513
v -1.51737 5.15772 -0.505903
v -1.36706 5.22138 -0.274752
v -1.21986 5.12392 -0.247584
v -1.03962 5.64378 -0.379377
v -1.04758 5.61532 -0.551725
v -0.862877 5.59059 -0.412221
v -0.933696 5.54558 -0.411217
v -1.07472 5.07002 -0.220333
v -0.948644 4.94823 -0.823326
v -0.778672 4.84526 -0.800978
v -1.19366 5.02409 -0.440663
v -1.15697 5.02865 -0.646213
v -3.47144 8.18814 -2.14461
v -3.73493 8.09479 -2.11392
v -3.78182 7.70783 -1.88845
v -3.77952 7.91506 -1.89613
v -3.83689 7.49085 -1.69488
v -3.84129 7.26476 -1.50337
v -3.83903 6.84803 -1.32262
v -0.432245 5.40634 -0.379353
v -0.619071 5.32682 -0.395291
v -0.25044 5.05976 -0.435906
v -0.611253 4.73797 -0.783732
v -0.434567 4.62822 -0.973285
v 0.254398 4.18512 -1.12905
v -0.256817 4.5135 -1.16164
v -0.0737463 4.40222 -1.34937
v 0.0969377 4.29311 -1.33896
v 2.69907 3.36666 -1.60115
v 2.91847 3.37944 -1.79916
v 3.12729 3.59148 -1.78345
v 3.34204 3.78968 -1.78521
v 3.56171 3.98951 -1.7812
v 3.85137 4.15498 -1.75443
v 4.04492 4.29977 -1.68926
v 4.04757 4.50849 -1.6589
v 3.70319 4.62424 -1.13392
v 1.55936 3.69865 -0.420582
v 1.48994 3.51345 -0.457329
v 1.66917 3.41352 -0.562686
v 1.77548 3.39021 -0.669585
v 2.01145 3.36993 -0.84421
v 2.23879 3.3663 -1.02383
v 2.45963 3.36499 -1.2075
v 2.6801 3.36725 -1.39559
v 3.67878 4.84781 -0.926621
v 3.66787 5.06235 -0.721529
v 3.64695 5.273 -0.518111
v 3.63537 5.48209 -0.315573
v 3.61714 5.69207 -0.113779
v 3.59962 5.90258 0.0876749
v 3.59138 6.11422 0.288717
v 3.58127 6.32523 0.488625
v 1.65847 3.88143 -0.333079
v 1.63255 4.09859 -0.298838
v 1.50849 3.76848 -0.43765
v 3.573 6.53433 0.688024
v 3.56188 6.7421 0.887791
v 3.55237 6.94842 1.08892
v 3.52758 7.85132 0.837583
v 3.5755 7.84886 0.508675
v 3.33296 8.01142 0.343894
v 3.40004 7.92391 0.204939
v 3.4765 7.93126 0.158133
v 3.54657 7.55135 1.07573
v 3.52742 7.15088 1.28965
v 3.52727 7.34862 1.28514
v 2.83074 7.25342 1.89657
v 2.63506 7.22868 2.08725
v 2.4304 7.0163 2.08801
v 2.22939 6.80458 2.07295
v 2.02896 6.59459 2.05822
v 1.82898 6.38431 2.045
v 1.62982 6.1734 2.03109
v 1.43059 5.95907 2.0169
v 1.23173 5.74038 2.00295
v 1.03715 5.51631 1.97928
v 0.846915 5.28796 1.96553
v 1.07088 3.64063 -0.675186
v 1.23325 3.53159 -0.662036
v 1.38909 3.43178 -0.443366
v 1.87004 3.64373 -0.274041
v 0.660989 5.05824 1.95523
v 0.458182 5.03732 1.94603
v 0.916877 3.74489 -0.888413
v 0.757212 3.84566 -1.09864
v 0.436293 4.07351 -1.31776
v 0.603708 3.96228 -1.30783
v -0.905504 6.29386 1.8721
v -1.11834 6.47352 1.86192
v -1.32749 6.6589 1.85241
v -1.53386 6.85077 1.84219
v -1.73915 7.04899 1.83898
v -1.94039 7.26307 1.78035
v -1.92288 7.2664 1.65485
v -0.68949 6.1204 1.88523
v -1.90755 7.24564 1.27873
v -1.96917 7.24997 1.17847
v -0.670682 5.92905 1.88447
v -2.71975 7.21466 0.926212
v -2.91479 7.20917 0.724072
v -2.33029 7.22381 1.13046
v -2.52831 7.21928 1.12719
v -3.10851 7.21055 0.523164
v -3.29938 7.21822 0.320148
v -3.47371 7.22159 0.114492
v -3.65992 7.23116 0.109111
v -3.82919 7.2442 -0.104343
v -4.00797 7.23118 -0.321
v -4.02674 7.028 -0.541075
v -4.01646 6.8362 -0.767255
v -3.85355 7.45733 -1.28254
v -3.86259 7.65105 -1.03707
v -3.68572 7.59787 -0.960485
v -4.011 6.64084 -0.997165
v -3.87322 6.64752 -1.10697
v 0.254422 5.02594 1.93497
v 0.0286797 5.21973 1.92316
v -0.197916 5.39791 1.90939
v -0.4252 5.568 1.89564
v -0.650795 5.73562 1.88408
v -3.43278 5.32466 -2.1541
v -3.42387 5.59058 -2.07869
v -3.22091 5.13435 -2.10081
v -3.71724 5.67036 -2.14613
v -3.49297 5.52451 -1.97432
v -3.40237 5.50455 -2.03731
v -3.02897 5.14327 -1.87403
v -2.83558 5.14133 -1.65318
v -2.64318 5.14155 -1.43356
v -2.4492 5.14023 -1.21171
v -3.79191 5.84902 -1.9143
v -2.25568 5.15027 -0.991505
v -3.80179 6.04277 -1.71265
v -3.81846 6.24329 -1.51948
v -3.85775 6.64971 -1.32571
v -3.85998 6.44733 -1.33157
v -2.06226 5.14539 -0.772862
v -1.68053 5.14162 -0.530526
v -1.86635 5.13981 -0.554044
v -1.60591 5.14649 -0.318273
v -1.29496 5.23594 -0.180421
v -1.08032 5.74313 -0.447785
v -0.858951 5.63073 -0.653051
v -0.914762 5.709 -0.477657
v -1.225 5.0208 -0.239865
v -1.286 5.15229 -0.0440676
v -1.09255 5.0986 -0.024479
v -0.932293 4.95002 -1.02888
v -0.767583 4.84632 -1.00755
v -1.13312 5.03147 -0.853125
v -1.38541 5.0183 -0.473879
v -1.36083 5.02089 -0.678883
v -3.42157 8.38491 -2.15093
v -3.23115 8.33922 -2.12808
v -3.65561 8.28143 -2.10791
v -3.78697 8.13045 -1.91663
v -3.8274 7.71409 -1.68184
v -3.85134 7.47609 -1.48926
v -0.146683 5.31003 -0.385314
v -0.24336 5.48032 -0.373332
v -0.51826 5.58145 -0.386642
v -0.701485 5.50229 -0.392196
v -0.0726025 5.12059 -0.438082
v -0.600595 4.73835 -0.988771
v -0.424938 4.62519 -1.17455
v 0.267731 4.18455 -1.32853
v -0.244384 4.51127 -1.36091
v -0.0599109 4.3998 -1.54992
v 0.109877 4.2908 -1.53839
v 2.89535 3.36148 -1.58667
v 3.11348 3.3781 -1.78121
v 3.32524 3.58473 -1.78005
v 3.5363 3.78148 -1.78104
v 3.73894 3.99238 -1.74372
v 4.00775 4.0837 -1.63966
v 4.06935 4.29696 -1.43156
v 4.05403 4.52351 -1.41098
v 3.91444 4.65069 -1.58383
v 3.82671 4.73478 -1.68751
v 3.68679 4.63014 -0.927002
v 1.69726 3.39411 -0.569077
v 1.62948 3.45442 -0.278745
v 1.73182 3.41715 -0.458473
v 1.97715 3.36933 -0.642755
v 2.21636 3.36751 -0.824294
v 2.43906 3.36468 -1.00639
v 2.6599 3.36782 -1.19143
v 2.87743 3.36185 -1.38049
v 3.66768 4.85005 -0.721184
v 3.65512 5.06333 -0.517881
v 3.63677 5.27516 -0.314995
v 3.62582 5.48452 -0.112997
v 3.59901 5.69568 0.088393
v 3.5877 5.90727 0.289756
v 3.57968 6.11939 0.490184
v 3.56699 6.33012 0.689766
v 1.8163 3.91531 -0.300238
v 1.754 4.07631 -0.229031
v 1.80445 4.05311 -0.476144
v 1.76103 3.88052 -0.393148
v 1.77719 3.66605 -0.365249
v 3.56038 6.53867 0.889947
v 3.55076 6.74592 1.09107
v 3.53273 6.95112 1.29294
v 3.52905 7.75068 1.06996
v 3.35758 8.00317 0.831365
v 3.353 8.02741 0.602544
v 3.15842 7.89813 0.166666
v 3.16074 7.94263 0.367422
v 3.52467 7.54658 1.28235
v 3.5121 7.1522 1.49558
v 3.51085 7.34986 1.49255
v 2.82804 7.21436 2.102
v 2.63077 7.00971 2.09794
v 2.43096 6.80458 2.08438
v 2.22992 6.59707 2.0736
v 2.03 6.38843 2.05943
v 1.83147 6.17966 2.04601
v 1.63247 5.96842 2.03022
v 1.43347 5.75254 2.01834
v 1.2392 5.53365 1.98869
v 1.04767 5.30803 1.97826
v 0.862426 5.07906 1.96581
v 1.07848 3.63483 -0.878054
v 1.2425 3.52824 -0.866144
v 1.39972 3.43054 -0.649372
v 1.55229 3.33294 -0.433779
v 1.51929 3.49053 -0.337841
v 0.680765 4.84368 1.95619
v 0.479778 4.81927 1.9472
v 0.927028 3.74416 -1.08971
v 0.771363 3.85207 -1.29877
v 0.615721 3.96194 -1.50745
v 0.44928 4.0734 -1.51728
v -1.10534 6.27782 1.86456
v -0.890976 6.10171 1.87884
v -1.31718 6.46064 1.85307
v -1.52493 6.65109 1.84161
v -1.73272 6.84944 1.83872
v -1.94137 7.05269 1.83012
v -2.12707 7.27592 1.64465
v -2.12838 7.27945 1.74839
v -1.9311 7.24333 1.51203
v -2.07088 7.2614 1.10343
v -0.874203 5.90591 1.8753
v -2.72363 7.21793 1.13018
v -2.91749 7.21255 0.927367
v -3.11322 7.21012 0.725123
v -2.12598 7.21849 0.93665
v -2.13067 7.22259 1.14678
v -2.38261 7.2606 1.32283
v -2.53418 7.22082 1.33481
v -3.3028 7.21638 0.522594
v -3.48599 7.22265 0.317417
v -3.67476 7.22844 0.313638
v -3.84432 7.23834 0.102636
v -4.02312 7.22662 -0.111563
v -4.03338 7.02155 -0.325676
v -4.02496 6.82829 -0.545599
v -4.01467 6.63367 -0.769241
v -3.83313 7.66482 -1.26433
v -3.6758 7.57005 -0.751516
v -3.71299 7.35444 -0.792148
v -4.00636 6.43626 -0.992371
v -3.87086 6.44547 -1.10481
v 0.2788 4.79467 1.93729
v 0.0497984 5.01886 1.92439
v -0.175951 5.20214 1.91198
v -0.401896 5.37512 1.89698
v -0.628895 5.54242 1.88122
v -0.855192 5.71075 1.87269
v -3.41801 5.13036 -2.11068
v -3.66603 5.50244 -2.16091
v -3.62932 5.30862 -2.15401
v -3.22678 5.14318 -1.88563
v -3.55857 5.46394 -2.04309
v -3.79672 5.65384 -1.92052
v -3.47569 5.39564 -2.07313
v -3.03557 5.14534 -1.66526
v -2.8442 5.14071 -1.44567
v -2.65147 5.14318 -1.22487
v -2.45752 5.1461 -1.00358
v -3.82509 5.83694 -1.68845
v -2.26311 5.14749 -0.785988
v -3.81473 6.0402 -1.51406
v -3.86205 6.24274 -1.32509
v -2.06899 5.14012 -0.569953
v -1.85883 5.1417 -0.352982
v -1.60127 5.14861 -0.451567
v -1.65873 5.14017 -0.119775
v -1.46634 5.14747 -0.0759193
v -1.22375 5.41229 -0.196176
v -1.07091 5.85207 -0.336693
v -1.04288 5.74513 -0.565116
v -1.24444 5.02159 -0.039208
v -1.4075 5.01594 -0.26896
v -1.3291 5.16195 0.153139
v -1.11677 5.10982 0.173468
v -1.11362 5.03181 -1.05632
v -0.920414 4.95175 -1.23201
v -0.756505 4.84646 -1.21073
v -1.33992 5.02388 -0.88685
v -1.58038 5.01902 -0.505632
v -1.56094 5.02149 -0.710245
v -3.56656 8.43884 -2.08302
v -3.73085 8.31617 -1.92545
v -3.84594 7.69403 -1.46081
v -0.314311 5.65012 -0.451732
v -0.169078 5.21885 -0.415251
v -0.590967 4.73671 -1.19127
v -0.413116 4.62171 -1.37466
v 0.28083 4.1833 -1.52761
v -0.231324 4.50731 -1.56112
v 0.12285 4.288 -1.7383
v -0.0460127 4.39747 -1.75068
v 3.09209 3.36221 -1.57044
v 3.30804 3.37558 -1.76858
v 3.51969 3.57634 -1.7737
v 3.71334 3.77232 -1.74618
v 3.77043 3.99635 -1.55317
v 4.0399 4.08511 -1.41895
v 4.06003 4.30098 -1.21062
v 3.98652 4.57333 -1.20003
v 3.95327 4.59924 -1.39281
v 3.86052 4.72582 -1.59205
v 3.67763 4.62618 -0.720858
v 1.70333 3.33976 -0.487741
v 1.97238 3.39731 -0.206818
v 1.91023 3.37083 -0.450973
v 1.70144 3.39015 -0.502967
v 2.18935 3.3688 -0.622422
v 2.41742 3.36391 -0.805009
v 2.63936 3.36846 -0.988671
v 2.85904 3.3621 -1.17577
v 3.07565 3.3626 -1.36474
v 3.65619 4.85087 -0.516781
v 3.64286 5.06468 -0.314592
v 3.62752 5.27695 -0.112269
v 3.61713 5.48754 0.0894689
v 3.58642 5.69983 0.290503
v 3.57879 5.91216 0.491288
v 3.5654 6.12493 0.691523
v 3.56109 6.33504 0.891768
v 1.82345 4.01644 -0.280375
v 1.70935 4.14701 -0.262148
v 1.79451 4.2367 -0.442865
v 1.7415 4.26612 -0.258574
v 1.90005 4.05769 -0.311856
v 3.54567 6.54294 1.09207
v 3.53275 6.74914 1.29427
v 3.51742 6.95386 1.49824
v 3.47627 7.73871 1.27393
v 3.49381 7.81568 0.988466
v 3.57554 7.89072 1.04308
v 3.3954 8.02047 1.06518
v 3.20629 8.13004 0.803405
v 3.1554 8.1035 0.56916
v 3.17343 7.99815 0.067362
v 3.50397 7.54708 1.48924
v 3.49991 7.15439 1.70216
v 3.49692 7.3527 1.69851
v 2.83334 7.00121 2.10551
v 2.6317 6.80154 2.09624
v 2.43132 6.59776 2.08415
v 2.23149 6.39102 2.0727
v 2.03241 6.18379 2.0621
v 1.83381 5.97546 2.04814
v 1.63525 5.76309 2.02875
v 1.43959 5.54755 2.00192
v 1.24788 5.327 1.991
v 1.06139 5.10182 1.98016
v 0.880775 4.87054 1.96883
v 1.08701 3.62752 -1.0802
v 1.25336 3.5254 -1.06897
v 1.409 3.42861 -0.853642
v 1.56253 3.32822 -0.638484
v 1.73103 3.30133 -0.265277
v 1.71898 3.2234 -0.428655
v 0.504545 4.59362 1.94856
v 0.703227 4.63121 1.95848
v 0.939257 3.74636 -1.29004
v 0.784325 3.85477 -1.49877
v 0.627886 3.96134 -1.70731
v 0.460588 4.07097 -1.71705
v -1.09003 6.08278 1.85856
v -1.30305 6.26018 1.85496
v -1.51384 6.44835 1.84243
v -1.72277 6.64527 1.83604
v -1.93203 6.84757 1.83065
v -2.14527 7.05227 1.82082
v -2.13131 7.24863 1.50222
v -2.34158 7.23687 1.57614
v -2.32757 7.31417 1.77959
v -2.13555 7.22134 1.35979
v -2.02461 7.25883 1.29461
v -1.07604 5.88244 1.86158
v -2.72538 7.22006 1.33617
v -2.9184 7.21202 1.13227
v -3.11723 7.21343 0.929011
v -3.30944 7.21481 0.725862
v -2.54467 7.2343 1.57357
v -3.49627 7.21956 0.52124
v -3.68875 7.22769 0.519502
v -3.85889 7.24324 0.310107
v -4.03419 7.21584 0.0963061
v -4.04291 7.01612 -0.114823
v -4.03578 6.82102 -0.328073
v -4.02337 6.62628 -0.548137
v -4.01415 6.42964 -0.768952
v -3.82728 7.88603 -1.24518
v -3.77719 7.84416 -1.03372
v -3.65508 7.52759 -0.556121
v -3.6936 7.33817 -0.58933
v -3.85737 6.24118 -1.1017
v -4.00578 6.23242 -0.9981
v 0.308551 4.53836 1.93774
v 0.0736405 4.80221 1.92596
v -0.153388 5.00583 1.91386
v -0.377878 5.1805 1.89926
v -0.603909 5.35007 1.88816
v -0.831655 5.51601 1.87252
v -1.05913 5.68404 1.86599
v -3.61251 5.12036 -2.1173
v -3.42345 5.13954 -1.89758
v -3.81108 5.47269 -2.09053
v -3.80781 5.35999 -2.11905
v -3.23352 5.14674 -1.67743
v -3.82429 5.63066 -1.69782
v -3.81745 5.46785 -1.94057
v -3.04365 5.14299 -1.45788
v -2.85298 5.14284 -1.23838
v -2.65876 5.14576 -1.01566
v -2.46401 5.14222 -0.795391
v -3.81009 5.83657 -1.51195
v -2.26821 5.14168 -0.578899
v -3.86214 6.03828 -1.32119
v -2.07176 5.14019 -0.368186
v -1.86895 5.14396 -0.153279
v -1.69616 5.1414 0.0783955
v -1.51065 5.1442 0.121007
v -1.27132 5.39661 -0.292019
v -1.37811 5.2698 -0.139526
v -0.883728 5.88077 -0.450275
v -1.20062 5.85938 -0.406015
v -1.04234 5.9319 -0.561667
v -1.24274 5.02138 0.165451
v -1.42526 5.01453 -0.0581412
v -1.59979 5.01749 -0.2984
v -1.29748 5.15555 0.332565
v -1.15905 5.04867 0.347998
v -1.43699 5.28076 0.0147472
v -1.38096 5.31785 0.121161
v -1.097 5.03234 -1.25783
v -1.3219 5.02509 -1.08909
v -0.909801 4.95186 -1.43208
v -0.747552 4.84454 -1.41108
v -1.54275 5.02341 -0.91749
v -1.77866 5.02155 -0.536505
v -1.76188 5.02294 -0.739834
v -0.218871 5.57865 -0.406266
v -0.580205 4.7347 -1.39063
v -0.401578 4.61668 -1.57413
v 0.293055 4.18112 -1.72737
v -0.217581 4.5044 -1.76121
v 0.129306 4.27601 -1.93693
v -0.0389697 4.38398 -1.95053
v 3.28823 3.36412 -1.55514
v 3.50172 3.37307 -1.75145
v 3.7053 3.5667 -1.74379
v 3.71183 3.77311 -1.54104
v 3.84298 4.01095 -1.365
v 4.03269 4.09466 -1.20417
v 4.04903 4.2994 -0.992741
v 3.99226 4.51477 -0.987835
v 3.99794 4.56536 -1.33461
v 3.92794 4.77684 -1.33325
v 3.84043 4.79198 -1.50481
v 3.66461 4.63475 -0.515552
v 1.94279 3.18117 -0.214841
v 2.15218 3.36986 -0.224
v 2.15941 3.37053 -0.426079
v 2.39348 3.36365 -0.604307
v 2.61834 3.36798 -0.786596
v 2.83969 3.36213 -0.972429
v 3.05863 3.36299 -1.16031
v 3.27309 3.36446 -1.35016
v 3.64408 4.85127 -0.313202
v 3.6301 5.06699 -0.1115
v 3.61689 5.27845 0.0900078
v 3.60536 5.49076 0.291377
v 3.57867 5.70421 0.492083
v 3.56282 5.91862 0.693079
v 3.55724 6.12977 0.893364
v 3.53961 6.33881 1.0919
v 1.88882 4.24875 -0.314514
v 1.82669 4.41927 -0.527891
v 1.63061 4.32074 -0.367806
v 3.53253 6.54698 1.29529
v 3.51714 6.75322 1.49888
v 3.50412 6.95622 1.70389
v 3.44961 7.74482 1.47827
v 3.43227 7.88719 1.26765
v 3.42479 7.84502 1.05785
v 3.55106 7.87316 1.22223
v 3.3966 7.96911 1.25219
v 3.26638 8.06551 1.04158
v 3.25929 7.98021 0.835877
v 3.25848 8.10715 0.901956
v 2.95196 7.94615 0.180224
v 2.96708 8.04005 0.0654144
v 3.32648 8.02479 -0.109195
v 3.12493 8.00956 -0.102082
v 3.48477 7.5522 1.69528
v 3.48764 7.15713 1.9107
v 3.48249 7.35793 1.90498
v 3.04624 7.1948 2.12203
v 3.04047 6.99002 2.11407
v 2.8344 6.79511 2.10728
v 2.63308 6.5953 2.09483
v 2.43318 6.39163 2.08446
v 2.23403 6.18626 2.07268
v 2.03519 5.97942 2.06384
v 1.83661 5.77169 2.0404
v 1.64027 5.55923 2.024
v 1.448 5.34346 2.00234
v 1.25943 5.12271 1.98822
v 1.07825 4.89613 1.98127
v 0.900766 4.66207 1.97243
v 1.26431 3.52521 -1.27009
v 1.09933 3.63161 -1.28088
v 1.42016 3.42622 -1.05666
v 1.57521 3.32803 -0.842247
v 1.72935 3.21918 -0.628872
v 1.89167 3.11475 -0.415441
v 0.728366 4.42148 1.9601
v 0.53048 4.38162 1.94961
v 0.951184 3.74823 -1.49048
v 0.794901 3.85403 -1.69962
v 0.463407 4.05614 -1.91786
v 0.632159 3.95095 -1.90793
v -1.28428 6.05869 1.848
v -1.50217 6.24314 1.84366
v -1.71032 6.43814 1.83533
v -1.91929 6.63987 1.83047
v -2.1329 6.84449 1.8199
v -2.36102 7.05111 1.81815
v -2.22363 7.24867 1.48113
v -2.55411 7.2421 1.78081
v -1.2725 5.85437 1.83993
v -2.72179 7.21971 1.547
v -2.91566 7.21094 1.33841
v -3.11887 7.21457 1.13429
v -3.31568 7.21641 0.92977
v -3.50626 7.22174 0.725056
v -3.70307 7.2291 0.724452
v -3.87385 7.23123 0.516497
v -4.04455 7.21239 0.303662
v -4.05197 7.01138 0.094235
v -4.0412 6.81474 -0.1172
v -4.03609 6.61861 -0.331416
v -4.02187 6.42334 -0.550981
v -4.0143 6.22496 -0.769668
v -3.70668 7.90781 -1.33742
v -3.65101 7.50361 -0.365542
v -3.66788 7.32337 -0.381072
v -4.00442 6.02769 -1.00888
v -3.85442 6.03476 -1.10504
v 0.333744 4.33352 1.9426
v 0.113713 4.4745 1.92693
v 0.090793 4.65906 1.9238
v 0.147744 4.75198 1.92902
v -0.130915 4.81014 1.91563
v -0.352638 4.98453 1.90196
v -0.576657 5.15516 1.88874
v -0.803953 5.3224 1.8725
v -1.03599 5.48597 1.86807
v -1.25971 5.65068 1.83888
v -3.77275 5.14628 -2.10068
v -3.61221 5.13284 -1.90514
v -3.42986 5.14474 -1.68993
v -3.7824 5.42515 -2.0477
v -3.24128 5.14271 -1.47047
v -3.80199 5.62443 -1.51323
v -3.83301 5.42694 -1.71707
v -3.05295 5.14378 -1.25137
v -2.86033 5.14619 -1.02979
v -2.66421 5.14144 -0.805556
v -2.46914 5.13734 -0.584879
v -3.85778 5.83226 -1.31462
v -2.27331 5.13992 -0.372134
v -2.07395 5.14861 -0.17061
v -1.89091 5.14132 0.0443786
v -1.54227 5.14427 0.308169
v -1.72961 5.14501 0.272248
v -1.33621 5.45892 -0.256256
v -1.15487 5.38139 -0.327862
v -1.26464 5.43321 0.00303807
v -1.43686 5.4073 -0.0678754
v -0.856574 6.05816 -0.473116
v -1.07965 6.08431 -0.313477
v -0.962202 6.12551 -0.547207
v -1.17285 5.05995 0.228972
v -1.43124 5.01408 0.159953
v -1.61654 5.01575 -0.0823615
v -1.79497 5.01903 -0.332553
v -1.28594 5.3402 0.25581
v -1.35695 5.15845 0.525034
v -1.15822 5.05729 0.572905
v -1.3454 5.33507 0.0794306
v -1.08245 5.03194 -1.45805
v -1.30492 5.02636 -1.28971
v -1.52582 5.02489 -1.12007
v -0.898131 4.94943 -1.63156
v -0.735606 4.84158 -1.60869
v -1.74531 5.02457 -0.944995
v -1.96353 5.02528 -0.766484
v -1.97899 5.02419 -0.564032
v -0.0593797 5.56883 -0.356337
v -0.257919 5.46011 -0.509469
v -0.158995 5.20378 -0.468005
v -0.00785779 5.26804 -0.415295
v -0.568308 4.73041 -1.58997
v -0.388845 4.61363 -1.77319
v 0.297504 4.1686 -1.92737
v -0.212009 4.48951 -1.96012
v -0.138702 4.20332 -1.96082
v 0.0297255 4.09962 -1.95021
v 3.48368 3.36389 -1.53947
v 3.68614 3.36576 -1.72106
v 3.70207 3.56914 -1.53503
v 3.70284 3.77117 -1.34076
v 3.70626 3.97565 -1.34735
v 3.77322 3.99432 -1.42184
v 3.85944 4.02138 -1.16932
v 4.02033 4.09672 -0.987887
v 4.03586 4.29437 -0.780663
v 4.00555 4.49412 -0.777382
v 3.9027 4.68709 -0.984273
v 3.89118 4.74003 -1.18309
v 3.65113 4.63378 -0.310807
v 2.01439 3.21999 0.0480569
v 2.06914 3.45486 0.106784
v 2.07249 3.55237 -0.183069
v 2.34804 3.38412 -0.218063
v 2.36672 3.36436 -0.405456
v 2.59602 3.36869 -0.586309
v 2.81967 3.36213 -0.770112
v 3.04046 3.36343 -0.957195
v 3.258 3.36442 -1.1459
v 3.47 3.36519 -1.33637
v 3.63101 4.85358 -0.109843
v 3.61722 5.06857 0.0911435
v 3.60696 5.28057 0.292144
v 3.58094 5.49356 0.492084
v 3.56181 5.71173 0.694113
v 3.55524 5.92267 0.897089
v 3.53732 6.13356 1.09232
v 3.52313 6.34416 1.29388
v 1.82643 4.21986 -0.280215
v 1.8478 4.45044 -0.287101
v 1.68071 4.38901 -0.296717
v 1.85775 4.54696 -0.348042
v 3.5106 6.55249 1.49881
v 3.5039 6.75668 1.70405
v 3.49003 6.96019 1.91214
v 3.45909 7.75509 1.68764
v 3.58473 7.82391 1.40856
v 3.4558 7.95708 1.4386
v 3.23359 7.98904 1.23365
v 3.29442 8.01629 0.902941
v 3.29004 8.12568 0.890942
v 3.17212 8.21136 0.942489
v 3.10326 8.04253 -0.272925
v 3.23711 7.99974 -0.335928
v 3.47369 7.55998 1.901
v 3.47092 7.15047 2.12711
v 3.46309 7.365 2.11653
v 2.85739 7.42113 2.11082
v 3.05522 7.40132 2.12001
v 3.25341 7.17908 2.12941
v 3.24701 6.97895 2.12495
v 3.03896 6.78746 2.11649
v 2.83573 6.59031 2.10607
v 2.63567 6.38939 2.09137
v 2.43574 6.18679 2.08429
v 2.23685 5.98168 2.07311
v 2.03851 5.7769 2.05043
v 1.84063 5.56876 2.03841
v 1.64753 5.35663 2.02076
v 1.45837 5.1407 2.00139
v 1.27477 4.91916 1.97998
v 1.09696 4.69083 1.9823
v 0.924624 4.45557 1.97286
v 1.43096 3.42484 -1.25862
v 1.2748 3.52886 -1.47022
v 1.1126 3.63699 -1.48106
v 1.58798 3.32867 -1.04501
v 1.73952 3.218 -0.831136
v 1.89665 3.10824 -0.616528
v 2.06027 3.01365 -0.40043
v 2.04699 3.02099 -0.192698
v 0.558141 4.17347 1.95391
v 0.755045 4.21404 1.96258
v 0.960568 3.74672 -1.69078
v 0.801126 3.84655 -1.90115
v 0.360017 3.87673 -1.92603
v 0.527476 3.77142 -1.91631
v -1.48906 6.03527 1.8318
v -1.69739 6.22864 1.83396
v -1.90322 6.42836 1.8306
v -2.11576 6.63378 1.81895
v -2.33997 6.84332 1.81304
v -2.53367 7.05254 1.70854
v -2.87678 7.22921 1.75027
v -2.73941 7.24543 1.77064
v -1.47759 5.82688 1.83407
v -2.90386 7.21012 1.54681
v -3.11874 7.21719 1.34014
v -3.3191 7.21812 1.13503
v -3.51508 7.21925 0.929838
v -3.71413 7.22647 0.929341
v -3.90507 7.23008 0.723976
v -4.05703 7.21238 0.51056
v -4.06156 7.0074 0.303413
v -4.06027 6.81001 0.0917753
v -4.03956 6.61241 -0.117468
v -4.03517 6.4156 -0.334141
v -4.02021 6.21866 -0.55101
v -4.01437 6.01978 -0.773521
v -3.66689 7.51262 -0.162005
v -3.67669 7.32636 -0.163647
v -4.00079 5.82164 -1.01932
v -3.84641 5.82825 -1.10365
v 0.361692 4.12938 1.94391
v 0.137832 4.28281 1.93188
v -0.0842487 4.43445 1.91774
v -0.107855 4.62345 1.91502
v -0.329122 4.78894 1.90367
v -0.54925 4.9583 1.89104
v -0.77284 5.12745 1.87953
v -1.00594 5.29193 1.86962
v -1.24205 5.44855 1.83852
v -1.46589 5.61512 1.83331
v -3.80177 5.17769 -1.91435
v -3.80961 5.32277 -1.92746
v -3.61962 5.1411 -1.7002
v -3.43635 5.14134 -1.48271
v -3.25135 5.14249 -1.26465
v -3.84441 5.62396 -1.29899
v -3.81828 5.41565 -1.49554
v -3.81029 5.3207 -1.84083
v -3.05992 5.14767 -1.04337
v -2.86383 5.14269 -0.818008
v -2.66819 5.137 -0.591281
v -2.47447 5.1324 -0.371816
v -2.27242 5.14957 -0.174857
v -2.08369 5.1331 0.0226305
v -1.91696 5.14172 0.243757
v -1.39462 5.1829 0.360501
v -1.76117 5.14547 0.469531
v -1.57693 5.14733 0.496419
v -1.27472 5.50906 -0.40505
v -1.21826 5.40661 0.102383
v -0.966142 6.08933 -0.4446
v -1.62452 5.01423 0.151652
v -1.42532 5.01286 0.372727
v -1.80919 5.01675 -0.128479
v -1.99348 5.02095 -0.364888
v -1.25428 5.47878 0.151355
v -1.30705 5.28752 0.309193
v -1.38543 5.16097 0.738981
v -1.20408 5.05624 0.758732
v -1.42895 5.01149 0.579326
v -1.33773 5.3668 0.339203
v -1.46135 5.3075 0.494565
v -1.28826 5.02776 -1.48686
v -1.06678 5.03358 -1.65482
v -1.50943 5.02624 -1.32159
v -1.72901 5.02539 -1.14853
v -0.88998 4.95185 -1.82657
v -0.725249 4.84033 -1.80373
v -1.948 5.02613 -0.970626
v -2.18066 5.02475 -0.590754
v -2.16596 5.02571 -0.792383
v -0.219385 5.73385 -0.340462
v -0.433329 5.45205 -0.584767
v -0.483885 5.66135 -0.540893
v -0.116436 5.26481 -0.543574
v 0.0187436 5.20723 -0.419238
v 0.0511633 5.40851 -0.43345
v -0.556995 4.72702 -1.78676
v -0.38383 4.59849 -1.97142
v 0.194939 3.98891 -1.93772
v -0.311426 4.30389 -1.9719
v -0.228254 4.01987 -1.96335
v -0.060785 3.9217 -1.9501
v 3.67902 3.36263 -1.52371
v 3.69254 3.56772 -1.33345
v 3.69862 3.97466 -1.14889
v 3.69273 3.76804 -1.1391
v 3.85802 4.02613 -0.968744
v 4.00895 4.0917 -0.77581
v 4.02244 4.29032 -0.568775
v 3.99397 4.48991 -0.566709
v 3.92865 4.66563 -0.778078
v 3.64054 4.63147 -0.10689
v 2.03513 3.01766 0.0212738
v 2.00746 3.22529 0.260192
v 2.06993 3.47472 0.289818
v 2.1024 3.65937 0.12809
v 2.01499 3.5766 -0.219828
v 2.11448 3.61424 -0.0777898
v 2.57253 3.36819 -0.387689
v 2.54862 3.3719 -0.192471
v 2.13688 3.42802 -0.0626023
v 2.32507 3.38701 -0.0259612
v 2.79909 3.36355 -0.56994
v 3.02235 3.36354 -0.75503
v 3.242 3.36436 -0.94287
v 3.45697 3.3643 -1.13351
v 3.66987 3.35791 -1.3254
v 3.61784 4.85765 0.0930324
v 3.6094 5.07045 0.293792
v 3.59942 5.28434 0.494561
v 3.56079 5.50217 0.693994
v 3.54976 5.71336 0.918643
v 3.53601 5.92596 1.0912
v 3.52167 6.14035 1.29263
v 3.50546 6.35061 1.49804
v 1.84408 4.47223 -0.387678
v 1.54348 4.34945 -0.285213
v 1.52618 4.45527 -0.426458
v 1.64017 4.55827 -0.284891
v 3.49518 6.55644 1.70292
v 3.48969 6.7607 1.91012
v 3.45548 6.96528 2.12484
v 3.46474 7.76337 1.89553
v 3.24083 8.09835 1.22146
v 3.30467 8.06479 0.921296
v 3.46361 7.56612 2.1132
v 3.26002 7.38053 2.12582
v 2.86875 7.6287 2.13566
v 3.06779 7.60806 2.12844
v 3.24363 6.77848 2.12784
v 3.03921 6.58448 2.11501
v 2.83722 6.38576 2.10586
v 2.63845 6.18393 2.09016
v 2.43874 5.98081 2.08365
v 2.23994 5.77822 2.06192
v 2.04114 5.5751 2.04976
v 1.84721 5.3668 2.03477
v 1.65695 5.15463 2.02201
v 1.47113 4.93818 1.99944
v 1.29183 4.71569 1.97964
v 1.11913 4.48518 1.98354
v 0.952017 4.24924 1.97368
v 1.43992 3.42488 -1.45938
v 1.59769 3.32622 -1.24728
v 1.12219 3.63559 -1.68138
v 1.28438 3.52918 -1.66966
v 1.75192 3.21934 -1.03378
v 1.90554 3.10671 -0.819507
v 2.07414 3.01721 -0.603624
v 2.26461 3.01358 -0.389788
v 2.25481 3.01431 -0.183983
v 0.587695 3.9702 1.96002
v 0.78452 4.01066 1.96674
v 0.965845 3.73899 -1.88925
v 0.696032 3.66982 -1.90655
v 0.259705 3.68556 -1.92887
v 0.427784 3.58041 -1.9179
v -1.68678 6.01479 1.83766
v -1.88806 6.21687 1.82828
v -2.09444 6.41291 1.82004
v -2.31484 6.62887 1.81119
v -2.52467 6.83886 1.77655
v -2.76916 7.03415 1.74928
v -2.89762 7.11665 1.76705
v -1.67723 5.80522 1.82452
v -3.11963 7.22704 1.76601
v -3.11732 7.22013 1.54816
v -3.32157 7.21988 1.34153
v -3.51923 7.22061 1.13546
v -3.93242 7.22302 0.926747
v -3.71842 7.22348 1.13475
v -4.05778 7.21082 0.721176
v -4.06796 7.00543 0.51248
v -4.06258 6.80479 0.302305
v -4.0627 6.60711 0.0886471
v -4.03443 6.40951 -0.118355
v -4.03318 6.21156 -0.334885
v -4.02087 6.01288 -0.550652
v -4.01484 5.81359 -0.776708
v -4.00388 5.61581 -1.05583
v -3.84415 5.6168 -1.09776
v 0.391821 3.92655 1.94849
v 0.164727 4.08263 1.93527
v -0.0584807 4.2372 1.92529
v -0.304697 4.59404 1.91276
v -0.280837 4.39696 1.92063
v -0.52392 4.76039 1.89927
v -0.74375 4.92968 1.88686
v -0.965115 5.09798 1.86754
v -1.20841 5.25754 1.84757
v -1.44931 5.39808 1.83123
v -1.6659 5.5961 1.82726
v -3.78959 5.20826 -1.7047
v -3.62774 5.1394 -1.49364
v -3.44706 5.14075 -1.27695
v -3.25831 5.14587 -1.05778
v -3.83371 5.40379 -1.2751
v -3.80114 5.2001 -1.49486
v -3.06358 5.14516 -0.835833
v -2.8663 5.14092 -0.600937
v -2.67175 5.13217 -0.368459
v -2.50335 5.11704 -0.149905
v -2.24732 5.19155 0.0145881
v -2.10864 5.13129 0.223924
v -1.94807 5.14044 0.443928
v -1.7868 5.14554 0.671889
v -1.59711 5.14895 0.702001
v -1.24573 5.43953 0.0855923
v -1.62953 5.01385 0.377116
v -1.73786 5.01545 0.0317467
v -2.00596 5.01748 -0.169144
v -2.19453 5.02385 -0.391303
v -1.41443 5.16179 0.939363
v -1.25926 5.08062 0.96965
v -1.44304 5.01206 0.784383
v -1.63664 5.01285 0.585169
v -1.49364 5.02761 -1.51937
v -1.27093 5.0285 -1.67733
v -1.05109 5.03358 -1.84974
v -1.71327 5.02684 -1.35453
v -1.93234 5.02699 -1.17604
v -0.923484 4.92931 -2.02157
v -0.729998 4.82637 -1.99023
v -2.15097 5.02756 -0.994978
v -2.38344 5.0258 -0.613787
v -2.36897 5.02686 -0.814918
v -0.492775 5.87776 -0.55782
v -0.35795 5.80943 -0.460525
v -0.152945 5.29052 -0.607571
v 0.11009 5.29387 -0.400394
v -0.556041 4.71188 -1.98061
v -0.483605 4.4083 -1.98181
v 0.100405 3.80964 -1.9389
v -0.396996 4.1103 -1.96997
v -0.309169 3.83556 -1.96105
v -0.143088 3.74815 -1.95185
v 3.68362 3.56405 -1.13099
v 3.68222 3.76593 -0.937354
v 3.69055 3.97525 -0.948899
v 3.84847 4.02399 -0.761263
v 3.99601 4.09024 -0.567356
v 4.0072 4.28583 -0.357285
v 3.984 4.48843 -0.356031
v 3.94016 4.65257 -0.566556
v 3.62768 4.63689 0.0962613
v 2.24543 3.01423 0.0215392
v 2.02542 3.01355 0.226036
v 1.95081 3.42882 0.523676
v 1.97729 3.21593 0.460036
v 2.25262 3.38728 0.366686
v 2.29301 3.388 0.166904
v 2.05326 3.71988 -0.0333503
v 2.10843 3.80387 -0.186911
v 2.13451 3.47071 -0.121464
v 2.52147 3.38752 0.00242071
v 2.75279 3.36669 -0.169726
v 2.77728 3.36432 -0.369587
v 3.00325 3.36411 -0.553511
v 3.22546 3.36427 -0.740492
v 3.44379 3.3628 -0.930822
v 3.65837 3.35635 -1.12556
v 3.60994 4.86193 0.296038
v 3.60558 5.07488 0.496864
v 3.57882 5.29192 0.69741
v 3.56783 5.51032 0.908975
v 3.55725 5.71009 1.08657
v 3.52539 5.93618 1.2928
v 3.50451 6.14877 1.49771
v 3.49514 6.3559 1.70333
v 1.3803 4.36498 -0.29916
v 1.47108 4.64055 -0.500574
v 1.49215 4.70641 -0.31049
v 3.48593 6.56071 1.90903
v 3.45364 6.76873 2.123
v 3.46444 7.75793 2.12788
v 3.26626 7.58522 2.12669
v 2.8873 7.84244 2.19955
v 3.08721 7.81377 2.19222
v 3.24289 6.57781 2.12582
v 3.04071 6.38089 2.11461
v 2.84035 6.18101 2.10473
v 2.64176 5.9779 2.09009
v 2.44201 5.77485 2.075
v 2.24138 5.57752 2.05955
v 2.04622 5.37425 2.04661
v 1.85553 5.16605 2.03681
v 1.66819 4.95371 2.01889
v 1.48611 4.73718 1.99875
v 1.31265 4.51286 1.98086
v 1.14727 4.28138 1.98597
v 0.982138 4.04846 1.9761
v 1.60681 3.32345 -1.44918
v 1.44966 3.42435 -1.65953
v 1.76183 3.21771 -1.23617
v 1.12979 3.62952 -1.88066
v 1.29158 3.52336 -1.87014
v 1.91718 3.1087 -1.02255
v 2.08011 3.00957 -0.807502
v 2.27387 3.01199 -0.594493
v 2.46694 3.01141 -0.381622
v 2.45814 3.01249 -0.177082
v 0.619275 3.77042 1.96479
v 0.817334 3.81286 1.96933
v 0.862479 3.56804 -1.89711
v 0.597767 3.48781 -1.90808
v 0.153903 3.46373 -1.93181
v 0.33189 3.38093 -1.92129
v -1.8797 6.0058 1.82629
v -2.06513 6.21435 1.75687
v -2.29076 6.41218 1.81425
v -2.50927 6.61617 1.80334
v -2.71863 6.81763 1.78421
v -2.86175 7.05163 1.76672
v -2.98951 7.11631 1.76805
v -1.87377 5.79356 1.82118
v -3.32474 7.2237 1.55016
v -3.33229 7.22986 1.76272
v -3.52346 7.22314 1.34283
v -3.91245 7.2085 1.13517
v -3.95279 7.00664 0.931237
v -4.02967 7.00383 0.726977
v -3.72341 7.22635 1.34225
v -3.99751 7.14825 0.724043
v -4.06462 6.80113 0.512539
v -4.06178 6.60189 0.301204
v -4.0622 6.40395 0.0856235
v -4.03162 6.20588 -0.119305
v -4.03543 6.00673 -0.336152
v -4.0214 5.80668 -0.551983
v -4.01495 5.60694 -0.775745
v -3.84462 5.40172 -1.09148
v -4.00026 5.41003 -1.10531
v 0.423174 3.72602 1.94928
v 0.193211 3.88083 1.94515
v -0.0317221 4.03741 1.94138
v -0.254918 4.19629 1.92356
v -0.47355 4.36069 1.91294
v -0.499836 4.56135 1.90432
v -0.718974 4.72979 1.894
v -0.930681 4.89922 1.87591
v -1.14939 5.06595 1.85553
v -1.43368 5.18172 1.8165
v -1.65654 5.37791 1.82679
v -1.8667 5.58181 1.81979
v -3.63568 5.13648 -1.28745
v -3.45435 5.14294 -1.07198
v -3.26284 5.14579 -0.853264
v -3.81955 5.17204 -1.29468
v -3.0651 5.1438 -0.622477
v -2.86589 5.13633 -0.356169
v -2.66317 5.1082 -0.0866309
v -2.40337 5.15718 0.0401501
v -2.21674 5.22895 0.209449
v -2.14028 5.1439 0.42251
v -1.9757 5.14125 0.643383
v -1.80589 5.14594 0.872975
v -1.61224 5.15163 0.906117
v -1.83031 5.01272 0.384309
v -1.82298 5.01477 0.188108
v -1.81608 5.01576 0.0298144
v -2.01571 5.0161 0.0139033
v -2.20628 5.01226 -0.199498
v -2.39668 5.02486 -0.414452
v -1.43355 5.16301 1.14316
v -1.2837 5.07078 1.17899
v -1.46161 5.00952 0.990892
v -1.64775 5.01029 0.788812
v -1.83899 5.01005 0.585178
v -1.47806 5.0283 -1.70625
v -1.69819 5.02698 -1.5608
v -1.25268 5.02863 -1.86299
v -1.07325 4.96021 -2.03255
v -1.91682 5.02783 -1.38347
v -2.13577 5.02832 -1.20038
v -0.826326 4.64854 -2.00492
v -1.02164 4.71618 -2.03535
v -2.35476 5.02987 -1.01763
v -2.58694 5.02751 -0.633576
v -2.57346 5.03082 -0.834209
v 0.0599989 5.3032 -0.417694
v -0.650711 4.5304 -1.98868
v -0.570646 4.18997 -1.98296
v 0.0304929 3.66334 -1.94092
v -0.472523 3.92093 -1.96941
v -0.233465 3.56485 -1.95457
v -0.448088 3.61728 -1.96456
v 3.67298 3.56223 -0.929012
v 3.67152 3.76469 -0.735421
v 3.67735 3.97439 -0.748463
v 3.83581 4.02672 -0.559045
v 3.98303 4.08255 -0.35794
v 3.99149 4.28113 -0.143679
v 3.97931 4.48219 -0.143852
v 3.95335 4.6741 -0.346326
v 3.61665 4.64421 0.298821
v 2.44899 3.0115 0.0269969
v 2.23513 3.01099 0.224694
v 2.01042 3.00898 0.419685
v 2.03578 3.52426 0.391087
v 1.79132 3.18757 0.448716
v 1.64552 3.38012 0.469939
v 2.48751 3.38909 0.200076
v 2.44619 3.38769 0.399995
v 2.11254 3.46901 0.422528
v 2.16457 3.86952 0.0798499
v 2.04762 3.73964 0.0799957
v 2.72578 3.39513 0.0252734
v 2.96222 3.36602 -0.151739
v 2.98349 3.36385 -0.352591
v 3.20837 3.36395 -0.538842
v 3.42956 3.36233 -0.728093
v 3.64791 3.35394 -0.922912
v 3.60606 4.86644 0.498911
v 3.59662 5.08099 0.699689
v 3.56486 5.30048 0.897276
v 3.54963 5.50518 1.10526
v 3.53683 5.73193 1.29736
v 3.50497 5.94678 1.49786
v 3.49248 6.15541 1.70337
v 3.48558 6.36045 1.90927
v 1.32468 4.46113 -0.339265
v 1.35287 4.56208 -0.317828
v 3.45235 6.56856 2.11831
v 3.28421 7.77643 2.18591
v 2.91514 8.04063 2.12878
v 3.11104 8.01646 2.12183
v 3.24404 6.37546 2.12558
v 3.04306 6.1779 2.1142
v 2.84303 5.97633 2.10544
v 2.64529 5.76207 2.08929
v 2.43918 5.57693 2.069
v 2.24494 5.37883 2.05845
v 2.05423 5.17433 2.04861
v 1.86523 4.96569 2.03716
v 1.68119 4.75394 2.01872
v 1.50347 4.53893 2.00139
v 1.33965 4.31223 1.98453
v 1.17971 4.08062 1.98789
v 1.01738 3.85244 1.97561
v 1.61625 3.32109 -1.65083
v 1.77123 3.21545 -1.43866
v 1.45533 3.41969 -1.8585
v 1.92911 3.11105 -1.22528
v 1.02994 3.46502 -1.88883
v 1.19618 3.36724 -1.87892
v 2.08712 3.00636 -1.01182
v 2.28165 3.00885 -0.798687
v 2.47537 3.00819 -0.585744
v 2.66911 3.00788 -0.373095
v 2.66044 3.00983 -0.169203
v 0.852241 3.62129 1.98316
v 0.651966 3.57494 1.9629
v 0.101017 3.62786 -1.93668
v 0.766545 3.39445 -1.89945
v 0.5064 3.30208 -1.91091
v 0.249596 3.18434 -1.92478
v 0.0642005 3.25025 -1.93572
v -2.0774 6.00811 1.82796
v -2.27451 6.21008 1.80046
v -2.49309 6.40359 1.80251
v -2.70613 6.59691 1.7918
v -2.92612 6.78747 1.78423
v -2.91847 7.00409 1.78383
v -2.07065 5.78886 1.82994
v -3.13506 7.00457 1.77311
v -3.34463 7.00647 1.7681
v -3.54063 7.23377 1.76813
v -3.53028 7.22794 1.55125
v -3.90823 7.20296 1.34062
v -3.91026 7.00023 1.12738
v -4.03043 6.79968 0.731437
v -3.94796 6.79978 0.928284
v -3.73271 7.2319 1.54929
v -4.06256 6.5976 0.512828
v -4.05845 6.39877 0.299129
v -4.06136 6.2002 0.0815345
v -4.02897 6.00207 -0.122149
v -4.03677 5.80129 -0.338072
v -4.02023 5.59987 -0.553037
v -4.02159 5.39723 -0.76954
v -4.00666 5.40681 -1.00824
v -4.0036 5.47755 -1.05646
v -4.00596 5.20177 -1.088
v -3.824 5.16465 -1.09292
v 0.455895 3.52739 1.96249
v 0.225532 3.67987 1.95706
v -0.00259853 3.83548 1.94442
v -0.227614 3.9946 1.92635
v -0.449198 4.15823 1.92184
v -0.667862 4.32588 1.90638
v -0.693708 4.52862 1.90177
v -0.90783 4.69746 1.885
v -1.11437 4.8646 1.86869
v -1.29981 5.02181 1.81588
v -1.64921 5.15498 1.81348
v -1.85982 5.36583 1.82126
v -2.06478 5.57395 1.83235
v -3.64779 5.1386 -1.08473
v -3.45945 5.14399 -0.86867
v -3.26421 5.14486 -0.653736
v -3.06212 5.1402 -0.324508
v -2.85847 5.13114 -0.103798
v -2.54832 5.13884 0.106332
v -2.3603 5.20733 0.234601
v -2.18217 5.1354 0.616269
v -2.00025 5.14051 0.843245
v -1.82259 5.14821 1.0745
v -1.62719 5.15544 1.10847
v -2.03139 5.01078 0.382972
v -2.02333 5.0143 0.192612
v -2.21702 5.00731 -0.00673323
v -2.40802 5.02059 -0.216776
v -2.59963 5.02482 -0.434509
v -1.44837 5.1623 1.34784
v -1.28773 5.07667 1.38672
v -1.47289 5.00893 1.1984
v -1.66007 5.00843 0.993376
v -1.84929 5.00758 0.786397
v -2.04118 5.0075 0.581379
v -1.68307 5.02812 -1.78523
v -1.4635 5.03033 -1.87902
v -1.90251 5.02759 -1.59796
v -1.22302 4.99111 -2.04352
v -1.09647 4.87152 -2.03758
v -2.12092 5.02877 -1.40938
v -2.33977 5.03 -1.22282
v -0.842189 4.47948 -2.044
v -1.0597 4.50382 -2.04579
v -2.55883 5.0324 -1.03628
v -2.79153 5.0302 -0.651323
v -2.7777 5.03265 -0.850874
v -0.753364 4.24118 -1.9876
v -0.643141 3.99443 -1.98237
v -0.0394197 3.51704 -1.94293
v -0.533682 3.73507 -1.9698
v -0.559903 3.3982 -1.968
v -0.341242 3.35515 -1.95775
v 3.66232 3.56112 -0.726534
v 3.66081 3.76384 -0.533325
v 3.66787 3.97055 -0.54559
v 3.8236 4.02898 -0.354548
v 3.97033 4.07782 -0.148738
v 3.97778 4.27696 0.0912075
v 3.94832 4.52835 0.172213
v 3.93269 4.65187 -0.106095
v 3.61035 4.65401 0.500905
v 2.44019 3.01188 0.230105
v 2.65161 3.01201 0.0343147
v 2.22818 3.00823 0.425962
v 1.85792 2.95217 0.435239
v 2.08661 3.66923 0.359766
v 1.61289 3.16574 0.583811
v 1.61766 3.19184 0.44649
v 1.8665 3.18091 0.606639
v 2.20273 3.38501 0.572694
v 2.39873 3.39076 0.603127
v 2.64742 3.38825 0.424739
v 2.69484 3.39384 0.225195
v 2.14528 4.01459 0.0582059
v 2.07871 3.84472 0.0558755
v 2.07723 3.78663 0.0751425
v 1.99285 3.81991 0.0319011
v 2.94 3.38194 0.0472517
v 3.19214 3.36353 -0.338056
v 3.17532 3.3656 -0.137047
v 3.41525 3.363 -0.526188
v 3.63747 3.35303 -0.720775
v 3.59929 4.87055 0.701446
v 3.58037 5.09001 0.901998
v 3.56992 5.3039 1.0871
v 3.55115 5.52592 1.3024
v 3.50905 5.74488 1.49912
v 3.48998 5.95487 1.70338
v 3.48489 6.15998 1.90906
v 3.4537 6.36809 2.11947
v 1.19051 4.40022 -0.327257
v 1.368 4.6772 -0.316647
v 3.31084 7.96396 2.18702
v 3.52147 7.90142 2.19386
v 2.92815 8.18796 2.16759
v 3.11877 8.17113 2.18605
v 3.24604 6.1747 2.12437
v 3.04558 5.97561 2.11489
v 2.84506 5.77074 2.10877
v 2.62199 5.58485 1.99606
v 2.44155 5.38064 2.07136
v 2.25201 5.17992 2.06139
v 2.06257 4.97431 2.05008
v 1.87672 4.7665 2.03582
v 1.69588 4.5557 2.01784
v 1.52417 4.34493 2.00513
v 1.37716 4.11167 1.99246
v 1.21737 3.89294 1.99462
v 1.05289 3.66269 1.9891
v 1.78076 3.21405 -1.64057
v 1.62036 3.3129 -1.85354
v 1.93655 3.10768 -1.42782
v 1.36504 3.26812 -1.86946
v 2.09459 3.00485 -1.21536
v 0.934891 3.3003 -1.8903
v 1.10636 3.21284 -1.88125
v 2.28908 3.00591 -1.00255
v 2.48327 3.00563 -0.789776
v 2.67732 3.00559 -0.576894
v 2.87152 3.00658 -0.364473
v 2.86304 3.01026 -0.160974
v 0.888251 3.42826 1.9814
v 0.686942 3.38305 1.97641
v 0.675886 3.21825 -1.9022
v 0.423216 3.11348 -1.91443
v -0.133037 3.30633 -1.94689
v -0.00751927 3.05061 -1.9387
v 0.180738 2.98859 -1.92748
v -2.27021 6.00463 1.82205
v -2.48083 6.19439 1.80443
v -2.69259 6.38721 1.79319
v -2.91023 6.57742 1.78322
v -3.14018 6.78554 1.77478
v -2.26922 5.78355 1.81687
v -3.35389 6.78992 1.7657
v -3.5567 7.00493 1.77292
v -3.7482 7.23056 1.7597
v -3.92808 7.20674 1.54626
v -3.90538 6.99606 1.33685
v -3.91039 6.7959 1.11999
v -3.94353 6.59524 0.921889
v -4.02668 6.59564 0.728519
v -4.05721 6.39378 0.512026
v -4.05557 6.19501 0.297824
v -4.05986 5.99576 0.079697
v -4.02649 5.79603 -0.123666
v -4.03373 5.59377 -0.339272
v -4.02756 5.38992 -0.551052
v -4.00648 5.138 -0.987763
v -3.99473 5.16205 -0.741279
v 0.490469 3.33276 1.97465
v 0.259134 3.47987 1.96062
v 0.0282652 3.63312 1.94471
v -0.200551 3.79178 1.93233
v -0.425128 3.95477 1.92686
v -0.643747 4.12304 1.90927
v -0.886224 4.49547 1.89014
v -0.862081 4.29299 1.89391
v -1.0973 4.66495 1.87255
v -1.3028 4.82991 1.86034
v -1.28165 5.06708 1.59724
v -1.45927 5.16334 1.55672
v -1.57883 5.16066 1.78771
v -1.85324 5.14681 1.81893
v -2.06116 5.35826 1.81822
v -2.26419 5.5693 1.81609
v -3.64612 5.10387 -0.912897
v -3.4598 5.14381 -0.670363
v -3.18225 5.14287 -0.472936
v -3.05429 5.13981 -0.0988007
v -2.72483 5.13302 0.030346
v -2.20272 5.12772 0.815545
v -2.01817 5.13911 1.04372
v -1.8358 5.14598 1.27724
v -1.64026 5.15621 1.3112
v -2.23306 5.01015 0.376146
v -2.22433 5.01335 0.182764
v -2.41555 5.01572 -0.0270946
v -2.61026 5.0242 -0.235189
v -2.80326 5.02887 -0.451949
v -1.48169 5.0038 1.40518
v -1.67171 5.00761 1.20079
v -1.86039 5.00508 0.990849
v -2.05123 5.00479 0.781585
v -2.24234 5.00638 0.574645
v -1.67392 5.02327 -1.92647
v -1.88784 5.02819 -1.83079
v -1.45053 5.00859 -2.05724
v -2.10667 5.02841 -1.62084
v -2.32496 5.02984 -1.4303
v -2.54374 5.03214 -1.24042
v -0.785548 4.43154 -2.01399
v -1.24097 4.7608 -2.05493
v -1.27098 4.53687 -2.06068
v -1.08423 4.29198 -2.05302
v -0.85515 4.25809 -2.04476
v -2.76297 5.03472 -1.05186
v -2.98334 5.0353 -0.864629
v -2.99641 5.03428 -0.665793
v -0.867806 4.0495 -2.03349
v -0.704122 3.80793 -1.98047
v -0.752132 3.61997 -1.97795
v -0.788967 3.43166 -1.97679
v -0.620377 3.20001 -1.96941
v -0.41323 3.15552 -1.95972
v 3.65162 3.56069 -0.524445
v 3.64839 3.7658 -0.330484
v 3.65543 3.97188 -0.343273
v 3.81092 4.03152 -0.151816
v 3.95719 4.07762 0.068395
v 3.86174 4.22968 0.286431
v 3.87176 4.42696 0.297835
v 3.89959 4.64044 0.0619967
v 3.60733 4.65079 0.702458
v 2.64258 3.01376 0.237285
v 2.43162 3.00975 0.432078
v 2.85411 3.01242 0.0422915
v 2.22318 3.00631 0.628467
v 2.0255 3.00337 0.627416
v 1.72134 3.05035 0.440461
v 1.54613 3.14296 0.499254
v 1.62264 3.19429 0.785292
v 1.8248 3.20463 0.792473
v 1.9287 3.39229 0.773219
v 2.15724 3.38912 0.78515
v 2.35918 3.3861 0.808613
v 2.59644 3.38966 0.625051
v 2.90103 3.3902 0.448455
v 2.91738 3.38874 0.247295
v 2.03486 3.97245 -0.0699616
v 2.02772 3.96901 -0.221738
v 3.15874 3.36755 0.0635758
v 3.38692 3.36135 -0.123338
v 3.40085 3.36255 -0.324557
v 3.62732 3.35259 -0.518199
v 3.59182 4.87678 0.903522
v 3.57289 5.09406 1.09918
v 3.55624 5.31619 1.30157
v 3.51238 5.54107 1.50113
v 3.49272 5.75376 1.70376
v 3.48413 5.95994 1.90873
v 3.45319 6.16807 2.12324
v 1.17352 4.52312 -0.325624
v 1.25898 4.7631 -0.321623
v 3.37191 8.09281 2.03413
v 3.53249 7.99389 2.01294
v 3.24803 5.97342 2.12377
v 3.04855 5.77466 2.10995
v 2.85378 5.57987 2.06319
v 2.64077 5.37553 2.03303
v 2.45146 5.18381 2.07407
v 2.26063 4.98092 2.06281
v 2.07198 4.77605 2.04919
v 1.88889 4.5685 2.03467
v 1.71841 4.36259 2.01776
v 1.56432 4.16349 1.99939
v 1.41784 3.93057 2.0018
v 1.2522 3.70375 1.99612
v 1.08898 3.47023 1.98968
v 1.94544 3.10664 -1.6297
v 1.78529 3.20607 -1.84331
v 1.5025 3.11244 -1.86389
v 2.10445 3.00588 -1.41825
v 1.29382 3.14697 -1.872
v 2.29592 3.00648 -1.2065
v 0.846046 3.13307 -1.89355
v 1.01872 3.05112 -1.88419
v 2.49089 3.00426 -0.993495
v 2.68517 3.00518 -0.780613
v 2.87961 3.00433 -0.567967
v 3.06615 3.01116 -0.152316
v 3.07444 3.00677 -0.355592
v 0.927669 3.23385 1.983
v 0.724237 3.19242 1.97462
v 0.591631 3.03675 -1.90608
v 0.352674 2.92195 -1.91758
v -0.207293 3.10708 -1.94922
v -0.066244 2.85394 -1.93851
v 0.128706 2.78898 -1.92833
v -2.47356 5.98549 1.80431
v -2.68178 6.18 1.79434
v -2.89169 6.37084 1.78338
v -3.1267 6.56194 1.78713
v -2.46803 5.77687 1.80269
v -3.36546 6.57618 1.7594
v -3.56796 6.78584 1.76447
v -3.76461 7.00006 1.76833
v -3.95033 7.19043 1.7584
v -3.94154 6.99537 1.54526
v -3.90425 6.79204 1.33251
v -3.90762 6.59185 1.11379
v -3.94126 6.39022 0.91502
v -4.02004 6.3916 0.725254
v -4.05926 6.18981 0.509428
v -4.05529 5.991 0.29554
v -4.05969 5.79129 0.0782226
v -4.02796 5.58963 -0.126273
v -4.03676 5.38303 -0.338237
v -4.00847 5.15735 -0.534193
v -3.78246 5.11759 -0.705714
v -3.76514 5.1174 -0.904206
v -4.007 5.07424 -0.887529
v -3.9726 5.03836 -1.06213
v 0.293039 3.28022 1.96106
v 0.528023 3.14028 1.97078
v 0.0615947 3.43041 1.94687
v -0.170175 3.58737 1.93772
v -0.396812 3.75015 1.92743
v -0.618944 3.91874 1.91153
v -0.837047 4.09035 1.89657
v -1.05577 4.26177 1.88142
v -1.07677 4.46364 1.87662
v -1.28931 4.63469 1.86425
v -1.49305 4.81151 1.84835
v -1.48981 5.01963 1.84324
v -1.4893 5.00804 1.61577
v -1.64976 5.15496 1.51513
v -1.65361 5.14527 1.73316
v -2.05572 5.14242 1.81285
v -1.85186 5.14118 1.66245
v -2.26075 5.35555 1.81352
v -2.46332 5.56725 1.80096
v -3.65692 5.13918 -0.677117
v -3.45844 5.14363 -0.47814
v -3.2627 5.14428 -0.470298
v -3.25713 5.14122 -0.29366
v -3.04332 5.14167 0.118922
v -2.85337 5.145 0.121774
v -3.24863 5.14025 -0.0920844
v -2.70085 5.14192 0.114053
v -2.40946 5.13494 0.793113
v -2.39715 5.13752 0.591307
v -2.21835 5.13342 1.01662
v -2.03223 5.13985 1.24437
v -1.84585 5.14562 1.47687
v -2.43423 5.00965 0.365663
v -2.42501 5.01253 0.168232
v -2.61821 5.01589 -0.0417293
v -2.81302 5.02462 -0.252117
v -3.0075 5.03146 -0.465939
v -1.68204 5.00398 1.40959
v -1.87147 5.00221 1.19761
v -2.06134 5.00072 0.986011
v -2.2522 5.003 0.775179
v -2.44284 5.00569 0.565185
v -1.75756 5.02406 -1.93544
v -1.66476 5.01843 -2.06772
v -2.09466 5.02835 -1.83975
v -1.46132 4.78082 -2.06404
v -2.31124 5.02967 -1.64005
v -2.5288 5.03137 -1.44621
v -2.74749 5.03262 -1.25523
v -1.48341 4.56348 -2.06767
v -1.29657 4.32227 -2.04982
v -1.11026 4.07929 -2.06439
v -2.96751 5.03692 -1.06512
v -3.20145 5.03732 -0.676657
v -3.18926 5.03879 -0.876776
v -0.919782 3.859 -1.99498
v -0.82544 4.18293 -2.02195
v -0.963339 3.66241 -1.98979
v -1.00083 3.46663 -1.98802
v -0.832257 3.2372 -1.97956
v -0.672474 3.00378 -1.97047
v -0.469101 2.9612 -1.96027
v 3.63973 3.56153 -0.321367
v 3.64369 3.97449 -0.140029
v 3.6359 3.76914 -0.127734
v 3.80218 4.03256 0.0479559
v 3.78182 4.06456 0.243746
v 3.87132 4.21147 0.479064
v 3.9092 4.39364 0.484274
v 3.92123 4.58282 0.474576
v 3.87228 4.60519 0.156202
v 3.59704 4.65331 0.902059
v 2.84497 3.01497 0.245178
v 2.63376 3.0123 0.439799
v 2.42355 3.00715 0.6342
v 3.05709 3.01431 0.0505795
v 2.21429 3.0019 0.82948
v 2.01405 2.99364 0.823297
v 1.68732 2.88283 0.432411
v 1.65249 3.03734 0.439451
v 1.40784 3.07129 0.46746
v 1.57201 3.04312 0.597427
v 1.5829 2.98478 0.769204
v 1.61048 3.18876 0.984789
v 1.82757 3.19512 0.990151
v 1.90956 3.37178 0.992585
v 2.1227 3.38725 1.00056
v 2.32946 3.38478 1.01745
v 2.55839 3.38752 0.828181
v 2.77841 3.38851 0.641427
v 3.13589 3.37197 0.466909
v 3.14385 3.36944 0.264807
v 3.37288 3.36056 0.078141
v 3.60466 3.35487 -0.112267
v 3.6165 3.35205 -0.314811
v 3.57398 4.87843 1.10048
v 3.55987 5.10393 1.3007
v 3.52006 5.33626 1.50219
v 3.49279 5.55238 1.70384
v 3.4817 5.75984 1.90835
v 3.45184 5.96822 2.11882
v 1.21625 4.64311 -0.323623
v 3.25054 5.77375 2.12573
v 3.05113 5.57713 2.10633
v 2.84709 5.38894 2.07079
v 2.65315 5.18657 2.08851
v 2.46035 4.98555 2.07615
v 2.26865 4.78304 2.06331
v 2.07941 4.57837 2.05001
v 1.90408 4.37267 2.03638
v 1.75067 4.17248 2.01005
v 1.61178 3.96335 2.00259
v 1.45071 3.74006 2.0028
v 1.28532 3.51166 1.99672
v 1.12723 3.27417 1.99106
v 1.95332 3.10356 -1.83317
v 2.11462 3.01138 -1.62005
v 1.67763 3.02048 -1.85471
v 1.38712 3.17584 -1.86845
v 2.30352 3.00662 -1.41027
v 1.20258 2.97568 -1.87597
v 2.4973 3.00464 -1.19769
v 0.758274 2.95704 -1.89684
v 0.931545 2.87891 -1.88717
v 2.69224 3.0023 -0.984461
v 2.88742 3.00323 -0.771412
v 3.0825 3.00493 -0.558916
v 3.27739 3.00726 -0.34679
v 3.2696 3.01253 -0.143859
v 0.96846 3.04428 1.98611
v 0.763815 3.00548 1.97585
v 0.50672 2.85457 -1.90919
v 0.2929 2.72686 -1.91959
v -0.26726 2.9109 -1.94955
v -0.116279 2.66171 -1.93104
v 0.086882 2.5906 -1.91857
v -2.6735 5.97383 1.79435
v -2.88055 6.1655 1.78284
v -3.07037 6.35569 1.81201
v -2.66678 5.76867 1.79347
v -3.20784 6.54633 1.59564
v -3.3946 6.54372 1.58279
v -3.5813 6.5452 1.75566
v -3.77623 6.78155 1.75871
v -3.97832 6.99148 1.76822
v -3.94216 6.78955 1.53996
v -3.90132 6.58849 1.32823
v -3.90482 6.3879 1.10957
v -4.02464 6.18666 0.722099
v -3.93952 6.18509 0.909675
v -4.06061 5.98557 0.50586
v -4.05559 5.78626 0.292038
v -4.05639 5.58562 0.0768716
v -4.03487 5.37832 -0.129032
v -4.02199 5.14953 -0.326008
v -3.78791 5.11536 -0.501631
v -3.82074 4.96421 -0.710534
v -3.80922 4.97878 -0.92233
v -4.01311 4.83276 -0.875697
v -3.97008 4.84402 -1.06704
v 0.0967667 3.22765 1.95054
v 0.335853 3.08369 1.96059
v 0.571575 2.95058 1.96753
v -0.137865 3.38326 1.93952
v -0.367472 3.54486 1.92838
v -0.590941 3.71384 1.91228
v -0.812218 3.88644 1.89779
v -1.03218 4.05915 1.88419
v -1.25173 4.23342 1.871
v -1.27191 4.43499 1.86775
v -1.48263 4.61194 1.85231
v -1.69232 4.80151 1.84133
v -1.69756 5.01389 1.84889
v -1.68956 5.01058 1.62007
v -2.26013 5.13473 1.80884
v -2.05136 5.13592 1.63345
v -2.45969 5.3547 1.7972
v -2.66143 5.56227 1.78966
v -3.75382 5.055 -1.13184
v -3.58102 5.06496 -1.09628
v -3.65297 5.13753 -0.481818
v -3.45236 5.14264 -0.286033
v -3.03197 5.14371 0.330883
v -2.83504 5.14065 0.333343
v -3.23974 5.13811 0.117017
v -3.44363 5.14162 -0.0875254
v -2.42165 5.13975 0.994453
v -2.6103 5.14879 0.564915
v -2.61725 5.14526 0.771942
v -2.23121 5.13767 1.21757
v -2.04321 5.13891 1.44327
v -2.6264 5.01372 0.154497
v -2.63543 5.01066 0.353859
v -2.82084 5.02022 -0.0551582
v -3.01612 5.02547 -0.266144
v -3.21066 5.03482 -0.476719
v -1.88164 5.00236 1.40781
v -2.07165 4.99709 1.19328
v -2.26203 4.99944 0.97918
v -2.45265 5.00215 0.76689
v -2.64405 5.00676 0.554869
v -1.67512 4.79678 -2.07622
v -2.29977 5.02886 -1.85449
v -2.0864 5.02597 -2.07382
v -1.87822 5.0223 -2.06701
v -2.51524 5.02911 -1.65504
v -2.73239 5.03263 -1.46013
v -2.95095 5.03679 -1.26818
v -1.69325 4.58489 -2.07485
v -1.51769 4.351 -2.07301
v -1.32435 4.09666 -2.05286
v -1.14171 3.88903 -2.01152
v -3.17278 5.04086 -1.07661
v -3.40444 5.03664 -0.687533
v -3.39672 5.03841 -0.887429
v -1.17387 3.6939 -1.99965
v -1.03901 3.26781 -1.98862
v -1.20854 3.49426 -1.99828
v -0.875689 3.03957 -1.98176
v -0.719473 2.80988 -1.96245
v -0.519879 2.77142 -1.95159
v 3.62847 3.56419 -0.118944
v 3.62294 3.77453 0.0750454
v 3.63153 3.98116 0.0639096
v 3.84706 4.05825 0.120032
v 3.78537 4.06082 0.477567
v 3.9215 4.37807 0.684287
v 3.89174 4.18649 0.681652
v 3.90326 4.57919 0.686036
v 3.75047 4.65979 0.462511
v 3.76892 4.64677 0.234396
v 3.56841 4.65835 1.09562
v 3.0477 3.01636 0.253356
v 2.83595 3.01451 0.447749
v 2.62499 3.01109 0.641867
v 2.41478 3.00534 0.836115
v 3.26071 3.0162 0.0588848
v 2.20328 2.99823 1.02985
v 2.001 2.99428 1.02239
v 1.89347 2.91927 0.652412
v 1.73157 2.80259 0.651711
v 1.44227 2.92913 0.44527
v 1.5165 3.06149 0.632157
v 1.58308 2.98728 0.970274
v 1.5935 3.18119 1.18328
v 1.83145 3.17848 1.19432
v 1.89194 3.36896 1.19953
v 2.10471 3.39176 1.21141
v 2.31042 3.38909 1.22524
v 2.53245 3.38448 1.03398
v 2.75138 3.38884 0.845183
v 2.87717 3.38989 0.581859
v 2.95208 3.39095 0.655694
v 3.1307 3.37471 0.669806
v 3.36209 3.36127 0.27952
v 3.34763 3.36708 0.481763
v 3.59039 3.35415 0.0907905
v 3.56616 4.88438 1.29901
v 3.53658 5.12668 1.50089
v 3.49186 5.35094 1.70273
v 3.48318 5.55957 1.90735
v 3.45519 5.76955 2.12038
v 1.21855 4.73352 -0.33238
v 3.2539 5.57538 2.1242
v 3.05344 5.38044 2.10468
v 2.85631 5.18671 2.0968
v 2.66142 4.98826 2.09028
v 2.46713 4.78805 2.07638
v 2.2738 4.58515 2.06312
v 2.0859 4.38163 2.0495
v 1.92726 4.17753 2.03416
v 1.81096 3.97565 2.02476
v 1.64521 3.76733 2.00482
v 1.47989 3.54906 2.0055
v 1.3215 3.31938 1.99901
v 1.17477 3.05259 1.99825
v 2.12512 3.01988 -1.82318
v 1.86736 2.92402 -1.84726
v 2.3104 3.00969 -1.6138
v 1.5727 2.83231 -1.86011
v 1.3901 2.90945 -1.8684
v 2.5036 3.00528 -1.40191
v 1.11396 2.79883 -1.88006
v 2.69831 3.00099 -1.18856
v 0.665935 2.78298 -1.90034
v 0.845385 2.70253 -1.89079
v 2.89425 3.00089 -0.975154
v 3.08994 3.00325 -0.762373
v 3.28594 3.00611 -0.549929
v 3.48276 3.01508 -0.338295
v 3.47496 3.02062 -0.135567
v 0.804654 2.83307 1.97578
v 1.01485 2.85138 1.98007
v 0.388005 2.68664 -1.91479
v 0.289507 2.51078 -1.91193
v -0.317429 2.72019 -1.94286
v -0.165097 2.47429 -1.92456
v 0.0275061 2.40182 -1.91806
v -2.8724 5.96037 1.78211
v -3.0619 6.14821 1.81461
v -3.04374 6.34642 1.62212
v -3.06313 6.54445 1.61654
v -2.86549 5.75664 1.78309
v -3.13256 6.55091 1.66644
v -3.22303 6.33721 1.59146
v -3.40392 6.32946 1.5868
v -3.57984 6.52965 1.57536
v -3.78197 6.56715 1.75293
v -3.97776 6.78255 1.74598
v -3.94593 6.58425 1.53145
v -3.89895 6.38508 1.32409
v -3.90364 6.18405 1.10566
v -3.9388 5.98063 0.905176
v -4.01548 5.98159 0.715906
v -4.06202 5.78065 0.501082
v -4.05582 5.58024 0.288058
v -4.05315 5.37608 0.0758712
v -4.028 5.14753 -0.120199
v -3.8163 5.05779 -0.283698
v -3.83271 4.96251 -0.499224
v -3.82252 4.79085 -0.71377
v -3.80782 4.79777 -0.922347
v -3.77606 5.05039 -0.986125
v -4.02895 5.08406 -0.697321
v -4.03358 4.8443 -0.680429
v -0.102041 3.17811 1.9405
v 0.141353 3.02759 1.95053
v 0.384702 2.88878 1.95848
v 0.619322 2.7695 1.96764
v -0.336593 3.33928 1.9306
v -0.563477 3.50677 1.91197
v -0.785706 3.68126 1.89824
v -1.00833 3.85563 1.88638
v -1.22942 4.03085 1.87327
v -1.46762 4.40982 1.85752
v -1.44934 4.20709 1.86307
v -1.68089 4.59582 1.84367
v -1.89452 4.79466 1.83546
v -1.9013 5.00419 1.8268
v -1.89125 5.00776 1.61605
v -2.46181 5.13873 1.79092
v -2.25149 5.1336 1.61311
v -2.65998 5.35301 1.78494
v -2.86032 5.55331 1.78441
v -3.75367 5.02867 -1.33684
v -3.54946 5.03956 -1.30899
v -3.64113 5.12887 -0.287115
v -3.23379 5.1497 0.327152
v -3.0285 5.15222 0.537116
v -2.82025 5.14893 0.545781
v -2.64186 5.15197 0.318367
v -3.4375 5.1399 0.11695
v -3.63478 5.13809 -0.0838725
v -2.62621 5.14809 0.975764
v -2.43274 5.14356 1.19569
v -2.82482 5.15033 0.754859
v -2.2418 5.14181 1.41595
v -2.82794 5.01504 0.142437
v -2.83631 5.01166 0.342946
v -3.02308 5.02345 -0.0660695
v -3.21847 5.02529 -0.274878
v -3.40795 5.0361 -0.485645
v -2.08231 5.00045 1.401
v -2.27241 4.99797 1.1853
v -2.46303 4.99927 0.970082
v -2.65337 5.00359 0.757424
v -2.84525 5.00854 0.544646
v -1.88771 4.80679 -2.07278
v -2.29215 5.02568 -2.08039
v -2.50344 5.03062 -1.86612
v -2.09594 4.8112 -2.08212
v -2.71824 5.03111 -1.66646
v -2.93511 5.03554 -1.47223
v -3.15438 5.03967 -1.2789
v -1.90288 4.59816 -2.07189
v -1.71529 4.37525 -2.07766
v -1.54894 4.13784 -2.06695
v -1.35604 3.91315 -2.01369
v -3.3782 5.04043 -1.08589
v -3.60527 5.0426 -0.898465
v -3.60357 5.03848 -0.693458
v -1.3846 3.71662 -2.00914
v -1.24191 3.29382 -1.99809
v -1.07529 3.06861 -1.98237
v -1.41344 3.51753 -2.00684
v -0.91484 2.84263 -1.97242
v -0.76424 2.61611 -1.95551
v -0.568786 2.58177 -1.93888
v 3.61605 3.56848 0.0831861
v 3.61793 3.99151 0.268598
v 3.61014 3.78153 0.27775
v 3.6159 3.99968 0.475364
v 3.77165 4.06584 0.681921
v 3.89906 4.16365 0.88619
v 3.91705 4.35664 0.889108
v 3.8863 4.56517 0.891677
v 3.7391 4.66453 0.675729
v 3.56496 4.65684 1.29365
v 3.25123 3.01876 0.261537
v 3.03838 3.01787 0.455879
v 2.82677 3.014 0.649863
v 2.61588 3.00817 0.843589
v 2.40495 3.00246 1.03723
v 3.46622 3.02278 0.0671114
v 2.19244 2.99962 1.23007
v 1.98846 2.99255 1.2217
v 1.52578 2.7741 0.429333
v 1.55622 2.7019 0.647323
v 1.26544 2.82377 0.434486
v 1.13915 3.01422 0.414329
v 1.40687 3.04251 0.742884
v 1.41756 3.05729 0.950416
v 1.57807 2.99146 1.1736
v 1.58664 3.18446 1.38503
v 1.82863 3.17396 1.3979
v 1.87659 3.37108 1.40265
v 2.09079 3.39211 1.41755
v 2.29614 3.38917 1.43168
v 2.51436 3.38642 1.23972
v 2.73161 3.38351 1.05027
v 2.93946 3.39248 0.860533
v 3.11167 3.39409 0.874542
v 3.32914 3.36282 0.683685
v 3.56249 3.37408 0.496001
v 3.58041 3.35768 0.293937
v 3.55184 4.91848 1.49861
v 3.49815 5.14897 1.70066
v 3.48444 5.35901 1.90566
v 3.46275 5.56925 2.11662
v 1.18041 4.79433 -0.351894
v 3.25709 5.37639 2.12423
v 3.05873 5.18314 2.10879
v 2.86339 4.98883 2.10247
v 2.6672 4.79171 2.09127
v 2.47127 4.59052 2.07657
v 2.2765 4.38699 2.06304
v 2.0792 4.18308 2.04867
v 2.05129 3.98306 2.04481
v 1.84516 3.77865 2.02834
v 1.66669 3.57242 2.00851
v 1.51181 3.36366 2.00731
v 1.37366 3.08996 1.9963
v 1.23549 2.8897 1.97257
v 2.31467 3.01028 -1.82253
v 2.08729 2.8457 -1.83948
v 1.7475 2.75534 -1.85353
v 2.50864 3.00797 -1.607
v 1.29643 2.72243 -1.87209
v 1.47853 2.64549 -1.86452
v 2.70316 3.003 -1.39322
v 1.02964 2.61961 -1.88325
v 2.89909 3.00142 -1.17968
v 0.761848 2.52257 -1.89458
v 0.572797 2.60734 -1.9048
v 3.09636 3.00306 -0.966136
v 3.293 3.00518 -0.753355
v 3.49026 3.01652 -0.541107
v 3.696 3.01477 -0.329425
v 3.68881 3.01368 -0.126687
v 0.817887 2.69974 1.94289
v 0.979569 2.65734 1.95853
v 0.323471 2.64143 -1.91544
v 0.220446 2.3225 -1.91487
v -0.365656 2.53528 -1.93059
v -0.227441 2.29858 -1.9224
v -0.0411738 2.22052 -1.91176
v -3.05907 5.94279 1.81699
v -3.02878 6.14203 1.63473
v -3.05552 5.73437 1.81741
v -3.21266 6.13118 1.59242
v -3.39839 6.12365 1.58616
v -3.57814 6.33121 1.56419
v -3.60075 6.34833 1.74905
v -3.78703 6.36156 1.75328
v -3.98021 6.57567 1.73665
v -3.9485 6.37997 1.52563
v -3.9017 6.18181 1.31857
v -3.90347 5.9802 1.10161
v -3.93812 5.7751 0.899641
v -4.02568 5.77492 0.710673
v -4.06354 5.57389 0.494681
v -4.05703 5.37192 0.28243
v -4.03475 5.15325 0.0827944
v -3.82647 5.13764 -0.0959613
v -3.8123 5.04522 -0.428184
v -3.83699 4.78767 -0.505106
v -3.81508 4.60305 -0.71657
v -3.80097 4.60787 -0.922468
v -3.79346 4.80714 -1.12866
v -4.04325 5.08735 -0.501017
v -4.04438 4.88193 -0.489913
v -0.0597769 2.97361 1.93796
v -0.301473 3.13385 1.93036
v 0.196611 2.82558 1.94661
v 0.445445 2.69779 1.96003
v 0.68744 2.55615 1.95611
v -0.532444 3.30124 1.91105
v -0.758984 3.47475 1.89838
v -0.982545 3.65123 1.88647
v -1.20652 3.82627 1.87626
v -1.42827 4.00294 1.86682
v -1.64834 4.18265 1.85429
v -1.66621 4.38923 1.8488
v -1.88191 4.584 1.83619
v -2.10282 5.00521 1.82396
v -2.09641 4.79503 1.82271
v -2.09298 5.00467 1.60933
v -2.66155 5.14226 1.77502
v -2.45176 5.13806 1.59439
v -2.86166 5.35089 1.78597
v -3.02393 5.52201 1.79593
v -3.78079 4.81228 -1.33352
v -3.53465 5.03641 -1.51384
v -3.73781 5.02255 -1.53697
v -3.35542 5.03995 -1.29064
v -3.43503 5.15084 0.320363
v -3.23409 5.15094 0.530644
v -3.03257 5.15336 0.742699
v -3.63397 5.13998 0.114056
v -2.63572 5.14896 1.17818
v -2.83237 5.1532 0.959388
v -2.44223 5.14569 1.39465
v -3.03773 5.01381 0.332825
v -3.03007 5.01763 0.132318
v -3.22517 5.02641 -0.0749991
v -3.41974 5.02546 -0.276439
v -3.57953 5.03671 -0.488977
v -2.28353 4.99827 1.39176
v -2.47346 4.99871 1.17581
v -2.66366 5.00148 0.961014
v -2.85454 5.00614 0.747379
v -3.04606 5.00978 0.53458
v -2.4961 5.02671 -2.09079
v -2.30093 4.81489 -2.09149
v -2.70596 5.03276 -1.87608
v -2.1097 4.60364 -2.0793
v -2.92052 5.03313 -1.67836
v -3.13683 5.03716 -1.48349
v -1.92299 4.39009 -2.06325
v -1.74858 4.16301 -2.06554
v -1.56582 3.93901 -2.02795
v -1.59112 3.73835 -2.02038
v -1.2731 3.09374 -1.98966
v -1.44278 3.31656 -2.00205
v -1.10684 2.8692 -1.97784
v -1.61744 3.5365 -2.01689
v -0.951104 2.64501 -1.96936
v -0.809876 2.42238 -1.95844
v -0.617778 2.39015 -1.94405
v 3.60184 3.57387 0.285425
v 3.60605 3.78752 0.481305
v 3.61352 3.99766 0.67931
v 3.76331 4.08405 0.883292
v 3.89658 4.32932 1.09175
v 3.85968 4.13882 1.08612
v 3.87348 4.54513 1.09605
v 3.73644 4.6673 0.885667
v 3.7239 4.65258 1.09319
v 3.72359 4.6446 1.29619
v 3.56199 4.65062 1.49217
v 3.45646 3.02606 0.269629
v 3.24188 3.0199 0.464166
v 3.02922 3.01796 0.658106
v 2.81792 3.01217 0.851729
v 2.60669 3.00706 1.0449
v 2.39524 3.00081 1.23803
v 3.67982 3.01291 0.0758856
v 2.1832 2.99871 1.43062
v 1.9807 2.98473 1.42298
v 1.72418 2.80284 0.851411
v 1.57127 2.66802 0.844872
v 1.3656 2.66105 0.423984
v 1.36337 2.61061 0.654788
v 1.0747 2.87901 0.422294
v 1.10653 2.70889 0.427425
v 1.27559 2.98957 0.469842
v 1.27977 2.88319 0.527738
v 1.28022 2.8386 0.724931
v 1.27968 2.85488 0.936019
v 1.42571 3.06665 1.15698
v 1.56458 2.99266 1.37558
v 1.58003 3.19253 1.58631
v 1.82408 3.17386 1.60045
v 1.86603 3.37664 1.60585
v 2.2839 3.3887 1.63731
v 2.07854 3.38788 1.62252
v 2.50021 3.38827 1.44556
v 2.71625 3.38401 1.25499
v 2.92807 3.38873 1.06546
v 3.11416 3.39436 1.08165
v 3.24973 3.31526 0.87421
v 3.54795 3.37919 0.697242
v 3.59046 3.5806 0.487713
v 3.50215 4.95688 1.69607
v 3.48453 5.16204 1.90311
v 3.46622 5.36964 2.11025
v 3.26138 5.17864 2.12528
v 3.06482 4.98489 2.11219
v 2.86849 4.79151 2.10665
v 2.67051 4.59326 2.09076
v 2.47242 4.39229 2.07673
v 2.27501 4.18865 2.06271
v 2.01925 4.11456 2.04254
v 2.05332 3.78414 2.04711
v 1.85895 3.58088 2.02598
v 1.71232 3.38355 2.02355
v 1.54858 3.187 1.99025
v 1.26131 3.01075 1.98904
v 1.24781 2.8882 1.76808
v 0.987982 2.80717 1.76193
v 2.28821 2.80227 -1.83117
v 2.50854 2.99735 -1.81697
v 1.86609 2.71198 -1.84883
v 2.05684 2.65215 -1.8406
v 1.65601 2.57544 -1.85712
v 1.82698 2.79711 -1.84987
v 2.70727 3.00656 -1.59902
v 1.21305 2.53814 -1.87378
v 1.39655 2.46028 -1.86709
v 2.90325 3.00324 -1.3844
v 0.948642 2.43737 -1.88634
v 3.10046 3.00267 -1.17055
v 0.491153 2.42327 -1.90441
v 0.681956 2.33814 -1.89571
v 3.29923 3.00451 -0.957124
v 3.49733 3.01647 -0.744106
v 3.70196 3.01455 -0.532214
v 3.71625 2.82822 -0.328328
v 3.70796 2.82588 -0.125525
v 0.984657 2.6332 1.76322
v 0.813236 2.69559 1.74345
v 0.144514 2.13755 -1.9065
v 0.413445 2.23886 -1.90577
v -0.421122 2.35775 -1.93316
v -0.285598 2.10119 -1.92542
v -0.102555 2.03853 -1.92446
v -3.01917 5.93395 1.63001
v -3.01117 5.72498 1.62324
v -3.20392 5.92203 1.59565
v -3.3944 5.91454 1.58633
v -3.57848 6.12789 1.55448
v -3.59981 6.14654 1.74686
v -3.78978 6.15972 1.75407
v -3.98005 6.37061 1.73277
v -3.95007 6.17684 1.51935
v -3.90267 5.97897 1.31245
v -3.90668 5.77571 1.09687
v -4.00851 5.56868 0.700601
v -3.94041 5.56887 0.895295
v -4.06484 5.3656 0.486233
v -4.03843 5.14891 0.282391
v -3.83008 5.14305 0.10183
v -3.85055 4.78963 -0.291534
v -3.82892 4.59937 -0.510054
v -3.8013 4.4124 -0.92302
v -3.81555 4.41125 -0.719368
v -3.78718 4.61213 -1.12756
v -4.04673 5.0861 -0.30191
v -4.07445 4.88866 -0.295735
v -0.265171 2.92626 1.91624
v -0.0021609 2.76774 1.93753
v -0.501238 3.09373 1.91084
v 0.27155 2.62354 1.94888
v 0.520023 2.5226 1.94983
v 0.697585 2.54031 1.75416
v -0.730088 3.26844 1.89865
v -0.955617 3.44567 1.88707
v -1.18166 3.62225 1.8796
v -1.40551 3.79856 1.86894
v -1.62786 3.97662 1.86026
v -1.84887 4.15995 1.84298
v -1.8664 4.37083 1.83832
v -2.0848 4.57587 1.82582
v -2.29948 4.7971 1.81889
v -2.30597 5.0056 1.81418
v -2.29442 5.00425 1.59918
v -2.65295 5.13904 1.57776
v -2.86269 5.14618 1.76751
v -3.08564 5.34926 1.82262
v -2.99913 5.49402 1.60976
v -3.77571 4.6134 -1.33117
v -3.76526 4.81421 -1.5369
v -3.33683 5.03885 -1.49666
v -3.72586 5.02033 -1.73831
v -3.52041 5.03486 -1.71756
v -3.43899 5.15156 0.522935
v -3.63471 5.14762 0.313443
v -3.24052 5.15785 0.732543
v -3.03923 5.15735 0.946115
v -3.62501 5.03609 -0.178768
v -3.77592 5.06327 -0.102023
v -2.64437 5.14871 1.37838
v -2.84021 5.15482 1.16271
v -3.2317 5.02516 0.1242
v -3.23888 5.01509 0.324023
v -3.42821 5.0279 -0.0794471
v -3.62516 5.03277 -0.272186
v -2.4847 4.99749 1.38134
v -2.67458 4.9992 1.16566
v -2.8647 5.00282 0.950874
v -3.0553 5.00711 0.737369
v -3.24679 5.0113 0.525028
v -2.69857 5.02216 -2.09795
v -2.5052 4.81511 -2.10096
v -2.31326 4.60815 -2.08531
v -2.90754 5.03359 -1.88693
v -2.1269 4.39785 -2.07034
v -3.12115 5.03603 -1.68973
v -1.94659 4.1827 -2.05581
v -1.77093 3.96009 -2.03751
v -1.79511 3.75579 -2.03557
v -1.29943 2.89176 -1.98842
v -1.47067 3.11434 -1.99955
v -1.64427 3.33386 -2.01076
v -1.13546 2.66949 -1.97649
v -1.82069 3.55259 -2.02615
v -0.990575 2.44848 -1.97337
v -0.661221 2.1966 -1.94565
v -0.849948 2.22742 -1.9609
v 3.6002 3.79018 0.685207
v 3.60751 3.9979 0.880922
v 3.76802 4.1036 1.08463
v 3.81133 4.10443 1.28689
v 3.89107 4.30499 1.29444
v 3.85742 4.50959 1.2978
v 3.72931 4.63042 1.49801
v 3.50705 4.778 1.69149
v 3.67188 3.01384 0.278292
v 3.44619 3.02446 0.472188
v 3.23254 3.02632 0.666851
v 3.02056 3.01664 0.860105
v 2.80923 3.01007 1.05331
v 2.59752 3.00531 1.24587
v 2.3859 3.00181 1.43836
v 3.6997 2.82577 0.0773101
v 2.17472 2.99736 1.63088
v 1.97216 2.98242 1.62404
v 1.40059 2.57155 0.849301
v 1.20597 2.54175 0.420411
v 1.22767 2.4769 0.643025
v 1.08416 2.86213 0.534505
v 0.864174 2.75034 0.402351
v 0.952327 2.58047 0.415073
v 1.09112 2.84539 0.737432
v 1.27817 2.87096 1.14471
v 1.08013 2.84218 0.938595
v 1.41704 3.06391 1.36331
v 1.55963 2.98684 1.57647
v 1.57029 3.19789 1.78704
v 1.81049 3.17531 1.80102
v 1.85199 3.383 1.80843
v 2.48755 3.39139 1.65096
v 2.27191 3.38359 1.84296
v 2.0664 3.38592 1.82762
v 2.70242 3.38633 1.4598
v 2.9155 3.38719 1.2702
v 3.11278 3.39056 1.28401
v 3.25981 3.34137 1.08406
v 3.53108 3.38431 0.897185
v 3.58184 3.58618 0.69095
v 3.48865 4.97162 1.90044
v 3.46784 5.17316 2.10909
v 3.26645 4.98152 2.12537
v 3.07024 4.78835 2.11325
v 2.87166 4.59484 2.10803
v 2.67197 4.39533 2.09084
v 2.47166 4.19303 2.07672
v 2.26689 3.98855 2.06274
v 2.26221 3.78805 2.06287
v 2.05939 3.58306 2.04768
v 1.84186 3.38365 2.01338
v 1.77661 3.19259 1.99824
v 1.49072 3.08681 1.99661
v 1.38873 3.06521 1.78122
v 1.2487 2.89446 1.53969
v 1.00204 2.80421 1.55234
v 2.25417 2.60465 -1.83088
v 2.4845 2.77712 -1.82375
v 2.70378 2.99286 -1.81225
v 1.83243 2.51281 -1.84917
v 2.01633 2.45577 -1.84074
v 1.58061 2.38797 -1.85904
v 2.90539 3.00708 -1.5904
v 1.13353 2.35265 -1.87786
v 1.31787 2.27243 -1.86793
v 3.10332 3.00602 -1.37496
v 0.869371 2.25186 -1.88762
v 3.30347 3.01015 -1.16054
v 0.60362 2.15346 -1.89653
v 3.5024 3.01715 -0.947457
v 3.70859 3.01487 -0.734912
v 3.72424 2.82856 -0.531288
v 3.71851 2.63731 -0.328223
v 3.71281 2.63585 -0.125216
v 0.991413 2.62272 1.55424
v 0.820659 2.68742 1.54498
v 0.33177 2.05248 -1.9033
v 0.0700695 1.96557 -1.9173
v -0.47311 2.15405 -1.92802
v -0.335775 1.90682 -1.91966
v -0.160773 1.85098 -1.92221
v -3.19551 5.71188 1.59875
v -3.38736 5.70405 1.58519
v -3.57561 5.92066 1.55302
v -3.59763 5.94639 1.75075
v -3.97992 6.16801 1.72729
v -3.79243 5.9597 1.75526
v -3.95068 5.97529 1.51016
v -3.90703 5.77627 1.30694
v -3.90991 5.57157 1.0964
v -3.93171 5.36064 0.892183
v -4.00105 5.36053 0.685164
v -4.04802 5.14707 0.478212
v -3.83233 5.14351 0.300469
v -3.84226 4.59706 -0.30093
v -3.86303 4.80637 -0.105726
v -3.82838 4.40848 -0.514715
v -3.787 4.41295 -1.12611
v -3.81683 4.21786 -0.721744
v -3.80281 4.21789 -0.923944
v -3.86908 5.07433 -0.494981
v -4.04487 5.08909 -0.0993724
v -4.07855 4.89097 -0.0936062
v -0.217083 2.71536 1.92522
v -0.468276 2.88445 1.90906
v 0.0787385 2.56463 1.93934
v -0.699209 3.0616 1.8989
v 0.383314 2.38889 1.94589
v 0.531426 2.5144 1.74712
v 0.716795 2.52633 1.55244
v -0.927534 3.23963 1.88789
v -1.15474 3.41799 1.87912
v -1.38049 3.59544 1.8689
v -1.60527 3.77315 1.86416
v -1.82792 3.95152 1.84471
v -2.05019 4.13329 1.83197
v -2.06795 4.34325 1.82828
v -2.28931 4.58793 1.82011
v -2.50857 5.00141 1.79722
v -2.50245 4.79953 1.80602
v -2.49638 5.00188 1.58749
v -2.85523 5.14226 1.56473
v -3.06387 5.14894 1.75577
v -3.09713 5.44116 1.79318
v -3.19071 5.49359 1.60523
v -3.18181 5.45222 1.76099
v -3.77393 4.41363 -1.32891
v -3.76243 4.61451 -1.53441
v -3.74537 4.81502 -1.7394
v -3.32115 5.0386 -1.70215
v -3.71449 5.01757 -1.94161
v -3.50768 5.0309 -1.92075
v -3.641 5.14956 0.513415
v -3.44817 5.15669 0.723313
v -3.24741 5.15991 0.934574
v -3.04558 5.16021 1.1492
v -3.67527 5.04625 -0.122047
v -2.84767 5.1478 1.36327
v -3.4417 5.014 0.315815
v -3.43406 5.02658 0.118467
v -3.5446 5.03232 -0.178438
v -3.63793 5.04582 -0.404915
v -2.68612 4.99765 1.37056
v -2.87554 5.00022 1.15525
v -3.06525 5.00411 0.940722
v -3.25613 5.00744 0.727164
v -3.44862 5.01006 0.51634
v -2.89994 5.02045 -2.10686
v -2.7075 4.81594 -2.1067
v -2.51655 4.60901 -2.1046
v -2.32942 4.40181 -2.08732
v -3.10825 5.03337 -1.89743
v -2.14894 4.18878 -2.06732
v -1.97291 3.97486 -2.05005
v -1.99761 3.76999 -2.04707
v -1.49347 2.9095 -1.99798
v -1.31951 2.68853 -1.9878
v -1.66888 3.1301 -2.00953
v -1.84447 3.34834 -2.0222
v -1.1575 2.46888 -1.98077
v -2.02139 3.56638 -2.04047
v -1.04447 2.25359 -1.97523
v -0.889194 2.03539 -1.96445
v -0.699755 2.00436 -1.94845
v 3.59572 3.79378 0.88865
v 3.59613 4.00286 1.0832
v 3.81301 4.11562 1.15254
v 3.84683 4.09536 1.48565
v 3.87729 4.29131 1.495
v 3.84766 4.49262 1.49997
v 3.71899 4.6246 1.69675
v 3.54258 4.6257 1.68862
v 3.53721 4.68477 1.62409
v 3.4882 4.78728 1.89661
v 3.69127 2.8259 0.279994
v 3.66164 3.01663 0.480383
v 3.43668 3.02498 0.674727
v 3.22405 3.02373 0.86874
v 3.01223 3.01463 1.06177
v 2.80023 3.00906 1.25412
v 2.58861 3.00344 1.4465
v 2.37775 3.00151 1.63882
v 3.70397 2.63545 0.0777352
v 2.16738 2.99599 1.83038
v 1.96368 2.99292 1.82404
v 1.03929 2.41306 0.425958
v 1.01862 3.04738 0.485619
v 0.869169 3.03686 0.406508
v 0.784517 2.43633 0.420739
v 0.715628 2.57915 0.430659
v 0.940706 2.71253 0.536261
v 1.01019 2.65727 0.710445
v 1.04943 2.82775 1.14472
v 1.26059 2.88361 1.34688
v 1.01837 2.65222 0.934174
v 1.39707 3.05869 1.56871
v 1.56231 2.9856 1.78452
v 2.47565 3.3818 1.85608
v 2.68976 3.38594 1.6642
v 2.05735 3.37581 2.04155
v 2.26235 3.37923 2.05331
v 2.90325 3.38728 1.47347
v 3.10228 3.38827 1.48628
v 3.30516 3.38287 1.28968
v 3.5169 3.39067 1.0979
v 3.57183 3.59063 0.893753
v 3.4705 4.97911 2.10586
v 3.27282 4.7862 2.12061
v 3.07379 4.59325 2.11499
v 2.87184 4.39747 2.10678
v 2.67123 4.19704 2.09071
v 2.46974 3.99339 2.07638
v 2.26255 3.58517 2.06239
v 2.46609 3.79183 2.07519
v 1.77693 3.31993 2.01172
v 1.54993 2.98347 2.00329
v 1.02778 2.81838 1.34702
v 2.45826 2.57213 -1.82286
v 2.21098 2.40929 -1.83136
v 2.68147 2.7529 -1.81753
v 2.89897 2.98993 -1.80656
v 1.76632 2.32261 -1.85055
v 1.95589 2.26379 -1.84193
v 1.50339 2.19761 -1.85939
v 3.10471 3.01034 -1.58017
v 1.05476 2.16418 -1.87933
v 1.23876 2.08101 -1.86674
v 3.30545 3.0082 -1.36477
v 0.790891 2.06612 -1.88857
v 3.50695 3.01709 -1.15062
v 0.523412 1.97079 -1.90224
v 3.71711 3.01739 -0.937257
v 3.73116 2.82817 -0.734228
v 3.72524 2.63739 -0.531344
v 3.72192 2.4482 -0.328143
v 3.71512 2.44619 -0.125156
v 1.01701 2.63088 1.34529
v 0.826892 2.68082 1.34557
v 0.252937 1.88674 -1.91261
v -0.00545245 1.7899 -1.91505
v -0.518139 1.95718 -1.93364
v -0.379036 1.70339 -1.92213
v -0.196577 1.65618 -1.92048
v -3.38418 5.47201 1.58918
v -3.56837 5.7112 1.56014
v -3.60006 5.74723 1.75384
v -3.98815 5.96622 1.71928
v -3.7985 5.75965 1.75564
v -3.95006 5.7733 1.4984
v -3.90452 5.57323 1.30441
v -3.91605 5.36555 1.09877
v -4.00515 5.1531 0.662644
v -3.90069 5.15192 0.897171
v -3.837 5.14626 0.50113
v -3.85806 4.60401 -0.106771
v -3.84047 4.40413 -0.308032
v -3.87351 4.80703 0.0925511
v -3.84462 5.02497 0.0924012
v -3.82952 4.2168 -0.519342
v -3.78855 4.21543 -1.12542
v -3.86053 4.03737 -0.943081
v -3.86787 4.0368 -0.734381
v -4.02309 5.09045 0.102804
v -4.09585 4.914 0.105445
v -0.186632 2.50054 1.92555
v -0.427161 2.67446 1.91855
v -0.666597 2.85304 1.9004
v 0.184216 2.33618 1.94253
v -0.89788 3.03288 1.88921
v 0.40378 2.36138 1.75467
v 0.542139 2.51054 1.54989
v 0.715541 2.52986 1.34928
v -1.12678 3.21288 1.87892
v -1.35452 3.39216 1.87057
v -1.58085 3.57068 1.86477
v -1.80533 3.74836 1.84598
v -2.03054 3.92515 1.8339
v -2.26911 4.2981 1.81875
v -2.25162 4.09593 1.82099
v -2.19808 4.44963 1.82248
v -2.49458 4.60417 1.80949
v -2.70584 4.80031 1.79342
v -2.71122 4.99911 1.78248
v -2.69841 4.99954 1.57492
v -3.05738 5.14423 1.55239
v -3.26418 5.15328 1.74915
v -3.26465 5.36322 1.81546
v -3.44001 5.3779 1.80207
v -3.77305 4.21436 -1.32708
v -3.7607 4.41435 -1.53193
v -3.74762 4.61441 -1.73731
v -3.73121 4.81614 -1.94248
v -3.30824 5.03428 -1.90865
v -3.69011 5.01278 -2.13954
v -3.49777 5.02388 -2.13756
v -3.65565 5.15467 0.712197
v -3.45737 5.16067 0.923837
v -3.25269 5.1636 1.13695
v -3.05184 5.15308 1.35105
v -3.62486 5.0394 -0.0853497
v -3.63693 5.03069 0.111234
v -3.64452 5.02423 0.310669
v -3.70909 5.06799 -0.453582
v -2.88769 4.99869 1.35925
v -3.07631 5.00127 1.14444
v -3.26547 5.00478 0.929752
v -3.45739 5.0075 0.716519
v -3.65194 5.01552 0.507962
v -2.90925 4.81698 -2.10959
v -3.10008 5.02283 -2.11677
v -2.71853 4.6114 -2.10782
v -2.53309 4.40585 -2.09236
v -2.3505 4.196 -2.07544
v -2.17581 3.98293 -2.05561
v -2.20178 3.78025 -2.04191
v -1.69058 2.92512 -2.00903
v -1.51076 2.70459 -1.99788
v -1.32586 2.4853 -1.99075
v -1.8665 3.14404 -2.02432
v -2.04254 3.36115 -2.03581
v -1.18376 2.26779 -1.98352
v -2.22083 3.58098 -2.04822
v -1.09364 2.05942 -1.97786
v -0.919317 1.84579 -1.9673
v -0.731414 1.81067 -1.95234
v 3.5843 3.79961 1.09239
v 3.55522 4.0131 1.28116
v 3.79118 4.09566 1.41981
v 3.84263 4.09399 1.68011
v 3.86389 4.28681 1.69359
v 3.83917 4.48506 1.69797
v 3.70061 4.63064 1.8924
v 3.52458 4.62745 1.89125
v 3.47467 4.78931 2.10688
v 3.69655 2.63659 0.280735
v 3.68315 2.82696 0.482631
v 3.64537 3.01994 0.681715
v 3.42657 3.02559 0.876146
v 3.21618 3.02094 1.07039
v 3.00375 3.01249 1.26288
v 2.79135 3.00773 1.45459
v 2.58023 3.00232 1.64688
v 2.37038 3.00036 1.83867
v 3.70657 2.44702 0.0776601
v 2.16238 2.99377 2.03244
v 1.95837 3.00296 2.02624
v 0.846535 2.29386 0.415608
v 0.554614 2.50115 0.474095
v 0.579256 2.32212 0.405435
v 0.71739 2.55288 0.572248
v 0.93673 2.67843 0.774126
v 1.0178 2.63502 1.15305
v 2.46522 3.38033 2.06364
v 2.67764 3.38233 1.86846
v 2.89086 3.38821 1.67743
v 3.09067 3.39099 1.68951
v 3.29786 3.36172 1.49507
v 3.50608 3.39906 1.30089
v 3.55573 3.59712 1.09643
v 3.27878 4.59213 2.12125
v 3.07472 4.39778 2.11821
v 2.87113 4.19996 2.10729
v 2.66893 3.9976 2.0916
v 2.46511 3.58776 2.07477
v 2.66676 3.79579 2.09071
v 2.42206 2.37346 -1.82338
v 2.65983 2.54325 -1.81663
v 2.15375 2.21498 -1.83268
v 2.87775 2.73184 -1.8117
v 3.09236 2.97873 -1.7972
v 1.69205 2.13279 -1.85089
v 1.88366 2.07547 -1.84238
v 1.42319 2.00192 -1.85933
v 3.30616 3.0142 -1.56878
v 1.15698 1.88241 -1.8675
v 0.975399 1.97432 -1.8811
v 3.50992 3.01732 -1.35385
v 0.711121 1.88356 -1.89279
v 3.72355 3.01891 -1.13943
v 0.439118 1.80013 -1.90615
v 3.73539 2.82903 -0.936959
v 3.73075 2.63713 -0.734553
v 3.72704 2.44739 -0.531527
v 3.72988 2.25535 -0.125276
v 3.73808 2.25758 -0.327874
v 0.83022 2.67785 1.1454
v 0.171409 1.71751 -1.90979
v -0.100268 1.62938 -1.9156
v -0.674132 1.69769 -1.93501
v -0.432055 1.48394 -1.91227
v -0.223111 1.4635 -1.91963
v -3.57529 5.48136 1.56227
v -3.61042 5.55304 1.75259
v -4.00204 5.76488 1.68389
v -3.80907 5.55931 1.75562
v -3.96906 5.56776 1.49776
v -3.90974 5.37007 1.30135
v -3.90358 5.15934 1.10605
v -3.91923 5.15026 0.751088
v -3.85185 5.14575 0.693451
v -3.86937 4.60304 0.0923539
v -3.85629 4.40444 -0.11045
v -3.84331 4.21187 -0.31586
v -3.85764 5.02211 0.297663
v -3.88238 4.80564 0.292391
v -3.8986 4.03399 -0.533012
v -3.79096 4.01334 -1.11954
v -3.92452 3.83381 -0.983722
v -3.93185 3.83034 -0.758682
v -3.97544 5.08554 0.297744
v -4.05729 4.9624 0.321897
v -0.393067 2.46186 1.91675
v -0.0183324 2.40233 1.9334
v -0.630074 2.64258 1.89149
v -0.866801 2.82645 1.88992
v 0.172533 2.29216 1.74062
v -1.09792 3.00791 1.87875
v 0.414786 2.35973 1.55461
v 0.546725 2.50774 1.3494
v 0.722834 2.52296 1.1524
v -1.32734 3.18882 1.87181
v -1.5552 3.36827 1.86345
v -1.78108 3.54619 1.84736
v -2.0078 3.72337 1.83695
v -2.23268 3.8968 1.82352
v -2.45481 4.06301 1.80355
v -2.47059 4.25022 1.80431
v -2.27921 4.44301 1.81943
v -2.69821 4.60626 1.79579
v -2.48324 4.42294 1.80618
v -2.91377 4.99226 1.76793
v -2.90903 4.79681 1.77891
v -2.90047 4.99897 1.56262
v -3.26089 5.15176 1.54162
v -3.46527 5.15676 1.73763
v -3.6361 5.36158 1.77723
v -3.7748 4.0144 -1.32623
v -3.76092 4.21417 -1.53013
v -3.74775 4.41428 -1.73456
v -3.73279 4.61528 -1.93971
v -3.70403 4.81795 -2.14796
v -3.29989 5.0225 -2.12995
v -3.50515 4.82062 -2.1412
v -3.67036 5.15633 0.912314
v -3.46269 5.16376 1.12488
v -3.25723 5.15835 1.33879
v -3.08876 5.00038 1.34821
v -3.27641 5.00149 1.13262
v -3.46607 5.00516 0.917774
v -3.65981 5.01379 0.706962
v -3.86141 5.01034 0.497344
v -2.92039 4.61526 -2.11123
v -3.10888 4.81888 -2.11605
v -2.73382 4.40975 -2.09648
v -2.55132 4.20249 -2.08099
v -2.37535 3.98482 -2.06925
v -2.40529 3.79484 -1.98713
v -1.88741 2.93912 -2.02739
v -1.70849 2.71957 -2.0084
v -1.52152 2.5009 -2.00047
v -1.32304 2.28198 -1.99181
v -2.06415 3.15621 -2.03445
v -2.23867 3.37232 -2.04343
v -1.19278 2.18828 -1.98388
v -2.4132 3.58934 -2.04812
v -1.12054 1.86424 -1.9798
v -0.933895 1.67042 -1.94286
v 3.57193 3.80729 1.2973
v 3.54514 4.02165 1.48706
v 3.71538 4.08718 1.48691
v 3.68912 4.08284 1.68553
v 3.82949 4.06449 1.83737
v 3.84797 4.28216 1.88974
v 3.83502 4.48581 1.89413
v 3.48528 4.60327 2.10571
v 3.63066 4.60632 2.08065
v 3.68834 2.63654 0.483873
v 3.69759 2.44624 0.280539
v 3.67551 2.82768 0.685049
v 3.62397 3.03841 0.892068
v 3.42048 3.02463 1.07732
v 3.20846 3.01815 1.2715
v 2.99515 3.00946 1.46335
v 2.78287 3.00499 1.65486
v 2.57263 3.00126 1.84706
v 2.36479 2.9902 2.04159
v 3.71922 2.25328 0.0772035
v 2.16559 2.78927 2.05646
v 1.96448 2.78967 2.05132
v 0.648878 2.17453 0.411799
v 0.561317 2.50205 0.610292
v 0.353966 2.42196 0.357204
v 0.396016 2.22678 0.407607
v 0.731338 2.5239 0.751762
v 0.87906 2.6945 0.74564
v 0.835323 2.67566 0.944107
v 2.66687 3.38257 2.07425
v 2.87835 3.38583 1.88199
v 3.07757 3.38759 1.8948
v 3.28869 3.39103 1.69906
v 3.50018 3.40148 1.50464
v 3.53793 3.60431 1.29957
v 3.27918 4.3962 2.12314
v 3.07279 4.20002 2.12232
v 2.86934 4.00044 2.1075
v 2.66633 3.59084 2.08628
v 2.86691 3.79947 2.10505
v 2.37236 2.17517 -1.82439
v 2.62996 2.34063 -1.81637
v 2.85846 2.51632 -1.81062
v 2.08238 2.02376 -1.8346
v 3.06725 2.70294 -1.80238
v 3.29466 3.02562 -1.77542
v 1.61366 1.93814 -1.85175
v 1.80891 1.8875 -1.84362
v 1.33823 1.79201 -1.85939
v 3.51217 3.02254 -1.55741
v 1.07351 1.68621 -1.87655
v 0.894519 1.78616 -1.88417
v 3.72724 3.02346 -1.341
v 0.627474 1.71151 -1.89058
v 3.74566 2.83208 -1.13905
v 0.35587 1.62911 -1.90464
v 3.73517 2.63662 -0.937576
v 3.73177 2.44542 -0.734638
v 3.74916 2.25756 -0.530251
v 3.96211 2.17303 -0.31638
v 3.94696 2.1802 -0.114851
v 0.0852163 1.55035 -1.90896
v -0.173319 1.58302 -1.91857
v -0.653507 1.51379 -1.95803
v -0.328332 1.41491 -1.91419
v -3.60727 5.46532 1.69737
v -3.99856 5.55855 1.6993
v -3.83076 5.35953 1.75993
v -3.97677 5.35631 1.49676
v -3.88216 5.17255 1.30833
v -3.67533 5.16159 1.11369
v -3.88004 4.60172 0.291437
v -3.86569 4.40387 0.0891567
v -3.85661 4.20991 -0.115279
v -3.904 4.03128 -0.327801
v -3.89235 4.80237 0.492105
v -3.94695 3.82758 -0.548739
v -3.79426 3.81591 -1.12114
v -3.93612 3.62536 -0.767078
v -3.92839 3.62629 -0.998621
v -3.98824 5.03193 0.366576
v -0.168156 2.28353 1.92437
v -0.364063 2.24656 1.91696
v -0.600534 2.43542 1.90621
v -0.835137 2.62045 1.89001
v -1.06865 2.80405 1.87988
v 0.000171901 2.32679 1.93522
v 0.179414 2.28661 1.54308
v 0.109498 2.16685 1.73591
v 0.0860795 2.16566 1.92984
v -1.2982 2.98545 1.8729
v 0.417936 2.35394 1.35343
v 0.553459 2.50367 1.14948
v 0.733501 2.5234 0.949883
v -1.52822 3.1662 1.86216
v -1.75616 3.34522 1.84886
v -1.98408 3.52272 1.8373
v -2.21195 3.69743 1.82477
v -2.43687 3.86986 1.80421
v -2.66049 4.04143 1.79102
v -2.67577 4.22973 1.79231
v -2.68803 4.41715 1.79488
v -2.90306 4.60165 1.78333
v -3.11664 4.98852 1.75416
v -3.11392 4.79266 1.7678
v -3.10275 4.99845 1.55077
v -3.46638 5.15778 1.53119
v -3.66515 5.15617 1.7273
v -3.76261 4.01391 -1.52941
v -3.7767 3.81419 -1.32644
v -3.74701 4.21362 -1.73239
v -3.73167 4.41432 -1.93579
v -3.70305 4.61633 -2.14539
v -3.30823 4.82067 -2.12296
v -3.51001 4.61932 -2.1386
v -3.46393 5.16349 1.32862
v -3.28906 4.99985 1.33588
v -3.47615 5.00396 1.119
v -3.66814 5.01087 0.905228
v -3.86817 5.00689 0.69558
v -3.11978 4.61778 -2.11366
v -2.93462 4.41456 -2.09701
v -2.75103 4.20793 -2.08385
v -2.57128 3.99795 -2.07068
v -2.58664 3.79554 -2.06897
v -2.08468 2.95128 -2.03323
v -1.90638 2.73272 -2.02508
v -1.72138 2.51416 -2.01082
v -1.52868 2.29633 -2.00158
v -2.25835 3.16666 -2.04269
v -2.42971 3.38034 -2.0676
v -2.60524 3.592 -2.07816
v -1.319 2.07863 -1.99097
v -1.13481 1.67284 -1.95664
v -1.33045 1.87692 -1.99097
v -0.937335 1.66635 -1.74213
v -0.714017 1.67116 -1.72828
v 3.55214 3.81234 1.50115
v 3.51326 4.02677 1.69097
v 3.67298 4.08628 1.87601
v 3.82066 4.04973 2.05492
v 3.84492 4.27993 2.07089
v 3.82334 4.48769 2.06965
v 3.66873 4.36529 2.04171
v 3.48157 4.3892 2.12149
v 3.68812 2.4446 0.483553
v 3.68014 2.63594 0.686802
v 3.71279 2.25516 0.280179
v 3.66799 2.82906 0.887379
v 3.62544 3.03137 1.08895
v 3.41366 3.02168 1.27973
v 3.20017 3.01604 1.47255
v 2.98659 3.00801 1.66332
v 2.77487 3.00249 1.85496
v 2.56657 2.99144 2.05404
v 2.36768 2.78871 2.06399
v 3.926 2.20083 0.0842885
v 2.16908 2.58789 2.05957
v 1.9675 2.5882 2.05305
v 1.76315 2.787 2.04865
v 1.74959 2.97316 2.03518
v 0.452913 2.06916 0.390002
v 0.490329 2.63666 0.488262
v 0.449365 2.36145 0.509435
v 0.56802 2.50295 0.74649
v 0.328527 2.6238 0.342307
v 0.206173 2.1576 0.353766
v 0.280132 2.37626 0.296825
v 2.86454 3.37885 2.0938
v 3.06429 3.38488 2.10584
v 3.27551 3.39055 1.90522
v 3.48473 3.40174 1.70858
v 3.52375 3.60828 1.50339
v 3.27572 4.19944 2.13077
v 3.06992 4.00107 2.12148
v 2.86536 3.59421 2.10287
v 3.0674 3.80095 2.12114
v 2.30281 1.97289 -1.82602
v 2.58784 2.14114 -1.81711
v 2.83633 2.31055 -1.8096
v 3.05251 2.49286 -1.79976
v 2.00254 1.83476 -1.83613
v 3.25822 2.68141 -1.79295
v 3.27262 2.87943 -1.79603
v 3.21988 2.96126 -1.78955
v 3.50017 3.03539 -1.76478
v 1.51642 1.69604 -1.85616
v 1.74337 1.72491 -1.84561
v 1.25158 1.58652 -1.86835
v 3.73298 3.03072 -1.54309
v 0.809368 1.61238 -1.86867
v 0.987314 1.50378 -1.85978
v 3.75791 2.83693 -1.34027
v 0.539117 1.53235 -1.89478
v 3.74464 2.6374 -1.1403
v 0.270816 1.45807 -1.8987
v 3.73752 2.44485 -0.937725
v 3.76092 2.2568 -0.732576
v 3.969 2.16989 -0.518078
v 3.99456 1.94295 -0.313489
v 3.98937 1.94365 -0.111422
v -0.00109338 1.38975 -1.90701
v -0.679583 1.49144 -1.71393
v -0.445337 1.47321 -1.68992
v -0.32983 1.29729 -1.91067
v -3.99522 5.35153 1.70796
v -3.86787 5.17408 1.71184
v -3.89383 5.16072 1.51294
v -3.67238 5.16531 1.31905
v -3.88944 4.59953 0.490887
v -3.87622 4.40197 0.288606
v -3.86816 4.20827 0.0849599
v -3.92344 4.02629 -0.125406
v -3.96445 3.82458 -0.339981
v -3.90248 4.79914 0.690803
v -3.94811 3.62297 -0.55548
v -3.79335 3.61707 -1.12726
v -3.93262 3.42218 -1.01785
v -3.93864 3.42229 -0.775258
v -3.93199 5.04785 0.480086
v -0.332154 2.00982 1.91887
v -0.116935 2.04116 1.93387
v -0.575904 2.22787 1.90492
v -0.807255 2.41687 1.89302
v -1.0401 2.60242 1.88145
v -1.27023 2.7843 1.87405
v 0.0901559 2.27621 1.93586
v 0.126239 2.15743 1.53759
v 0.171338 2.28269 1.34359
v -0.0980078 2.03026 1.73098
v -1.50049 2.96501 1.86212
v 0.433164 2.35539 1.15024
v 0.561504 2.50282 0.947688
v -1.73064 3.14448 1.84948
v -1.95861 3.32296 1.83396
v -2.18776 3.49945 1.82241
v -2.41613 3.67415 1.80383
v -2.64271 3.84794 1.78794
v -2.88249 4.21782 1.78269
v -2.86823 4.0262 1.7878
v -2.8946 4.40849 1.78274
v -3.10939 4.59694 1.77184
v -3.32038 4.98801 1.7427
v -3.31927 4.79133 1.76174
v -3.3043 4.99833 1.53863
v -3.67192 5.16116 1.52227
v -3.76411 3.81294 -1.5298
v -3.7483 4.01276 -1.73202
v -3.77709 3.61379 -1.32749
v -3.7328 4.21323 -1.93281
v -3.69628 4.41523 -2.1343
v -3.31691 4.6197 -2.11807
v -3.51493 4.41724 -2.13531
v -3.48809 5.0034 1.32065
v -3.6771 5.00789 1.103
v -3.87805 5.00479 0.891966
v -3.1319 4.41659 -2.09681
v -2.94886 4.21157 -2.08846
v -2.76886 4.00471 -2.0774
v -2.78519 3.80059 -2.07864
v -2.28063 2.96111 -2.04275
v -2.10681 2.74408 -2.03335
v -1.92141 2.52628 -2.02681
v -1.73116 2.30816 -2.01272
v -1.534 2.09141 -2.0014
v -2.44434 3.17492 -2.06728
v -2.6207 3.38632 -2.07457
v -2.80089 3.59627 -2.08404
v -1.14034 1.66448 -1.75373
v -1.33702 1.67387 -1.96938
v -1.5385 1.88583 -2.00021
v -0.940885 1.66783 -1.54536
v -0.725742 1.66812 -1.53473
v 3.52126 3.8159 1.70498
v 3.49186 4.03159 1.89614
v 3.6498 4.12671 2.05914
v 3.4758 4.19518 2.13093
v 3.70481 2.25171 0.483252
v 3.67814 2.44229 0.686427
v 3.67201 2.6347 0.88953
v 3.90442 2.18572 0.276597
v 3.65946 2.83115 1.08988
v 3.62246 3.04289 1.2899
v 3.40697 3.01827 1.48228
v 3.19147 3.01219 1.67295
v 2.97814 3.00532 1.86259
v 2.76839 2.99538 2.06227
v 2.56956 2.79025 2.0715
v 2.37066 2.58783 2.0644
v 3.98249 1.94418 0.0902338
v 2.17169 2.38673 2.05993
v 1.96963 2.38766 2.05388
v 1.76604 2.58851 2.04664
v 0.245455 1.97094 0.369507
v 0.440862 2.35402 0.736416
v 0.226753 2.29174 0.538304
v 3.06524 3.59733 2.11898
v 3.26305 3.38775 2.11835
v 3.4733 3.40146 1.91271
v 3.50982 3.60993 1.70855
v 3.27093 4.00042 2.13508
v 3.26867 3.80127 2.13393
v 2.18737 1.77882 -1.82929
v 2.54708 1.93391 -1.81776
v 2.79814 2.11016 -1.81
v 3.03703 2.28286 -1.79819
v 3.24466 2.47674 -1.79127
v 1.927 1.65471 -1.83858
v 3.45004 2.66924 -1.78734
v 3.46687 2.86451 -1.79021
v 3.71692 3.04206 -1.75536
v 1.64666 1.66273 -1.8501
v 1.4283 1.486 -1.85953
v 1.16306 1.39692 -1.85483
v 3.77229 2.84289 -1.54044
v 0.717726 1.42833 -1.88499
v 0.89313 1.31917 -1.87806
v 3.75919 2.64088 -1.34171
v 0.450513 1.35613 -1.89135
v 3.74674 2.44405 -1.14045
v 0.184986 1.29102 -1.89985
v 3.76258 2.25488 -0.935176
v 3.98127 2.16819 -0.719158
v 3.99842 1.94239 -0.515099
v 3.98623 1.72012 -0.313791
v 3.97933 1.71584 -0.111405
v -0.0979323 1.23434 -1.90091
v -0.6923 1.48823 -1.48297
v -0.463148 1.48012 -1.4745
v -0.370122 1.30095 -1.6969
v -3.89795 5.29505 1.72658
v -3.90007 4.59763 0.689506
v -3.8882 4.39995 0.487879
v -3.878 4.20641 0.285461
v -3.94028 4.0248 0.0773259
v -3.97767 3.82084 -0.134055
v -3.95799 3.62062 -0.347362
v -3.91263 4.79646 0.887905
v -3.95129 3.4204 -0.562592
v -3.78871 3.41685 -1.12907
v -3.94107 3.22093 -0.788019
v -3.93347 3.22176 -1.01959
v -0.56808 2.02375 1.90891
v -0.300964 1.98758 1.71812
v -0.78674 2.21663 1.89417
v -1.01445 2.40241 1.8876
v -1.24409 2.58538 1.8742
v -1.47411 2.76554 1.86328
v -0.08873 2.0249 1.52884
v 0.122432 2.16247 1.33665
v 0.181084 2.28433 1.14264
v -1.70256 2.94494 1.85033
v 0.435844 2.35791 0.945079
v -1.93141 3.12413 1.83418
v -2.1616 3.30187 1.82002
v -2.39251 3.4772 1.80415
v -2.62227 3.65165 1.78896
v -2.85205 3.82973 1.79118
v -3.07779 4.01344 1.77311
v -3.0915 4.20846 1.76884
v -3.10146 4.4031 1.76894
v -3.31627 4.59541 1.76206
v -3.52454 4.99548 1.73375
v -3.52611 4.79422 1.75291
v -3.50382 5.00364 1.52324
v -3.76561 3.61169 -1.53041
v -3.74991 3.81137 -1.73267
v -3.73345 4.01176 -1.93234
v -3.77394 3.41264 -1.32795
v -3.7059 4.21349 -2.13354
v -3.32716 4.41813 -2.10513
v -3.52706 4.21481 -2.13421
v -3.68787 5.00672 1.3005
v -3.89116 5.00153 1.08509
v -3.14471 4.21366 -2.08974
v -2.96475 4.00855 -2.08397
v -2.98148 3.80395 -2.08451
v -2.30864 2.75404 -2.04266
v -2.45633 2.96892 -2.06369
v -2.12412 2.53695 -2.03288
v -1.93285 2.31751 -2.02505
v -1.73842 2.10122 -2.01166
v -2.63014 3.18059 -2.0731
v -2.81248 3.39067 -2.08635
v -2.99732 3.59938 -2.09137
v -1.3425 1.66388 -1.76521
v -1.14508 1.66456 -1.55483
v -1.53961 1.67461 -1.9809
v -1.74141 1.89184 -2.00975
v -0.94575 1.66645 -1.34889
v -0.732413 1.66757 -1.35763
v 3.49367 3.81603 1.91142
v 3.47037 4.01374 2.12191
v 3.53199 4.11188 2.10399
v 3.90587 2.17591 0.483421
v 3.69621 2.24696 0.685885
v 3.66899 2.43945 0.889038
v 3.66285 2.63359 1.09184
v 3.92543 1.94424 0.265223
v 3.6507 2.8299 1.2928
v 3.62043 3.02336 1.4937
v 3.39956 3.01793 1.68364
v 3.18233 3.00882 1.87212
v 2.97042 2.99373 2.06191
v 2.77173 2.79397 2.08147
v 2.5728 2.59005 2.07282
v 2.37431 2.38697 2.06454
v 3.9597 1.70754 0.0912597
v 2.17391 2.18595 2.05985
v 1.97068 2.18667 2.05293
v 1.76692 2.38847 2.04723
v 1.56186 2.78766 2.05274
v 1.56387 2.58944 2.03717
v 0.0791178 2.05344 0.370207
v 0.204122 2.28343 0.73977
v 3.26752 3.59751 2.12875
v 3.46111 3.3972 2.11782
v 3.48728 3.60925 1.91436
v 3.47636 3.80464 2.13261
v 2.28019 1.82655 -1.82645
v 2.10733 1.58538 -1.83266
v 2.44945 1.81637 -1.82096
v 2.76239 1.91622 -1.8109
v 3.02629 2.06409 -1.76112
v 3.23217 2.27144 -1.78936
v 3.43492 2.46735 -1.78605
v 1.85496 1.47363 -1.84043
v 1.68019 1.56725 -1.84853
v 3.65177 2.85792 -1.78538
v 3.63233 2.66079 -1.78402
v 3.79481 2.85294 -1.73348
v 1.3398 1.2914 -1.84772
v 1.60402 1.38224 -1.85104
v 1.06684 1.20878 -1.87261
v 3.77595 2.64621 -1.54119
v 0.628812 1.24725 -1.88508
v 0.797628 1.13731 -1.87865
v 3.76064 2.4455 -1.34208
v 0.360784 1.18243 -1.89318
v 3.76872 2.25282 -1.13766
v 0.110831 1.12617 -1.89317
v 3.99876 2.16584 -0.919891
v 4.00822 1.9418 -0.716043
v 3.99294 1.71898 -0.515298
v 3.75908 1.67016 -0.32914
v 3.74638 1.66701 -0.129289
v -0.117501 1.14786 -1.69994
v -0.716818 1.60797 -1.45844
v -0.473548 1.48385 -1.26306
v -0.708453 1.48696 -1.24576
v -0.394793 1.30391 -1.48658
v -3.89899 4.3983 0.686676
v -3.90869 4.59571 0.887758
v -3.88803 4.20397 0.485413
v -3.94788 4.02196 0.281019
v -3.98555 3.81804 0.0707528
v -3.97026 3.61794 -0.138791
v -3.95989 3.41857 -0.35288
v -3.92251 4.79446 1.08347
v -3.95229 3.21954 -0.572044
v -3.78933 3.2161 -1.12789
v -3.93738 3.02274 -1.02402
v -3.94348 3.02168 -0.797776
v -0.45637 1.80261 1.91432
v -0.584526 1.80757 1.90129
v -0.774524 2.01962 1.8971
v -0.395657 1.80829 1.71647
v -0.29236 1.98839 1.5161
v -0.994898 2.20507 1.89189
v -1.22174 2.38657 1.87722
v -1.44988 2.56626 1.86485
v -1.67651 2.74608 1.85143
v -0.0813942 2.02437 1.32585
v 0.137032 2.15319 1.13665
v 0.195974 2.28384 0.941737
v -1.90553 2.92504 1.83549
v -2.13514 3.10385 1.82123
v -2.36631 3.28033 1.80367
v -2.59968 3.45402 1.80135
v -2.83165 3.62992 1.79292
v -3.0623 3.81537 1.77996
v -3.28976 4.00467 1.77305
v -3.30088 4.20142 1.76399
v -3.31023 4.39898 1.7639
v -3.52417 4.59494 1.75629
v -3.73486 4.79803 1.74771
v -3.72574 5.00456 1.7093
v -3.70127 5.00955 1.49694
v -3.76642 3.41019 -1.53086
v -3.75245 3.60973 -1.73374
v -3.73547 3.80977 -1.93426
v -3.70678 4.01137 -2.12444
v -3.77203 3.2127 -1.32754
v -3.33806 4.21499 -2.10546
v -3.54489 4.01235 -2.1367
v -3.90307 4.99976 1.27795
v -3.16011 4.01032 -2.0896
v -3.17888 3.8062 -2.09102
v -2.51384 2.76166 -2.06008
v -2.3323 2.54404 -2.04241
v -2.61691 2.97328 -2.07097
v -2.13633 2.32631 -2.03244
v -1.93967 2.10794 -2.02147
v -2.81878 3.18469 -2.08571
v -3.0086 3.39428 -2.09285
v -3.19848 3.60166 -2.09234
v -1.54439 1.66192 -1.77656
v -1.34794 1.66391 -1.56508
v -1.14953 1.665 -1.35588
v -1.74148 1.67748 -1.99305
v -1.94328 1.89749 -2.01914
v -0.950969 1.66658 -1.15097
v -0.736274 1.66772 -1.16677
v 3.93177 1.94157 0.479454
v 3.89509 2.1749 0.68911
v 3.6888 2.24122 0.888799
v 3.65872 2.43692 1.09193
v 3.65162 2.63174 1.29412
v 3.91532 1.70605 0.273387
v 3.64259 2.82673 1.49597
v 3.61445 3.02132 1.69714
v 3.39011 3.01493 1.88359
v 3.17286 2.99761 2.07685
v 2.97485 2.79834 2.08001
v 2.77555 2.59441 2.08129
v 2.57719 2.38898 2.07371
v 2.37796 2.1857 2.06482
v 3.72907 1.66267 0.0712827
v 1.97141 1.98581 2.05187
v 2.17593 1.98532 2.05909
v 1.76705 2.18764 2.04647
v 1.56419 2.38972 2.03891
v 0.0241671 1.86403 0.366211
v 0.0210697 2.14575 0.342387
v 0.169231 2.14333 0.523877
v 0.166944 2.15126 0.732872
v 3.47282 3.60077 2.13022
v 2.35038 1.72795 -1.82403
v 2.03458 1.39508 -1.83337
v 2.28669 1.5199 -1.82654
v 2.53134 1.79367 -1.81825
v 2.74175 1.74117 -1.81166
v 3.01036 1.87281 -1.73233
v 3.22397 2.06921 -1.78718
v 3.42593 2.26595 -1.78142
v 3.62331 2.4608 -1.7813
v 1.78071 1.28715 -1.84188
v 3.79363 2.65406 -1.73871
v 3.72116 2.91764 -1.75807
v 1.51736 1.19043 -1.8401
v 1.23908 1.09775 -1.86749
v 0.96693 1.02435 -1.87324
v 3.77744 2.44909 -1.54163
v 0.535417 1.07226 -1.88895
v 0.701655 0.954977 -1.88494
v 3.78218 2.25141 -1.33937
v 0.255595 1.00072 -1.88582
v 4.002 2.16968 -1.12219
v -0.0671026 1.09281 -1.92177
v 4.02135 1.94472 -0.915853
v 4.00257 1.71911 -0.715829
v 3.76873 1.67129 -0.528849
v 3.71803 1.47588 -0.331847
v 3.70946 1.47298 -0.130634
v -0.165362 1.27957 -1.48582
v -0.406505 1.30014 -1.27873
v -0.717416 1.48609 -1.02181
v -0.484898 1.48455 -1.05295
v -3.90847 4.39571 0.885651
v -3.89693 4.2022 0.684758
v -3.91723 4.59333 1.0852
v -3.95974 4.02503 0.484843
v -3.99285 3.81636 0.276618
v -3.97032 3.61544 0.0676779
v -3.9723 3.41621 -0.144677
v -3.9634 3.21779 -0.35819
v -3.93218 4.79347 1.27731
v -3.9545 3.02035 -0.579436
v -3.79187 3.01811 -1.1228
v -3.94437 2.82283 -0.803563
v -3.93663 2.82389 -1.02773
v -0.586383 1.81111 1.70342
v -0.769317 1.82616 1.90856
v -0.980006 2.00899 1.89181
v -0.383182 1.79729 1.51405
v -0.289742 1.98156 1.31296
v -1.20198 2.18915 1.87999
v -1.42737 2.36766 1.86627
v -1.65245 2.54693 1.8526
v -1.87978 2.72633 1.83634
v -0.0747489 2.03075 1.12237
v 0.150605 2.15347 0.934909
v -2.10839 2.90562 1.8187
v -2.33974 3.08367 1.80836
v -2.57335 3.25732 1.80517
v -2.80813 3.42843 1.79891
v -3.04198 3.61186 1.79253
v -3.27383 3.80665 1.77504
v -3.50276 3.99771 1.7606
v -3.51275 4.19734 1.75292
v -3.51951 4.39595 1.75128
v -3.73431 4.59615 1.75621
v -3.90766 4.98734 1.64477
v -3.9253 4.79473 1.66238
v -3.91582 5.00024 1.46744
v -3.76905 3.20894 -1.53095
v -3.75503 3.4078 -1.73463
v -3.73797 3.60753 -1.93692
v -3.70257 3.80832 -2.12924
v -3.78016 3.01309 -1.32688
v -3.35679 4.0118 -2.10625
v -3.58092 3.80823 -2.14731
v -3.37743 3.80751 -2.10835
v -2.52902 2.90129 -2.06491
v -2.54972 2.55174 -2.05936
v -2.34229 2.33302 -2.04159
v -2.81055 2.97676 -2.08411
v -2.14209 2.11416 -2.03135
v -3.01425 3.18731 -2.08927
v -3.21118 3.39607 -2.09282
v -3.40068 3.60281 -2.11197
v -1.74577 1.66129 -1.7874
v -1.54973 1.663 -1.57574
v -1.35175 1.66267 -1.36479
v -1.15354 1.66746 -1.15559
v -1.94237 1.6777 -2.00208
v -2.14478 1.9023 -2.03088
v -0.955973 1.6645 -0.950427
v -0.747004 1.66689 -0.963477
v 3.92421 1.94131 0.68652
v 3.92116 1.714 0.480831
v 3.88861 2.17761 0.893926
v 3.68211 2.23708 1.09214
v 3.65013 2.43347 1.29469
v 3.6447 2.62914 1.49691
v 3.71423 1.66309 0.273526
v 3.63665 2.82504 1.69925
v 3.6088 3.01931 1.90011
v 3.37627 3.00272 2.09058
v 3.17902 2.80366 2.08964
v 2.97942 2.60039 2.08012
v 2.78032 2.3931 2.08072
v 2.58228 2.18718 2.07504
v 2.38136 1.98504 2.06532
v 3.70256 1.46951 0.0710853
v 1.7671 1.98686 2.04499
v 2.17746 1.78465 2.05869
v 1.97172 1.78501 2.05082
v 1.56372 2.18924 2.03936
v 1.36199 2.5919 2.0375
v 1.36143 2.39204 2.03112
v -0.101276 2.12888 0.419165
v -0.0385179 2.12386 0.507321
v -0.0614221 2.03676 0.714567
v 1.96287 1.20602 -1.83415
v 2.21958 1.32419 -1.82606
v 2.51561 1.65343 -1.81874
v 2.46945 1.45452 -1.82039
v 2.70826 1.5677 -1.81334
v 2.98738 1.70754 -1.80473
v 3.21747 1.87765 -1.79092
v 3.41864 2.06801 -1.77942
v 3.61828 2.26128 -1.77308
v 3.79028 2.45463 -1.74258
v 1.69845 1.09739 -1.8249
v 1.4162 0.998001 -1.86297
v 1.13414 0.907953 -1.86991
v 0.86207 0.839304 -1.87685
v 3.79468 2.25206 -1.54151
v 0.433885 0.905029 -1.87507
v 0.582457 0.72557 -1.85553
v 4.00276 2.17787 -1.32358
v 0.104399 1.11232 -1.68553
v 0.250105 1.00959 -1.67527
v 4.0264 1.94486 -1.11697
v 4.01401 1.71984 -0.915086
v 3.77885 1.67084 -0.729348
v 3.72613 1.47668 -0.532987
v 3.71845 1.28368 -0.332529
v 3.71053 1.28211 -0.130964
v -0.17079 1.28044 -1.28265
v -0.131074 1.1793 -1.55912
v -0.41373 1.29879 -1.0726
v -0.7265 1.48336 -0.800537
v -0.495215 1.48924 -0.844355
v -3.92071 4.39282 1.08346
v -3.90503 4.19941 0.882468
v -3.92415 4.00726 0.68234
v -3.92689 4.59209 1.28105
v -4.00063 3.81453 0.483018
v -3.99771 3.61287 0.272426
v -3.97494 3.41346 0.0632067
v -3.9731 3.21553 -0.151571
v -3.9689 3.0182 -0.367045
v -3.94302 4.79427 1.471
v -3.95603 2.82157 -0.586698
v -3.79079 2.81988 -1.11911
v -3.93445 2.62562 -1.03042
v -3.94525 2.62435 -0.808812
v -0.573096 1.80837 1.50412
v -0.698593 1.62765 1.70881
v -0.723357 1.63768 1.90754
v -0.6924 1.75714 1.9058
v -0.967297 1.81545 1.89434
v -1.18594 1.99239 1.88221
v -0.374008 1.79279 1.31054
v -0.291686 1.97734 1.10793
v -1.40764 2.16942 1.8685
v -1.63081 2.34764 1.85511
v -1.85429 2.52698 1.83439
v -2.08204 2.70799 1.80517
v -0.0705091 2.03599 0.918656
v -2.31284 2.88696 1.80989
v -2.54588 3.06122 1.81116
v -2.78069 3.23051 1.80118
v -3.02097 3.39866 1.79611
v -3.25541 3.60796 1.78569
v -3.48692 3.79904 1.76814
v -3.72102 3.99276 1.75004
v -3.72694 4.19369 1.75374
v -3.73123 4.39472 1.75535
v -3.92848 4.59429 1.6704
v -3.75719 3.20576 -1.73518
v -3.77116 3.00909 -1.53015
v -3.73888 3.40508 -1.93887
v -3.6553 3.60444 -2.14679
v -3.7813 2.81221 -1.32674
v -3.64626 3.74033 -2.14111
v -2.54986 2.33944 -2.06012
v -2.78708 2.76689 -2.07631
v -2.76729 2.55475 -2.06895
v -2.34512 2.12013 -2.04154
v -3.01134 2.97811 -2.08724
v -3.21846 3.18931 -2.0901
v -3.42061 3.39692 -2.11462
v -1.94677 1.65903 -1.79761
v -1.7514 1.66194 -1.5859
v -1.55389 1.66178 -1.37384
v -1.35593 1.66821 -1.16234
v -1.15719 1.66458 -0.952395
v -2.14354 1.67754 -2.01042
v -2.34586 1.9065 -2.03869
v -0.95952 1.66509 -0.742542
v -0.758642 1.66705 -0.758355
v 3.90873 1.713 0.685895
v 3.91478 1.94133 0.891693
v 3.70583 1.66417 0.476434
v 3.8798 2.17847 1.09807
v 3.67449 2.23089 1.29477
v 3.64495 2.43016 1.49749
v 3.63778 2.62732 1.69988
v 3.6949 1.46473 0.273508
v 3.63022 2.82374 1.90262
v 3.58385 3.01185 2.10045
v 3.38348 2.81059 2.10477
v 3.18346 2.60699 2.09062
v 2.98346 2.39931 2.08211
v 2.78588 2.18728 2.08211
v 2.58844 1.98589 2.07653
v 2.38394 1.78473 2.06461
v 3.70404 1.2774 0.07107
v 1.76688 1.7859 2.04421
v 1.56305 1.9882 2.03831
v 1.97165 1.58417 2.05172
v 2.1778 1.58407 2.05796
v 1.3605 2.19121 2.03209
v 1.15776 2.39542 2.02753
v 1.16029 2.59622 2.03412
v -0.221176 1.96992 0.299092
v -0.164034 2.1339 0.331009
v -0.0530096 2.04277 0.576198
v 1.88536 1.01289 -1.82768
v 2.15129 1.1346 -1.82732
v 2.40774 1.26047 -1.81915
v 2.65644 1.39104 -1.8159
v 2.95391 1.51686 -1.80499
v 3.20479 1.68377 -1.79167
v 3.41178 1.87319 -1.78422
v 3.61392 2.06303 -1.7698
v 3.80733 2.25559 -1.74706
v 1.60981 0.92085 -1.8552
v 1.30129 0.795181 -1.86294
v 1.02225 0.723766 -1.87175
v 0.743968 0.658558 -1.8717
v 3.98989 2.19506 -1.52134
v 0.417907 0.913384 -1.663
v 0.578331 0.810629 -1.64597
v 4.03323 1.95898 -1.31721
v 0.0817113 1.11574 -1.48284
v 0.23372 1.01729 -1.46992
v 4.02045 1.71601 -1.11453
v -0.110359 1.11047 -1.49159
v 3.78615 1.66671 -0.929801
v 3.73539 1.4768 -0.733483
v 3.72572 1.28415 -0.533833
v 3.72231 1.1021 -0.332874
v 3.71026 1.10343 -0.13123
v -0.167975 1.27551 -1.08238
v -0.13797 1.13855 -1.28035
v -0.412704 1.29332 -0.867915
v -0.730875 1.47904 -0.576043
v -0.490766 1.48518 -0.638685
v -3.93039 4.38995 1.28021
v -3.90471 4.18806 1.07722
v -3.91354 3.99859 0.882882
v -3.946 3.80502 0.676982
v -3.93654 4.59285 1.47618
v -4.00435 3.61001 0.47661
v -3.9991 3.41068 0.267686
v -3.97714 3.21234 0.0575772
v -3.97617 3.0161 -0.157208
v -3.96755 2.82022 -0.374146
v -3.95768 2.62297 -0.593221
v -3.78986 2.62186 -1.12101
v -3.94605 2.42717 -0.815765
v -3.93412 2.42828 -1.03845
v -0.561758 1.80663 1.30451
v -0.683516 1.62566 1.50721
v -0.926877 1.61194 1.69648
v -0.949599 1.62356 1.89936
v -1.1718 1.80138 1.88672
v -1.39038 1.9734 1.87057
v -0.36396 1.78688 1.10596
v -0.28766 1.97429 0.902149
v -1.61094 2.1481 1.8586
v -1.83232 2.32661 1.8388
v -2.05687 2.50881 1.81765
v -2.28508 2.69155 1.82234
v -2.51622 2.86777 1.81569
v -2.75024 3.03823 1.80568
v -2.99085 3.18693 1.7963
v -3.23386 3.40854 1.78878
v -3.46685 3.60442 1.77695
v -3.70469 3.79227 1.75843
v -3.92122 3.98913 1.67355
v -3.92172 4.19059 1.67106
v -3.92637 4.39227 1.6725
v -3.75875 3.00432 -1.73467
v -3.7429 3.20235 -1.9402
v -3.77115 2.80874 -1.52976
v -3.66504 3.39956 -2.15232
v -3.78133 2.6133 -1.32586
v -2.75742 2.34348 -2.066
v -2.5473 2.1246 -2.05541
v -2.99938 2.76732 -2.07917
v -2.98042 2.55474 -2.08136
v -3.21922 2.9792 -2.08584
v -3.43314 3.19013 -2.11556
v -2.1476 1.65452 -1.80764
v -1.95303 1.66088 -1.59604
v -1.75597 1.66056 -1.38361
v -1.5581 1.66033 -1.17124
v -1.359 1.6609 -0.958907
v -1.15812 1.65893 -0.745726
v -2.34385 1.68025 -2.02096
v -2.54592 1.90996 -2.05243
v -0.957555 1.67727 -0.521662
v -0.754607 1.66829 -0.520912
v 3.69608 1.66051 0.679545
v 3.90082 1.7135 0.890148
v 3.91259 1.9418 1.09628
v 3.68604 1.45975 0.475944
v 3.87062 2.17493 1.30108
v 3.66777 2.22563 1.49793
v 3.63722 2.42981 1.70071
v 3.63113 2.62621 1.90318
v 3.69618 1.27176 0.273449
v 3.59868 2.81922 2.10649
v 3.38789 2.61448 2.105
v 3.1869 2.40796 2.0917
v 2.9865 2.19289 2.08586
v 2.78842 1.99523 2.02467
v 2.59182 1.78656 2.07476
v 2.38503 1.58437 2.06385
v 3.704 1.10359 0.0709071
v 1.76659 1.5851 2.04479
v 1.56273 1.78714 2.03757
v 1.35961 1.98989 2.03185
v 2.17814 1.38305 2.05597
v 1.97167 1.38349 2.05038
v 1.15728 2.19356 2.02468
v -0.18048 2.1301 0.458577
v -0.330601 1.79765 0.265333
v -0.202065 1.75366 0.365041
v -0.0590886 1.96769 0.506707
v -0.276316 1.97255 0.695619
v 2.08027 0.94352 -1.82857
v 1.80469 0.83654 -1.84714
v 2.3444 1.07149 -1.82012
v 2.59706 1.20527 -1.81545
v 2.84874 1.34181 -1.81152
v 3.1991 1.48473 -1.79523
v 3.40497 1.6729 -1.78866
v 3.60781 1.86584 -1.7719
v 3.81085 2.05698 -1.76119
v 1.464 0.829956 -1.85951
v 3.97657 2.20543 -1.70051
v 1.17985 0.601634 -1.86718
v 0.910459 0.574045 -1.84337
v 0.718842 0.678321 -1.63743
v 4.03477 2.02124 -1.51718
v 0.398012 0.924014 -1.45465
v 0.555054 0.820312 -1.43597
v 4.02526 1.71162 -1.3138
v 0.0595455 1.1215 -1.28039
v 0.213299 1.02958 -1.26722
v 3.79224 1.66504 -1.13127
v 3.74617 1.4776 -0.934681
v 3.73415 1.28454 -0.735027
v 3.73402 1.10126 -0.534227
v -0.1582 1.20786 -0.877856
v -0.157565 1.13943 -1.10419
v -0.391872 1.28084 -0.663456
v -0.663567 1.52025 -0.382269
v -0.468262 1.49325 -0.433657
v -3.94084 4.39045 1.47693
v -3.919 4.18477 1.27851
v -3.85927 3.99576 1.07265
v -3.91243 3.79867 0.877669
v -3.95363 3.60393 0.672833
v -4.00417 3.40784 0.471418
v -3.99859 3.20983 0.263156
v -3.97659 3.01208 0.0524083
v -3.97703 2.8171 -0.162868
v -3.96791 2.62204 -0.379451
v -3.95839 2.42595 -0.599452
v -3.7861 2.4241 -1.11842
v -3.93736 2.23337 -1.04956
v -3.94697 2.23106 -0.820965
v -0.550953 1.8089 1.10364
v -0.672798 1.62208 1.30623
v -0.911338 1.6112 1.49618
v -1.1383 1.61155 1.68185
v -1.15758 1.61708 1.88237
v -1.37629 1.78539 1.87088
v -1.59336 1.95072 1.86136
v -0.357282 1.78349 0.900189
v -1.81299 2.12431 1.84132
v -2.03553 2.30702 1.82384
v -2.25872 2.49362 1.82553
v -2.48782 2.67438 1.81456
v -2.7183 2.84863 1.81038
v -2.95584 3.00549 1.80146
v -3.2003 3.11729 1.77918
v -3.22218 3.29923 1.7749
v -3.159 3.36881 1.7866
v -3.44297 3.41582 1.78132
v -3.67481 3.59482 1.76957
v -3.92426 3.78746 1.67448
v -3.92554 3.98755 1.47347
v -3.93198 4.18821 1.47524
v -3.75787 2.80305 -1.73424
v -3.7444 2.99847 -1.94007
v -3.66864 3.19372 -2.15218
v -3.77077 2.60866 -1.52976
v -3.78081 2.41568 -1.32469
v -2.96494 2.34607 -2.08212
v -2.74956 2.12953 -2.06252
v -3.21442 2.76864 -2.08144
v -3.19004 2.54487 -2.08645
v -3.43926 2.98187 -2.11473
v -2.34777 1.65131 -1.81783
v -2.1539 1.65708 -1.60615
v -1.95809 1.65903 -1.39391
v -1.76039 1.65848 -1.18101
v -1.56185 1.65916 -0.967956
v -1.36071 1.65598 -0.754327
v -1.15648 1.65056 -0.537637
v -2.5414 1.67785 -2.03187
v -2.74441 1.91253 -2.06221
v -0.936555 1.673 -0.273926
v -0.705627 1.67924 -0.317279
v 3.67816 1.45189 0.678555
v 3.68432 1.6557 0.882547
v 3.89465 1.71135 1.09335
v 3.89202 1.93783 1.29852
v 3.68828 1.26518 0.4757
v 3.86368 2.17375 1.50448
v 3.65923 2.23107 1.70094
v 3.62744 2.4315 1.90377
v 3.60191 2.62291 2.10923
v 3.7058 1.09582 0.273253
v 3.39086 2.41737 2.10586
v 3.18899 2.20609 2.09363
v 2.99356 2.00047 2.03865
v 2.7956 1.7904 2.04372
v 2.59223 1.58656 2.07088
v 2.38507 1.38365 2.06256
v 1.76626 1.38445 2.0447
v 1.56217 1.58621 2.03777
v 1.35888 1.78885 2.03036
v 1.15627 1.99206 2.02509
v 1.97123 1.18044 2.04939
v 2.17824 1.18041 2.05415
v 0.953885 2.19657 2.01507
v 0.955332 2.39805 2.02149
v -0.342053 1.78468 0.478279
v -0.266624 1.96217 0.483339
v 0.102382 1.69403 0.460273
v -0.116103 1.57967 0.437086
v -0.428343 1.67557 0.356671
v -0.315204 1.71461 0.360856
v -0.354905 1.78838 0.693782
v 2.00441 0.756191 -1.83597
v 2.28007 0.880553 -1.82245
v 1.53418 0.785533 -1.85721
v 1.71505 0.662461 -1.84779
v 2.53977 1.01368 -1.81637
v 2.78815 1.15755 -1.81157
v 2.93927 1.38933 -1.80704
v 3.19831 1.2853 -1.79704
v 3.01515 1.30933 -1.8046
v 3.39942 1.47185 -1.78856
v 3.60104 1.66767 -1.77875
v 3.80793 1.85989 -1.76137
v 3.99133 2.04614 -1.70354
v 1.04449 0.421604 -1.85989
v 1.34227 0.471862 -1.86079
v 1.45854 0.650216 -1.85922
v 0.870098 0.570727 -1.61397
v 0.69936 0.703451 -1.41384
v 4.03437 1.955 -1.44903
v 0.375493 0.936552 -1.25029
v 0.5307 0.833147 -1.22862
v 4.03512 1.8848 -1.5127
v 4.02042 1.69849 -1.5071
v 3.79783 1.66011 -1.33363
v 0.039416 1.13455 -1.07825
v 0.188367 1.04041 -1.06595
v 3.75363 1.47692 -1.13609
v 3.74313 1.28678 -0.936321
v 3.74188 1.10155 -0.736074
v -0.129277 1.21031 -0.645799
v -0.161247 1.2076 -1.02148
v -0.453942 1.27609 -0.478461
v -0.558814 1.71498 -0.344907
v -0.342988 1.72191 -0.472471
v -3.8803 3.99096 1.279
v -3.86198 3.79636 1.07095
v -3.90305 3.59921 0.872809
v -3.96162 3.4041 0.670567
v -4.00536 3.20703 0.467543
v -3.99968 3.0104 0.259053
v -3.97704 2.81475 0.0476413
v -3.97707 2.61907 -0.167638
v -3.96385 2.42477 -0.38461
v -3.95873 2.22937 -0.605046
v -3.7823 2.22661 -1.11573
v -3.94764 2.03541 -0.824904
v -3.93384 2.03703 -1.05003
v -0.536491 1.80784 0.901941
v -0.662469 1.62099 1.10608
v -0.89846 1.60674 1.29549
v -1.12249 1.61368 1.48233
v -1.34604 1.616 1.66711
v -1.36445 1.61853 1.86736
v -1.58026 1.77328 1.85898
v -1.79445 1.91582 1.84163
v -2.01546 2.10228 1.82494
v -2.23787 2.29217 1.82002
v -2.46136 2.47883 1.81594
v -2.68841 2.65885 1.81288
v -2.91766 2.83084 1.80916
v -3.17679 2.92146 1.7725
v -3.40244 3.05089 1.7752
v -3.42081 3.24027 1.77056
v -3.63775 3.39903 1.77206
v -3.92701 3.58584 1.66949
v -3.92888 3.78684 1.46884
v -3.7568 2.60092 -1.73339
v -3.74375 2.79421 -1.94012
v -3.68035 2.98872 -2.14478
v -3.77017 2.41136 -1.52818
v -3.77886 2.21875 -1.32279
v -3.1657 2.35121 -2.01398
v -2.95236 2.13533 -2.071
v -3.43998 2.77277 -2.10656
v -3.44287 2.52964 -2.08551
v -2.54647 1.65306 -1.82837
v -2.35414 1.6509 -1.61627
v -2.15887 1.65363 -1.40417
v -1.96247 1.65597 -1.19173
v -1.76496 1.65659 -0.97847
v -1.56487 1.65446 -0.764732
v -1.3631 1.64962 -0.550457
v -1.15451 1.64268 -0.32324
v -2.73952 1.685 -2.04517
v -2.94147 1.91921 -2.07088
v -0.88614 1.92557 -0.240893
v -0.846068 2.0194 -0.322746
v -0.722282 1.88402 -0.476733
v 3.66821 1.44135 0.88113
v 3.67718 1.25534 0.677724
v 3.67511 1.65048 1.08541
v 3.88534 1.70941 1.29606
v 3.89037 1.93679 1.50194
v 3.7059 1.08413 0.47541
v 3.8513 2.17492 1.70719
v 3.64463 2.24099 1.90405
v 3.60063 2.42903 2.10937
v 3.39208 2.22111 2.1061
v 3.19143 2.00666 2.09267
v 2.99456 1.80087 2.06837
v 2.79853 1.58995 2.07584
v 2.59202 1.38543 2.0702
v 2.38503 1.1819 2.06068
v 1.7651 1.18434 2.0453
v 1.56155 1.38598 2.03797
v 1.35833 1.5878 2.03208
v 1.15565 1.79089 2.02359
v 0.95294 1.99479 2.01727
v 2.18203 0.972563 2.05284
v 1.97753 0.965248 2.04599
v -0.45634 1.77305 0.376196
v -0.529709 1.80499 0.700706
v 1.91676 0.572714 -1.84116
v 2.21236 0.687514 -1.82594
v 2.48062 0.821859 -1.81879
v 1.62142 0.503028 -1.85271
v 2.73562 0.965588 -1.81236
v 2.98504 1.11821 -1.80677
v 3.39807 1.2711 -1.79018
v 3.18829 1.08887 -1.79869
v 3.59603 1.4688 -1.78579
v 3.80835 1.65944 -1.75605
v 3.99351 1.86089 -1.70004
v 1.0038 0.438147 -1.64669
v 1.21598 0.308936 -1.85365
v 1.51263 0.34278 -1.85681
v 0.841599 0.597106 -1.38691
v 0.680165 0.730151 -1.20007
v 0.348795 0.948914 -1.04862
v 0.504994 0.849996 -1.02334
v 3.98592 1.68469 -1.68622
v 3.79741 1.65252 -1.54241
v 3.75992 1.47734 -1.33838
v 0.0151048 1.14864 -0.871432
v 0.156279 1.04596 -0.866879
v 3.75227 1.28765 -1.13796
v 3.74818 1.10426 -0.937745
v -0.332301 1.3306 -0.469688
v -0.17316 1.26812 -0.411397
v -0.0473913 1.1868 -0.659967
v -0.336168 1.51915 -0.480698
v -0.392705 1.29584 -0.537202
v -0.678568 1.75576 -0.447517
v -0.439331 1.73276 -0.379492
v -0.382473 1.57811 -0.462275
v -3.88433 3.79057 1.27326
v -3.84546 3.59729 1.06817
v -3.8968 3.4002 0.870069
v -3.9591 3.2043 0.670548
v -4.00367 3.00782 0.464397
v -3.99541 2.81253 0.255084
v -3.98134 2.61627 0.0421032
v -3.97585 2.42238 -0.173723
v -3.95767 2.22778 -0.391898
v -3.95874 2.03296 -0.61158
v -3.78091 2.029 -1.1144
v -3.94552 1.84363 -0.833189
v -3.92985 1.84486 -1.04806
v -0.646407 1.62035 0.906447
v -0.886131 1.60192 1.09488
v -1.10861 1.61375 1.28168
v -1.32999 1.61701 1.46707
v -1.55257 1.61843 1.65521
v -1.57137 1.62348 1.85594
v -1.78053 1.65579 1.84799
v -1.99928 1.89281 1.82782
v -2.218 2.08661 1.81995
v -2.44036 2.27858 1.81609
v -2.66428 2.46479 1.81221
v -2.88767 2.64428 1.8111
v -3.15364 2.79884 1.73761
v -3.37657 2.83733 1.76394
v -3.59796 3.00155 1.77178
v -3.61255 3.20478 1.77361
v -3.79802 3.38739 1.7548
v -3.91505 3.58758 1.46641
v -3.73996 2.58616 -1.95156
v -3.75758 2.40312 -1.72863
v -3.6801 2.78085 -2.14031
v -3.76913 2.21536 -1.5261
v -3.77884 2.02307 -1.32027
v -3.36681 2.35221 -2.06151
v -3.15006 2.12689 -2.0033
v -3.66068 2.53625 -2.12191
v -2.74425 1.64835 -1.83931
v -2.55257 1.64754 -1.62688
v -2.359 1.6479 -1.41437
v -2.1636 1.64859 -1.20213
v -1.96776 1.65317 -0.98936
v -1.76951 1.65391 -0.776089
v -1.56964 1.65105 -0.562809
v -1.36868 1.65078 -0.346394
v -1.18007 1.64543 -0.117935
v -0.982492 1.64189 -0.0787802
v -2.93542 1.68098 -2.0558
v -3.13365 1.95622 -2.0915
v -0.770012 1.69745 -0.16991
v -0.756152 1.87944 -0.165892
v -0.835022 2.14514 -0.249388
v -0.733174 1.93918 -0.372621
v 3.66654 1.24036 0.87996
v 3.66045 1.42556 1.08393
v 3.70432 1.0796 0.678016
v 3.66394 1.6436 1.28823
v 3.87663 1.70399 1.49807
v 3.87442 1.93456 1.70428
v 3.83097 2.17311 1.90711
v 3.60789 2.24339 2.11273
v 3.39462 2.02208 2.10656
v 3.19704 1.8066 2.0917
v 3.00174 1.59579 2.07911
v 2.79763 1.38802 2.07559
v 2.5911 1.18301 2.06883
v 2.38546 0.976882 2.05812
v 1.76823 0.967597 2.03959
v 1.55986 1.19 2.04012
v 1.35765 1.38747 2.03244
v 1.15503 1.5896 2.02671
v 0.952579 1.79325 2.01727
v 0.749002 2.19931 2.01006
v 0.749348 1.99728 2.00533
v 1.99094 0.746185 2.04028
v 2.19278 0.759706 2.05184
v -0.529704 1.71775 0.280152
v -0.542994 1.80419 0.478094
v -0.639007 1.62059 0.709544
v 1.81155 0.397274 -1.84351
v 2.12539 0.497851 -1.82911
v 2.4218 0.62727 -1.8199
v 2.68242 0.770775 -1.81327
v 2.93824 0.924902 -1.80841
v 3.39741 1.07078 -1.78934
v 3.59708 1.26838 -1.78494
v 3.16576 0.89325 -1.79937
v 3.77903 1.47133 -1.75412
v 1.15577 0.276885 -1.62857
v 0.916673 0.495788 -1.61645
v 1.35806 0.168128 -1.85776
v 1.69758 0.22948 -1.848
v 0.809406 0.599857 -1.17043
v 0.985098 0.481418 -1.31425
v 0.994451 0.459782 -1.48047
v 0.658435 0.748381 -0.991415
v 0.316062 0.961352 -0.848998
v 0.472597 0.861808 -0.819523
v 3.76515 1.47443 -1.54167
v 3.7611 1.28673 -1.34029
v 0.122885 1.05948 -0.670427
v 3.76285 1.10345 -1.13971
v -0.0296184 1.18371 -0.427188
v -0.41619 1.76138 -0.321097
v -3.86204 3.59193 1.27327
v -3.84633 3.39628 1.06807
v -3.88619 3.20115 0.866278
v -3.96013 3.00562 0.670935
v -4.00031 2.81043 0.461477
v -3.99434 2.61483 0.250944
v -3.98044 2.41976 0.0365986
v -3.97484 2.22676 -0.180224
v -3.95995 2.03029 -0.397216
v -3.95721 1.83928 -0.621629
v -3.77686 1.8367 -1.10908
v -3.91512 1.65963 -0.848149
v -3.91129 1.66081 -1.0615
v -0.873587 1.60122 0.893995
v -1.09554 1.61281 1.08137
v -1.31507 1.61769 1.26653
v -1.53538 1.61904 1.45343
v -1.75686 1.62972 1.64188
v -1.98426 1.65984 1.83033
v -1.64405 1.68418 1.8543
v -2.20198 1.87648 1.82037
v -2.42075 2.07413 1.81694
v -2.64316 2.26677 1.81198
v -2.86478 2.45264 1.81197
v -3.1305 2.67622 1.70272
v -3.21772 2.76844 1.75268
v -3.60046 2.76993 1.75787
v -3.78918 3.18503 1.75845
v -3.78638 2.98125 1.76396
v -3.88789 3.45213 1.69594
v -3.91614 3.38548 1.4652
v -3.93864 3.38315 1.66353
v -3.74614 2.39509 -1.90961
v -3.75777 2.20785 -1.72696
v -3.77095 2.01993 -1.52403
v -3.77705 1.82951 -1.3162
v -3.34812 2.153 -2.08167
v -3.41747 2.42067 -2.02562
v -3.68984 2.38067 -2.0336
v -3.44274 2.38016 -1.92985
v -2.94114 1.64447 -1.85066
v -2.751 1.64543 -1.63719
v -2.55825 1.64353 -1.42449
v -2.36445 1.64651 -1.21197
v -2.16944 1.64876 -0.999754
v -1.97313 1.65022 -0.787539
v -1.77562 1.65239 -0.575125
v -1.57767 1.65214 -0.361152
v -1.38484 1.64464 -0.144406
v -1.02405 1.65169 0.128333
v -1.21171 1.64284 0.0804965
v -0.798866 1.70553 -0.0467356
v -3.13109 1.68494 -2.06417
v -3.32078 1.94222 -2.08821
v -0.789771 2.0406 -0.0888067
v -0.55195 1.68017 -0.152387
v -0.990654 2.09638 -0.102858
v -0.860926 2.11146 -0.17541
v -0.745583 2.32691 -0.325116
v -0.631172 1.91413 -0.318383
v 3.71389 1.07131 0.881153
v 3.65614 1.21445 1.08256
v 3.65127 1.40951 1.28715
v 3.65217 1.63658 1.49096
v 3.86481 1.69822 1.69962
v 3.85775 1.92558 1.90724
v 3.72107 2.20551 2.01365
v 3.59207 2.04643 2.11898
v 3.39866 1.81835 2.106
v 3.20281 1.60205 2.08942
v 3.00162 1.39161 2.07743
v 2.7962 1.18407 2.07358
v 2.58973 0.978359 2.06479
v 2.38816 0.768626 2.05815
v 1.78788 0.702213 2.01887
v 1.56068 1.00004 2.03322
v 1.35666 1.19045 2.03438
v 1.15475 1.3885 2.02704
v 0.952492 1.59142 2.02063
v 0.749867 1.79493 2.01092
v 2.20531 0.548739 2.05006
v 2.01881 0.533015 2.04486
v -0.536349 1.76097 0.379123
v -0.631093 1.63377 0.526926
v -0.859944 1.60287 0.691816
v 2.01195 0.314699 -1.83802
v 2.36752 0.427863 -1.81895
v 2.62888 0.575602 -1.81304
v 2.88246 0.730667 -1.8096
v 3.39165 0.870206 -1.78782
v 3.60594 1.06348 -1.78085
v 3.77749 1.27682 -1.75324
v 3.03109 0.790647 -1.80426
v 1.10852 0.300637 -1.40666
v 1.33103 0.170833 -1.68578
v 0.881146 0.463923 -1.77399
v 1.56778 0.072888 -1.83115
v 1.90026 0.130713 -1.83924
v 0.780501 0.616494 -0.959014
v 0.972743 0.481348 -1.19134
v 1.09179 0.307141 -1.21769
v 0.631216 0.766025 -0.782775
v 0.284543 0.977915 -0.649715
v 0.430985 0.884869 -0.623637
v 3.76658 1.28168 -1.5434
v 3.7827 1.10339 -1.34235
v 0.120925 1.11033 -0.473649
v -0.113257 1.43629 -0.322046
v 0.0590862 1.36735 -0.321839
v -0.592534 1.95806 -0.453928
v -0.501293 1.87812 -0.322715
v -0.439897 1.94405 -0.441694
v -0.519345 1.94959 -0.369711
v -0.415774 1.86309 -0.42373
v -3.86112 3.3907 1.27147
v -3.8467 3.19618 1.06785
v -3.88466 3.00171 0.865731
v -3.96076 2.8077 0.673055
v -4.00104 2.61228 0.45909
v -3.99633 2.41828 0.247737
v -3.98263 2.22524 0.0299599
v -3.97134 2.03141 -0.186659
v -3.96794 1.83852 -0.408736
v -3.92749 1.65041 -0.633737
v -3.74254 1.64364 -1.08255
v -3.74549 1.63432 -0.853951
v -1.08134 1.61121 0.880172
v -1.30025 1.63 1.06646
v -1.51918 1.61678 1.2519
v -1.7388 1.62908 1.43946
v -1.96102 1.63794 1.62893
v -2.18771 1.65078 1.82487
v -2.40424 1.86495 1.81722
v -2.62456 2.06451 1.81122
v -2.84581 2.25607 1.8128
v -3.06274 2.44248 1.79213
v -3.25109 2.60832 1.78664
v -3.46724 2.61179 1.7227
v -3.78858 2.77258 1.77498
v -3.95498 2.96979 1.6651
v -3.94089 3.17945 1.66334
v -3.91594 3.18442 1.46554
v -3.74778 2.19757 -1.90553
v -3.76167 2.01836 -1.72526
v -3.7695 1.82883 -1.51981
v -3.7353 1.64914 -1.29838
v -3.40041 2.13428 -1.93598
v -3.60907 2.15745 -2.03612
v -3.13563 1.64509 -1.86194
v -2.94762 1.64285 -1.64772
v -2.75711 1.64421 -1.43463
v -2.56488 1.64096 -1.22158
v -2.37017 1.64524 -1.00946
v -2.17535 1.64671 -0.797779
v -1.97962 1.64862 -0.586278
v -1.78365 1.64951 -0.374568
v -1.59172 1.64562 -0.161837
v -1.40965 1.6445 0.0526511
v -0.889613 1.76613 0.177162
v -1.02407 1.63544 0.289041
v -1.23363 1.64402 0.27352
v -0.599676 1.65842 0.0111247
v -3.32275 1.68435 -2.0731
v -3.50379 1.96825 -2.1088
v -0.860201 2.01874 -0.178621
v -0.628842 1.80207 -0.0430259
v -0.88045 2.08282 -0.122358
v -0.836393 2.34238 -0.182772
v -0.590036 2.13138 -0.321171
v -0.758855 2.12522 -0.495615
v 3.75062 1.05846 1.08568
v 3.64362 1.18873 1.28559
v 3.64236 1.39953 1.4902
v 3.63986 1.62598 1.69305
v 3.85001 1.69069 1.90059
v 3.77278 2.12976 2.08976
v 3.78743 1.8906 2.09718
v 3.74909 2.24029 2.05461
v 3.59557 1.84265 2.11726
v 3.40342 1.60939 2.10453
v 3.20325 1.39603 2.08721
v 3.00024 1.187 2.07509
v 2.79265 0.978903 2.07153
v 2.58667 0.772307 2.06325
v 2.39059 0.556147 2.05571
v 1.82375 0.507552 2.03795
v 1.57871 0.652377 2.03373
v 1.56464 0.827077 2.03141
v 1.63118 0.931572 2.03474
v 1.35778 0.999471 2.02731
v 1.15507 1.18902 2.02922
v 0.952832 1.38922 2.02171
v 0.750399 1.59254 2.01398
v 0.547114 1.79642 2.00374
v 0.545308 1.99831 1.99712
v 2.04617 0.319839 2.04193
v 2.21623 0.333428 2.04865
v -0.611243 1.74001 0.264726
v -0.623855 1.67056 0.380902
v -0.841162 1.59244 0.480762
v -1.06641 1.61204 0.677735
v 2.18521 0.259907 -1.8254
v 2.58366 0.374988 -1.8114
v 2.82736 0.534455 -1.809
v 3.15185 0.692722 -1.7994
v 3.38634 0.669768 -1.78623
v 3.60317 0.857994 -1.77894
v 3.83364 1.07892 -1.76166
v 0.833866 0.546357 -1.56712
v 1.31037 0.225519 -1.35199
v 1.31404 0.196157 -1.52445
v 1.26695 0.214625 -1.61293
v 1.49308 0.00751806 -1.6708
v 1.80508 -0.0479167 -1.81732
v 2.11312 0.0624582 -1.83241
v 0.744689 0.626834 -0.735896
v 0.901282 0.545983 -1.06794
v 1.02065 0.423559 -1.16215
v 1.28611 0.256446 -1.16772
v 0.577352 0.788569 -0.582319
v 0.246596 1.00787 -0.444254
v 0.376789 0.917166 -0.429479
v 3.79387 1.09623 -1.54772
v 0.135809 1.09619 -0.303236
v 0.203285 1.32945 -0.346704
v -0.752616 2.06731 -0.596652
v -0.360449 1.93851 -0.513677
v -3.85601 3.19086 1.27282
v -3.84569 2.99696 1.06691
v -3.88425 2.8034 0.867698
v -3.96261 2.61029 0.674009
v -4.00232 2.41515 0.456791
v -3.99848 2.22242 0.242096
v -3.98196 2.02992 0.0239377
v -3.97326 1.83798 -0.194982
v -3.93573 1.64892 -0.421762
v -3.74657 1.63172 -0.637079
v -3.55445 1.6375 -0.847675
v -3.54954 1.63867 -1.06134
v -1.28473 1.62622 0.865114
v -1.50331 1.62598 1.05109
v -1.72221 1.62832 1.23763
v -1.942 1.63862 1.42592
v -2.16495 1.63776 1.61635
v -2.39107 1.64868 1.80964
v -2.60829 1.85885 1.80806
v -2.82706 2.05692 1.81057
v -3.04995 2.2422 1.79918
v -3.11841 2.51866 1.71093
v -3.23289 2.45369 1.77461
v -3.43231 2.41832 1.7144
v -3.92348 2.77282 1.66751
v -3.77239 2.5615 1.77674
v -3.61392 2.57514 1.70744
v -3.91819 2.9835 1.46596
v -3.69239 2.20016 -2.08756
v -3.74803 2.01696 -1.91925
v -3.76419 1.82852 -1.72294
v -3.72888 1.65084 -1.50549
v -3.54336 1.63719 -1.27451
v -3.32892 1.64234 -1.87422
v -3.14267 1.64371 -1.65899
v -2.95529 1.64303 -1.44442
v -2.76394 1.64292 -1.2313
v -2.57043 1.64166 -1.01871
v -2.37653 1.64334 -0.807152
v -2.18205 1.64469 -0.596374
v -1.9882 1.64744 -0.385676
v -1.79676 1.64833 -0.175318
v -1.6115 1.6422 0.0361153
v -1.43278 1.63071 0.250225
v -0.78966 1.72544 0.284259
v -0.762718 1.71003 0.0471836
v -1.04619 1.61657 0.474905
v -1.25014 1.61877 0.463244
v -3.5102 1.69867 -2.09219
v -3.69759 1.99465 -2.1212
v -0.601982 1.86795 0.00625132
v -0.918361 2.05789 -0.212802
v -0.65454 2.28007 -0.119352
v -0.764109 2.32556 -0.504086
v -0.887091 2.44896 -0.189596
v -0.902543 2.43283 -0.429545
v 3.76064 1.04746 1.28941
v 3.63457 1.16899 1.48937
v 3.63447 1.39184 1.69315
v 3.62495 1.61483 1.8942
v 3.80186 1.67845 2.08907
v 3.60948 1.61597 2.10172
v 3.40218 1.39856 2.10358
v 3.20247 1.18978 2.08615
v 2.99569 0.981154 2.07268
v 2.78689 0.772049 2.06965
v 2.58325 0.559062 2.06299
v 2.38362 0.340707 2.05305
v 1.85272 0.298922 2.02829
v 1.62152 0.472469 2.01944
v 1.36371 0.808348 2.02483
v 1.37831 0.617097 2.02513
v 1.15759 0.991407 2.02318
v 0.953856 1.18722 2.02379
v 0.751301 1.38969 2.01488
v 0.548562 1.59351 2.00701
v 0.344371 1.79753 1.99618
v 0.341746 1.99747 1.98617
v 2.28665 0.11402 2.03897
v 2.08382 0.107126 2.02875
v -0.595183 1.68748 0.219051
v -0.734318 1.87663 0.287354
v -0.772309 1.84303 0.394488
v -1.26885 1.61385 0.663785
v 2.29944 0.302424 -1.82135
v 2.34558 0.219504 -1.81969
v 2.54746 0.171015 -1.80976
v 2.78411 0.333703 -1.80604
v 3.01462 0.505711 -1.80107
v 3.01715 0.711695 -1.8045
v 3.18906 0.485257 -1.79337
v 3.38199 0.468377 -1.78518
v 3.59474 0.656773 -1.77849
v 3.81507 0.845781 -1.76764
v 1.45796 0.0769529 -1.31164
v 1.44968 0.0118112 -1.48923
v 1.75846 -0.0180741 -1.61789
v 1.96998 -0.0160236 -1.82235
v 2.3144 0.0193118 -1.82103
v 0.716816 0.691911 -0.517517
v 0.877898 0.575583 -0.839703
v 0.969179 0.519787 -0.96021
v 0.974582 0.512432 -1.05872
v 1.07901 0.335459 -1.02875
v 1.24669 0.288741 -0.982324
v 1.42257 0.123289 -1.13288
v 0.572378 0.841441 -0.351062
v -0.462454 1.97902 -0.52288
v -0.534433 2.12644 -0.400346
v -3.85559 2.9915 1.27127
v -3.84198 2.79817 1.06506
v -3.88546 2.60499 0.86853
v -3.95944 2.41227 0.672275
v -4.00169 2.21934 0.45289
v -4.00048 2.02854 0.235321
v -3.98609 1.83761 0.0171391
v -3.94169 1.64937 -0.206511
v -3.7514 1.63174 -0.4252
v -3.55739 1.63587 -0.635705
v -3.36144 1.63898 -0.842161
v -3.35612 1.63939 -1.05136
v -1.48707 1.61688 0.850785
v -1.70568 1.62899 1.03617
v -1.9241 1.63797 1.22415
v -2.14591 1.63899 1.41307
v -2.36886 1.63609 1.60332
v -2.5943 1.6467 1.79706
v -2.81298 1.85341 1.80598
v -3.02086 2.0433 1.79241
v -3.14696 2.2235 1.64102
v -3.162 2.43729 1.63794
v -3.2245 2.25657 1.77597
v -3.42501 2.22624 1.71607
v -3.91448 2.56935 1.6748
v -3.92199 2.78423 1.46609
v -3.74864 2.35245 1.77333
v -3.60522 2.36663 1.6779
v -3.75174 1.83795 -1.92141
v -3.72307 1.65517 -1.70999
v -3.5367 1.63862 -1.48284
v -3.35064 1.63839 -1.26178
v -3.52134 1.64257 -1.89033
v -3.33713 1.64339 -1.6721
v -3.15114 1.64242 -1.45518
v -2.96121 1.64033 -1.24049
v -2.76992 1.63945 -1.02753
v -2.57615 1.64129 -0.815651
v -2.38304 1.64362 -0.605431
v -2.1905 1.64604 -0.395831
v -2.00007 1.64696 -0.186433
v -1.81369 1.645 0.0229959
v -1.63294 1.63417 0.233824
v -1.45234 1.61721 0.447999
v -0.727187 1.74349 0.162143
v -0.600829 1.76318 0.00868799
v -3.69911 1.72286 -2.10746
v -0.992181 2.06161 0.0480689
v -0.962981 2.09546 0.207377
v -0.797046 2.09658 0.0863994
v -0.717732 2.35016 0.0701275
v -0.692971 2.45617 -0.573409
v -0.675824 2.50101 -0.362598
v -0.550601 2.30826 -0.41109
v -0.808583 2.39084 -0.0453213
v -0.997052 2.46776 -0.0756368
v -0.799602 2.46231 -0.317823
v 3.76751 1.03877 1.49291
v 3.62612 1.15501 1.69365
v 3.62464 1.38619 1.89572
v 3.60529 1.39351 2.10096
v 3.40042 1.19125 2.10264
v 3.19736 0.982452 2.08503
v 2.98908 0.773412 2.07058
v 2.78058 0.559182 2.06766
v 2.57263 0.342134 2.06059
v 2.40014 0.250587 2.05136
v 1.88236 0.0860118 2.02057
v 1.65385 0.268968 2.01917
v 1.41312 0.43342 1.9927
v 1.17521 0.593587 2.0179
v 1.16344 0.793651 2.0203
v 0.956577 0.985629 2.01901
v 0.752885 1.18682 2.01637
v 0.550059 1.39057 2.00718
v 0.346869 1.59439 2.00128
v 2.11698 -0.120027 2.01067
v 2.32395 -0.110836 2.02534
v -0.560538 1.66575 0.141716
v -0.660661 1.65721 0.15795
v -0.801043 1.7203 0.386503
v -1.47013 1.617 0.649197
v 2.51854 -0.0261159 -1.80965
v 2.74838 0.130591 -1.80073
v 2.97877 0.304691 -1.79673
v 3.1721 0.281887 -1.78798
v 3.36822 0.266043 -1.78179
v 3.5842 0.456575 -1.78136
v 3.79958 0.646829 -1.76654
v 4.03491 0.780976 -1.68326
v 4.07731 0.978204 -1.69487
v 1.73816 -0.0307406 -1.44301
v 1.72061 -0.0179111 -1.24878
v 1.88111 -0.130311 -1.62712
v 1.94551 -0.0910963 -1.81337
v 2.08593 -0.134276 -1.80942
v 2.29774 -0.146917 -1.7955
v 0.679284 0.943293 -0.396713
v 0.879852 0.595927 -0.503729
v 0.940355 0.569937 -0.708861
v 1.0496 0.373318 -0.845226
v 1.19503 0.30649 -0.809837
v 1.43643 0.147173 -0.937113
v 1.59725 0.00162625 -1.09209
v -0.577153 2.06028 -0.603601
v -0.312185 2.12667 -0.501712
v -0.342237 1.99418 -0.601501
v -3.85635 2.79109 1.27031
v -3.84051 2.60016 1.06304
v -3.88523 2.40812 0.867986
v -3.95918 2.21584 0.668749
v -4.00226 2.02469 0.448155
v -3.99862 1.8358 0.227737
v -3.94838 1.65132 0.00744029
v -3.75467 1.63256 -0.214147
v -3.55992 1.63559 -0.424509
v -3.36519 1.63724 -0.632578
v -3.16218 1.63954 -1.04304
v -3.16771 1.63897 -0.836276
v -1.68847 1.62912 0.834992
v -1.90615 1.63742 1.02288
v -2.12716 1.63939 1.21118
v -2.35063 1.63729 1.40028
v -2.57377 1.63448 1.59065
v -2.80063 1.63991 1.79035
v -3.01743 1.85133 1.80604
v -3.13652 1.97788 1.63966
v -3.35963 2.19453 1.60859
v -3.37287 2.40008 1.60229
v -3.39237 2.59874 1.59853
v -3.2032 2.05758 1.76978
v -3.40806 2.01505 1.69922
v -3.9226 2.58481 1.46705
v -3.90907 2.3641 1.67158
v -3.72631 2.1366 1.76053
v -3.57097 2.14372 1.67141
v -3.72135 1.84764 -1.99655
v -3.71028 1.66579 -1.9134
v -3.5292 1.64125 -1.68788
v -3.34374 1.64098 -1.46798
v -3.15744 1.63963 -1.24999
v -2.96731 1.64001 -1.03587
v -2.77502 1.64051 -0.823241
v -2.58301 1.6423 -0.613168
v -2.39106 1.64518 -0.404278
v -2.20142 1.64511 -0.19588
v -2.01525 1.64451 0.0123854
v -1.83496 1.64241 0.220146
v -1.653 1.62938 0.433019
v -0.696326 1.91024 0.180221
v -0.417465 1.60787 0.0403018
v -0.378662 1.77182 0.0451948
v -0.867097 2.2088 0.222177
v -0.771213 2.32214 0.236977
v -0.555184 2.45809 -0.48235
v -0.647839 2.49111 -0.440586
v -0.308002 2.29606 -0.473089
v -0.985301 2.45218 0.124832
v -0.818515 2.38672 0.148318
v -0.770959 2.45913 0.0371583
v -0.786968 2.60183 -0.28226
v 3.61941 1.15378 1.89789
v 3.60179 1.16206 2.10326
v 3.39677 0.981379 2.10127
v 3.19047 0.772746 2.08495
v 2.98167 0.563402 2.06687
v 2.7701 0.34171 2.06811
v 1.90509 -0.151581 1.9845
v 1.68248 0.0593049 2.00933
v 1.45509 0.233301 2.01064
v 1.20556 0.392839 2.00903
v 0.975333 0.575963 2.01147
v 0.962425 0.7827 2.01608
v 0.755993 0.982527 2.01163
v 0.551694 1.18666 2.00889
v 0.348627 1.3915 1.99956
v 0.145144 1.5951 1.99546
v 0.144393 1.79146 1.96643
v 2.53236 -0.111675 2.03862
v 2.54157 0.122649 2.05552
v 2.13666 -0.13908 1.79332
v 2.34392 -0.129998 1.82015
v -1.67109 1.62825 0.633713
v 2.50443 -0.157967 -1.78053
v 2.71919 -0.105258 -1.80237
v 2.94884 0.0992617 -1.78911
v 3.14828 0.0758042 -1.78132
v 3.35081 0.0618589 -1.77419
v 3.56991 0.254383 -1.78137
v 3.79806 0.4672 -1.7529
v 3.98075 0.581543 -1.69039
v 4.10316 0.75631 -1.49785
v 4.14641 0.954166 -1.50022
v 1.87318 -0.12932 -1.43484
v 1.86888 -0.12701 -1.23924
v 2.08372 -0.13613 -1.61524
v 2.28911 -0.142242 -1.60409
v 0.583968 1.20614 -0.417729
v 0.528175 0.98055 -0.418081
v 1.00607 0.474274 -0.522106
v 1.0542 0.445053 -0.674213
v 0.954767 0.544862 -0.834535
v 1.00543 0.457171 -0.945488
v 1.14724 0.361945 -0.609205
v 1.30542 0.135703 -0.734864
v 1.55889 0.0602012 -0.903021
v 1.67966 -0.0110303 -1.1366
v -3.86099 2.59348 1.26688
v -3.84017 2.40254 1.06097
v -3.88719 2.21279 0.866363
v -3.95971 2.02034 0.66447
v -4.00184 1.83162 0.441699
v -3.95198 1.6532 0.221852
v -3.75673 1.63717 -0.00172894
v -3.56328 1.63471 -0.216254
v -3.3676 1.63718 -0.424003
v -3.17198 1.63832 -0.629247
v -2.97207 1.63985 -0.829948
v -1.88902 1.63662 0.821521
v -2.10723 1.6389 1.01045
v -2.33166 1.63938 1.19873
v -2.55452 1.63607 1.38724
v -2.77957 1.63295 1.57949
v -3.00916 1.63796 1.78244
v -3.22059 1.8562 1.77714
v -3.35204 1.96968 1.60662
v -3.57821 2.17376 1.58259
v -3.59102 2.37573 1.58119
v -3.606 2.57378 1.58239
v -3.2798 2.8511 1.67665
v -3.42222 2.79244 1.6018
v -3.44954 1.86511 1.76159
v -3.92213 2.38601 1.46785
v -3.9075 2.15832 1.67272
v -2.78042 1.64133 -0.61972
v -2.59001 1.64309 -0.411308
v -2.40136 1.64406 -0.203817
v -2.21585 1.64349 0.0032917
v -2.03451 1.64224 0.210147
v -1.85425 1.63601 0.419159
v -0.868053 1.96598 0.389784
v -0.818742 2.22656 0.273713
v -0.73126 2.05132 0.152374
v -0.66651 2.45788 -0.524279
v -0.452142 2.37771 -0.500781
v -0.563842 2.58087 -0.267493
v -0.751374 2.45939 -0.517078
v -0.774076 2.45202 0.230401
v -0.919686 2.41903 0.312154
v -0.792026 2.63186 0.0406427
v -0.766056 2.60753 -0.16956
v -0.813372 2.55277 -0.213806
v 3.59407 0.992467 2.12564
v 3.38837 0.771972 2.10083
v 3.18406 0.562363 2.08311
v 2.97372 0.345989 2.06472
v 2.75655 0.12054 2.0664
v 1.92149 -0.179676 1.74223
v 1.71837 -0.141013 1.99706
v 1.48893 0.0271968 1.99912
v 1.25397 0.202436 2.00137
v 1.00067 0.368452 2.0057
v 0.772542 0.568685 2.00644
v 0.761913 0.776334 2.00913
v 0.554806 0.981794 2.0054
v 0.350213 1.18766 2.00037
v 0.147102 1.393 1.99291
v 2.55053 -0.130928 1.8377
v 2.74388 -0.122841 2.0515
v 2.36512 -0.13093 1.62537
v 2.16643 -0.150209 1.59871
v -1.87169 1.63498 0.620116
v 2.49519 -0.145113 -1.59485
v 2.58072 -0.0964469 -1.79752
v 2.92308 -0.132375 -1.78525
v 3.12727 -0.145732 -1.77691
v 3.33231 -0.153751 -1.77075
v 3.55354 0.0493588 -1.77057
v 3.77661 0.252427 -1.7598
v 3.85946 0.565191 -1.73661
v 4.00132 0.562887 -1.49944
v 4.10139 0.755089 -1.30104
v 4.14803 0.960398 -1.30375
v 1.72112 -0.0168059 -1.06894
v 1.85598 -0.125331 -1.04649
v 2.07388 -0.13037 -1.42011
v 2.06336 -0.130363 -1.22464
v 2.2775 -0.140058 -1.40721
v 0.73206 1.14716 -0.357653
v 0.832617 0.979957 -0.411509
v 1.09053 0.429058 -0.5335
v 0.838728 0.62659 -0.305362
v 0.985517 0.532997 -0.297252
v 1.40163 0.164017 -0.487519
v 1.43881 0.167058 -0.711974
v 1.54189 0.083808 -0.686462
v 1.73161 0.0395378 -0.875945
v -3.86057 2.39552 1.26582
v -3.84065 2.2045 1.06049
v -3.88694 2.01779 0.863585
v -3.95465 1.82597 0.655911
v -3.95266 1.646 0.434604
v -3.7526 1.63766 0.208387
v -3.56236 1.6378 -0.00768782
v -3.37014 1.63625 -0.217896
v -3.17411 1.63849 -0.422467
v -2.97683 1.64084 -0.625148
v -2.09027 1.64035 0.809352
v -2.3129 1.64174 0.998366
v -2.53645 1.6387 1.18645
v -2.75991 1.63548 1.37459
v -2.98559 1.6327 1.56725
v -3.22479 1.63726 1.77541
v -3.57056 1.96203 1.58936
v -3.62288 2.76841 1.58606
v -3.42722 2.99138 1.60222
v -3.18704 2.97415 1.65422
v -3.4464 1.63895 1.76275
v -3.92092 2.1873 1.46859
v -3.90173 1.94712 1.67403
v -3.69905 1.91337 1.75693
v -2.786 1.64263 -0.416763
v -2.59828 1.6437 -0.210021
v -2.41607 1.64293 -0.00448942
v -2.23329 1.64302 0.202425
v -2.05484 1.64193 0.409038
v -0.752615 2.07146 0.280182
v -0.874029 2.00866 0.279489
v -0.770035 2.32632 0.376468
v -0.467368 2.42808 -0.539909
v -0.638899 2.69273 -0.348094
v -0.379552 2.39808 -0.597468
v -0.750033 2.66387 0.272436
v -0.987447 2.43686 0.207544
v -0.733598 2.46509 0.413131
v -0.73804 2.7594 0.0306133
v -0.682158 2.73469 -0.166776
v 3.66559 1.04504 2.11213
v 3.58392 0.765613 2.11897
v 3.38432 0.560339 2.10164
v 3.1785 0.347241 2.08009
v 2.96402 0.119696 2.06828
v 1.98681 -0.238904 1.55834
v 1.79523 -0.325351 1.76011
v 1.76588 -0.284874 1.95255
v 1.79644 -0.192489 1.97804
v 1.52986 -0.17899 1.98742
v 1.29464 -0.00822762 1.99128
v 1.0476 0.1661 1.97416
v 0.793395 0.357268 2.00533
v 0.559972 0.775941 2.00251
v 0.568352 0.568431 2.00007
v 0.353102 0.982946 1.99929
v 0.148603 1.18975 1.99322
v -0.05579 1.59784 1.98588
v -0.0545884 1.39537 1.986
v 2.75702 -0.139479 1.85052
v 2.56874 -0.131324 1.63998
v 2.95264 -0.129858 2.06096
v 2.38944 -0.10366 1.43525
v 2.19382 -0.120551 1.41593
v -2.07339 1.64203 0.60876
v 2.48305 -0.143159 -1.39577
v 2.70136 -0.14695 -1.58627
v 2.90707 -0.151201 -1.57699
v 3.1137 -0.157653 -1.56809
v 3.31877 -0.162372 -1.55969
v 3.53593 -0.160936 -1.76626
v 3.76088 0.0464708 -1.75952
v 3.77145 0.263092 -1.54328
v 3.79168 0.479351 -1.53687
v 4.0016 0.5683 -1.30395
v 4.09991 0.753711 -1.10203
v 4.14564 0.945887 -1.10408
v 1.83515 -0.109615 -0.857407
v 2.0503 -0.132223 -1.02907
v 2.26531 -0.140207 -1.20933
v 0.578499 1.33663 -0.333678
v 0.736609 1.27824 -0.321999
v 1.08373 0.446097 -0.461361
v 1.01579 0.425869 -0.265575
v 1.1614 0.417921 -0.400617
v 1.38934 0.283606 -0.340324
v 1.50633 0.0618907 -0.452706
v 1.71668 0.0245638 -0.635706
v -3.85925 2.19743 1.26561
v -3.83951 2.00779 1.06003
v -3.88284 1.82517 0.860114
v -3.91598 1.64001 0.646804
v -3.74376 1.63841 0.418012
v -3.55703 1.63816 0.198985
v -3.3683 1.63875 -0.01194
v -3.17682 1.63805 -0.217949
v -2.97962 1.64013 -0.420149
v -2.29553 1.64146 0.798526
v -2.51854 1.64047 0.9872
v -2.74252 1.6384 1.1737
v -2.96487 1.63602 1.36057
v -3.19503 1.63455 1.55438
v -3.62644 2.96348 1.57931
v -3.66908 1.6622 1.72449
v -3.4038 1.63455 1.53452
v -3.92132 1.98816 1.4681
v -3.87231 1.71196 1.65422
v -2.79331 1.6426 -0.214659
v -2.61231 1.64241 -0.0099208
v -2.43412 1.64195 0.195019
v -2.25443 1.64153 0.400774
v -0.877933 2.0354 0.365411
v -0.670367 2.02872 0.405242
v -1.01313 2.06876 0.426267
v -0.829654 2.00285 0.193799
v -0.722382 2.1801 0.325566
v -0.289255 2.48123 -0.451628
v -0.674398 2.65696 0.498592
v -1.05736 2.43937 0.185648
v -0.566651 2.39424 0.51176
v -0.69215 2.28874 0.37095
v 3.80091 0.980585 2.10749
v 3.79632 0.748312 2.09049
v 3.59498 0.44938 2.10493
v 3.38247 0.349652 2.09933
v 3.17145 0.118815 2.0792
v 2.02596 -0.18788 1.37845
v 1.81868 -0.379901 1.57093
v 1.59937 -0.385036 1.97918
v 1.33729 -0.216102 1.98354
v 1.09552 -0.0435157 1.97904
v 0.8345 0.135949 1.99764
v 0.581255 0.360277 1.99552
v 0.357033 0.777943 1.99791
v 0.362318 0.572712 1.99621
v 0.150799 0.985868 1.99341
v -0.0531712 1.19245 1.98612
v -0.255907 1.3987 1.97843
v -0.256924 1.60051 1.98349
v 2.77328 -0.131212 1.65065
v 2.96343 -0.149217 1.86107
v 2.58735 -0.095351 1.44555
v 3.16037 -0.140017 2.07594
v -2.27714 1.64131 0.599064
v 2.6892 -0.14493 -1.38478
v 2.46997 -0.141809 -1.19548
v 2.89529 -0.145592 -1.37427
v 3.10185 -0.150381 -1.36428
v 3.30838 -0.156444 -1.35489
v 3.52278 -0.165206 -1.551
v 3.73758 -0.155154 -1.74225
v 3.76022 0.0553607 -1.54142
v 3.76208 0.266772 -1.33734
v 3.78697 0.483018 -1.33078
v 3.99372 0.572229 -1.10716
v 4.09265 0.753925 -0.901867
v 4.13837 0.948938 -0.901936
v 1.80431 -0.0907411 -0.681841
v 2.03187 -0.126724 -0.835686
v 2.25122 -0.139797 -1.01147
v 0.611581 1.50207 -0.231226
v 0.713169 1.48458 -0.391491
v 0.767418 1.22827 -0.377716
v 1.08697 0.429962 -0.375851
v 1.46921 0.145939 -0.296941
v 1.643 0.103475 -0.423216
v -3.85545 2.00233 1.26636
v -3.86382 1.8172 1.06151
v -3.86569 1.6457 0.855617
v -3.72553 1.63866 0.629818
v -3.54613 1.63876 0.407529
v -3.35854 1.63879 0.193656
v -3.17554 1.63982 -0.0145286
v -2.98504 1.64046 -0.217171
v -2.50152 1.64095 0.788377
v -2.72555 1.63984 0.976189
v -2.94687 1.63872 1.15963
v -3.16949 1.6368 1.34172
v -3.61345 1.63361 1.50419
v -3.37164 1.63702 1.31733
v -3.91272 1.79615 1.46342
v -3.84334 1.63132 1.46693
v -2.80208 1.6417 -0.013336
v -2.63205 1.64111 0.189672
v -2.45727 1.64054 0.393113
v -0.728189 2.26505 0.357661
v -0.483487 2.60717 0.4511
v -0.680679 2.80978 0.348631
v -0.571255 2.74769 0.25606
v -0.626813 2.30825 0.449675
v 3.87452 0.735421 1.90347
v 3.92725 0.935414 1.91289
v 3.7751 0.532001 2.10154
v 3.59357 0.311586 2.10495
v 3.37872 0.12479 2.09768
v 1.3907 -0.421335 1.98398
v 1.13597 -0.248489 1.97275
v 0.892902 -0.0749461 1.95797
v 0.597288 0.151068 2.00104
v 0.369435 0.366532 1.99471
v 0.157173 0.576594 1.99283
v 0.153626 0.78148 1.99343
v -0.0516091 0.989052 1.98672
v -0.255128 1.19546 1.9797
v 2.97781 -0.136815 1.66052
v 2.78906 -0.101572 1.45273
v 3.17118 -0.161028 1.87211
v 3.36978 -0.148804 2.09316
v -2.48137 1.64059 0.590538
v 2.67613 -0.142881 -1.18318
v 2.45568 -0.139835 -0.995782
v 2.88319 -0.142978 -1.17207
v 3.09041 -0.145449 -1.16163
v 3.29752 -0.153374 -1.15164
v 3.51517 -0.159122 -1.345
v 3.73309 -0.160091 -1.53803
v 3.75002 0.0577452 -1.33669
v 3.75304 0.269847 -1.13287
v 3.77719 0.487079 -1.12837
v 3.98565 0.566759 -0.90775
v 4.08537 0.754959 -0.700917
v 4.12643 0.948683 -0.700243
v 1.93693 -0.103453 -0.466577
v 1.99988 -0.116318 -0.646563
v 2.23212 -0.139274 -0.814201
v 0.833586 1.25941 -0.453495
v 0.91585 1.47045 -0.396527
v 1.52879 0.161123 -0.215224
v 1.66112 0.0431123 -0.280294
v 1.81347 0.129824 -0.319904
v 1.60348 0.0694928 -0.385405
v -3.86848 1.81272 1.26455
v -3.79832 1.6325 1.06036
v -3.72467 1.63648 0.846676
v -3.53373 1.6378 0.619242
v -3.34515 1.63922 0.398487
v -3.15951 1.6398 0.188036
v -2.98834 1.64058 -0.0150045
v -2.70889 1.6404 0.780369
v -2.93173 1.63969 0.966812
v -3.14922 1.63884 1.1377
v -3.57857 1.63725 1.28977
v -3.34818 1.63884 1.09637
v -3.87612 1.71314 1.52819
v -3.81335 1.63582 1.26661
v -2.81671 1.64058 0.18666
v -2.66406 1.64009 0.386302
v -0.462735 2.50221 0.483974
v -0.582335 2.6119 0.422137
v -0.589121 2.57157 0.31672
v -0.62164 2.24177 0.466317
v 3.81563 0.532549 1.90025
v 3.89342 0.954244 2.0427
v 3.89061 0.73991 1.70217
v 3.93937 0.936464 1.70641
v 3.6165 0.449695 1.89441
v 3.60286 0.321411 2.02072
v 3.59217 0.173792 2.10498
v 1.18001 -0.452315 1.98352
v 0.37401 0.164266 1.99334
v 0.160765 0.372293 1.99328
v -0.0498672 0.785394 1.98805
v -0.0480713 0.581638 1.98789
v -0.25417 0.992081 1.98097
v -0.457095 1.19938 1.97471
v -0.45773 1.40062 1.97062
v 3.18384 -0.139943 1.67076
v 2.99286 -0.111213 1.46021
v 3.38001 -0.171106 1.88261
v 3.59073 -0.0311493 2.09908
v -2.68957 1.64041 0.583827
v 2.66211 -0.139448 -0.98159
v 2.43783 -0.137185 -0.795584
v 2.87039 -0.14065 -0.969908
v 3.07853 -0.14155 -0.959239
v 3.28676 -0.148669 -0.949222
v 3.50512 -0.156391 -1.14198
v 3.72853 -0.153393 -1.335
v 3.74182 0.0604865 -1.13296
v 3.74521 0.272613 -0.929759
v 3.76583 0.487966 -0.927223
v 3.985 0.569709 -0.707358
v 4.07965 0.756588 -0.499079
v 4.13043 0.948024 -0.496256
v 2.1735 -0.123587 -0.419369
v 2.20703 -0.135507 -0.616531
v 1.52459 0.212581 -0.311479
v 1.68083 0.238099 -0.250318
v -3.79623 1.63823 0.920883
v -3.53328 1.6384 0.842025
v -3.33652 1.63838 0.604676
v -3.11054 1.63979 0.389089
v -2.9808 1.64033 0.18612
v -2.91902 1.63982 0.77647
v -3.13575 1.63924 0.95501
v -3.54913 1.63875 1.06843
v -3.33416 1.6384 0.833161
v -2.86077 1.64017 0.384683
v -0.338068 2.50522 0.489061
v 3.82537 0.541007 1.69877
v 3.95209 0.946733 2.10773
v 3.9042 0.743821 1.50059
v 3.9578 0.932249 1.50372
v 3.63022 0.462499 1.69094
v 0.161811 0.171457 1.99139
v -0.0469306 0.379056 1.98903
v -0.252557 0.586075 1.98329
v -0.253369 0.789092 1.98221
v -0.456969 0.996655 1.97558
v 3.1952 -0.133323 1.46846
v 3.38995 -0.162111 1.67853
v 3.5837 -0.198865 2.09143
v 3.59735 -0.191525 1.88758
v 3.61708 0.222601 1.89433
v 3.60969 0.0130173 1.8918
v 3.51474 -0.126273 2.09456
v -2.90434 1.64004 0.582107
v 2.64641 -0.138017 -0.779973
v 2.41627 -0.135771 -0.595426
v 2.85651 -0.138806 -0.767723
v 3.27614 -0.143415 -0.747287
v 3.06748 -0.138381 -0.757197
v 3.49481 -0.153703 -0.939628
v 3.7175 -0.153808 -1.13236
v 3.73309 0.0619799 -0.930191
v 3.7382 0.27439 -0.727404
v 3.75991 0.491854 -0.724614
v 3.98418 0.572249 -0.506949
v 4.06706 0.758734 -0.297246
v 4.113 0.951669 -0.292988
v 2.39414 -0.130685 -0.395376
v -3.12622 1.63956 0.589823
v -3.08362 1.63997 0.254415
v -3.12837 1.63948 0.783709
v -3.19942 1.63904 0.857293
v -0.146404 2.68554 0.553364
v -0.297187 2.76189 0.422853
v 3.82979 0.552152 1.49672
v 3.91797 0.74788 1.30115
v 3.97207 0.939918 1.30652
v 3.64373 0.467449 1.48834
v 3.62666 0.236293 1.69103
v -0.046494 0.177205 1.98953
v -0.252677 0.384335 1.98425
v -0.456923 0.590837 1.97823
v -0.456967 0.793582 1.97678
v -0.659315 1.20242 1.96819
v -0.65964 1.00054 1.97034
v 3.39901 -0.158471 1.47582
v 3.20785 -0.113567 1.26696
v 3.00717 -0.0710154 1.26068
v 3.60154 -0.17592 1.68415
v 3.62007 0.0286873 1.68823
v 2.62801 -0.136016 -0.578692
v 2.84233 -0.135846 -0.565739
v 3.48466 -0.15055 -0.737782
v 3.05646 -0.13573 -0.555148
v 3.26728 -0.139819 -0.545615
v 3.70783 -0.151697 -0.929848
v 3.72496 0.0645721 -0.727925
v 3.73033 0.275185 -0.525771
v 3.75162 0.490704 -0.523127
v 3.96777 0.577869 -0.308094
v 4.05414 0.758575 -0.0955188
v 4.10523 0.953198 -0.0872324
v 2.15497 -0.0951279 -0.22557
v 2.38143 -0.14081 -0.193576
v 2.60905 -0.134905 -0.376797
v -0.0413157 2.48709 0.457824
v -0.0279176 2.67046 0.447667
v -0.00503732 2.83976 0.515056
v -0.249595 2.93667 0.446243
v 3.84206 0.55707 1.29496
v 3.93586 0.748488 1.10207
v 3.98548 0.937437 1.10846
v 3.65993 0.470695 1.28618
v 3.63741 0.245763 1.4883
v -0.252994 0.18286 1.98575
v -0.457175 0.388715 1.98114
v -0.660545 0.595029 1.97424
v -0.660084 0.797624 1.97174
v -0.86216 1.00442 1.96257
v -0.861055 1.20591 1.96208
v 3.40891 -0.156345 1.27318
v 3.60817 -0.165622 1.48196
v 3.21716 -0.108275 1.06478
v 3.01623 -0.0746843 1.05716
v 3.63247 0.0385555 1.48579
v 2.82899 -0.132199 -0.364042
v 3.47511 -0.146031 -0.536226
v 3.69819 -0.147746 -0.727982
v 3.04824 -0.133702 -0.353747
v 3.25989 -0.136059 -0.344361
v 3.71562 0.0667152 -0.526283
v 3.72257 0.275496 -0.324345
v 3.74324 0.488909 -0.322236
v 3.94474 0.574676 -0.110624
v 4.03362 0.757039 0.103659
v 4.09165 0.955056 0.116254
v 2.59994 -0.118585 -0.174459
v -0.0831765 2.33184 0.395114
v -0.248263 2.32071 0.391322
v -0.218188 2.5503 0.358559
v -0.165047 2.72164 0.355718
v -0.0597864 2.73192 0.505362
v -0.0460828 3.11824 0.516729
v -0.115721 3.03439 0.638082
v -0.115343 2.88162 0.352588
v 3.85318 0.561511 1.09353
v 3.99548 0.942467 0.91027
v 3.94975 0.750111 0.901367
v 3.65236 0.252792 1.2859
v 3.67422 0.472109 1.08438
v -0.0498117 -0.0214341 1.98464
v -0.255222 -0.0104003 1.97018
v -0.458254 0.187082 1.98377
v -0.661342 0.392833 1.97794
v -0.863858 0.598791 1.96981
v -0.863111 0.801604 1.9676
v 3.41867 -0.152198 1.07143
v 3.62091 -0.162398 1.28019
v 3.22518 -0.104918 0.862812
v 3.02323 -0.0814169 0.854817
v 3.64362 0.0463985 1.28343
v 2.82224 -0.141672 -0.163197
v 3.46711 -0.142034 -0.334828
v 3.68727 -0.14529 -0.526612
v 3.25412 -0.129804 -0.143425
v 3.04285 -0.129218 -0.153074
v 3.70687 0.0680392 -0.325274
v 3.71713 0.274238 -0.123297
v 3.73668 0.487907 -0.121761
v 3.92343 0.571397 0.0815307
v 3.96188 0.767738 0.26851
v 4.03171 0.950025 0.289637
v -0.151816 2.43406 0.398623
v -0.166526 2.37764 0.392244
v -0.0920159 3.05799 0.313519
v -0.143225 3.06497 0.505244
v -0.18779 3.1176 0.444534
v 3.86358 0.567314 0.891691
v 3.96155 0.752343 0.697887
v 4.00685 0.945441 0.709634
v 3.66568 0.258223 1.08395
v 3.68987 0.471069 0.882799
v -0.459526 -0.0134216 1.97602
v -0.662538 0.19046 1.98105
v -0.865019 0.396586 1.97318
v -1.06731 0.603017 1.96459
v -1.06619 0.805645 1.96219
v -1.0648 1.00786 1.95779
v 3.42604 -0.153226 0.870099
v 3.63186 -0.157032 1.07874
v 3.23247 -0.105607 0.660996
v 3.02899 -0.0933893 0.652504
v 3.65588 0.0518006 1.08184
v 3.68089 -0.140013 -0.3258
v 3.46089 -0.140383 -0.133759
v 3.04127 -0.111826 0.0482286
v 3.24917 -0.118161 0.0576012
v 3.70063 0.0679898 -0.124167
v 3.71539 0.271036 0.0775933
v 3.73182 0.479923 0.0775217
v 3.89934 0.570555 0.267576
v 3.97517 0.753536 0.491773
v 4.03412 0.949203 0.50796
v -0.168138 2.48037 0.390296
v -0.0400146 3.19363 0.319974
v -0.0430487 3.15593 0.418351
v -0.116936 3.11792 0.480632
v -0.0959611 3.12862 0.395402
v 3.87494 0.569595 0.688266
v 3.67989 0.260977 0.882675
v 3.70274 0.471226 0.680813
v -0.663602 -0.0116436 1.98015
v -0.866425 0.193707 1.9751
v -1.06845 0.400508 1.96568
v -1.26937 0.808772 1.95365
v -1.27058 0.606134 1.95868
v -1.26788 1.0106 1.95697
v 3.63997 -0.152477 0.877497
v 3.43339 -0.153849 0.669015
v 3.23856 -0.107842 0.459534
v 3.03077 -0.109323 0.450833
v 3.66828 0.0556182 0.880763
v 3.67362 -0.140318 -0.125025
v 3.45548 -0.139398 0.0667027
v 3.03202 -0.117675 0.248927
v 3.24466 -0.108992 0.258445
v 3.69784 0.0660638 0.0768104
v 3.7087 0.267994 0.278782
v 3.72481 0.475464 0.277584
v 3.8898 0.563772 0.482198
v -0.0686893 3.1307 0.471904
v 3.69022 0.263655 0.681121
v 3.71542 0.473273 0.478849
v -1.07009 0.197577 1.96661
v -1.27234 0.40327 1.95663
v -1.47458 0.607261 1.955
v -1.47289 0.810849 1.94931
v 3.64529 -0.147104 0.676542
v 3.4411 -0.15254 0.467471
v 3.67657 0.0590586 0.679424
v 3.66916 -0.142871 0.0757506
v 3.44929 -0.139048 0.267186
v 3.69141 0.0640804 0.277757
v 3.70126 0.265642 0.480049
v -1.47034 0.408427 1.9148
v 3.65275 -0.144034 0.475761
v 3.68451 0.06177 0.478544
v 3.65889 -0.140494 0.275714
v -1.62412 6.4341 0.137286
v -1.73258 6.3392 0.145325
v -1.74124 6.33759 0.331337
v -1.63738 6.44592 0.332592
v -1.65015 6.40717 -0.0428716
v -1.71245 6.34288 -0.0373857
v -1.72636 6.10974 0.334923
v -1.71357 6.11135 0.150917
v -1.75335 6.34273 0.523626
v -1.65123 6.46776 0.531625
v -1.62619 6.63793 0.313533
v -1.58764 6.63406 0.112809
v -1.6798 6.37481 -0.0981298
v -1.69733 6.11895 -0.0306093
v -1.57599 6.6328 -0.0912159
v -1.73774 6.11186 0.520664
v -1.7081 5.895 0.149028
v -1.72112 5.89482 0.334677
v -1.59944 6.62491 0.483676
v -1.47529 6.60361 0.336438
v -1.4557 6.60955 0.100287
v -1.67681 6.37438 -0.214132
v -1.68681 6.12773 -0.208105
v -1.69099 5.89877 -0.0367486
v -1.53978 6.62547 0.0406266
v -1.58157 6.50066 -0.178451
v -1.73201 5.89604 0.52132
v -1.72948 6.11154 0.694333
v -1.73773 6.34061 0.703207
v -1.70227 5.68304 0.142415
v -1.71587 5.68409 0.334434
v -1.49759 6.5328 0.520391
v -1.49383 6.37828 0.260263
v -1.49377 6.40247 0.0816855
v -1.67113 6.3576 -0.358647
v -1.64622 6.14193 -0.354011
v -1.68356 5.90686 -0.221936
v -1.6847 5.68269 -0.0553464
v -1.4772 6.58622 -0.250315
v -1.7271 5.68662 0.524413
v -1.72627 5.89638 0.700299
v -1.55319 6.10515 0.800265
v -1.57116 6.31096 0.825162
v -1.70412 5.47602 0.33542
v -1.68895 5.46782 0.131425
v -1.50575 6.35318 0.435661
v -1.4925 6.43746 -0.104573
v -1.5277 6.50274 -0.29372
v -1.50824 6.34592 -0.397566
v -1.4909 6.16049 -0.42652
v -1.62929 5.93387 -0.355387
v -1.67746 5.69173 -0.260312
v -1.66768 5.46525 -0.0853705
v -1.71346 5.47958 0.53158
v -1.71108 5.68727 0.700225
v -1.53545 5.90199 0.79973
v -1.41178 6.27194 -0.196798
v -1.43361 6.09604 -0.228448
v -1.45141 5.99025 -0.434716
v -1.59166 5.85538 -0.339077
v -1.60626 5.43036 -0.342122
v -1.69519 5.48419 0.706421
v -1.52708 5.69751 0.79909
v -1.42569 5.94718 -0.314658
v -1.51657 5.75418 -0.423035
v -1.41308 5.61596 -0.453678
v -1.56296 5.71375 -0.270221
v -1.44975 5.90707 -0.123655
v -1.41298 5.76734 -0.291827
v -1.41425 5.52451 -0.265827
v -1.3439 5.56251 -0.429364
v -1.46721 5.80943 -0.292235
v -1.3901 5.68416 -0.0802122
v -1.50548 5.35324 -0.114022
v -1.69302 5.39814 -0.144516
v -1.38923 5.81566 -0.0736934
v -1.32783 5.85575 -0.0172128
v 2.16394 3.85167 0.122223
v 2.13059 3.82261 0.241295
v 2.13059 3.82261 0.241295
v 2.14121 3.94693 0.241897
v 3.48149 3.09763 0.899826
v 3.54665 3.06897 0.937777
v 3.54665 3.06897 0.937777
v 3.53449 3.07087 1.02144
v 2.00787 3.95954 0.378332
v 2.01954 3.76572 0.366108
v 2.16228 3.85222 0.460618
v 1.42999 4.07109 0.574223
v 1.52601 4.12644 0.711066
v 1.46383 4.10336 0.549089
v 1.50453 4.11404 0.618959
v 1.55758 4.14459 0.571589
v 1.38299 3.97678 0.441373
v 1.42259 4.19791 0.447192
v 1.24479 3.938 0.535352
v 1.26159 3.98566 0.621916
v 1.40649 4.01981 0.557933
v 1.53851 3.9597 0.486584
v 1.58107 3.76427 0.570818
v 1.4039 3.70555 0.434778
v 1.38023 3.70149 0.616715
v 1.40687 3.51647 0.474604
v 1.60093 3.57591 0.476368
v 1.39783 3.30763 0.456166
v 1.3165 3.55631 0.52547
v 1.21754 3.5579 0.578676
v 1.30777 3.40252 0.444488
v 1.2701 3.6032 0.512867
v 1.26514 3.5212 0.51201
v 1.10909 3.31523 0.448906
v 1.06833 3.51016 0.468641
v 2.13775 4.17297 0.339143
v 2.17555 4.03241 0.333613
v 2.1515 4.05077 0.304884
v 1.95415 4.14064 0.329075
v 1.9673 3.98784 0.470868
v 1.97644 4.02934 0.392758
v 0.890596 4.38265 -0.305111
v 0.736686 4.47112 -0.40187
v 0.836375 4.41245 -0.380407
v 0.833019 4.47922 -0.346754
v 0.881844 4.38359 -0.434239
v 0.871776 4.58389 -0.333282
v 0.931431 4.61313 -0.529426
v 1.08364 4.39876 -0.408281
v 0.871337 4.31528 -0.368846
v 1.11761 4.53958 -0.483559
v 0.692398 4.59702 -0.368552
v 0.650179 4.4705 -0.339791
v 0.586507 4.85429 -0.381465
v 0.765431 4.72443 -0.338294
v 1.08266 4.79874 -0.346516
v 1.0591 4.17967 -0.381946
v 0.984902 4.80315 -0.341138
v 0.830594 4.71207 -0.33786
v 0.661045 4.62372 -0.373338
v 0.869205 4.72482 -0.432504
v 0.910754 4.83691 -0.429793
v 1.02962 4.91533 -0.493081
v 0.97701 5.04822 -0.330977
v 0.838464 4.85184 -0.308036
v 0.639453 4.72566 -0.375009
v 1.02118 4.8874 -0.483659
v 1.14311 4.86644 -0.564508
v 0.939761 5.01958 -0.584396
v 0.786382 5.14184 -0.3346
v 0.645264 4.93668 -0.316832
v 0.821231 5.03926 -0.470767
v 0.544027 4.9761 -0.355897
v 0.577807 5.20835 -0.317166
v 0.890582 4.96525 -0.494985
v 0.389485 5.28167 -0.310752
v 0.330745 5.09592 -0.341856
v 0.176173 5.378 -0.355665
v 0.0658422 5.1724 -0.364451
v 0.343167 4.95779 -0.333294
v 0.355588 4.81967 -0.324733
v 0.471332 5.40379 -0.38046
v 0.335044 5.43293 -0.402954
v 0.163875 5.28108 -0.437887
v 0.0916204 4.98547 -0.34626
v 0.219559 4.86835 -0.344491
v 0.372167 4.82639 -0.434739
v 0.252602 5.26493 -0.458579
v 0.182329 5.4767 -0.470181
v 0.142429 5.11335 -0.540558
v 0.201575 4.97551 -0.493705
v 0.178183 4.80066 -0.385722
v 0.430585 5.15113 -0.423907
v 0.484351 5.29402 -0.542314
v 0.129234 4.77816 -0.332446
v 0.357687 4.89899 -0.588968
v 0.627974 5.10279 -0.506513
v 0.313142 4.94126 -0.458771
v 0.565174 5.22424 -0.477454
v 0.233205 5.00788 -0.396577
v 0.401078 4.99754 -0.379865
v 0.583198 5.2759 -0.383537
v 0.225056 2.79137 0.397476
v 0.309425 2.79574 0.291092
v 0.28767 2.73697 0.343625
v -1.05529 6.22116 -0.380794
v -1.11204 6.14433 -0.295828
v -1.20119 6.12751 -0.193214
v 1.38641 4.13361 -0.378742
v 1.46221 4.06141 -0.352851
v 1.46221 4.06141 -0.352851
v 1.5111 4.12087 -0.368644
v 2.07639 4.13723 -0.132074
v 1.93129 4.32539 -0.0762826
v 1.98174 4.25355 -0.134495
v 1.98174 4.25355 -0.134495
v 1.93753 4.29804 -0.195127
v -2.37416 7.41333 -0.303608
v -2.36635 7.38301 -0.11375
v -2.36674 7.37292 -0.208599
v -2.18065 7.39405 -0.357618
v -2.14668 7.37755 -0.158468
v -2.35969 7.32241 -0.208438
v -2.13439 7.37001 0.0424873
v -2.32889 7.4094 0.0911313
v -2.21709 7.38124 -0.549116
v -2.38656 7.4141 -0.514105
v -2.43805 7.37049 -0.20351
v -2.1201 7.36161 0.235658
v -2.30993 7.37292 0.290353
v -2.57541 7.33591 0.0425575
v -2.55029 7.36397 -0.310305
v -2.59461 7.37428 -0.478002
v -2.53975 7.36975 -0.0814488
v -2.10872 7.34106 0.396826
v -2.31274 7.37534 0.439954
v -2.24276 7.26059 0.214163
v -0.133505 5.59097 -0.497742
v -0.118465 5.62974 -0.571714
v -0.176045 5.65164 -0.546903
v -0.176045 5.65164 -0.546903
v -0.276164 5.73421 -0.571253
v 0.101319 3.01674 0.386208
v 0.246903 3.03938 0.362091
v 0.181774 3.09583 0.363974
v 0.428024 2.98683 0.534518
v 0.197099 3.23137 0.343622
v 0.449576 3.21611 0.497207
v 0.294242 3.20295 0.412345
v 0.0282556 3.13464 0.262464
v 0.028363 3.13245 0.389266
v 0.377551 3.30452 0.466377
v 0.349959 3.15655 0.38226
v 0.441297 3.44146 0.546362
v 0.321326 3.29425 0.40186
v 0.453555 3.01483 0.343927
v 0.433767 3.23131 0.391078
v 0.542727 3.44449 0.389514
v 0.381312 3.36785 0.474111
v 0.409194 2.80376 0.415858
v 0.351201 3.42244 0.326247
v 0.407572 3.3941 0.427619
v 0.949366 3.69344 0.492614
v 0.795021 3.63573 0.59733
v 0.837645 3.67682 0.529103
v 0.837645 3.67682 0.529103
v 0.768549 3.70129 0.497364
v -0.735831 2.02011 0.00567995
v -0.680863 2.1147 0.136282
v -0.70434 2.01502 0.107394
v -0.70434 2.01502 0.107394
v 2.18207 4.22397 -0.102026
v 2.14455 4.18263 -0.353544
v 2.1375 4.1776 0.111124
v 1.72367 3.80455 0.462558
v 1.78922 3.91035 0.388662
v 1.77744 3.74148 0.468065
v 1.74439 4.08142 0.473885
v 1.70487 4.00211 0.418775
v 1.89906 3.81229 0.536154
v 1.67274 4.203 0.447299
v 1.73904 4.00185 0.464697
v 1.8743 3.60429 0.476582
v 1.88997 4.08862 0.524882
v 1.83974 4.31858 0.47211
v 1.6323 4.03256 0.443386
v -1.71369 1.678 -2.09227
v -1.68904 1.90096 -2.10372
v -1.89557 1.92883 -2.10609
v -1.90541 1.74292 -2.10889
v -1.5201 1.63424 -2.09034
v -1.47986 1.88047 -2.09551
v -1.29192 1.70592 -2.07265
v -1.27074 1.87188 -2.0899
v -1.46582 2.0742 -2.08971
v -1.67155 2.09638 -2.0928
v -1.30092 1.6271 -2.08727
v -1.10021 1.64636 -2.07319
v -1.05928 1.86226 -2.08044
v -1.25169 2.06635 -2.08329
v -1.46482 2.27591 -2.08692
v -1.63354 2.28089 -2.06191
v -1.03904 2.05786 -2.07299
v -0.810277 1.64997 -2.07191
v -0.806368 1.84671 -2.08141
v -1.24528 2.26646 -2.0686
v -0.818538 2.05504 -2.07576
v -0.831539 2.26758 -2.0712
v -1.02306 2.25807 -2.06428
v 1.12074 3.20704 0.425716
v 0.900433 3.13322 0.423023
v 0.934187 3.29945 0.399735
v -2.10163 7.25697 -1.48436
v -2.13681 7.26644 -1.68869
v -2.28994 7.39231 -1.64957
v -2.25908 7.37998 -1.45965
v -2.36641 7.37348 -1.1887
v -2.16659 7.40914 -1.1533
v -2.21573 7.40365 -0.95177
v -2.32047 7.384 -1.3723
v -2.13522 7.39913 -1.34458
v -2.2381 7.41451 -0.755972
v -2.49181 7.39678 -0.810605
v -2.11156 7.3512 -1.56255
v 0.48801 2.81261 0.497717
v -1.25933 5.95575 -0.256425
v -1.32848 6.13887 -0.286117
v -2.10669 7.33874 -1.83161
v -1.96226 7.29068 -2.04421
v -1.92927 7.37218 -1.87486
v 1.26622 0.702592 -0.313801
v 1.26934 0.524761 -0.265028
v 1.18643 0.721454 -0.371902
v 1.36375 0.488854 -0.38317
v 1.42113 1.03512 -0.346273
v 1.51766 0.871729 -0.476662
v 1.41521 0.816876 -0.376515
v 1.30746 0.968648 -0.369648
v 1.12882 0.875127 -0.303122
v 1.02469 1.03414 -0.302894
v 1.19683 1.13647 -0.281062
v 0.176402 2.27953 0.381561
v 2.62684 7.24462 2.23123
v 2.6018 7.09013 2.2943
v 2.40647 7.09149 2.30734
v 2.42875 7.28113 2.24718
v 2.77785 7.04643 2.31239
v 2.82748 7.20516 2.21996
v 2.24637 7.30024 2.26457
v 2.22183 7.11252 2.28313
v 0.0252362 5.55292 -0.582799
v 3.46532 7.48083 2.21779
v 3.46946 7.38067 2.3438
v 3.36987 7.23173 2.28925
v 3.25454 7.4215 2.21019
v 3.51592 7.23921 2.23324
v 3.48698 7.13083 2.42322
v 3.52371 7.11901 2.13355
v 3.47134 6.99669 2.28464
v 3.27643 7.11524 2.21074
v 3.34287 6.90027 2.34451
v 3.17734 7.02123 2.27313
v 0.917614 3.49416 0.445155
v 1.04471 3.75422 0.479227
v 0.918812 3.90414 0.42795
v 0.862026 3.75261 0.365166
v -1.07255 6.03104 -0.629357
v -0.880758 6.03513 -0.58993
v 2.01668 4.34977 0.301071
v 1.8966 4.31118 0.318774
v 3.25204 8.09321 1.38462
v 3.15789 8.12718 1.54744
v 3.29343 8.05144 1.59914
v 3.36171 8.05765 1.41385
v 1.207 3.84965 0.492342
v 1.32265 3.6485 0.447057
v -3.43361 7.27081 -0.645634
v -3.50986 7.3973 -0.486173
v -3.39337 7.3547 -0.298878
v -3.26527 7.23793 -0.414041
vn -0.0938406 -0.179291 0.97931
vn -0.0729995 -0.178563 0.981217
vn -0.0938406 -0.179291 0.97931
vn -0.0938406 -0.179291 0.97931
vn -0.0694422 -0.159778 0.984708
vn 0.0319731 -0.999404 0.0130518
vn -0.0392837 0.0224168 0.998977
vn 0.0260165 -0.99748 0.0660067
vn -0.016396 0.00257028 0.999862
vn -0.0387027 -0.155194 0.987126
vn 0.000108107 -0.999981 -0.00622802
vn -0.0606656 0.0021864 0.998156
vn 0.00453881 -0.999904 -0.0131209
vn -0.0630925 0.0102925 0.997955
vn -0.00988876 -0.999949 -0.0021251
vn -0.0199589 -0.996694 0.0787535
vn -0.0244686 -0.00369809 0.999694
vn -0.0494598 -0.00957665 0.99873
vn -0.0382738 0.000674344 0.999267
vn -0.0644138 -0.161283 0.984804
vn -0.0119464 -0.999894 -0.00830985
vn 0.00141976 -0.999706 -0.0241965
vn -0.0275689 0.0185575 0.999448
vn -0.0160853 -0.999842 0.00756131
vn -0.078242 0.0215754 0.996701
vn -0.00240914 -0.999975 0.00668109
vn -0.0186128 -0.999599 0.0213323
vn -0.00881021 -0.997935 0.0636258
vn -0.0614765 -0.00615013 0.99809
vn -0.0174309 0.0219109 0.999608
vn -0.0544211 -0.0304671 0.998053
vn -0.0699368 0.0227061 0.997293
vn -0.0619795 0.014224 0.997976
vn -0.0782954 -0.149366 0.985677
vn -0.0130283 -0.99987 -0.00945966
vn -0.010239 -0.999692 -0.0225881
vn -0.00473194 -0.999976 -0.00499761
vn -0.0206022 0.0215888 0.999555
vn -0.0203216 -0.999606 0.0193409
vn -0.0812984 0.00013757 0.99669
vn -1.03466e-05 -0.999832 0.0183365
vn -0.00840681 -0.999885 0.0125997
vn -0.0164045 -0.999835 0.00777533
vn -0.0209354 -0.997911 0.0611157
vn -0.0600957 -0.00137226 0.998192
vn -0.0609603 0.0264794 0.997789
vn -0.0215805 -0.00563377 0.999751
vn -0.0470353 -0.046787 0.997797
vn -0.081549 0.0244707 0.996369
vn -0.0523669 0.0346988 0.998025
vn -0.065495 -0.00413842 0.997844
vn -0.0647982 -0.136327 0.988542
vn -0.0130327 -0.999913 -0.00206227
vn -0.0100888 -0.999784 -0.0181742
vn -0.00752162 -0.999929 -0.0092035
vn -0.0233314 -0.999663 0.0113939
vn -0.0350598 0.0130657 0.9993
vn -0.0157742 -0.999875 0.000544107
vn -0.0810762 0.00700782 0.996683
vn 0.00139155 -0.999942 0.0106829
vn 0.00038144 -0.999999 0.00119328
vn -0.0094339 -0.999925 0.00774743
vn -0.00920177 -0.999955 0.00237809
vn -0.0171058 -0.997403 0.0699674
vn -0.0553393 -0.00184319 0.998466
vn -0.0448355 0.0311853 0.998508
vn -0.0537612 -0.000732843 0.998554
vn -0.0267368 0.00331343 0.999637
vn -0.0545633 -0.0554876 0.996967
vn -0.0690335 0.0128287 0.997532
vn -0.0489231 0.0192939 0.998616
vn -0.0552504 0.0351886 0.997852
vn -0.0786386 -0.00681014 0.99688
vn -0.0744457 -0.124216 0.989459
vn -0.0199774 -0.999662 0.0166638
vn -0.00413205 -0.999876 -0.0151807
vn -0.00563877 -0.999971 -0.00504423
vn -0.00369366 -0.999987 0.00358952
vn -0.0261313 -0.999623 0.00848782
vn -0.0435331 -8.6698e-05 0.999052
vn -0.0156604 -0.999869 0.00404519
vn -0.0722153 0.00543725 0.997374
vn -0.00741198 -0.999968 0.00289599
vn 0.0137257 -0.999805 0.0142084
vn -0.0154333 -0.999877 0.00295838
vn -0.0199087 -0.999794 -0.00388284
vn -0.00896131 -0.999957 0.00248301
vn 0.000468949 -0.998232 0.0594338
vn -0.0636259 -0.0130955 0.997888
vn -0.0607141 0.0366577 0.997482
vn -0.0474739 0.00317067 0.998867
vn -0.0492153 -0.00135871 0.998787
vn -0.0425088 -7.69103e-05 0.999096
vn -0.0576123 -0.061336 0.996453
vn -0.0502112 0.00362415 0.998732
vn -0.0636768 0.00301117 0.997966
vn -0.0577503 0.016012 0.998203
vn -0.0756691 0.0279839 0.99674
vn -0.0675277 -0.00569316 0.997701
vn -0.0547615 -0.0991249 0.993567
vn 0.00019466 -0.999599 0.0283294
vn -0.00141604 -0.999947 -0.0102171
vn 0.000681491 -0.999993 0.00364079
vn -0.00361101 -0.999971 0.00663465
vn -0.00972137 -0.999903 0.00997535
vn -0.0147172 -0.999867 0.00699458
vn -0.0497121 0.00834406 0.998729
vn -0.0159396 -0.999851 0.00657266
vn -0.0710558 0.00282833 0.997468
vn -0.0028542 -0.999994 -0.00208837
vn 0.0139546 -0.999849 0.0103722
vn -0.0153559 -0.999874 -0.00397123
vn -0.0071859 -0.999944 0.00774546
vn 0.0180831 -0.999827 0.0044248
vn -0.013406 -0.999828 0.0128
vn -0.0108969 -0.999677 0.0229804
vn -0.0577613 -0.0197378 0.998135
vn -0.0613704 0.0393378 0.99734
vn -0.0549082 0.0054862 0.998476
vn -0.0428666 0.00357454 0.999074
vn -0.0462963 -0.00672405 0.998905
vn -0.0486528 0.00144106 0.998815
vn -0.0791977 -0.0516927 0.995518
vn -0.0485148 0.00342086 0.998817
vn -0.050098 -0.00122903 0.998744
vn -0.0602931 0.0101075 0.99813
vn -0.0593002 0.00716048 0.998215
vn -0.0503163 0.00711436 0.998708
vn -0.0634154 -0.0279852 0.997595
vn -0.0493242 -0.0734924 0.996075
vn 0.00870431 -0.999849 0.0150252
vn 0.0044755 -0.999989 -0.0014801
vn -0.00103581 -0.999982 0.00590181
vn 0.00615684 -0.999956 0.00713592
vn 0.00286872 -0.999959 0.0085522
vn -0.0132032 -0.999807 0.0145762
vn -0.0116435 -0.999909 0.00678993
vn -0.0554072 0.0023531 0.998461
vn -0.0222244 -0.999751 0.00215979
vn -0.0733101 -0.00814626 0.997276
vn 0.0112022 -0.999899 0.00877922
vn -0.00108085 -0.999996 0.00278594
vn -0.0119267 -0.999721 0.0204004
vn -0.00669729 -0.999953 -0.00697144
vn 0.00603794 -0.999979 0.00215953
vn 0.0154777 -0.999872 0.00395004
vn -0.0149579 -0.999877 0.00473166
vn -0.0237196 -0.999484 0.0216531
vn -0.0758203 -0.0284197 0.996716
vn -0.0637398 0.0363541 0.997304
vn -0.0707034 0.00412258 0.997489
vn -0.051284 0.00959473 0.998638
vn -0.0409817 -0.00620693 0.999141
vn -0.0606957 -0.0117332 0.998087
vn -0.0471799 -0.00801972 0.998854
vn -0.0483223 -0.0467507 0.997737
vn -0.050173 0.00794427 0.998709
vn -0.0471145 0.00365186 0.998883
vn -0.0583974 -0.00240656 0.998291
vn -0.0585859 0.00426304 0.998273
vn -0.0478345 0.00713902 0.99883
vn -0.05379 0.00188925 0.99855
vn -0.0497202 -0.0452491 0.997738
vn -0.0416137 -0.0731109 0.996455
vn -0.00558665 -0.999964 0.00645025
vn -0.00556939 -0.999984 -0.000390805
vn 0.0107707 -0.999923 0.00619877
vn -0.00211336 -0.999957 0.00902276
vn 0.00359449 -0.999909 0.012975
vn 0.00358909 -0.999872 0.0155698
vn -0.00478121 -0.999929 0.0108732
vn -0.00753364 -0.999972 0.000424643
vn -0.0586856 -0.00486048 0.998265
vn -0.0224426 -0.999747 0.00176592
vn -0.0719231 -0.00527951 0.997396
vn 0.0256743 -0.99967 0.000353352
vn -0.0110093 -0.999938 -0.00156792
vn -0.00758185 -0.99997 0.00188552
vn -0.0119558 -0.99965 0.0235836
vn -0.00614182 -0.99992 0.0110316
vn -7.69461e-05 -0.999662 0.0260106
vn -0.0137063 -0.999555 -0.0264963
vn 0.00115982 -0.999899 -0.0141669
vn -0.0147707 -0.998934 0.0437402
vn -0.0791249 0.0303353 0.996403
vn -0.0411859 -0.0254229 0.998828
vn -0.066737 -0.000564558 0.99777
vn -0.0727755 0.0125044 0.99727
vn -0.0438945 -0.00118444 0.999035
vn -0.0298977 -0.016203 0.999422
vn -0.0859098 -0.0150777 0.996189
vn -0.0567259 -0.015527 0.998269
vn -0.0448585 -0.0308145 0.998518
vn -0.053489 0.00703493 0.998544
vn -0.0438255 0.00619137 0.99902
vn -0.059547 0.0039797 0.998218
vn -0.055431 0.00375037 0.998455
vn -0.0621815 -0.000489097 0.998065
vn -0.0518845 0.00800147 0.998621
vn -0.0432878 0.00240088 0.99906
vn -0.041879 -0.0450714 0.998106
vn -0.050369 -0.0794521 0.995565
vn -0.0176377 -0.999828 0.00575477
vn -0.00498973 -0.999963 -0.00701082
vn -0.00824384 -0.999935 0.00787631
vn 0.0123672 -0.99986 0.0112694
vn 0.00129833 -0.99993 0.0117715
vn -5.49988e-05 -0.999967 0.00818092
vn -0.00329457 -0.999921 0.0121163
vn -0.00128295 -0.999991 0.00408107
vn -0.00403043 -0.999952 0.00895407
vn -0.0623052 -0.00754071 0.998029
vn -0.0141322 -0.999872 -0.00750108
vn -0.122203 -0.0400777 0.991696
vn 0.0260639 -0.999437 -0.0211393
vn -0.00785673 -0.999926 -0.00924844
vn 0.0106165 -0.999915 -0.0076022
vn -0.00741428 -0.999938 -0.00834765
vn -0.00951389 -0.99987 0.0130408
vn -0.0233115 -0.999549 0.0189197
vn 0.0523552 -0.998545 0.0128999
vn -0.0583819 -0.998153 -0.0168213
vn 0.0214784 -0.999636 -0.0163341
vn -0.0409303 -0.997898 0.0502484
vn -0.0800084 0.00551413 0.996779
vn -0.0434868 0.015705 0.998931
vn -0.0325832 -0.0229978 0.999204
vn -0.0742211 0.00650349 0.997221
vn -0.074508 0.00441099 0.997211
vn -0.0563024 -0.0193456 0.998226
vn -0.0285625 -0.0381243 0.998865
vn -0.0818216 -0.00951152 0.996602
vn -0.0581893 -0.0831794 0.994834
vn -0.0442617 -0.00991439 0.998971
vn -0.051435 -0.00335051 0.998671
vn -0.0344199 0.00145601 0.999406
vn -0.0577806 0.00172903 0.998328
vn -0.0559602 -0.000387203 0.998433
vn -0.0484532 0.00693662 0.998801
vn -0.0653414 -0.0054048 0.997848
vn -0.0435468 0.00565973 0.999035
vn -0.0488304 0.00295703 0.998803
vn -0.0544367 -0.0350856 0.997901
vn -0.0240801 -0.0593368 0.997948
vn 0.0247481 -0.999691 0.0022304
vn -0.0177166 -0.999808 -0.00838747
vn -0.0161043 -0.999869 0.00131412
vn -0.00510838 -0.999905 0.0127907
vn 0.00652203 -0.999945 0.00820716
vn 0.00624403 -0.999924 0.0105903
vn -0.00165997 -0.999939 0.010917
vn -0.00720074 -0.999973 0.00133361
vn -0.0044216 -0.999969 0.00646013
vn -0.00100368 -0.999996 -0.0025776
vn -0.0586375 -0.00255472 0.998276
vn -0.00659915 -0.999957 -0.00653068
vn -0.0971247 0.0113366 0.995208
vn 0.00836363 -0.9999 -0.0114116
vn -0.0162878 -0.999844 -0.00690549
vn 0.00972048 -0.999948 -0.00316257
vn -0.0117405 -0.99986 -0.011894
vn -0.0024353 -0.999973 -0.00688495
vn -0.0181191 -0.999835 0.0013515
vn 0.0474551 -0.996529 0.0683977
vn -0.0652504 -0.995169 -0.0733511
vn -0.0345154 -0.999313 0.0135154
vn 0.0313995 -0.999441 -0.0114581
vn 0.0915136 -0.99579 -0.00534213
vn -0.0468491 0.0157053 0.998779
vn -0.0712417 0.00161107 0.997458
vn -0.0373583 0.00261395 0.999299
vn -0.0355872 -0.0214398 0.999137
vn -0.0368854 0.0427112 0.998406
vn -0.0595789 -0.0183627 0.998055
vn -0.0604745 -0.0322157 0.99765
vn -0.0238841 0.0101663 0.999663
vn -0.0551486 -0.0511661 0.997166
vn -0.0334398 0.0641105 0.997382
vn 0.100328 -0.137526 0.985404
vn -0.0476337 -0.00508382 0.998852
vn -0.0317512 -0.0051165 0.999483
vn -0.0566122 -0.00363189 0.99839
vn -0.049615 -0.00264115 0.998765
vn -0.0482169 -0.00399309 0.998829
vn -0.0432233 0.00517864 0.999052
vn -0.0495377 -0.0259716 0.998435
vn -0.0478002 0.00445693 0.998847
vn -0.060354 0.006164 0.998158
vn -0.0728491 -0.00227901 0.99734
vn -0.0165494 0.0208912 0.999645
vn 0.00676275 -0.998836 -0.0477576
vn -0.00123583 -0.999544 -0.0301704
vn -0.0328818 -0.99914 -0.0252764
vn -0.0512032 -0.998555 -0.0162999
vn -0.00452685 -0.999989 -0.0012586
vn 0.000158504 -0.999917 0.0129105
vn 0.00670246 -0.999944 0.00823051
vn -0.00155295 -0.999997 -0.00199333
vn -0.0121683 -0.999926 0.00040785
vn -0.0100964 -0.99994 -0.00415048
vn -0.00184419 -0.999991 -0.00390525
vn -0.0725558 -0.0514895 0.996034
vn -0.000237231 -0.999974 -0.00714502
vn -0.0198007 -0.0461283 0.998739
vn -0.00454349 -0.999864 -0.0158659
vn -0.0163671 -0.999799 -0.0115551
vn 0.00536152 -0.999985 0.00131491
vn -0.015822 -0.99987 0.00306851
vn -0.00967502 -0.999952 -0.00143273
vn -0.0143528 -0.999876 -0.00650898
vn 0.00430239 -0.999944 0.00964885
vn -0.0909359 -0.991327 0.094874
vn -0.0909359 -0.991327 0.094874
vn -0.00166678 -0.991122 -0.132944
vn 0.0489674 -0.992532 0.111724
vn 0.0373564 -0.999247 -0.0104798
vn -0.0491652 -0.997057 -0.0588178
vn -0.0454796 0.0160189 0.998837
vn -0.0472045 2.34963e-05 0.998885
vn -0.094546 0.0562847 0.993928
vn -0.0442987 -0.0141621 0.998918
vn -0.0267343 -0.0254552 0.999318
vn -0.0558299 -0.0532889 0.997017
vn -0.0373713 -0.0156296 0.999179
vn -0.0508279 0.0163973 0.998573
vn -0.0591267 -0.0771197 0.995267
vn -0.0302934 0.0637593 0.997505
vn -0.102112 -0.0717096 0.992185
vn -0.0934498 -0.450657 0.887793
vn -0.0688026 -0.0231896 0.997361
vn -0.0364587 -0.00397741 0.999327
vn -0.0571242 -0.000313075 0.998367
vn -0.0461859 -0.0048903 0.998921
vn -0.0509667 -0.00288017 0.998696
vn -0.0457121 -0.000410081 0.998955
vn -0.0453374 0.00360053 0.998965
vn -0.0762299 0.0166524 0.996951
vn -0.0644147 0.00480171 0.997912
vn -0.0715031 -0.0214624 0.997209
vn -0.107205 0.058106 0.992538
vn -0.0175461 0.0347722 0.999241
vn 0.0716033 -0.064687 0.995333
vn -0.0184012 -0.99928 -0.033189
vn -0.0111734 -0.999584 -0.026586
vn -0.0270928 -0.999461 -0.0185232
vn -0.0755154 -0.997141 -0.00252109
vn -0.00685797 -0.99988 0.0138824
vn -0.00170428 -0.999994 0.00294406
vn 0.0042696 -0.999989 -0.00200013
vn -0.000338725 -0.999999 0.00112483
vn -0.0110578 -0.999932 -0.00377195
vn -0.010184 -0.999939 -0.0042611
vn -0.000943356 -0.999997 -0.002327
vn -0.106408 -0.0233362 0.994049
vn 0.00404042 -0.999987 -0.00313713
vn -0.0512675 -0.0734163 0.995983
vn -0.00189891 -0.999833 -0.0181597
vn -0.000169872 -0.999808 -0.0196065
vn -0.00441441 -0.999958 -0.00799927
vn -0.00908357 -0.999918 -0.00900294
vn -0.0161848 -0.999865 0.00267016
vn -0.0120816 -0.999926 0.00166101
vn 0.060349 -0.996087 -0.0645691
vn -0.0298753 -0.999526 0.0074459
vn -0.0909359 -0.991327 0.094874
vn -0.010935 -0.996525 0.0825779
vn -0.084736 -0.982891 -0.16354
vn 0.100779 -0.991171 0.0861544
vn 0.0346437 -0.999398 0.00179132
vn 0.0690169 -0.996286 -0.0514898
vn -0.0476323 0.0182138 0.998699
vn -0.044051 0.00247504 0.999026
vn -0.0585243 0.0144879 0.998181
vn -0.086823 -0.0562408 0.994635
vn -0.0337784 -0.0273554 0.999055
vn 0.00109599 0.0416766 0.999131
vn -0.108358 -0.0131068 0.994026
vn -0.0350067 0.00483372 0.999375
vn -0.0499056 -0.105734 0.993141
vn -0.0961564 0.074771 0.992554
vn -0.0163799 -0.110081 0.993788
vn -0.132572 -0.0456827 0.99012
vn 0.239319 -0.803196 0.545529
vn -0.0498549 0.0257887 0.998424
vn -0.041241 -0.00222047 0.999147
vn -0.056265 -0.00283243 0.998412
vn -0.043403 -0.00216173 0.999055
vn -0.0516054 -0.00736171 0.99864
vn -0.0494638 7.49428e-05 0.998776
vn -0.0448177 0.00308987 0.99899
vn -0.0660053 0.00300799 0.997815
vn -0.115581 -0.00907711 0.993257
vn -0.0442782 0.00766605 0.99899
vn -0.108907 -0.0756225 0.991171
vn 0.0540555 0.0607037 0.996691
vn -0.149992 -0.00779746 0.988656
vn -0.0799431 -0.057047 0.995166
vn 0.0153766 -0.999874 0.00403579
vn -0.00147526 -0.999995 0.0029837
vn -0.00612283 -0.999973 0.00412664
vn -0.0729968 -0.99729 0.00913384
vn -0.00540192 -0.999985 -0.000531782
vn -0.00354478 -0.99999 -0.00281459
vn 0.00499272 -0.999979 0.00420919
vn -0.00360859 -0.999975 -0.00608685
vn -0.00829826 -0.999964 -0.00184815
vn -0.00896178 -0.99996 -0.000547011
vn 0.000806239 -0.999998 -0.00205821
vn -0.107006 -0.0544375 0.992767
vn 0.00778566 -0.999946 -0.00685132
vn -0.078091 -0.0114145 0.996881
vn 0.000938084 -0.999988 0.0047292
vn 0.00266577 -0.999809 -0.0193507
vn -0.0201011 -0.999528 -0.0232552
vn -0.00621346 -0.999947 0.00825931
vn -0.0172834 -0.999755 -0.0138367
vn -0.00953953 -0.999949 0.003447
vn 0.0528235 -0.996559 0.0638742
vn -0.0788132 -0.994634 -0.0670188
vn -0.000658014 -0.99945 -0.0331435
vn -0.0247255 -0.993551 0.110654
vn 0.155683 -0.985982 -0.0600134
vn 0.0043679 -0.99992 -0.0118591
vn 0.0285933 -0.99957 -0.00648266
vn 0.0463528 -0.998415 -0.0319332
vn -0.0457927 0.00996513 0.998901
vn -0.0467549 0.00452733 0.998896
vn -0.0425587 0.000443739 0.999094
vn -0.0689772 -0.00701543 0.997594
vn -0.0311952 -0.0142288 0.999412
vn 0.009561 -0.0751644 0.997125
vn 0.23941 0.202761 0.949511
vn -0.104453 0.0103179 0.994476
vn -0.00227739 -0.0560135 0.998427
vn -0.0502184 0.0508956 0.997441
vn -0.0799083 -0.053886 0.995345
vn -0.00622811 -0.05201 0.998627
vn -0.0291436 -0.0168386 0.999433
vn -0.0588036 -0.915356 0.398329
vn -0.0255377 -0.0304247 0.999211
vn -0.049667 -0.00299135 0.998761
vn -0.0515543 -0.00166616 0.998669
vn -0.0373187 -0.00971925 0.999256
vn -0.0449142 -0.00888299 0.998951
vn -0.0510199 -0.00836086 0.998663
vn -0.0514099 0.0071929 0.998652
vn -0.0646241 0.00254104 0.997906
vn -0.0462354 0.00320559 0.998925
vn -0.140784 -0.0420553 0.989147
vn -0.0671307 -0.0109895 0.997684
vn 0.0237725 -0.0392628 0.998946
vn -0.14024 0.0168763 0.989974
vn -0.997205 -0.016846 0.0727925
vn -0.0846323 -0.0104651 0.996357
vn -0.143253 -0.0194972 0.989494
vn 0.027456 -0.999622 -0.00109446
vn -0.00724751 -0.999974 0.000134112
vn -0.012043 -0.9999 0.00739328
vn -0.0683502 -0.99766 0.00149653
vn -0.00298761 -0.999995 0.000806064
vn -0.00840337 -0.999965 0.000117898
vn 0.0114663 -0.999918 -0.00565548
vn -0.00750506 -0.999972 0.000187595
vn -0.00754584 -0.999971 -0.000607644
vn -0.00887559 -0.999956 -0.00306267
vn 0.00132291 -0.999989 -0.00443151
vn -0.0760227 -0.0144037 0.997002
vn 0.014117 -0.999768 -0.0162834
vn 0.955298 0.035597 0.293494
vn -0.052005 0.989928 0.131672
vn 0.00286203 -0.999966 -0.00770613
vn -0.00114722 -0.999983 0.00580156
vn -0.0172856 -0.999585 -0.0230598
vn -0.00498245 -0.999706 -0.0237442
vn -0.0102581 -0.999945 0.00205936
vn -0.00860473 -0.999875 -0.0132411
vn -0.00598228 -0.999964 0.00595699
vn -0.0734375 -0.996003 0.050834
vn 0.0639021 -0.997086 -0.0416727
vn 0.153513 -0.983459 -0.0961367
vn 0.12272 -0.990728 0.0582909
vn -0.0204683 -0.99979 0.000624659
vn 0.0704498 -0.997153 0.0268855
vn 0.020021 -0.99972 -0.0126586
vn 0.0275521 -0.999562 -0.0108036
vn -0.0386124 -0.0141108 0.999155
vn -0.0532914 0.00702505 0.998554
vn -0.0455952 0.00158496 0.998959
vn -0.0426795 -0.00358683 0.999082
vn -0.0653067 -0.00594525 0.997848
vn -0.0353084 0.00406764 0.999368
vn 0.150813 -0.346651 0.925791
vn -0.169305 0.295923 0.940088
vn -0.083127 0.00051885 0.996539
vn 0.00359086 -0.0132937 0.999905
vn -0.0749867 -0.0403223 0.996369
vn -0.100726 -0.1027 0.989599
vn 0.986994 0.090612 0.132789
vn -0.123681 0.979067 0.161652
vn 0.000741211 -0.97638 0.216057
vn -0.0837261 0.0132441 0.996401
vn -0.0483818 0.0140668 0.99873
vn -0.046927 0.000586721 0.998898
vn -0.0349516 -0.00340478 0.999383
vn -0.0436576 -0.0102183 0.998994
vn -0.0544422 -0.010824 0.998458
vn -0.056729 -0.0084813 0.998354
vn -0.0609421 0.0114508 0.998076
vn -0.049572 0.00369197 0.998764
vn -0.0525988 0.0089028 0.998576
vn -0.143106 -0.047478 0.988568
vn -0.0351571 -0.0330268 0.998836
vn -0.126074 0.0224776 0.991766
vn -0.99799 -0.0108537 0.0624272
vn -0.998838 -0.00578608 -0.047846
vn -0.994042 -0.0128423 0.108235
vn -0.0650132 -0.128967 0.989515
vn -0.220909 -0.00176786 0.975293
vn 0.023318 -0.999725 -0.00243159
vn -0.01187 -0.999929 0.00106158
vn -0.0168258 -0.999817 0.00914658
vn -0.0608317 -0.998146 0.0017749
vn -0.0147375 -0.999654 -0.0217743
vn -0.00853777 -0.999961 0.00237042
vn 0.0100252 -0.999945 -0.00324129
vn -0.00318184 -0.999991 0.00288279
vn -0.00755736 -0.999967 -0.00297652
vn -0.010467 -0.999928 -0.00588646
vn 0.00555036 -0.999939 -0.0095214
vn -0.0756841 0.0452112 0.996106
vn 0.0229657 -0.99968 -0.0106077
vn 0.987429 0.153786 0.0365304
vn -0.0459673 0.998748 0.0197453
vn 0.987594 0.080234 0.134986
vn -0.00379336 -0.999962 -0.00789644
vn 0.000328629 -0.999997 -0.00239956
vn -0.00712919 -0.999974 0.00115182
vn -0.00579966 -0.999709 -0.0234321
vn -0.00589269 -0.999739 -0.0220981
vn -0.00557986 -0.999949 -0.00843978
vn -0.00942372 -0.999877 -0.0125569
vn -0.0148219 -0.999874 0.00574535
vn 0.0360109 -0.997355 0.0631306
vn 0.152612 -0.986993 -0.0505355
vn 0.0551233 -0.996882 -0.0564639
vn 0.0548389 -0.998258 -0.0217599
vn 0.00743043 -0.998511 0.0540488
vn 0.0230285 -0.999734 0.00126297
vn 0.00919857 -0.999875 -0.0128968
vn -0.969074 -0.177352 -0.171587
vn -0.0466763 -0.0240256 0.998621
vn -0.0503063 0.00948643 0.998689
vn -0.0501387 0.00418899 0.998734
vn -0.0458887 -0.00449007 0.998936
vn -0.0441189 -0.00791543 0.998995
vn -0.0602195 -0.00443955 0.998175
vn -0.0706964 -0.0063847 0.997477
vn -0.195462 -0.361469 0.911666
vn -0.160671 0.126844 0.978824
vn -0.132301 -0.0827514 0.987749
vn -0.11737 -0.131718 0.984314
vn -0.1023 -0.143894 0.984291
vn 0.0170137 0.995687 0.0911992
vn -0.1023 -0.143894 0.984291
vn 0.994599 0.079803 0.066369
vn -0.0148963 0.999461 0.029267
vn -0.815602 -0.540776 0.2058
vn -0.0737277 -0.00130501 0.997278
vn -0.0273741 0.0211303 0.999402
vn -0.113742 -0.0376798 0.992796
vn -0.0410563 0.00281037 0.999153
vn -0.0490704 0.00152604 0.998794
vn -0.0577563 -0.00509441 0.998318
vn -0.0577962 -0.00582693 0.998311
vn -0.0653903 -0.00247563 0.997857
vn -0.0516923 0.00817725 0.99863
vn -0.0493598 -0.00171112 0.99878
vn -0.0324835 0.0113573 0.999408
vn -0.0827579 0.00394524 0.996562
vn -0.136836 -0.0217443 0.990355
vn -0.997504 0.0271162 0.0651903
vn -0.998435 -0.0101329 -0.0550079
vn -0.99871 0.00178764 -0.0507483
vn -0.998636 -0.00355044 -0.0520879
vn -0.944791 -0.214011 0.248132
vn -0.53871 -0.132931 0.831938
vn 0.641459 -0.403378 0.652547
vn 0.0217281 -0.999763 0.000987474
vn -0.0161103 -0.999846 0.00691665
vn -0.014692 -0.999843 0.00986354
vn -0.0384957 -0.99906 -0.0199284
vn -0.0424117 -0.999089 -0.00480873
vn -0.0170605 -0.999528 -0.0255436
vn 0.00612297 -0.99994 0.0090963
vn 0.00472937 -0.999986 0.00221598
vn -0.00501278 -0.999976 -0.00481217
vn -0.013125 -0.999877 -0.00856211
vn 0.01256 -0.999919 -0.00216284
vn -0.086923 0.993006 0.0798933
vn 0.0320088 -0.999483 -0.00288449
vn 0.988158 0.144722 0.0509937
vn 0.980462 0.188305 0.0568883
vn -0.0578414 0.998317 0.00428417
vn -0.00317613 -0.999985 -0.00451589
vn -0.0040061 -0.999992 -0.000136008
vn -0.00484171 -0.999952 -0.00854867
vn -0.0148669 -0.999889 3.8136e-06
vn -0.0119112 -0.999754 -0.0187275
vn -0.000742584 -0.999807 -0.0196181
vn -0.0102489 -0.999881 -0.0115383
vn -0.017458 -0.99983 -0.00598302
vn -0.00289635 -0.999923 -0.0120749
vn 0.193187 -0.977008 0.0901924
vn 0.00580725 -0.999658 -0.0254821
vn 0.00963499 -0.999917 -0.00854045
vn -0.0259512 -0.993023 -0.11503
vn 0.0963312 -0.993214 0.0651675
vn -0.906627 -0.345016 -0.24288
vn 0.00242851 -0.999981 -0.00563049
vn -0.969074 -0.177352 -0.171587
vn -0.969074 -0.177352 -0.171587
vn -0.0219482 -0.0229951 0.999495
vn -0.0474637 0.00527935 0.998859
vn -0.0516738 0.00385562 0.998657
vn -0.0529248 -0.00913413 0.998557
vn -0.0470835 -0.00919721 0.998849
vn -0.0510118 -0.00507127 0.998685
vn -0.0400784 -0.0113345 0.999132
vn -0.0263888 -0.065883 0.997478
vn -0.143348 -0.115933 0.982859
vn -0.0317732 0.00798668 0.999463
vn -0.22456 -0.20842 0.951911
vn -0.22456 -0.20842 0.951911
vn 0.0331158 0.974027 0.223998
vn -0.1023 -0.143894 0.984291
vn 0.943524 0.293898 0.152928
vn 0.0563085 0.99834 0.0121357
vn 0.996385 0.0635089 0.0564195
vn -0.00935434 0.999901 0.0104783
vn 0.000422426 -0.162688 0.986678
vn -0.191859 -0.978606 -0.0742945
vn -0.0377574 0.0212268 0.999061
vn -0.0421971 -0.020052 0.998908
vn -0.0480721 0.00846323 0.998808
vn -0.163644 -0.0390584 0.985746
vn -0.0499195 0.00624183 0.998734
vn -0.055619 0.000938434 0.998452
vn -0.0572942 -0.00706484 0.998332
vn -0.0982453 0.0244208 0.994863
vn -0.0676474 0.0219451 0.997468
vn -0.0433017 0.00920742 0.99902
vn -0.037761 -0.00222718 0.999284
vn -0.145995 0.00885915 0.989246
vn -0.0540987 0.0359906 0.997887
vn -0.997808 -0.00668513 0.065841
vn -0.997712 0.0257745 -0.062508
vn -0.998523 -0.00687672 -0.0538945
vn -0.998628 -0.00145959 -0.0523536
vn -0.998443 -0.0183956 -0.0526521
vn -0.997906 -0.0573525 -0.0298986
vn -0.897625 -0.130967 0.420852
vn -0.897625 -0.130967 0.420852
vn -0.507332 -0.86139 -0.0249412
vn 0.0144711 -0.999895 -0.000943198
vn -0.0187662 -0.999756 0.0116819
vn -0.00933129 -0.999953 0.00281552
vn -0.0101467 -0.999943 -0.00326351
vn -0.0299139 -0.999353 -0.0199762
vn -0.047205 -0.998871 -0.00542047
vn -0.0170213 -0.999622 -0.0215951
vn 0.00780704 -0.999964 -0.0032914
vn 0.00163416 -0.999988 -0.00455631
vn -0.0122222 -0.999921 0.0030166
vn 0.017292 -0.999849 0.00140922
vn -0.0974156 0.994756 0.0311599
vn 0.936838 0.321049 0.138789
vn 0.0359508 -0.999345 -0.00423344
vn 0.98795 0.147475 0.0469669
vn 0.972621 0.229444 0.0369265
vn -0.0470314 0.998865 -0.00754255
vn -0.0128339 -0.999869 -0.00983331
vn -0.00899292 -0.999957 0.00222489
vn -0.00555858 -0.999977 -0.00397172
vn -0.00910095 -0.999958 -0.000621027
vn -0.0101762 -0.999947 0.00172094
vn 0.0025945 -0.999835 -0.0179598
vn -0.0106206 -0.999721 -0.0211085
vn -0.0235927 -0.999655 -0.0115575
vn 0.0117929 -0.999924 -0.00350598
vn 0.278745 -0.960232 -0.0159593
vn 0.00424894 -0.999991 0.000917521
vn 0.00795022 -0.999891 -0.0124102
vn 0.0180595 -0.999796 0.00907033
vn 0.099628 -0.993185 -0.0604803
vn -0.906627 -0.345016 -0.24288
vn -0.906627 -0.345016 -0.24288
vn 0.00317955 -0.999953 -0.0091716
vn -0.0208926 -0.00226699 0.999779
vn -0.0190714 -0.0197945 0.999622
vn -0.0528037 0.00168094 0.998604
vn -0.0514881 -0.0103203 0.99862
vn -0.0549742 -0.007464 0.99846
vn -0.0442565 -0.00825881 0.998986
vn -0.0583685 0.00355419 0.998289
vn 0.0410117 0.0671848 0.996897
vn 0.299734 0.951781 0.0653669
vn -0.0451591 -0.00160779 0.998979
vn 0.000422426 -0.162688 0.986678
vn -0.0309269 -0.00428564 0.999512
vn -0.22456 -0.20842 0.951911
vn 0.0938871 0.994489 0.0466549
vn 0.874019 0.47972 0.0771969
vn 0.9282 0.368159 0.0538882
vn 0.0391457 0.998838 0.0281141
vn 0.994748 0.0882769 0.0518137
vn -0.00701853 0.999884 0.0135163
vn 0.000422426 -0.162688 0.986678
vn -0.0714296 -0.0138024 0.99735
vn 0.372088 -0.925327 -0.0729397
vn -0.0714296 -0.0138024 0.99735
vn -0.0448471 -0.0132631 0.998906
vn -0.0580812 0.0202287 0.998107
vn -0.0525611 0.0121435 0.998544
vn -0.0509426 0.0139556 0.998604
vn -0.152065 -0.00178674 0.988369
vn -0.0541575 0.0069415 0.998508
vn -0.0533343 -0.00330233 0.998571
vn -0.0900368 -0.0425237 0.99503
vn -0.206138 0.178197 0.962161
vn -0.0266484 0.0181888 0.999479
vn -0.0369724 0.00228381 0.999314
vn -0.142182 0.0046055 0.98983
vn -0.997398 -0.00925043 0.0714917
vn 0.0268453 0.998481 0.0481243
vn -0.997147 0.0059005 -0.0752501
vn -0.998319 0.0264001 -0.0515924
vn -0.998804 -0.00375891 -0.0487434
vn -0.998367 -0.0057874 -0.0568329
vn -0.99835 -0.0202132 -0.0537419
vn -0.995332 -0.0527638 -0.0808142
vn -0.798646 -0.581868 -0.153604
vn -0.897625 -0.130967 0.420852
vn -0.507332 -0.86139 -0.0249412
vn -0.507332 -0.86139 -0.0249412
vn 0.00716431 -0.999878 0.0138529
vn -0.0213053 -0.999772 0.00166929
vn -0.0104638 -0.999937 0.00418888
vn -0.00213455 -0.999995 0.00237473
vn 0.000102375 -0.999975 -0.00709776
vn -0.0375135 -0.998907 -0.0278681
vn -0.0469811 -0.998842 -0.0103925
vn -0.0137481 -0.999663 -0.0220093
vn -0.00199597 -0.999997 -0.00166119
vn -0.00631094 -0.999971 0.00432625
vn 0.0187819 -0.99981 -0.00521131
vn 0.922557 0.380233 0.0656587
vn -0.123245 0.992037 0.0259344
vn 0.0494477 -0.978879 -0.198371
vn 0.984907 0.162976 0.0582915
vn 0.96278 0.263828 0.0587411
vn -0.058227 0.998203 0.0141307
vn -0.0056725 -0.999966 0.00606667
vn -0.00798898 -0.999856 -0.0149929
vn -0.0135392 -0.999908 -0.000608344
vn -0.00926984 -0.999954 0.00250509
vn -0.0115212 -0.999849 -0.0130476
vn -0.00214229 -0.999989 0.00418128
vn -0.0115238 -0.99974 -0.0196623
vn -0.0139396 -0.999437 -0.0305113
vn -0.000578988 -0.99999 0.00443311
vn 0.189198 -0.981014 0.042611
vn 0.0106789 -0.99967 -0.0233791
vn 0.00591001 -0.999951 -0.00791825
vn -0.00160805 -0.999948 -0.0100286
vn -0.0768735 -0.99696 -0.0127367
vn -0.877861 -0.453312 0.154494
vn -0.906627 -0.345016 -0.24288
vn -0.906627 -0.345016 -0.24288
vn 0.0300507 -0.976711 -0.212444
vn -0.0310266 -0.00848529 0.999483
vn 0.0104858 0.0203525 0.999738
vn -0.0445548 -0.0181269 0.998842
vn -0.0527814 -0.00699207 0.998582
vn -0.0461707 -0.00338238 0.998928
vn -0.0496846 -0.00150499 0.998764
vn -0.0450422 -0.00274174 0.998981
vn -0.0604395 0.126622 0.990108
vn 0.321011 0.946184 -0.0410867
vn 0.325845 0.94377 0.0558919
vn -0.0254508 -0.006445 0.999655
vn -0.0254508 -0.006445 0.999655
vn -0.118375 -0.0515626 0.991629
vn -0.048174 -0.00216859 0.998837
vn 0.942772 0.328584 0.0566817
vn 0.0840168 0.996376 0.0132535
vn 0.922333 0.3811 0.0637526
vn 0.0230163 0.99965 -0.0130591
vn 0.991547 0.121216 0.0462652
vn -0.0118158 0.999908 0.00670485
vn -0.0714296 -0.0138024 0.99735
vn -0.130145 -0.490592 0.861616
vn -0.160721 -0.98154 0.10367
vn -0.0411063 -0.0132596 0.999067
vn -0.0679985 -0.0139103 0.997589
vn -0.0679985 -0.0139103 0.997589
vn -0.0493691 0.00818046 0.998747
vn -0.054198 0.0147039 0.998422
vn -0.054014 0.0147655 0.998431
vn -0.110188 0.0297002 0.993467
vn -0.0506508 0.00693684 0.998692
vn -0.0606154 0.000857757 0.998161
vn -0.20508 -0.197104 0.958693
vn 0.160822 0.131136 0.978233
vn -0.0222547 -0.00691034 0.999729
vn -0.134621 -0.00995965 0.990847
vn -0.996732 -0.00227354 0.0807422
vn -0.995219 -0.00680885 -0.0974358
vn 0.048149 0.998673 0.0182762
vn 0.946048 0.295653 0.1326
vn -0.998752 0.0151214 -0.0475921
vn -0.998542 0.0207003 -0.0498518
vn -0.998385 -0.00358639 -0.0567036
vn -0.99819 -0.00380453 -0.0600262
vn -0.998543 -0.0138958 -0.0521359
vn -0.994318 -0.0891039 -0.0582404
vn -0.480458 -0.848612 -0.221398
vn -0.507332 -0.86139 -0.0249412
vn -0.507332 -0.86139 -0.0249412
vn 0.00424446 -0.999983 -0.00400137
vn -0.017847 -0.999819 0.00666343
vn -0.00760337 -0.999954 0.00580384
vn -0.0030332 -0.999994 0.00182882
vn 0.00694455 -0.999962 -0.00524125
vn -0.0098505 -0.999946 -0.00334048
vn -0.0242611 -0.999521 -0.0192021
vn -0.0368195 -0.999235 -0.0131502
vn -0.0259447 -0.999615 -0.00979182
vn -0.00778873 -0.999901 -0.0117462
vn 0.00746827 -0.975508 -0.219837
vn 0.934014 0.350593 0.0685709
vn -0.150809 0.988543 0.00632351
vn 0.0461946 0.0294125 -0.998499
vn 0.973162 0.230039 0.00609466
vn 0.948604 0.315495 0.0247669
vn -0.0414458 0.996405 -0.0738845
vn -0.00892091 -0.999953 0.00372588
vn -0.00217001 -0.999997 -0.00108639
vn -0.00389122 -0.999849 -0.016937
vn -0.0128145 -0.999916 0.0016561
vn -0.0161608 -0.999853 -0.00578495
vn 0.0707078 -0.956097 -0.284392
vn -0.0112265 -0.999896 0.00901737
vn -0.00801035 -0.999853 -0.0151738
vn -0.0125349 -0.998932 -0.0444754
vn 0.157881 -0.986736 -0.0377503
vn 0.0585486 -0.993759 0.0949519
vn -0.00849284 -0.999947 -0.00574433
vn -0.00330248 -0.999979 -0.00553966
vn -0.000154703 -0.999971 -0.00759603
vn -0.873878 -0.0497519 -0.483593
vn 0.000152391 -0.990866 -0.134851
vn -0.984254 0.173849 0.0319415
vn -0.909161 -0.0304546 -0.415329
vn 0.0480771 0.024582 -0.998541
vn -0.0369556 -0.00400009 0.999309
vn 0.0111089 -0.0444742 0.998949
vn -0.0738573 0.0260913 0.996927
vn -0.0434421 -0.0190886 0.998874
vn -0.0502764 0.000963023 0.998735
vn -0.0422109 0.00340081 0.999103
vn -0.0418603 -0.00223967 0.999121
vn -0.0332225 0.134227 0.990394
vn 0.0310096 0.993105 -0.113053
vn 0.398604 0.916571 0.0318039
vn 0.30563 0.95082 0.0503147
vn -0.0254508 -0.006445 0.999655
vn 0.0168403 -0.0574397 0.998207
vn -0.0505419 -0.00246899 0.998719
vn -0.046928 -0.0105017 0.998843
vn 0.955169 0.292062 0.0485079
vn 0.015333 0.998663 0.0493686
vn 0.922054 0.384698 0.0427174
vn 0.0210441 0.999776 -0.00240403
vn 0.988196 0.148194 0.0388213
vn -0.016221 0.999792 -0.0123837
vn -0.130145 -0.490592 0.861616
vn -0.130145 -0.490592 0.861616
vn -0.0556198 -0.858477 -0.509826
vn -0.027749 0.00902869 0.999574
vn -0.0679985 -0.0139103 0.997589
vn -0.0679985 -0.0139103 0.997589
vn -0.0567379 0.00437717 0.99838
vn -0.0456054 0.00166528 0.998958
vn -0.0481161 0.0109958 0.998781
vn -0.0512441 0.0151498 0.998571
vn -0.0437555 0.997244 0.0599152
vn -0.0666627 0.00780546 0.997745
vn -0.0723594 0.00955304 0.997333
vn 0.0606537 -0.100867 0.993049
vn -0.031697 -0.0155118 0.999377
vn -0.122285 -0.018462 0.992323
vn -0.997169 0.00311063 0.0751281
vn -0.995011 -0.013687 -0.0988268
vn -0.99883 0.00749028 -0.0477724
vn 0.040031 0.998968 0.0214638
vn 0.936416 0.345111 0.0634316
vn -0.998513 0.0185165 -0.0512801
vn -0.998069 0.0213238 -0.0583335
vn -0.998046 -0.00375228 -0.0623745
vn -0.997997 -0.00449326 -0.0631017
vn -0.998731 -0.00210517 -0.0503268
vn -0.996328 -0.0815475 -0.0260815
vn -0.188583 -0.981625 -0.02914
vn 0.00149754 -0.999832 0.0182587
vn -0.0153446 -0.999852 0.00776025
vn -0.0024509 -0.999995 0.00203677
vn 0.000687892 -0.999989 -0.00455279
vn 0.00239317 -0.999995 0.00222304
vn 0.00165853 -0.999928 0.0118525
vn 0.000516686 -0.999931 -0.0117406
vn -0.0216688 -0.999725 -0.00901019
vn -0.034908 -0.999326 -0.0113347
vn -0.0186531 -0.966352 -0.256546
vn 0.0697538 0.0243504 -0.997267
vn 0.946089 0.320445 0.0472375
vn -0.184395 0.982709 0.0167899
vn 0.0396263 -0.0130687 -0.999129
vn 0.934642 0.355211 -0.0164277
vn 0.942265 0.331945 0.044143
vn -0.010395 0.999772 0.0186528
vn -0.010213 -0.999943 -0.00317855
vn 0.00165861 -0.999937 0.0111363
vn 0.00236925 -0.999945 -0.0102046
vn -0.00960244 -0.999714 -0.0218834
vn -0.0122972 -0.999921 0.00252565
vn -0.14401 -0.96305 -0.227586
vn 0.0316969 0.0431279 -0.998567
vn -0.0349237 -0.998956 0.0294542
vn -0.0152662 -0.999872 -0.00483727
vn 0.0903457 -0.993861 0.0638516
vn 0.0243842 -0.999511 -0.0195868
vn -0.105192 -0.984453 0.140666
vn -0.00603445 -0.999924 0.0107141
vn -0.000697548 -0.999985 -0.00540666
vn 0.000565102 -0.999976 -0.00690809
vn -0.995893 -0.000492272 -0.0905418
vn 0.00648568 -0.994837 -0.101276
vn -0.998236 -0.0116053 -0.0582236
vn 0.312324 -0.90733 0.281437
vn 0.0794132 0.0111586 -0.996779
vn -0.0193957 -0.00750736 0.999784
vn -0.0345536 0.00178813 0.999401
vn -0.0770276 -0.0395245 0.996245
vn -0.0454498 -0.00809486 0.998934
vn -0.0448534 -0.0133734 0.998904
vn -0.0423834 0.0109713 0.999041
vn -0.041471 0.00175307 0.999138
vn -0.00516585 0.177979 0.984021
vn -0.0220778 0.993142 -0.114809
vn 0.0282596 0.999547 -0.0104017
vn 0.457068 0.888394 0.0429455
vn 0.253139 0.965014 0.0683287
vn -0.0440094 -0.0994563 0.994068
vn -0.0793583 -0.0524374 0.995466
vn -0.049068 -0.0085949 0.998758
vn -0.0522454 -0.000848553 0.998634
vn 0.954366 0.298621 -0.0033899
vn -0.043807 0.998983 -0.0107075
vn 0.926885 0.372424 0.0467458
vn 0.0359352 0.998776 -0.0339883
vn 0.965635 0.258403 -0.0278601
vn -0.00624588 0.999979 0.00161524
vn 0.370432 -0.901536 -0.223636
vn -0.0556198 -0.858477 -0.509826
vn -0.0556198 -0.858477 -0.509826
vn -0.0064959 0.00609012 0.99996
vn -0.0874 -0.0144698 0.996068
vn -0.0679985 -0.0139103 0.997589
vn -0.0661378 0.00988639 0.997762
vn -0.0547787 0.0170886 0.998352
vn -0.0534704 0.00875601 0.998531
vn -0.0684258 0.0230585 0.99739
vn -0.0734588 0.0244799 0.996998
vn -0.0146274 0.999874 0.00613738
vn 0.943346 0.308964 0.120996
vn -0.111754 0.0493122 0.992512
vn -0.157782 -0.0188477 0.987294
vn 0.0327976 0.0878273 0.995596
vn -0.111843 -0.00256752 0.993723
vn -0.997805 0.00029632 0.0662185
vn -0.996983 -0.000879739 -0.077614
vn -0.997988 -0.0107716 -0.0624869
vn -0.998514 0.00739595 -0.0539981
vn 0.0389731 0.999237 0.00258577
vn 0.933455 0.353466 0.0610259
vn -0.998086 0.0195846 -0.0586528
vn -0.997828 0.0211649 -0.062385
vn -0.998124 -0.00281636 -0.0611663
vn -0.997881 0.0054862 -0.0648335
vn -0.998566 -0.00387165 -0.0533993
vn -0.997377 -0.0639506 -0.0339091
vn -0.155353 -0.96293 0.220524
vn 0.00862197 -0.999927 0.00848437
vn -0.0123096 -0.999902 0.00672791
vn 0.00078576 -0.999998 0.00182441
vn 0.00279009 -0.999996 -0.000618646
vn -0.000753932 -0.999857 0.0168831
vn 0.00633233 -0.999901 -0.0125583
vn -0.00121431 -0.99997 0.00761476
vn -0.00471205 -0.999987 -0.00171411
vn 0.00597219 -0.968527 -0.248838
vn 0.052817 -0.016918 -0.998461
vn 0.0781363 -0.0079089 -0.996911
vn 0.950268 0.305811 0.0589074
vn -0.113325 0.988944 -0.0956433
vn 0.0412442 0.0474125 -0.998024
vn 0.191121 0.581997 -0.790413
vn 0.929533 0.36858 0.0108157
vn -0.00425018 -0.999983 -0.0039876
vn -0.00407063 -0.999982 0.00440091
vn 0.0112435 -0.999894 0.00922238
vn -0.0124322 -0.99988 -0.00929601
vn -0.0609592 -0.997925 -0.0207507
vn -0.00887747 -0.998424 -0.0554091
vn -0.00407063 -0.999982 0.00440091
vn 0.121496 -0.302196 -0.945471
vn 0.0466664 0.0319784 -0.998399
vn 0.0348784 0.077526 -0.99638
vn -0.0153364 -0.998832 0.0458155
vn 0.0484641 -0.996682 -0.0653993
vn 0.00956631 -0.99317 0.116281
vn -0.237392 -0.969585 0.0595914
vn 0.0728499 -0.987857 0.137231
vn 0.00394239 -0.99994 0.0102334
vn 0.00392634 -0.999954 -0.00877514
vn -0.014895 -0.999872 -0.00587138
vn -0.997215 0.0320791 -0.0673338
vn 0.00267767 -0.998616 -0.0525284
vn -0.998888 0.0147839 -0.0447748
vn 0.312324 -0.90733 0.281437
vn 0.312324 -0.90733 0.281437
vn 0.0916859 0.0376137 -0.995077
vn -0.0238204 0.00230638 0.999714
vn -0.0478346 -0.0110358 0.998794
vn -0.0393653 0.0124922 0.999147
vn -0.0481834 -0.0103779 0.998785
vn -0.0415899 -0.0126205 0.999055
vn -0.0453945 -0.00627783 0.998949
vn -0.0330501 0.00480413 0.999442
vn -0.0279499 0.213586 0.976524
vn -0.0156496 0.995357 -0.0949732
vn -0.015379 0.999857 -0.00703599
vn 0.0262107 0.999559 -0.0139348
vn 0.520159 0.852054 0.0586367
vn 0.250525 0.967653 -0.0297653
vn -0.126945 -0.0237919 0.991624
vn 0.223509 -0.188264 0.956347
vn -0.050138 -0.00722545 0.998716
vn -0.0546133 -0.00152464 0.998506
vn 0.933519 0.351346 0.0714086
vn -0.0281455 0.999464 -0.0167355
vn 0.918972 0.394248 0.00772282
vn 0.0111233 0.998805 0.0475852
vn 0.935336 0.291836 -0.199948
vn 0.265761 0.696339 -0.666696
vn -0.108324 0.234869 0.965972
vn -0.100721 -0.018862 0.994736
vn -0.0760834 0.0111593 0.997039
vn -0.0653735 0.0167817 0.99772
vn -0.0722884 0.0174021 0.997232
vn -0.0673924 0.00453992 0.997716
vn -0.0814442 0.0415277 0.995812
vn -0.135329 0.0191948 0.990615
vn -0.0103526 0.999917 0.00764733
vn 0.96162 0.270094 0.0483255
vn 0.47595 0.879109 -0.0252877
vn -0.0837947 0.046981 0.995375
vn 0.0628882 -0.0169127 0.997877
vn -0.102056 0.00175552 0.994777
vn -0.99761 0.00934737 0.0684559
vn -0.997995 0.00116397 -0.0632847
vn -0.997215 -0.0147071 -0.0731165
vn -0.998447 0.00597151 -0.0553878
vn -0.99817 0.0104232 -0.059569
vn 0.0362265 0.999232 0.014908
vn 0.928307 0.369196 0.0440423
vn -0.998013 0.0180945 -0.0603496
vn -0.997952 0.0187162 -0.0611635
vn -0.998308 -0.000392266 -0.0581416
vn -0.998782 0.0103194 -0.0482482
vn -0.999996 -0.00258582 -0.00135044
vn -0.997109 -0.0107266 -0.0752304
vn -0.312495 -0.937608 0.152442
vn 0.00954987 -0.999861 0.0136769
vn -0.00926237 -0.999956 0.0016984
vn 0.0051104 -0.999987 -0.00039252
vn 0.00221522 -0.999833 0.0181211
vn 0.00180699 -0.999902 -0.0139021
vn -0.000347318 -0.999997 0.00233077
vn -0.00146034 -0.999999 -0.00036356
vn 0.0215715 -0.976777 -0.21317
vn 0.0734398 -0.0562756 -0.995711
vn 0.0888536 -0.00540073 -0.99603
vn 0.0615702 0.0509334 -0.996802
vn 0.946347 0.32131 0.0344554
vn 0.0229446 0.999709 -0.00749342
vn 0.0401344 0.0377761 -0.99848
vn 0.33289 0.42771 -0.840386
vn 0.839521 0.457142 -0.293642
vn 0.0106715 -0.999938 0.00319938
vn 0.00179291 -0.999163 -0.0408755
vn -0.00407063 -0.999982 0.00440091
vn -0.0145582 -0.999894 0.00044519
vn -0.0655857 -0.997826 -0.00645637
vn 0.032504 -0.997609 -0.0609915
vn 0.150625 -0.224658 -0.962726
vn 0.00382525 -0.999013 -0.0442469
vn 0.121496 -0.302196 -0.945471
vn 0.121496 -0.302196 -0.945471
vn 0.0541817 0.0175116 -0.998378
vn 0.0397782 0.0215798 -0.998976
vn 0.125662 0.0611621 -0.990186
vn 0.123057 -0.990882 0.054855
vn -0.00202157 -0.995715 -0.0924566
vn -0.214766 -0.976655 0.00464353
vn -0.214766 -0.976655 0.00464353
vn -0.0425934 -0.975355 0.21649
vn 0.0356095 -0.99612 0.080484
vn 0.00975615 -0.999943 0.00443042
vn -0.0201847 -0.999766 -0.00781976
vn -0.0182095 -0.999833 -0.00156582
vn -0.999065 0.00880868 -0.0423223
vn -0.0064069 -0.999361 -0.0351587
vn -0.999293 0.00121654 -0.0375684
vn 0.312324 -0.90733 0.281437
vn 0.312324 -0.90733 0.281437
vn 0.0693624 0.0260414 -0.997252
vn -0.0534981 -0.00316103 0.998563
vn -0.027862 0.00234616 0.999609
vn -0.0456448 -0.00933204 0.998914
vn -0.0467836 0.00552569 0.99889
vn -0.0426263 -0.0093405 0.999047
vn -0.039364 -0.0106777 0.999168
vn -0.0492112 -0.00158774 0.998787
vn -0.0597026 0.185614 0.980807
vn 0.038295 0.997553 -0.0584879
vn -0.0189255 0.999679 -0.0168736
vn -0.0189255 0.999679 -0.0168736
vn -0.0039328 0.999693 -0.024459
vn 0.0354183 0.999259 -0.0150871
vn 0.53991 0.841692 -0.00723317
vn 0.289486 0.957121 0.0108287
vn -0.33179 -0.251689 0.909158
vn -0.038521 0.0257305 0.998926
vn 0.205712 0.169437 0.963833
vn -0.0532474 -0.00364591 0.998575
vn -0.054786 -0.00255596 0.998495
vn 0.927759 0.369947 0.0490172
vn 0.0362925 0.993897 -0.104172
vn 0.848249 0.517111 0.114322
vn 0.848249 0.517111 0.114322
vn 0.935336 0.291836 -0.199948
vn 0.935336 0.291836 -0.199948
vn 0.173514 0.179575 0.968321
vn -0.59599 0.799787 -0.0716724
vn -0.0771031 0.132246 0.988214
vn -0.0634556 0.00932633 0.997941
vn -0.0518243 0.00670377 0.998634
vn -0.10372 0.0270719 0.994238
vn -0.0681215 0.0223628 0.997426
vn -0.0939236 0.0168778 0.995436
vn -0.0595548 0.0137945 0.99813
vn -0.00694983 0.999975 -0.00135158
vn 0.963285 0.262049 0.0584149
vn 0.365481 0.928859 0.0603657
vn -0.59599 0.799787 -0.0716724
vn 0.0153804 0.00312749 0.999877
vn -0.0818237 0.0219145 0.996406
vn -0.996511 0.00493668 0.0833156
vn -0.998428 0.000770712 -0.0560497
vn -0.997404 -0.000963647 -0.0720083
vn -0.997955 -0.0128986 -0.0626006
vn -0.997919 0.008697 -0.0638876
vn -0.998015 0.0141781 -0.0613643
vn 0.0404941 0.999157 -0.00672635
vn 0.919246 0.390708 0.0483226
vn -0.998066 0.0172558 -0.0597253
vn -0.997967 0.0180411 -0.061129
vn -0.997984 -0.00164546 -0.0634516
vn -0.996358 0.0111422 -0.0845427
vn -0.997117 0.0749056 -0.0120909
vn -0.456801 -0.864635 0.209139
vn -0.997683 -0.0181235 -0.0655726
vn 0.0286806 -0.999358 0.0214519
vn -0.00674103 -0.999964 0.00514931
vn 0.00451941 -0.999806 0.0191991
vn 0.00958913 -0.999923 -0.00790997
vn 0.00358271 -0.999994 0.00043776
vn 0.00265125 -0.999966 0.00785942
vn 0.0335355 -0.983902 -0.175533
vn 0.0740076 -0.0562087 -0.995672
vn 0.0776153 -0.00573593 -0.996967
vn 0.106097 0.0442867 -0.993369
vn 0.0454141 0.050342 -0.997699
vn 0.940057 0.340307 -0.0220086
vn 0.0486122 0.781739 -0.621709
vn 0.0390426 -0.0234908 -0.998961
vn 0.33289 0.42771 -0.840386
vn 0.33289 0.42771 -0.840386
vn 0.0272974 0.172102 0.984701
vn 0.011867 -0.99882 -0.0470988
vn -0.00657803 -0.999971 0.00377566
vn 0.0682452 -0.23012 -0.970766
vn -0.0467349 -0.998699 -0.0204212
vn 0.121568 -0.991585 -0.0445077
vn 0.075924 -0.995278 -0.0604733
vn 0.0645462 -0.197881 -0.978099
vn 0.0469748 0.0231 -0.998629
vn 0.0876425 0.0072133 -0.996126
vn 0.0345047 0.0151604 -0.99929
vn 0.0348061 0.00942129 -0.99935
vn -0.0496797 -0.997837 0.0430467
vn -0.0423004 -0.996274 -0.0751546
vn -0.214766 -0.976655 0.00464353
vn -0.214766 -0.976655 0.00464353
vn 0.154432 -0.943378 0.29358
vn -0.066254 -0.986184 -0.151828
vn 0.0958035 -0.995132 -0.0230966
vn -0.0273297 -0.999607 0.00623354
vn -0.0168926 -0.999827 -0.00775515
vn -0.00829949 -0.999952 0.00529235
vn -0.99823 -0.00621612 -0.0591538
vn -0.0975828 -0.983017 -0.155422
vn -0.999229 -0.00112883 -0.0392509
vn -0.99954 -0.012504 -0.0276199
vn -0.937212 0.156542 -0.311654
vn 0.0595647 -0.0234001 -0.99795
vn -0.0461596 -0.0112415 0.998871
vn -0.0603268 -0.00188307 0.998177
vn -0.0331806 0.00236949 0.999447
vn -0.0483129 -0.0134417 0.998742
vn -0.0593814 0.140679 0.988273
vn -0.0469268 -0.0212083 0.998673
vn -0.0413523 -0.00262655 0.999141
vn -0.0635559 -0.00452476 0.997968
vn -0.00800455 0.998342 -0.0570099
vn 0.0135042 0.999201 -0.0376116
vn -0.0189255 0.999679 -0.0168736
vn 0.00255624 0.999713 -0.0238313
vn -0.00793551 0.999419 -0.0331391
vn 0.0402839 0.99916 -0.00750893
vn 0.520816 0.853542 0.014687
vn 0.291241 0.956034 0.034307
vn -0.387711 0.275194 0.879743
vn -0.0884992 -0.0589821 0.994328
vn -0.0546735 0.0108005 0.998446
vn -0.0566603 -0.00322145 0.998388
vn 0.0353136 -0.00295147 0.999372
vn 0.887011 0.460666 -0.0315927
vn 0.848249 0.517111 0.114322
vn 0.848249 0.517111 0.114322
vn -0.581305 -0.803864 0.126043
vn 0.0255892 0.245554 0.969045
vn 0.0877357 0.175787 0.980511
vn -0.59599 0.799787 -0.0716724
vn 0.0350113 0.0448825 0.998379
vn -0.0581758 0.00622722 0.998287
vn -0.0324096 -0.00307435 0.99947
vn -0.125196 0.00338942 0.992126
vn -0.0397951 0.0157495 0.999084
vn -0.0542004 0.0545566 0.997039
vn -0.0765275 -0.00822618 0.997034
vn 0.0347187 0.000521365 0.999397
vn -0.00743978 0.999948 -0.00703751
vn 0.963496 0.263177 0.0491355
vn 0.397953 0.916493 0.0409133
vn 0.497813 0.864971 0.0633086
vn -0.054153 -0.00684801 0.998509
vn -0.995162 0.00433523 0.0981546
vn -0.998339 0.000109873 -0.0576123
vn -0.997174 -0.00114063 -0.0751128
vn -0.997636 0.00162782 -0.0687067
vn -0.997882 -0.0068338 -0.0646896
vn -0.997926 0.0113656 -0.063361
vn -0.998067 0.0163882 -0.0599456
vn 0.0141098 0.999512 -0.0278662
vn 0.912103 0.406707 0.0515474
vn -0.997955 0.0170368 -0.0616062
vn -0.998044 0.017621 -0.0599877
vn -0.998011 -0.0092106 -0.0623675
vn -0.988399 0.0464661 -0.144595
vn -0.998146 0.0199911 -0.0574946
vn -0.668852 -0.714739 0.204414
vn -0.997256 -0.0129525 -0.0728942
vn 0.0516689 -0.99853 0.0163872
vn -0.00489899 -0.999871 0.0152878
vn 0.00646056 -0.999976 -0.00254133
vn 0.00911587 -0.999956 -0.0023385
vn 0.0102275 -0.999711 0.0217395
vn 0.0258618 -0.989054 -0.14527
vn 0.0590707 -0.0385149 -0.997511
vn 0.0640958 -0.00179253 -0.997942
vn 0.0842981 0.0200837 -0.996238
vn 0.141854 0.038544 -0.989137
vn 0.0397733 -0.0238832 -0.998923
vn 0.337069 0.574634 -0.745775
vn 0.0567058 0.45843 0.88692
vn 0.0609035 0.224301 0.972615
vn 0.0439187 -0.0231858 -0.998766
vn -0.143539 0.181551 0.972849
vn 0.33289 0.42771 -0.840386
vn 0.33289 0.42771 -0.840386
vn -1.85648e-05 0.123796 0.992308
vn -0.55307 -0.825557 0.112114
vn 0.0546132 0.201862 0.97789
vn 0.0661129 -0.24413 -0.967486
vn 0.0154318 -0.997844 -0.0637881
vn -0.00719381 -0.999766 -0.0204255
vn 0.0495369 0.00491136 -0.99876
vn 0.155352 -0.987544 -0.0249599
vn 0.00421812 -0.998082 -0.0617592
vn -0.0401272 -0.999113 -0.0127834
vn 0.0492242 0.011476 -0.998722
vn 0.0766798 0.0186493 -0.996881
vn 0.0378596 0.00888101 -0.999244
vn 0.0253976 -0.0174799 -0.999525
vn -0.0505368 -0.995723 0.0773407
vn -0.0401272 -0.999113 -0.0127834
vn -0.130477 -0.980417 -0.147509
vn -0.214766 -0.976655 0.00464353
vn 0.218957 -0.955465 -0.197849
vn 0.16929 -0.981699 0.0872245
vn 0.0796079 -0.980649 -0.178855
vn -0.0764685 -0.995427 -0.0572427
vn -0.00737502 -0.999968 0.00295187
vn -0.0101806 -0.999874 -0.0121949
vn 0.00556566 -0.999983 -0.00173228
vn -0.258004 -0.787 -0.560415
vn -0.628826 -0.5272 0.571523
vn -0.276566 -0.426569 -0.861133
vn -0.916203 0.137312 -0.376454
vn 0.0579063 -0.02183 -0.998083
vn -0.0552431 -0.0140948 0.998373
vn -0.0481972 -0.0029003 0.998834
vn -0.0628838 -0.000224813 0.998021
vn -0.0508061 0.109871 0.992647
vn 0.0866814 0.164386 0.98258
vn 0.00436294 0.997667 -0.0681218
vn -0.0295802 -0.0260137 0.999224
vn -0.0743017 -0.00230653 0.997233
vn 0.0267322 -0.0100834 0.999592
vn 0.00703365 0.999383 -0.0344257
vn 0.0194073 0.998995 -0.040396
vn 0.00139831 0.99945 -0.0331273
vn 0.013199 0.999728 -0.0192399
vn 0.0387391 0.999183 -0.0115318
vn 0.587539 0.807231 -0.0563599
vn 0.460598 0.887113 -0.0296682
vn -0.0787182 0.0787491 0.993782
vn -0.0607758 0.00881858 0.998112
vn 0.050912 -0.0045124 0.998693
vn 0.0311103 -0.0077787 0.999486
vn 0.996643 0.0150584 0.0804723
vn -0.626581 0.550826 -0.55135
vn 0.848249 0.517111 0.114322
vn 0.621018 0.679029 0.39148
vn -0.606963 -0.794172 0.0297706
vn -0.519837 -0.842082 0.14376
vn -0.548261 -0.836283 0.00640874
vn 0.0877357 0.175787 0.980511
vn 0.0877357 0.175787 0.980511
vn 0.599632 0.764355 0.23707
vn 0.0350113 0.0448825 0.998379
vn 0.0350113 0.0448825 0.998379
vn -0.0350683 0.0261545 0.999043
vn -0.0346776 0.0132016 0.999311
vn -0.133134 -0.00251873 0.991095
vn 0.00990946 -0.0283868 0.999548
vn -0.087371 -0.000296338 0.996176
vn -0.0207173 0.999147 0.0357287
vn 0.0587047 -0.0173032 0.998125
vn -0.0780711 0.0241415 0.996655
vn -0.00872533 0.999898 0.0113245
vn 0.935338 0.35219 -0.0332324
vn 0.457951 0.881684 0.113643
vn 0.451015 0.892213 0.0232551
vn -0.00212053 0.999946 -0.0102119
vn -0.993844 -0.00331009 0.110742
vn -0.998386 -0.00933107 -0.0560188
vn -0.997715 -0.00385051 -0.06745
vn -0.997581 0.000235814 -0.0695126
vn -0.997394 0.00807413 -0.0716927
vn -0.997721 -0.00397003 -0.0673613
vn -0.998082 0.0121022 -0.0607034
vn -0.99806 0.0155614 -0.0602898
vn 0.890828 0.452658 0.0390799
vn -0.998006 0.0183631 -0.0603906
vn -0.99817 0.0165691 -0.0581515
vn -0.99719 -0.0182846 -0.0726539
vn -0.998581 -0.0175222 -0.0502822
vn -0.971087 0.159677 -0.177462
vn -0.996937 0.0210517 -0.0753215
vn -0.998102 -0.00488658 -0.0613953
vn 0.0567975 -0.998212 0.0186238
vn -0.00820099 -0.99996 -0.0037055
vn 0.00206803 -0.999908 -0.0134413
vn 0.00717803 -0.999436 0.0328156
vn 0.0430936 -0.992037 -0.118347
vn 0.0516769 -0.0323342 -0.99814
vn 0.0469701 -0.000445355 -0.998896
vn 0.0611372 0.0113222 -0.998065
vn 0.0983231 0.0148443 -0.995044
vn 0.13487 0.00498352 -0.990851
vn 0.0620932 -0.0470341 -0.996961
vn 0.0567058 0.45843 0.88692
vn 0.557005 0.806039 -0.200116
vn 0.0567058 0.45843 0.88692
vn 0.0609035 0.224301 0.972615
vn 0.0609035 0.224301 0.972615
vn 0.050175 -0.00160002 -0.998739
vn 0.0694751 0.199396 0.977453
vn 0.0694751 0.199396 0.977453
vn 0.0694751 0.199396 0.977453
vn -0.591705 -0.805598 0.0299371
vn -0.574711 -0.815569 -0.06749
vn -0.566988 -0.816215 0.110981
vn -0.0289578 0.180067 0.983228
vn 0.0521048 -0.000113464 -0.998642
vn 0.0462174 -0.241751 -0.969237
vn 0.00623908 -0.997664 -0.0680301
vn 0.132774 -0.990845 -0.0244307
vn 0.0450773 0.0128914 -0.9989
vn -0.0139193 -0.999653 -0.0223676
vn -0.0454687 -0.998457 -0.0318944
vn -0.0401272 -0.999113 -0.0127834
vn 0.0627376 0.00631195 -0.99801
vn 0.0535504 -0.00775321 -0.998535
vn 0.0450643 0.00950765 -0.998939
vn 0.0479722 -0.0153308 -0.998731
vn -0.0284822 -0.995822 0.0867568
vn 0.178201 -0.983289 0.0372447
vn -0.0401272 -0.999113 -0.0127834
vn -0.130477 -0.980417 -0.147509
vn -0.130477 -0.980417 -0.147509
vn 0.0749988 -0.980602 -0.181096
vn 0.185868 -0.982122 -0.0298246
vn -0.0740982 -0.99654 0.037652
vn 0.12528 -0.992028 -0.0136077
vn 0.000875377 -0.999932 -0.0116049
vn -0.00397873 -0.999944 -0.00982167
vn 0.000717397 -0.999992 0.00404214
vn -0.193369 -0.980018 -0.0466257
vn 0.387328 -0.914534 -0.116636
vn -0.837922 -0.536267 -0.101509
vn -0.811689 -0.195781 0.5503
vn -0.276566 -0.426569 -0.861133
vn -0.276566 -0.426569 -0.861133
vn -0.916203 0.137312 -0.376454
vn -0.916203 0.137312 -0.376454
vn 0.0570847 0.00904795 -0.998328
vn 0.0494144 -0.0137863 -0.998683
vn 0.175142 -0.136345 0.975057
vn -0.0497793 0.00381186 0.998753
vn -0.0459416 -0.000274391 0.998944
vn -0.043376 0.113151 0.992631
vn 0.00174597 0.998133 -0.0610548
vn 0.0110121 0.422016 0.906521
vn -0.0223323 0.999591 -0.0178647
vn -0.102253 -0.0457654 0.993705
vn 0.0290126 -0.00515235 0.999566
vn 0.996867 0.00369934 0.0790033
vn 0.00591265 0.998844 -0.0476993
vn 0.0109374 0.999939 0.00133636
vn -0.00696958 0.999828 -0.017195
vn 0.0157724 0.999856 -0.00622246
vn -0.0152068 0.99696 -0.0764222
vn 0.731269 0.389343 -0.560052
vn 0.132883 0.168847 0.976644
vn -0.0370264 0.0110254 0.999254
vn -0.0398075 -0.0149201 0.999096
vn 0.084091 -0.00219854 0.996456
vn 0.996812 0.0125494 0.0787955
vn 0.996176 -0.00494901 0.0872342
vn 0.999319 0.0311002 0.0198427
vn -0.594999 0.046094 -0.802404
vn 0.16693 -0.144578 0.975311
vn -0.544697 -0.827714 0.134888
vn 0.669108 0.717706 0.192853
vn 0.463773 0.755373 0.462954
vn -0.555654 -0.831413 -0.00146632
vn -0.548416 -0.836206 -0.00045111
vn -0.542324 -0.839586 -0.0313086
vn -0.0463 0.205369 0.977589
vn -0.0148296 0.996554 0.081616
vn -0.0276843 -0.0130979 0.999531
vn -0.123731 0.0137586 0.99222
vn 0.0416789 -0.0131331 0.999045
vn -0.128093 -0.01233 0.991686
vn 0.0714055 -0.015308 0.99733
vn -0.0870095 -0.0364386 0.995541
vn -0.985816 -0.00394827 0.167784
vn 0.0720122 0.997001 0.0283433
vn 0.903871 0.426277 0.03613
vn 0.653177 0.756923 0.0206499
vn 0.351928 0.931468 0.0922708
vn 0.0102263 0.999889 -0.0108561
vn 0.018331 0.999826 -0.00341912
vn -0.998692 -0.00848428 -0.0504166
vn -0.998262 -0.0180355 -0.0560973
vn -0.997605 -0.0144539 -0.0676426
vn -0.996865 0.00217529 -0.0790927
vn -0.997652 0.0117147 -0.06748
vn -0.997794 0.00523173 -0.0661741
vn -0.998106 0.0135521 -0.0600039
vn -0.997987 0.0144303 -0.0617574
vn 0.516185 0.710146 -0.478796
vn -0.99807 0.0202792 -0.0586989
vn -0.997511 0.0158488 -0.0687089
vn -0.997841 -0.0271855 -0.0597853
vn -0.994725 -0.0389453 -0.0948932
vn -0.989442 0.113131 -0.0905891
vn -0.971087 0.159677 -0.177462
vn -0.971087 0.159677 -0.177462
vn -0.998094 0.0137554 -0.0601572
vn -0.997673 0.00139518 -0.0681694
vn 0.0683869 -0.997621 0.00868176
vn -0.0100333 -0.999714 -0.0217192
vn -0.009097 -0.999358 0.0346407
vn 0.0378289 -0.995874 -0.0824824
vn 0.0573399 -0.0369146 -0.997672
vn 0.0589816 -0.00411518 -0.998251
vn 0.0538681 0.0054747 -0.998533
vn 0.0643581 0.0067349 -0.997904
vn 0.115738 0.0196387 -0.993086
vn 0.0934611 -0.0520178 -0.994263
vn 0.0712481 0.00106673 -0.997458
vn 0.0567058 0.45843 0.88692
vn 0.1545 0.170151 0.973231
vn -0.0146707 0.2288 0.973363
vn 0.0567058 0.45843 0.88692
vn 0.0546984 -0.003593 -0.998496
vn -0.605705 -0.794349 -0.0461618
vn -0.537633 -0.841238 -0.0571862
vn -0.585761 -0.807398 -0.0706547
vn -0.487072 -0.86893 0.087877
vn 0.1545 0.170151 0.973231
vn 0.0481124 0.0100539 -0.998791
vn 0.0484679 -0.00106394 -0.998824
vn 0.0532988 -0.227133 -0.972404
vn 0.073157 -0.997138 -0.0190598
vn -0.0577508 -0.99781 0.032246
vn 0.042397 0.0102497 -0.999048
vn -0.0938439 -0.995551 -0.00842503
vn -0.0454687 -0.998457 -0.0318944
vn -0.0454687 -0.998457 -0.0318944
vn -0.0401272 -0.999113 -0.0127834
vn 0.0497885 0.00204671 -0.998758
vn 0.059218 0.000150104 -0.998245
vn 0.055997 -0.0329714 -0.997886
vn -0.0284822 -0.995822 0.0867568
vn -0.0284822 -0.995822 0.0867568
vn 0.178201 -0.983289 0.0372447
vn 0.178201 -0.983289 0.0372447
vn 0.0331615 -0.999313 -0.0165205
vn 0.0985545 -0.992303 -0.0749725
vn -0.0218866 -0.999563 -0.0198911
vn -0.000672427 -0.999833 -0.0182663
vn 0.00229287 -0.999883 -0.0151205
vn -0.0355301 -0.999346 0.00674593
vn -0.155776 -0.98714 -0.0359026
vn 0.133465 -0.990123 -0.042934
vn 0.309007 0.247506 -0.918289
vn 0.762038 -0.208635 0.613001
vn -0.916203 0.137312 -0.376454
vn -0.916203 0.137312 -0.376454
vn 0.0624126 -0.00581594 -0.998034
vn 0.0494983 0.00623213 -0.998755
vn 0.0592251 0.0199776 -0.998045
vn 0.0287192 -0.0238079 0.999304
vn 0.131176 -0.170236 0.976633
vn -0.0454962 -0.000388848 0.998964
vn -0.0273896 0.149433 0.988393
vn 0.0210526 0.99803 -0.0591083
vn 0.00541672 0.999936 -0.00989678
vn -0.0531152 0.59307 0.803397
vn -0.0424341 0.998141 -0.0437546
vn 0.0708191 -0.0306055 0.99702
vn 0.996679 0.00852245 0.0809777
vn 0.999445 -0.00254362 0.0332125
vn 0.00397371 0.99996 0.00798483
vn 0.00555799 0.999942 0.00917958
vn -0.0286669 0.999588 0.00132551
vn 0.00913879 0.999939 -0.00626333
vn -0.0887672 0.987091 -0.13331
vn -0.920368 0.318807 -0.226463
vn 0.830089 0.41667 -0.370592
vn 0.1092 -0.0381548 0.993287
vn -0.419379 -0.875856 0.23874
vn 0.501058 0.427274 0.752581
vn -0.0720194 0.0123974 0.997326
vn -0.00526621 0.0167448 0.999846
vn 0.0365302 -0.0162902 0.9992
vn 0.0991923 0.0160688 0.994939
vn 0.990905 0.00848646 0.134299
vn 0.992065 0.0791586 0.0976774
vn 0.999892 -0.0135188 0.00576225
vn 0.956746 0.0190994 0.290297
vn -0.16515 0.283115 -0.94476
vn -0.0494815 -0.33539 0.940779
vn -0.0609449 0.254091 0.965258
vn 0.16693 -0.144578 0.975311
vn 0.16693 -0.144578 0.975311
vn -0.578321 -0.794122 0.186854
vn -0.544808 -0.83825 -0.0228127
vn -0.548384 -0.83544 -0.0362801
vn -0.550899 -0.834216 -0.0243548
vn -0.538915 -0.841865 -0.0288704
vn -0.0445404 -0.038321 0.998272
vn -0.0164221 0.994469 0.103738
vn -0.0840987 -0.0486521 0.995269
vn 0.039123 0.000366853 0.999234
vn -0.150394 -0.014983 0.988513
vn 0.0829381 -0.00320548 0.99655
vn -0.0477483 -0.0258427 0.998525
vn -0.133368 0.0106138 0.99101
vn -0.996939 -0.0636158 -0.0454589
vn 0.892408 0.319117 -0.319017
vn 0.892408 0.319117 -0.319017
vn 0.717821 0.695954 0.0195252
vn 0.206277 0.973789 0.0958413
vn 0.0266303 0.999588 -0.0107165
vn 0.0169991 0.999852 -0.00259508
vn -0.0127983 0.999915 -0.00250399
vn -0.99856 -0.00860845 -0.052958
vn -0.997994 -0.0300236 -0.0557347
vn -0.997333 -0.0298677 -0.0665918
vn -0.998674 -0.0104234 -0.0504083
vn -0.997644 0.00456189 -0.0684496
vn -0.997755 0.0146424 -0.0653448
vn -0.997997 0.0142965 -0.0616303
vn -0.998208 0.0137649 -0.0582409
vn -0.668745 0.600975 -0.437732
vn -0.997567 0.0193409 -0.0669753
vn -0.998574 0.0122545 -0.0519693
vn -0.996948 -0.0316062 -0.0713875
vn -0.994809 -0.0690551 -0.0747474
vn -0.989833 0.07119 -0.123135
vn -0.396323 -0.908542 0.13221
vn -0.997447 0.00556879 -0.0711896
vn -0.996978 0.00896643 -0.0771706
vn 0.111416 -0.99357 0.0201417
vn -0.0361149 -0.999309 0.00879512
vn 0.00875692 -0.998562 -0.0528854
vn 0.0861021 -0.0423378 -0.995386
vn 0.0618938 -0.0125218 -0.998004
vn 0.0655072 -0.00416197 -0.997843
vn 0.0634104 0.000324412 -0.997988
vn 0.0720869 0.00232444 -0.997396
vn 0.11591 -0.0200125 -0.993058
vn 0.0692019 0.0109794 -0.997542
vn 0.0589749 0.00205214 -0.998257
vn 0.1545 0.170151 0.973231
vn 0.1545 0.170151 0.973231
vn -0.61311 -0.725905 0.311702
vn 0.140795 0.10679 0.984262
vn 0.0517606 0.00599538 -0.998642
vn -0.564159 -0.823867 -0.0544667
vn -0.467136 -0.881768 -0.0653441
vn -0.545158 -0.836639 -0.0532723
vn -0.573663 -0.816537 -0.0646449
vn -0.301598 -0.923894 0.235497
vn 0.1545 0.170151 0.973231
vn 0.0458495 0.00799907 -0.998916
vn 0.0481936 0.00737591 -0.998811
vn 0.0551691 -0.00275743 -0.998473
vn 0.0665459 -0.23212 -0.970408
vn -0.116207 -0.992723 0.0315855
vn -0.0704321 -0.994607 0.076133
vn 0.0423715 0.00459541 -0.999091
vn -0.0938439 -0.995551 -0.00842503
vn -0.0938439 -0.995551 -0.00842503
vn -0.0454687 -0.998457 -0.0318944
vn -0.0454687 -0.998457 -0.0318944
vn -0.142398 -0.989595 -0.0206301
vn 0.0434739 -0.0104787 -0.999
vn 0.0481583 -0.0292396 -0.998412
vn -0.0284822 -0.995822 0.0867568
vn -0.0284822 -0.995822 0.0867568
vn 0.0210006 -0.999776 0.00269265
vn 0.00692301 -0.999433 0.0329423
vn 0.0182334 -0.999228 -0.0348064
vn -0.00291657 -0.99985 -0.0170594
vn 0.00216355 -0.999914 -0.0129322
vn -0.0179511 -0.999776 -0.0111984
vn -0.0501557 -0.998336 -0.0284618
vn -0.0874418 -0.996082 -0.0131785
vn 0.14353 -0.989612 -0.00816011
vn 0.972939 -0.224397 0.0551039
vn 0.309007 0.247506 -0.918289
vn 0.309007 0.247506 -0.918289
vn 0.990708 -0.0403878 0.129872
vn 0.646964 0.0135729 0.7624
vn 0.0562936 0.0016333 -0.998413
vn 0.0456362 -0.00628004 -0.998938
vn 0.071808 -0.0123236 -0.997342
vn 0.0413322 0.026278 -0.9988
vn 0.0101442 -0.228912 0.973394
vn -0.0206137 -0.0365451 0.999119
vn 0.26841 0.0670011 0.960972
vn -0.0560436 0.157566 0.985917
vn 0.0163126 0.999302 -0.033612
vn 0.00525938 0.999968 -0.0060209
vn -0.0146502 0.999857 -0.00843369
vn -0.282884 0.301491 0.910538
vn -0.0365787 0.999251 -0.0126132
vn 0.995124 0.0199719 0.0965941
vn 0.999192 0.00723815 0.0395462
vn 0.995831 -0.0148881 0.0899994
vn -0.0167531 0.999562 0.0243873
vn -0.0173376 0.999243 0.034836
vn -0.0453726 0.99897 -1.13998e-05
vn -0.0225787 0.999663 -0.0128313
vn 0.0828094 0.989274 0.120329
vn -0.984493 -0.167532 0.0520278
vn 0.645242 0.141792 -0.750705
vn 0.336377 0.172066 0.925875
vn 0.614596 0.635068 0.467932
vn -0.515535 -0.856293 -0.031408
vn -0.610444 -0.731694 0.303285
vn -0.253359 -0.963721 0.0839753
vn -0.0200689 0.0487671 0.998609
vn 0.0348921 -0.0337473 0.998821
vn 0.999935 0.00703132 -0.00894168
vn 0.0991923 0.0160688 0.994939
vn 0.0991923 0.0160688 0.994939
vn 0.993536 -0.073182 0.0867807
vn 0.990666 0.0353848 0.131639
vn 0.989153 0.0348213 0.142699
vn 0.977967 0.0579203 0.200564
vn 0.999039 0.0344902 -0.0270574
vn 0.0717766 -0.0742938 0.99465
vn 0.164856 -0.219206 0.96165
vn -0.0445404 -0.038321 0.998272
vn 0.16693 -0.144578 0.975311
vn 0.16693 -0.144578 0.975311
vn -0.542391 -0.839329 -0.0365809
vn -0.557383 -0.82999 -0.0210211
vn -0.542648 -0.839196 -0.0358236
vn -0.544018 -0.838725 -0.0241998
vn -0.537584 -0.842716 -0.0288656
vn -0.0445404 -0.038321 0.998272
vn -0.0103276 0.994692 0.102382
vn -0.0221855 -0.0304074 0.999291
vn -0.115365 0.00272978 0.993319
vn 0.0594061 -0.0225942 0.997978
vn -0.0309083 0.00904926 0.999481
vn -0.158735 -0.0699945 0.984837
vn -0.339704 -0.0273509 0.940135
vn -0.996338 -0.0630962 -0.0576961
vn 0.892408 0.319117 -0.319017
vn 0.892408 0.319117 -0.319017
vn 0.573857 0.818417 -0.0297011
vn 0.110761 0.99324 -0.034732
vn 0.0439528 0.999012 -0.00658636
vn 0.0158922 0.99987 -0.00279548
vn -0.00342119 0.999994 -0.00011276
vn -0.00305018 0.999995 -0.000107466
vn -0.998673 -0.00477473 -0.0512747
vn -0.997819 -0.0400572 -0.0524659
vn -0.998356 -0.030838 -0.0483171
vn -0.998045 -0.0370259 -0.0503459
vn -0.998482 -0.0137481 -0.0533319
vn -0.998094 0.0168748 -0.0593635
vn -0.998284 0.0136471 -0.0569529
vn -0.997817 0.012344 -0.0648731
vn 0.0911709 -0.360927 0.928127
vn 0.285927 -0.0258806 -0.957902
vn 0.110958 0.0386133 0.993075
vn -0.998463 0.0208903 -0.0513397
vn -0.997029 0.0116652 -0.0761427
vn -0.996575 -0.0408195 -0.0719221
vn -0.988869 -0.101432 -0.10886
vn -0.985243 0.0710922 -0.155698
vn -0.985243 0.0710922 -0.155698
vn -0.283675 -0.939431 0.192351
vn -0.0539905 -0.969155 -0.240463
vn -0.997514 0.00157914 -0.0704441
vn -0.996716 0.00579184 -0.0807674
vn 0.125381 -0.991762 -0.0262409
vn -0.0489289 -0.998176 -0.0353731
vn 0.087428 -0.043936 -0.995202
vn 0.0860815 -0.012751 -0.996207
vn 0.0671289 -0.0074282 -0.997717
vn 0.0679917 -0.0017066 -0.997684
vn 0.0642225 0.000375947 -0.997936
vn 0.0687241 0.00146742 -0.997635
vn 0.10107 0.0109307 -0.994819
vn 0.0633245 0.00991774 -0.997944
vn 0.0525146 0.0083429 -0.998585
vn -0.556025 -0.831165 0.000606698
vn -0.424175 -0.837199 0.345216
vn 0.153116 -0.804872 0.573356
vn 0.0481396 -0.000547692 -0.998841
vn -0.550303 -0.833798 -0.0441191
vn -0.494293 -0.868557 -0.0358333
vn -0.465228 -0.884611 -0.0320356
vn -0.556749 -0.827037 -0.0777224
vn -0.556319 -0.829897 -0.0421943
vn 0.0414867 0.00156442 -0.999138
vn 0.0462794 0.0061577 -0.99891
vn 0.0511264 0.00552428 -0.998677
vn 0.0543236 -0.00601928 -0.998505
vn -0.00880228 -0.231556 -0.972782
vn -0.0804385 -0.996459 0.0244835
vn -0.0704321 -0.994607 0.076133
vn -0.0704321 -0.994607 0.076133
vn 0.0426147 -0.0228827 -0.99883
vn -0.0938439 -0.995551 -0.00842503
vn -0.0938439 -0.995551 -0.00842503
vn -0.120287 -0.992257 0.0309248
vn -0.142398 -0.989595 -0.0206301
vn -0.142398 -0.989595 -0.0206301
vn 0.0502772 -0.00361759 -0.998729
vn 0.0335572 -0.999049 0.0278376
vn 0.0344617 -0.999102 0.0246567
vn 0.0159391 -0.999845 -0.00746927
vn -0.0315332 -0.998214 -0.0507334
vn -0.00929714 -0.999909 -0.00981834
vn -0.0171111 -0.999812 -0.00916805
vn -0.0179511 -0.999776 -0.0111984
vn -0.0179511 -0.999776 -0.0111984
vn -0.0479688 -0.998794 -0.0104657
vn -0.0564909 -0.998028 -0.0273697
vn 0.102297 -0.994703 -0.0100187
vn 0.986784 -0.154438 0.0490525
vn 0.999688 0.00232438 0.0248833
vn 0.988766 0.0295769 0.14652
vn 0.35109 0.119263 -0.928715
vn 0.990783 0.0497019 0.126011
vn 0.998596 -0.0527717 0.00462183
vn 0.619757 0.0120619 0.784701
vn 0.0537927 -0.00217395 -0.99855
vn 0.049341 -0.00114609 -0.998781
vn 0.0606037 -0.000319169 -0.998162
vn 0.0485294 -0.0116435 -0.998754
vn 0.0571116 0.0115252 -0.998301
vn -0.121784 -0.0777242 0.989509
vn 0.828321 -0.0608681 -0.556938
vn -0.0534515 0.141448 0.988502
vn -0.646914 -0.0310531 0.76193
vn 0.512202 0.154602 0.844836
vn 0.00706539 0.999893 -0.0128131
vn -0.00838307 0.999963 0.00166442
vn 0.000315561 0.999934 0.0114505
vn -0.0542875 0.998381 -0.0169965
vn 0.989305 0.0340244 0.141839
vn -0.00983774 0.999435 0.0321379
vn 0.99902 -0.000751172 0.0442525
vn 0.995511 0.0113156 0.0939667
vn 0.979368 -0.0178739 0.201295
vn -0.0180949 0.999108 0.0381519
vn -0.0283618 0.998983 0.0350473
vn -0.0765668 0.996753 0.024908
vn -0.168688 0.970755 -0.17082
vn 0.99174 -0.0387948 0.122256
vn 0.336377 0.172066 0.925875
vn -0.87623 -0.473668 0.0886578
vn -0.00976403 0.99977 0.0190889
vn 0.336377 0.172066 0.925875
vn 0.00346969 -0.986561 0.163358
vn 0.305853 0.949508 -0.0699125
vn -0.521048 -0.852563 -0.040569
vn -0.538254 -0.84206 -0.0348961
vn -0.387687 -0.921014 -0.03784
vn 0.0363506 -0.999267 -0.0120256
vn -0.082064 0.0215963 0.996393
vn 0.125421 -0.0320473 0.991586
vn 0.989304 -0.0957024 0.11008
vn 0.981412 -0.102444 0.16228
vn 0.997612 0.0322472 0.0610805
vn 0.996656 0.0439419 0.0688958
vn -0.0327897 -0.183595 0.982455
vn -0.0525864 -0.0132323 0.998529
vn -0.020507 0.00518379 0.999776
vn -0.547106 -0.836672 -0.0256071
vn -0.555186 -0.831543 -0.0174815
vn -0.536529 -0.843297 -0.0314005
vn -0.538815 -0.842014 -0.026297
vn -0.53804 -0.842516 -0.0260623
vn 0.0317027 0.994551 0.0993122
vn -0.0926779 0.0175237 0.995542
vn 0.00901594 -0.000694926 0.999959
vn -0.0261538 0.00869272 0.99962
vn -0.135099 0.0838301 0.987279
vn -0.385331 0.109796 0.916223
vn -0.997308 -0.0380146 0.0626998
vn -0.625218 -0.577245 0.525253
vn -0.996686 -0.0481893 -0.0655418
vn 0.285927 -0.0258806 -0.957902
vn 0.892408 0.319117 -0.319017
vn 0.115622 0.991139 0.0653853
vn 0.392619 0.917549 -0.0628901
vn 0.115622 0.991139 0.0653853
vn 0.0785075 0.996872 -0.00910964
vn 0.0136653 0.999902 -0.00292833
vn 0.00487091 0.999987 -0.00125907
vn -0.0101992 0.999948 7.74349e-05
vn 0.0268796 0.999639 7.04088e-05
vn -0.998626 -0.000674653 -0.0523904
vn -0.99734 -0.0406357 -0.0605054
vn -0.998979 -0.0135873 -0.04308
vn -0.998046 -0.0465414 -0.0417021
vn -0.997253 -0.0132311 -0.072886
vn -0.998191 0.0161611 -0.0579152
vn -0.99807 0.010187 -0.0612645
vn -0.997828 0.0203196 -0.0626656
vn -0.298923 -0.306317 0.903778
vn -0.409104 0.287639 -0.865966
vn 0.285927 -0.0258806 -0.957902
vn -0.0393792 0.0823646 0.995824
vn -0.997354 0.0150036 -0.0711325
vn -0.998205 0.0113112 -0.058812
vn -0.995697 -0.0396288 -0.0837658
vn -0.992556 -0.108814 -0.0546998
vn -0.642954 -0.760696 -0.089173
vn -0.985243 0.0710922 -0.155698
vn -0.463173 -0.881858 -0.0882969
vn 0.168968 -0.914585 0.367401
vn -0.0539905 -0.969155 -0.240463
vn -0.0539905 -0.969155 -0.240463
vn -0.995248 -0.00557483 -0.0972099
vn -0.997052 -0.00500762 -0.0765643
vn 0.0206365 -0.993882 -0.108504
vn 0.043413 -0.0453609 -0.998027
vn 0.0706015 0.00393605 -0.997497
vn 0.0795273 -0.00599705 -0.996815
vn 0.0702506 -0.00409111 -0.997521
vn 0.0714095 -0.00165181 -0.997446
vn 0.0646444 0.00598914 -0.99789
vn 0.0696444 0.000318748 -0.997572
vn 0.0729017 0.0419816 -0.996455
vn 0.0615452 0.00882139 -0.998065
vn 0.052236 0.00247754 -0.998632
vn -0.551019 -0.834482 -0.00410179
vn -0.530102 -0.847884 -0.00921205
vn -0.323328 -0.743389 0.585519
vn 0.248828 0.960693 0.1231
vn 0.403051 -0.0294045 -0.914705
vn 0.0450817 -0.000605813 -0.998983
vn -0.54869 -0.835298 -0.0348737
vn -0.545956 -0.837675 -0.015235
vn -0.488805 -0.871167 -0.0462347
vn -0.553583 -0.83084 -0.0570193
vn -0.55322 -0.832353 -0.0337063
vn 0.0421966 -0.00662715 -0.999087
vn 0.0371045 -0.0294193 -0.998878
vn 0.0473391 0.00211203 -0.998877
vn 0.0541162 0.0050323 -0.998522
vn 0.0128215 -0.00281919 -0.999914
vn 0.0422292 -0.226912 -0.972999
vn -0.0643539 -0.997896 -0.00787682
vn -0.0704321 -0.994607 0.076133
vn -0.0704321 -0.994607 0.076133
vn -0.120287 -0.992257 0.0309248
vn -0.120287 -0.992257 0.0309248
vn -0.142398 -0.989595 -0.0206301
vn -0.142398 -0.989595 -0.0206301
vn 0.0369284 0.0145881 -0.999211
vn 0.0229739 -0.999735 0.00136832
vn 0.00777775 -0.999777 0.0196525
vn -0.0327716 -0.999157 0.0247313
vn -0.0175961 -0.999804 0.0090324
vn 0.113082 -0.987695 0.108035
vn -0.0236713 -0.999599 -0.0155325
vn -0.0204189 -0.999791 0.000882075
vn -0.0407127 -0.999148 -0.00681352
vn -0.0516945 -0.998457 -0.0202794
vn 0.086631 -0.996172 -0.0116687
vn 0.991 -0.129254 0.0348132
vn 0.999188 0.00673004 0.0397147
vn 0.999802 0.00539525 0.0191713
vn 0.998674 0.0501179 0.0117372
vn 0.986787 -0.107515 0.121214
vn 0.994867 -0.0998539 0.0163884
vn 0.992883 -0.0550558 0.105606
vn 0.629883 0.0241644 0.776314
vn 0.0519687 -0.00248981 -0.998646
vn 0.0511177 -0.00134388 -0.998692
vn 0.0584817 -0.00274006 -0.998285
vn 0.0609616 0.000775441 -0.99814
vn 0.0611677 0.0135313 -0.998036
vn 0.0488684 0.0126039 -0.998726
vn -0.0922588 0.173459 0.98051
vn -0.0540281 -0.0374926 0.997835
vn 0.828321 -0.0608681 -0.556938
vn 0.828321 -0.0608681 -0.556938
vn -0.01313 0.999515 -0.028234
vn -0.677852 -0.188337 0.710666
vn 0.963266 0.0677464 0.259864
vn 0.138922 -0.577588 0.804421
vn 0.0143182 0.999891 -0.00375711
vn -0.00616964 0.999971 0.00442568
vn 0.010667 0.999937 -0.00338706
vn -0.0456561 0.998942 -0.00559716
vn 0.993644 -0.0512817 0.100212
vn 0.00605048 0.999838 0.0169412
vn 0.996867 0.00690508 0.0787878
vn 0.977762 0.00597958 0.209632
vn 0.998268 -0.000232244 0.0588352
vn 0.0010971 0.999699 0.0245004
vn -0.0138951 0.999811 -0.0136095
vn -0.100011 0.99491 0.0123433
vn -0.100011 0.99491 0.0123433
vn -0.223426 0.9678 0.115946
vn 0.99174 -0.0387948 0.122256
vn 0.99174 -0.0387948 0.122256
vn 0.336377 0.172066 0.925875
vn -0.87623 -0.473668 0.0886578
vn -0.87623 -0.473668 0.0886578
vn -0.044344 0.793395 -0.60709
vn 0.336377 0.172066 0.925875
vn 0.376017 -0.920868 0.103019
vn 0.0301512 -0.999496 -0.00992183
vn 0.252462 0.967573 -0.00806686
vn -0.405649 -0.913138 -0.0403371
vn -0.533168 -0.845325 -0.0340201
vn -0.538619 -0.841963 -0.0314194
vn 0.0389214 -0.999195 -0.00975669
vn -0.00134932 -0.999921 -0.0125066
vn 0.231192 -0.135052 0.963489
vn 0.879699 -0.318752 0.352884
vn 0.996433 -0.0406517 0.0739551
vn 0.0568922 0.267975 0.961745
vn -0.0745255 -0.294532 0.952731
vn -0.553983 -0.832359 -0.0167839
vn -0.549175 -0.835434 -0.0214045
vn -0.532986 -0.845685 -0.027271
vn -0.533743 -0.845351 -0.0223767
vn -0.540663 -0.840853 -0.0254875
vn -0.00537967 0.996845 0.0791883
vn -0.0397432 0.0351232 0.998592
vn -0.0256406 0.0325297 0.999142
vn -0.19973 0.0183415 0.979679
vn -0.389385 0.815989 0.427249
vn -0.978863 0.169415 0.114569
vn -0.973111 -0.175047 -0.149712
vn -0.691257 -0.722433 0.0159448
vn -0.802051 -0.550153 0.232476
vn -0.997958 -0.0406342 -0.0492834
vn 0.115622 0.991139 0.0653853
vn 0.248828 0.960693 0.1231
vn 0.203472 0.97041 -0.130015
vn -0.852552 0.121648 0.508287
vn 0.115622 0.991139 0.0653853
vn 0.171825 0.984797 -0.0255165
vn 0.00704909 0.999975 -0.000643668
vn 0.0129778 0.999916 0.000337863
vn -0.0163026 0.999864 -0.00247198
vn 0.0280211 0.999607 0.000646708
vn -0.00356963 0.999991 -0.00215243
vn -0.998237 -0.00225434 -0.059306
vn -0.997919 -0.0339491 -0.0548102
vn -0.998902 -0.00760451 -0.0462296
vn -0.995798 -0.0645558 -0.0649602
vn -0.998151 0.00433879 -0.0606331
vn -0.998623 0.0107594 -0.0513417
vn -0.997453 0.00713515 -0.0709649
vn -0.998858 0.0126029 -0.0460879
vn 0.463463 -0.202205 0.862737
vn -0.481258 0.103794 0.870412
vn 0.133384 0.160354 -0.978006
vn -0.737914 0.353349 -0.575002
vn 0.795626 -0.440796 -0.415545
vn 0.197195 -0.066394 -0.978113
vn -0.997834 0.0156611 -0.0638941
vn -0.995745 0.003137 -0.0920987
vn -0.996874 -0.0277355 -0.0739835
vn -0.968305 -0.169353 -0.18359
vn -0.618108 -0.722766 -0.309115
vn -0.606762 -0.765552 0.213938
vn -0.50582 -0.860009 0.0673102
vn -0.0683511 -0.930625 0.359535
vn -0.00534081 -0.899103 -0.437704
vn -0.9957 -0.0252375 -0.0891272
vn -0.997943 -0.0117548 -0.063014
vn 0.0539794 -0.0329327 -0.997999
vn 0.0545577 0.0129022 -0.998427
vn 0.0544836 -0.000904507 -0.998514
vn 0.0709909 -0.000317902 -0.997477
vn 0.0758966 -0.00805994 -0.997083
vn 0.0812861 -0.00208366 -0.996689
vn 0.0586567 0.000844254 -0.998278
vn 0.0658745 0.0762921 -0.994907
vn 0.0550163 -0.000530648 -0.998485
vn 0.0676322 -0.000448299 -0.99771
vn 0.0582238 -0.0040761 -0.998295
vn -0.533898 -0.845538 -0.00436721
vn -0.515461 -0.856825 -0.0123225
vn -0.524434 -0.85133 -0.014341
vn -0.595073 -0.583939 0.552181
vn 0.248828 0.960693 0.1231
vn 0.047735 -0.00309051 -0.998855
vn -0.546515 -0.836802 -0.0329238
vn -0.575796 -0.817528 -0.0103193
vn -0.520255 -0.85239 -0.0525963
vn -0.541067 -0.840085 -0.0387715
vn -0.551046 -0.834068 -0.0260504
vn 0.0692927 0.00368534 -0.99759
vn 0.0470947 -0.00814576 -0.998857
vn 0.0543634 -0.000806727 -0.998521
vn 0.0226039 0.00915902 -0.999703
vn 0.0421353 0.000964321 -0.999112
vn 0.0880981 -0.273286 -0.95789
vn -0.0448263 -0.98344 0.175601
vn -0.0147192 -0.953792 0.300107
vn 0.0402896 -0.993773 0.103884
vn -0.120287 -0.992257 0.0309248
vn -0.120287 -0.992257 0.0309248
vn 0.0836075 0.00763371 -0.99647
vn 0.0056026 -0.999944 0.0089758
vn 0.0203927 -0.999768 0.00690939
vn -0.00446836 -0.999856 0.0163806
vn -0.0269495 -0.99962 -0.00570798
vn -0.107178 -0.991818 0.0693549
vn 0.102593 -0.99427 -0.0300443
vn -0.0197797 -0.999722 -0.0128016
vn -0.0363912 -0.999271 -0.0115031
vn -0.0595584 -0.998224 0.00117218
vn 0.104842 -0.993932 -0.0332785
vn 0.992605 -0.107858 0.0556916
vn 0.999186 -0.00225867 0.0402695
vn 0.999204 0.00792329 0.0391034
vn 0.999587 0.0129595 0.0256564
vn 0.997908 -0.0561225 -0.0320851
vn 0.976314 -0.205453 -0.0678279
vn 0.979559 -0.159831 -0.122141
vn 0.604389 0.0158063 0.796533
vn 0.051684 0.002229 -0.998661
vn 0.0533812 -0.00298253 -0.99857
vn 0.0532874 -0.00194208 -0.998577
vn 0.0623614 -0.00510573 -0.998041
vn 0.058993 -0.0140402 -0.99816
vn 0.0476216 0.0133584 -0.998776
vn 0.0501992 -0.000149012 -0.998739
vn -0.0297771 0.202814 0.978764
vn -0.0169906 0.998953 -0.0424767
vn 0.306939 0.0101005 0.951676
vn 0.361485 -0.322203 -0.874937
vn 0.00412168 0.999902 -0.0133632
vn -0.670984 -0.380608 0.636332
vn 0.990988 -0.0147066 0.133145
vn 0.882949 0.0227824 0.468915
vn 0.0152476 0.999853 0.00778298
vn -0.00235199 0.999956 -0.00913872
vn 0.007735 0.999772 -0.0199183
vn -0.024246 0.999589 0.0153005
vn 0.998933 -0.0461599 -0.00152163
vn 0.00764797 0.9996 0.0272403
vn 0.973376 0.0138925 0.228792
vn 0.999499 0.0282493 0.01424
vn -0.00262265 0.999985 -0.0048215
vn -0.00520819 0.99994 0.0096155
vn -0.100011 0.99491 0.0123433
vn -0.0268406 0.99964 -0.000361429
vn 0.249558 -0.45161 -0.856603
vn 0.99174 -0.0387948 0.122256
vn 0.99174 -0.0387948 0.122256
vn 0.575659 -0.139039 0.805782
vn -0.87623 -0.473668 0.0886578
vn -0.87623 -0.473668 0.0886578
vn 0.574423 0.0196851 -0.818322
vn 0.504616 -0.861828 0.0511421
vn 0.0325885 -0.999468 0.00130634
vn -0.00430959 -0.999942 -0.00985322
vn 0.364852 0.91061 0.194092
vn 0.797766 0.6019 -0.0358576
vn -0.408728 -0.912027 -0.0338898
vn 0.0345441 -0.999403 -0.000651691
vn -0.543863 -0.838866 -0.0227576
vn -0.545623 -0.837665 -0.0247566
vn 0.00148105 -0.999931 -0.0116758
vn -0.00837249 -0.999913 -0.0102143
vn -0.45169 -0.296126 0.841597
vn -0.0745255 -0.294532 0.952731
vn -0.0745255 -0.294532 0.952731
vn -0.557427 -0.829983 -0.0201087
vn -0.543172 -0.839495 -0.0145546
vn -0.53086 -0.847149 -0.0229194
vn -0.528811 -0.848361 -0.0253636
vn -0.543586 -0.838614 0.0352152
vn -0.00306712 0.997945 0.0640085
vn -0.0577061 0.0859381 0.994628
vn -0.173689 0.0337343 0.984223
vn -0.979495 0.189141 0.0693929
vn -0.333874 0.941378 0.0483378
vn -0.990286 0.132632 -0.0417497
vn -0.96533 -0.256634 -0.0477136
vn -0.601217 -0.799077 -0.0036736
vn -0.601217 -0.799077 -0.0036736
vn -0.895493 -0.375763 0.238525
vn -0.802051 -0.550153 0.232476
vn -0.802051 -0.550153 0.232476
vn -0.997395 -0.0419101 -0.0587086
vn -0.852552 0.121648 0.508287
vn 0.115622 0.991139 0.0653853
vn -0.217579 -0.0207923 0.975821
vn 0.0562091 0.995923 -0.0705543
vn -0.852552 0.121648 0.508287
vn 0.00250655 0.999967 -0.00767852
vn 0.0216044 0.999767 0.000161124
vn -0.019643 0.999807 0.00101147
vn 0.0300608 0.999547 0.00131369
vn -0.00398977 0.99999 -0.00190068
vn -0.0093921 0.999953 -0.00252746
vn -0.998197 -0.0057033 -0.0597578
vn -0.998328 -0.020745 -0.0539445
vn -0.998858 -0.00362431 -0.0476385
vn -0.994357 -0.0885995 -0.0583543
vn -0.999138 0.00322578 -0.0413788
vn -0.997147 0.00787481 -0.075073
vn -0.9993 0.0129779 -0.0350916
vn -0.995877 0.0127149 -0.0898171
vn 0.463463 -0.202205 0.862737
vn 0.463463 -0.202205 0.862737
vn -0.481258 0.103794 0.870412
vn -0.481258 0.103794 0.870412
vn 0.835702 0.0905192 -0.541672
vn -0.480516 -0.648332 -0.590568
vn -0.996979 0.0126967 -0.0766295
vn -0.997168 0.00029443 -0.0752088
vn -0.997806 -0.0246829 -0.0614267
vn -0.960125 -0.258539 -0.106388
vn -0.858167 -0.510353 -0.0555826
vn -0.618108 -0.722766 -0.309115
vn -0.618108 -0.722766 -0.309115
vn -0.571345 -0.798909 -0.187907
vn -0.16621 -0.957049 0.237554
vn -0.737302 -0.674667 -0.0347757
vn -0.175545 -0.718161 -0.673372
vn -0.0677528 -0.979929 -0.187481
vn -0.995653 -0.0491606 -0.0791081
vn -0.997726 -0.0218665 -0.0637488
vn 0.0685013 0.0100744 -0.9976
vn 0.0459102 0.000102722 -0.998946
vn 0.0559556 0.0041842 -0.998425
vn 0.0552711 0.00187671 -0.99847
vn 0.0591172 -0.00574747 -0.998235
vn 0.0789362 -0.00845171 -0.996844
vn 0.0723124 0.0233977 -0.997108
vn 0.0774069 0.0537991 -0.995547
vn 0.061506 -0.00410231 -0.998098
vn 0.0516896 0.00528979 -0.998649
vn 0.0679434 -0.00422529 -0.99768
vn 0.0677625 -0.00707555 -0.997676
vn -0.530415 -0.846844 -0.0389318
vn -0.511292 -0.859246 -0.0166527
vn -0.523548 -0.851666 -0.0237215
vn -0.547857 -0.836519 -0.00941155
vn -0.518211 -0.760681 0.390925
vn 0.0514285 -9.61124e-05 -0.998677
vn -0.546777 -0.836974 -0.0225616
vn -0.583357 -0.810771 -0.0484221
vn -0.533424 -0.844765 -0.0427893
vn -0.537314 -0.842928 -0.0276853
vn -0.539937 -0.840592 0.0432742
vn 0.0474125 0.03675 -0.998199
vn 0.055658 -0.00411776 -0.998441
vn 0.0320251 0.00161665 -0.999486
vn 0.034313 0.00876477 -0.999373
vn 0.0494037 0.00356265 -0.998773
vn -0.081304 -0.207497 -0.974851
vn -0.0282118 -0.997034 0.0716068
vn -0.0282118 -0.997034 0.0716068
vn 0.178656 -0.96317 0.200965
vn -0.0282118 -0.997034 0.0716068
vn 0.0800076 0.0177665 -0.996636
vn 0.0381667 -0.998769 0.0316877
vn 0.0389135 -0.99924 0.00243786
vn -0.00853584 -0.999963 0.00142799
vn -0.0193798 -0.999745 0.0115623
vn -0.0259594 -0.999663 0.000454882
vn -0.0282118 -0.997034 0.0716068
vn -0.0282118 -0.997034 0.0716068
vn -0.0397666 -0.999188 0.00641924
vn -0.0489507 -0.998209 -0.0343914
vn 0.140034 -0.990075 0.01189
vn 0.994875 -0.0907239 0.0446494
vn 0.999372 -0.00210586 0.0353641
vn 0.998528 0.00237622 0.0541938
vn 0.999284 0.00472341 0.0375497
vn 0.999348 0.000469871 0.0360951
vn 0.900624 -0.401563 0.166202
vn 0.986432 -0.137875 -0.0891242
vn 0.557087 -0.022598 0.830146
vn 0.0474791 -0.00817003 -0.998839
vn 0.063095 0.000545077 -0.998007
vn 0.0558861 0.0217633 -0.9982
vn 0.0511182 -0.00232246 -0.99869
vn 0.0617215 -0.0041431 -0.998085
vn 0.0482577 -0.000985293 -0.998834
vn 0.0615438 -0.00943215 -0.99806
vn 0.0275245 -0.00162407 -0.99962
vn 0.121907 0.000850945 -0.992541
vn 0.186188 0.154923 0.970223
vn -0.0416851 0.997811 -0.0513323
vn -0.013002 0.999685 -0.0214702
vn 0.901222 -0.322751 0.289192
vn 0.901222 -0.322751 0.289192
vn 0.00188711 0.999878 0.0154817
vn 0.994423 0.0239743 -0.102701
vn 0.993071 -0.0820705 0.0841102
vn 0.901222 -0.322751 0.289192
vn 0.00845581 0.999942 -0.00670098
vn 0.00119892 0.999899 -0.0141482
vn -0.00384084 0.999803 0.0194946
vn -0.0248585 0.99938 0.0249473
vn 0.971139 0.0263629 0.237055
vn 0.00303869 0.999986 0.00424807
vn 0.999583 0.00698386 -0.0280133
vn 0.00928391 0.999606 -0.0264853
vn 0.0086983 0.999951 0.00481804
vn -0.00332227 0.99994 -0.0103986
vn 0.249558 -0.45161 -0.856603
vn 0.249558 -0.45161 -0.856603
vn 0.421485 -0.758266 0.497377
vn -0.800501 -0.522234 -0.294058
vn 0.55741 -0.0312864 0.829648
vn -0.906223 -0.0608169 -0.418404
vn 0.518177 -0.16711 -0.838789
vn 0.574729 -0.80574 -0.143075
vn 0.0389421 -0.999241 -0.0011685
vn -0.00613657 -0.99995 -0.00788757
vn -0.00857926 -0.999907 -0.0105659
vn 0.929434 -0.0275266 -0.36796
vn 0.508256 0.860137 0.0428914
vn 0.574729 -0.80574 -0.143075
vn 0.482807 -0.874269 0.0505085
vn -0.414705 -0.909602 -0.0253946
vn 0.0308041 -0.999524 -0.00188244
vn 0.00261456 -0.999976 -0.00643668
vn -0.550152 -0.83479 -0.0214067
vn -0.548962 -0.835635 -0.0188448
vn -0.0051582 -0.999946 -0.00904289
vn -0.0114568 -0.99991 -0.00703169
vn -0.45169 -0.296126 0.841597
vn -0.45169 -0.296126 0.841597
vn -0.354372 -0.619851 -0.700146
vn 0.0797162 -0.0814454 0.993485
vn -0.5609 -0.827771 -0.0136123
vn -0.537756 -0.842784 -0.0230943
vn -0.536207 -0.843267 0.0371931
vn -0.526152 -0.849262 0.0437972
vn -0.0836199 -0.0190047 0.996316
vn 0.00289555 0.998806 0.048761
vn -0.154119 0.123251 0.980335
vn -0.998998 0.0431662 -0.0118192
vn -0.97503 0.140748 -0.171776
vn -0.247502 0.968675 0.0202648
vn -0.376468 0.925682 -0.0372027
vn -0.989534 0.134073 -0.0533586
vn -0.97813 -0.207616 -0.0125415
vn -0.876484 -0.47257 -0.0919402
vn -0.601217 -0.799077 -0.0036736
vn -0.997386 -0.0361216 -0.0625762
vn -0.956062 0.14127 0.256883
vn 0.347856 0.0951087 -0.932711
vn -0.0153209 0.998722 -0.0481721
vn 0.0277221 0.999613 -0.00216489
vn -0.0222371 0.999746 -0.00367545
vn 0.0299565 0.999542 0.00422957
vn -0.00535319 0.999984 -0.00165719
vn -0.00818055 0.999965 -0.00148948
vn -0.000961411 0.999991 -0.00409775
vn -0.997976 -0.0054282 -0.0633609
vn -0.998296 -0.00715695 -0.0579065
vn -0.998557 -0.00341929 -0.0535938
vn -0.995617 -0.0504247 -0.0787638
vn -0.996702 0.00237568 -0.0811094
vn -0.999184 0.0105666 -0.0389814
vn -0.994529 0.0143784 -0.103465
vn -0.996552 0.0381169 -0.0736969
vn 0.421594 0.0283409 0.906342
vn 0.421594 0.0283409 0.906342
vn 0.421594 0.0283409 0.906342
vn 0.971049 -0.00822627 -0.238739
vn -0.10775 -0.0372928 0.993478
vn -0.63045 0.760588 -0.155045
vn -0.995629 0.0164156 -0.0919406
vn -0.997917 0.00113763 -0.0644991
vn -0.997876 -0.0171908 -0.062836
vn -0.98035 -0.196681 -0.0151859
vn -0.625825 -0.77946 0.0280233
vn -0.150711 -0.931817 -0.330157
vn -0.227552 0.902248 -0.366291
vn -0.227552 0.902248 -0.366291
vn -0.737302 -0.674667 -0.0347757
vn -0.737302 -0.674667 -0.0347757
vn -0.0532627 -0.998371 0.0204554
vn -0.996785 -0.0530643 -0.0600393
vn -0.995869 -0.0346032 -0.0839538
vn 0.0721097 0.00983598 -0.997348
vn 0.045949 0.0293625 -0.998512
vn 0.0426257 -0.0102445 -0.999039
vn 0.0550832 0.00672866 -0.998459
vn 0.0435405 0.00810556 -0.999019
vn 0.0578354 0.00118367 -0.998325
vn 0.0492114 -0.00461191 -0.998778
vn 0.0623741 0.0528039 -0.996655
vn 0.0638738 0.0179605 -0.997796
vn 0.100065 0.0107381 -0.994923
vn 0.060202 0.012427 -0.998109
vn 0.0151749 0.018469 -0.999714
vn 0.0573857 -0.00583098 -0.998335
vn 0.067187 0.0029745 -0.997736
vn -0.512081 -0.858594 -0.0242899
vn -0.545237 -0.836715 -0.0512333
vn -0.508646 -0.860575 -0.0262806
vn -0.55032 -0.834479 -0.0281559
vn -0.542551 -0.840021 0.00172465
vn -0.690082 -0.697036 0.194751
vn 0.0504819 -0.00971652 -0.998678
vn -0.556558 -0.829504 0.0465372
vn -0.572386 -0.818408 -0.0508204
vn -0.53995 -0.841405 -0.0221664
vn -0.533687 -0.845353 0.0236043
vn -0.0639292 -0.00897715 0.997914
vn 0.0628982 0.0508752 -0.996722
vn 0.0426574 0.00293175 -0.999086
vn 0.0263423 0.00315543 -0.999648
vn 0.055766 0.00669814 -0.998421
vn 0.0222479 0.0163004 -0.99962
vn 0.242224 0.0255575 -0.969884
vn 0.0324135 -0.997934 0.0554666
vn 0.0516499 0.016697 -0.998526
vn 0.0604773 -0.994268 0.0881684
vn 0.0501024 -0.998733 -0.00461511
vn -0.0217948 -0.999755 0.00386987
vn -0.0163621 -0.999844 0.00671716
vn -0.0245676 -0.999693 -0.00311184
vn -0.0367636 -0.999222 -0.0142751
vn -0.0113873 -0.999935 -0.000670684
vn 0.134498 -0.990715 -0.0198716
vn 0.995324 -0.0848499 0.0461596
vn 0.99762 -0.0171306 0.0667927
vn 0.999775 0.00311001 0.0209673
vn 0.998181 0.00513678 0.0600711
vn 0.999504 0.00362071 0.0312936
vn 0.999202 0.00172608 0.0399069
vn 0.995393 -0.0748868 0.0598811
vn 0.510375 -0.00446331 0.859941
vn 0.0449809 -0.00759852 -0.998959
vn 0.0600489 -0.0171941 -0.998047
vn 0.0471264 -0.0097535 -0.998841
vn 0.0558861 0.0217633 -0.9982
vn 0.0558861 0.0217633 -0.9982
vn 0.0464666 0.0133208 -0.998831
vn 0.0601298 -0.00179092 -0.998189
vn 0.0548105 -0.00535566 -0.998482
vn 0.0641898 -0.00991722 -0.997888
vn 0.0182432 -0.00124609 -0.999833
vn 0.136406 0.0096824 -0.990606
vn 0.0268569 0.00593303 -0.999622
vn 0.987329 0.135298 0.0829246
vn 0.199622 0.975666 -0.0907016
vn -0.0256973 0.999112 -0.0333966
vn -0.00972435 0.999798 0.0176207
vn 0.901222 -0.322751 0.289192
vn -0.00384733 0.999991 -0.0015826
vn 0.975308 0.056908 0.21339
vn 0.994038 -0.0601805 -0.0909258
vn 0.994165 0.107233 0.0117334
vn 0.901222 -0.322751 0.289192
vn 0.00718521 0.999827 -0.0171499
vn 0.00293566 0.999823 0.0185945
vn -0.00369875 0.999754 0.0218516
vn -0.0296934 0.999441 0.0153361
vn 0.998608 0.0290891 -0.0440057
vn 0.00263889 0.998951 -0.0457101
vn -0.0124134 0.998912 0.0449515
vn -0.00681736 0.999915 -0.011144
vn -0.140278 0.985888 -0.091365
vn -0.00138311 0.999957 -0.00920755
vn 0.249558 -0.45161 -0.856603
vn -0.489245 -0.82208 -0.291247
vn 0.249558 -0.45161 -0.856603
vn 0.506497 -0.555511 -0.659445
vn 0.335995 0.88414 0.324659
vn -0.948114 0.167458 -0.270254
vn 0.335995 0.88414 0.324659
vn 0.574729 -0.80574 -0.143075
vn -0.00319065 -0.999985 -0.00453845
vn 0.104682 -0.993769 0.0382785
vn -0.00447997 -0.999941 -0.00985977
vn -0.009209 -0.999846 -0.0149577
vn 0.686693 -0.692384 -0.22149
vn 0.860613 0.148659 0.487079
vn 0.462476 0.88295 0.0807125
vn 0.151432 -0.988295 0.0184938
vn 0.808533 0.335096 0.48372
vn 0.482807 -0.874269 0.0505085
vn 0.482807 -0.874269 0.0505085
vn 0.0246859 -0.999695 -0.000538831
vn -0.430134 -0.902337 -0.0277964
vn 0.00177005 -0.999978 -0.00633589
vn -0.00324967 -0.999977 -0.00593348
vn -0.553825 -0.832136 -0.0287635
vn -0.549569 -0.83526 -0.0177525
vn -0.00879758 -0.999939 -0.00675642
vn -0.00177418 -0.999985 -0.00519203
vn -0.45169 -0.296126 0.841597
vn 0.409277 0.324953 -0.852583
vn -0.45169 -0.296126 0.841597
vn -0.354372 -0.619851 -0.700146
vn -0.354372 -0.619851 -0.700146
vn 0.0797162 -0.0814454 0.993485
vn 0.0797162 -0.0814454 0.993485
vn -0.559922 -0.82829 -0.0205609
vn -0.538403 -0.841246 0.0492678
vn -0.0795344 -0.0208675 0.996614
vn -0.0720974 -0.0209327 0.997178
vn -0.0576587 0.0219421 0.998095
vn 0.0183104 0.999328 0.0317579
vn -0.994567 0.101067 -0.02493
vn -0.997823 0.0476591 -0.0455809
vn -0.998806 0.0208961 -0.0441478
vn -0.247502 0.968675 0.0202648
vn -0.247502 0.968675 0.0202648
vn -0.268986 0.962993 -0.0170614
vn -0.397599 0.917125 -0.0282387
vn -0.989442 0.134458 -0.0540874
vn -0.987602 -0.144531 -0.061267
vn -0.898965 -0.43616 0.0403319
vn -0.997582 -0.0384016 -0.0579327
vn -0.934087 -0.317365 0.16359
vn -0.9701 0.240714 -0.0310244
vn -0.956881 0.182046 0.226357
vn 0.347856 0.0951087 -0.932711
vn 0.347856 0.0951087 -0.932711
vn 0.0263526 0.998 -0.0574674
vn 0.0851888 0.984928 -0.150535
vn -0.0213929 0.999766 -0.00323579
vn 0.0273438 0.999623 -0.0023899
vn -0.0066502 0.999978 -0.000887806
vn -0.0057727 0.999982 -0.00141437
vn -0.00165849 0.999996 0.00217144
vn 0.0211355 0.999731 0.00952451
vn -0.997938 -0.00414367 -0.0640497
vn -0.99902 -0.00686813 -0.0437349
vn -0.995776 -0.0482473 -0.0781206
vn -0.995835 -0.00298642 -0.0911273
vn -0.998841 0.0131228 -0.0463182
vn -0.995038 0.00731586 -0.0992284
vn -0.996759 0.00931984 -0.0799094
vn -0.994557 0.0362983 -0.0976629
vn 0.421594 0.0283409 0.906342
vn 0.421594 0.0283409 0.906342
vn 0.987158 -0.144627 -0.0678385
vn -0.10775 -0.0372928 0.993478
vn -0.10775 -0.0372928 0.993478
vn 0.987158 -0.144627 -0.0678385
vn 0.987158 -0.144627 -0.0678385
vn 0.356224 0.29685 -0.885993
vn -0.996783 0.0381344 -0.0704973
vn -0.997672 0.00172634 -0.068176
vn -0.992438 0.0327327 -0.118303
vn -0.996307 -0.0853305 -0.0095728
vn -0.476639 -0.858283 -0.190171
vn -0.227552 0.902248 -0.366291
vn -0.891615 -0.354513 -0.281678
vn -0.737302 -0.674667 -0.0347757
vn -0.737302 -0.674667 -0.0347757
vn -0.997399 -0.0218256 -0.0686918
vn -0.0306054 -0.0345836 -0.998933
vn 0.0129271 0.0794965 -0.996751
vn 0.0307175 -0.014889 -0.999417
vn -0.0039908 0.0178835 -0.999832
vn 0.0532868 -0.0137664 -0.998484
vn 0.0446358 0.00676327 -0.99898
vn 0.0637177 0.00958497 -0.997922
vn 0.0315692 0.00376138 -0.999495
vn 0.0547953 0.00130096 -0.998497
vn 0.0508114 0.0611818 -0.996832
vn 0.052854 0.00742355 -0.998575
vn 0.0698907 0.019381 -0.997366
vn 0.0973102 0.00403261 -0.995246
vn 0.0793056 0.0305193 -0.996383
vn -0.00975647 -0.00255033 -0.999949
vn 0.0522443 0.0018038 -0.998633
vn 0.0605483 -7.58717e-05 -0.998165
vn -0.522528 -0.851977 -0.0331688
vn -0.504853 -0.863029 -0.017437
vn -0.550332 -0.834597 -0.0241395
vn -0.553403 -0.832026 -0.0384412
vn -0.553579 -0.832545 -0.0204535
vn -0.484093 -0.874863 -0.0164101
vn -0.0173746 -0.999676 0.018617
vn 0.0429425 -0.0189853 -0.998897
vn -0.0711253 -0.0106641 0.99741
vn -0.566071 -0.824094 -0.0208192
vn -0.545839 -0.837734 0.0161475
vn -0.0533571 -0.00725513 0.998549
vn -0.0518109 0.015556 0.998536
vn 0.00779728 0.0192982 -0.999783
vn 0.0265095 0.0105483 -0.999593
vn 0.0567565 0.00205025 -0.998386
vn 0.0357767 0.0101488 -0.999308
vn 0.383524 -0.115068 -0.916335
vn -0.0938537 0.226098 -0.969573
vn 0.017727 0.043122 -0.998913
vn 0.00669919 0.0264721 -0.999627
vn -0.012914 -0.998029 0.0614118
vn -0.0391448 -0.999214 0.00632365
vn -0.0154102 -0.999826 0.010524
vn -0.0133189 -0.999885 0.00721036
vn 0.00643995 -0.999713 -0.023094
vn -0.0253371 -0.999669 -0.00447756
vn 0.111677 -0.993742 0.00205205
vn 0.996721 -0.0673649 0.0448317
vn 0.999344 -0.0232419 0.027765
vn 0.994875 -0.00279467 0.101069
vn 0.999867 0.0148325 0.00674355
vn 0.998107 0.00878349 0.0608672
vn 0.999605 -0.00202832 0.0280308
vn 0.998707 0.00598047 0.0504831
vn 0.37726 -0.0679091 0.923614
vn 0.0587334 -0.0176646 -0.998117
vn 0.0503777 -0.00470797 -0.998719
vn 0.0457055 -0.0263158 -0.998608
vn 0.00301373 -0.0273388 -0.999622
vn 0.0383092 -0.0179894 -0.999104
vn 0.0419718 -0.0201205 -0.998916
vn 0.0370604 -0.0190928 -0.999131
vn 0.0380027 -0.00567521 -0.999262
vn 0.126592 -0.00627724 -0.991935
vn 0.0293529 0.00834627 -0.999534
vn 0.0392784 -0.00250405 -0.999225
vn 0.994165 0.107233 0.0117334
vn 0.297189 0.950233 -0.0934659
vn -0.0152766 0.999814 0.0118038
vn -0.00804782 0.999966 0.00154088
vn -0.00655861 0.999821 -0.017745
vn 0.998978 0.0355743 -0.0278756
vn 0.99128 0.00156969 0.131759
vn 0.990306 0.138881 -0.00262633
vn 0.994165 0.107233 0.0117334
vn 0.994165 0.107233 0.0117334
vn 0.00874601 0.999856 0.0145364
vn 0.0121453 0.99982 0.014552
vn -0.00161336 0.999749 0.0223674
vn -0.0952275 0.995405 0.0100397
vn 0.15222 0.985551 -0.0742873
vn -0.0481275 0.998838 -0.00260413
vn -0.0220043 0.999757 -0.00137464
vn -0.126259 0.990732 0.0500907
vn -0.0132997 0.999896 -0.00566666
vn 0.801598 0.553488 -0.226033
vn 0.335995 0.88414 0.324659
vn -0.0028964 -0.999989 -0.00359888
vn -0.00375814 -0.999972 -0.00647535
vn -0.00403816 -0.999886 -0.0145855
vn -0.00375814 -0.999972 -0.00647535
vn -0.00714906 -0.999915 -0.0109041
vn 0.801598 0.553488 -0.226033
vn 0.860613 0.148659 0.487079
vn 0.860613 0.148659 0.487079
vn 0.479697 0.876342 0.0437623
vn 0.174738 -0.984298 0.0249662
vn -0.0510587 0.99857 -0.015853
vn -0.005839 -0.999966 -0.00586128
vn 0.00173411 -0.999975 -0.00687472
vn 0.0231227 -0.999724 -0.00421708
vn -0.445397 -0.894732 -0.0327918
vn -0.00165174 -0.999974 -0.00698514
vn -0.00719053 -0.999963 -0.0046676
vn -0.52186 -0.842411 0.134184
vn -0.554414 -0.831982 -0.0207791
vn -0.00370256 -0.999969 -0.00691057
vn -0.004819 -0.999974 -0.00533646
vn 0.516755 0.00211102 -0.856131
vn -0.670932 -0.225363 -0.706443
vn 0.632349 -0.244853 -0.734971
vn 0.0797162 -0.0814454 0.993485
vn 0.0797162 -0.0814454 0.993485
vn -0.556146 -0.829229 0.0555006
vn -0.0736993 -0.019706 0.997086
vn -0.0550536 0.0254901 0.998158
vn -0.0419438 0.0180635 0.998957
vn -0.0529475 0.0259006 0.998261
vn -0.993253 0.106978 -0.0447629
vn -0.997882 0.0457901 -0.0462095
vn -0.998431 0.0318244 -0.0460768
vn -0.287282 0.957645 -0.0196051
vn -0.394187 0.919022 -0.00393048
vn -0.989659 0.130121 -0.0603591
vn -0.990082 -0.126579 -0.0609477
vn -0.930304 -0.366479 -0.0150727
vn -0.997028 -0.0444906 -0.0628911
vn -0.0239654 -0.999668 -0.00949497
vn -0.995429 -0.087033 -0.0393346
vn -0.933726 0.150274 -0.324922
vn 0.351442 0.936199 -0.00457171
vn 0.978106 -0.0367991 0.20483
vn -0.999535 0.02405 0.0187605
vn 0.347856 0.0951087 -0.932711
vn 0.991138 0.123263 0.0495077
vn 0.347856 0.0951087 -0.932711
vn 0.0357036 0.998417 -0.0434709
vn 0.0234421 0.999647 -0.0124777
vn 0.991138 0.123263 0.0495077
vn 0.25743 0.966296 -0.00168898
vn 0.0219089 0.999758 0.00180976
vn -0.00441959 0.999976 -0.00540141
vn -0.0040639 0.999992 -0.000390363
vn 0.00397269 0.999984 0.00413729
vn 0.0375437 0.99926 0.00835005
vn -0.999247 -0.00314068 -0.0386664
vn -0.999405 -0.0207507 -0.0275633
vn -0.991487 -0.0876221 -0.0963158
vn -0.99912 -0.0403477 -0.0114788
vn -0.998506 -0.0395857 -0.0376711
vn -0.997871 -0.00561549 -0.0649743
vn -0.99636 0.00627327 -0.0850131
vn -0.997928 0.0129484 -0.0630296
vn -0.10775 -0.0372928 0.993478
vn -0.27762 -0.705478 -0.652095
vn -0.10775 -0.0372928 0.993478
vn 0.795805 0.33804 -0.502417
vn -0.997855 0.0314359 -0.057415
vn -0.986458 0.00700849 -0.163865
vn -0.999537 -0.0207537 -0.0222607
vn -0.891615 -0.354513 -0.281678
vn -0.891615 -0.354513 -0.281678
vn -0.0570754 -0.00501422 -0.998357
vn 0.00109929 0.291001 -0.956722
vn 0.0127637 0.0221409 -0.999673
vn -0.0119988 -0.00259778 -0.999925
vn 0.0545213 0.00857976 -0.998476
vn 0.043472 0.00179295 -0.999053
vn 0.0719374 0.00672056 -0.997387
vn 0.0303808 0.00219211 -0.999536
vn 0.0588124 0.0491703 -0.997057
vn 0.0528394 0.00805966 -0.998571
vn 0.0573274 0.0185042 -0.998184
vn 0.0724137 -0.00495623 -0.997362
vn 0.0993996 0.018381 -0.994878
vn 0.0972053 0.0102182 -0.995212
vn -0.0127241 -0.00736419 -0.999892
vn 0.0588512 5.38677e-05 -0.998267
vn 0.0533227 -0.00840027 -0.998542
vn -0.5134 -0.857976 -0.0172199
vn -0.532915 -0.84579 -0.0253246
vn -0.552182 -0.833521 -0.0183612
vn -0.548805 -0.835938 0.00454974
vn -0.554238 -0.831412 -0.0396924
vn -0.471523 -0.88185 0.00269731
vn -0.0126703 -0.999905 -0.00549857
vn -0.00997767 -0.999942 0.00394423
vn 0.0312978 -0.0134548 -0.99942
vn -0.0541055 0.0175062 0.998382
vn -0.561298 -0.827547 0.0105224
vn -0.0640556 0.00044394 0.997946
vn -0.0479695 0.0170845 0.998703
vn -0.0556171 0.0117116 0.998383
vn 0.0445945 -0.00212551 -0.999003
vn 0.205173 0.175403 -0.96288
vn 0.0343899 -0.00584956 -0.999391
vn 0.116719 -0.0472207 -0.992042
vn -0.0932109 -0.243914 -0.965307
vn -0.203565 -0.107369 -0.973156
vn -0.0131836 -0.0894068 -0.995908
vn 0.0351493 0.0444041 -0.998395
vn -0.0131836 -0.0894068 -0.995908
vn -0.0152761 -0.999432 0.0300305
vn -0.0151432 -0.999755 0.0161662
vn -0.0142747 -0.999847 0.0101391
vn 0.043127 -0.998094 -0.0441294
vn 0.936134 -0.328542 -0.125356
vn -0.0152845 -0.999803 0.0126675
vn 0.0214939 -0.0250922 -0.999454
vn 0.995217 0.0399845 -0.0891292
vn 0.999781 0.00571132 0.0201526
vn 0.999987 -0.00405378 0.00312852
vn 0.992268 0.0125654 0.123473
vn 0.999918 0.011773 -0.00500107
vn 0.997951 -0.00720475 0.0635711
vn 0.999573 -0.00274228 0.0290814
vn 0.998826 -0.0117857 0.0469825
vn 0.0911317 -0.0997786 0.990828
vn 0.069474 -0.00290783 -0.99758
vn 0.0372834 -0.0302794 -0.998846
vn 0.0121096 -0.0470397 -0.99882
vn 0.0022171 -0.0259136 -0.999662
vn 0.0478204 -0.0353825 -0.998229
vn 0.0377916 -0.0310996 -0.998802
vn 0.0295368 -0.0348725 -0.998955
vn 0.064976 -0.0290808 -0.997463
vn 0.0874963 0.00742228 -0.996137
vn 0.0831579 0.026466 -0.996185
vn 0.0249744 0.00733734 -0.999661
vn 0.0274156 -0.00195968 -0.999622
vn 0.994165 0.107233 0.0117334
vn 0.348074 0.936664 0.0387914
vn -0.0167298 0.99983 0.00774255
vn -0.0109653 0.999843 -0.0138904
vn -0.00344217 0.999974 0.00626665
vn 0.999308 0.0256708 0.0269371
vn 0.99418 0.0654345 0.0855813
vn 0.0126838 0.999892 0.0073956
vn 0.0207129 0.999582 0.0201936
vn -0.00931393 0.996865 0.0785666
vn -0.180495 0.972062 -0.15006
vn 0.485639 0.870138 -0.0837574
vn -0.0148003 0.999422 -0.0306133
vn -0.0240103 0.999697 -0.00535084
vn -0.0222314 0.999708 -0.00949428
vn 0.801598 0.553488 -0.226033
vn 0.000910615 -0.999985 -0.00545373
vn -0.00375814 -0.999972 -0.00647535
vn -0.00171 -0.999974 -0.00705841
vn 0.0111312 -0.999218 -0.0379289
vn -0.00375814 -0.999972 -0.00647535
vn -0.00453415 -0.999978 -0.00493086
vn -0.0517273 0.998559 -0.0142875
vn 0.481697 0.873584 0.0694226
vn 0.256669 -0.961655 0.0966455
vn 0.000843331 -0.999988 -0.00479411
vn 0.00959432 -0.999918 -0.00852701
vn 0.00139027 -0.999992 -0.00367442
vn 0.000739071 -0.999993 -0.00362448
vn 0.0245607 -0.999697 0.00186148
vn -0.365334 -0.887687 0.280255
vn -0.00554802 -0.999967 -0.00596089
vn -0.00625006 -0.999971 -0.00441586
vn -0.154754 0.0052232 0.987939
vn -0.556452 -0.828031 0.0687398
vn -0.00712663 -0.999897 -0.0124963
vn -0.0127762 -0.999849 -0.0117627
vn 0.304896 -0.115855 -0.945313
vn 0.304896 -0.115855 -0.945313
vn 0.304896 -0.115855 -0.945313
vn -0.0599585 -0.0183173 0.998033
vn -0.0532351 0.0237397 0.9983
vn -0.0569175 0.0154648 0.998259
vn -0.0335092 0.0216508 0.999204
vn -0.0460958 0.0111324 0.998875
vn -0.992471 0.112311 -0.048859
vn -0.997738 0.0427959 -0.0518483
vn -0.997794 0.0302615 -0.0590888
vn -0.285202 0.958427 -0.00875457
vn -0.380266 0.924501 -0.0264015
vn -0.990284 0.124049 -0.0628396
vn -0.994931 -0.0872354 -0.0500297
vn -0.972361 -0.232663 0.0195377
vn -0.998229 -0.0383633 -0.0454753
vn -0.0110627 -0.999934 -0.00311562
vn -0.0143291 -0.999722 -0.0187456
vn -0.988063 -0.0993529 -0.117734
vn -0.885693 0.222471 -0.407498
vn 0.101396 0.24587 -0.963985
vn -0.00463868 0.99998 0.0043432
vn 0.43883 0.697593 0.566385
vn 0.991138 0.123263 0.0495077
vn 0.982767 -0.170952 -0.0703139
vn -0.999535 0.02405 0.0187605
vn -0.999535 0.02405 0.0187605
vn -0.00299084 0.999971 -0.00706057
vn 0.00659708 0.993741 -0.111518
vn 0.00366718 0.999934 -0.0109236
vn -0.000103211 0.999999 -0.00125053
vn -0.00131947 0.999999 -0.00075364
vn 0.0085135 0.999962 0.00203588
vn 0.0409588 0.999088 0.0120391
vn -0.999818 -0.00262992 -0.0188854
vn -0.995829 -0.0576847 -0.0706832
vn -0.99927 -0.0357731 -0.0134046
vn -0.999027 -0.0262629 -0.0354213
vn -0.994551 -0.0778853 -0.0692906
vn -0.995819 -0.0103871 -0.0907547
vn -0.998469 0.00898908 -0.0545781
vn -0.998959 0.000914216 -0.0456104
vn -0.0970156 0.058682 0.993551
vn -0.229417 -0.100131 -0.968164
vn -0.81939 0.0991764 -0.564593
vn -0.986463 0.0147908 -0.163317
vn -0.160537 0.19742 -0.967085
vn -0.0771344 -0.322261 -0.943503
vn 0.0252339 0.293752 -0.955549
vn -0.0286471 0.0168752 -0.999447
vn 0.0534891 0.0018987 -0.998567
vn 0.0449017 0.00440654 -0.998982
vn 0.0739794 -0.000486393 -0.99726
vn 0.0518583 0.0227574 -0.998395
vn 0.056552 0.0207128 -0.998185
vn 0.0538901 0.0118263 -0.998477
vn 0.0596605 -0.00763215 -0.99819
vn 0.0826085 0.0111903 -0.996519
vn 0.0992454 0.00907251 -0.995022
vn 0.102325 0.000230394 -0.994751
vn -0.00821266 -0.0161904 -0.999835
vn 0.061379 -0.00121091 -0.998114
vn 0.038983 0.00136691 -0.999239
vn -0.522262 -0.852579 -0.0187701
vn -0.549482 -0.835375 -0.0147897
vn -0.535493 -0.844525 0.00491105
vn -0.545342 -0.837645 -0.0308824
vn -0.0688106 -0.01075 0.997572
vn -0.499919 -0.865835 -0.0202545
vn -0.0159284 -0.999539 0.0258474
vn -0.0152437 -0.999822 0.0111206
vn -0.0155802 -0.999856 0.00676428
vn 0.0666837 -0.0188151 -0.997597
vn -0.0538135 0.0121318 0.998477
vn -0.0585844 -0.0121714 0.998208
vn -0.0456556 0.0140756 0.998858
vn -0.0536206 0.00991556 0.998512
vn -0.0538135 0.0121318 0.998477
vn -0.0566181 0.00572479 0.99838
vn 0.176763 -0.165621 -0.970219
vn -0.098374 0.17841 -0.979026
vn 0.0495073 -0.000611224 -0.998774
vn 0.0181951 -0.0765105 -0.996903
vn -0.0647979 -0.0900455 -0.993827
vn -0.203565 -0.107369 -0.973156
vn -0.203565 -0.107369 -0.973156
vn -0.0131836 -0.0894068 -0.995908
vn -0.026435 0.00620413 -0.999631
vn -0.0131836 -0.0894068 -0.995908
vn 0.0192615 -0.029158 -0.999389
vn -0.0192543 -0.999448 0.0270819
vn -0.0183277 -0.999627 0.0202331
vn 0.100253 -0.994943 -0.00612941
vn 0.987259 -0.0421997 -0.153425
vn 0.929374 0.00797767 -0.369054
vn 0.0214939 -0.0250922 -0.999454
vn -0.0179674 -0.999545 0.0242147
vn 0.0214939 -0.0250922 -0.999454
vn 0.986314 0.00443488 -0.164816
vn 0.999952 0.00701505 0.00679674
vn 0.999896 0.0095824 -0.0107401
vn 0.990016 0.00712792 0.140773
vn 0.999826 0.00114772 -0.0185972
vn 0.997566 -0.00508808 0.0695434
vn 0.999644 0.00257127 0.0265537
vn 0.998686 -0.0163261 0.0485795
vn 0.997827 0.00169846 0.06586
vn -0.0175429 0.0325252 0.999317
vn 0.045559 -0.0214478 -0.998731
vn -0.00365293 -0.0322577 -0.999473
vn -0.00613777 -0.0328637 -0.999441
vn 0.0511793 -0.0399368 -0.997891
vn 0.029168 -0.0257417 -0.999243
vn 0.0285252 -0.029041 -0.999171
vn 0.0248142 -0.0289737 -0.999272
vn 0.0585202 -0.0334254 -0.997727
vn 0.0599784 -0.0433244 -0.997259
vn 0.153937 0.0627469 -0.986086
vn 0.0103985 0.0641878 -0.997884
vn 0.0321948 -0.00106936 -0.999481
vn -0.0538136 -0.00408142 -0.998543
vn 0.256372 0.962435 0.0894054
vn -0.021815 0.999695 -0.0115925
vn -0.0118236 0.999927 -0.00266569
vn 0.00356731 0.999978 0.00560708
vn 0.996557 0.0722531 0.0406568
vn 0.017429 0.999741 0.0146386
vn 0.0687916 0.996162 0.0541258
vn -0.132249 0.985378 -0.107429
vn -0.21106 0.961403 -0.176516
vn -0.00900642 0.999802 0.017733
vn -0.0250992 0.999683 -0.00190142
vn -0.030197 0.999392 -0.0174312
vn 0.00589466 -0.999883 -0.0141246
vn -0.00375814 -0.999972 -0.00647535
vn 0.00055475 -0.999965 -0.00835438
vn 0.0368019 -0.999209 -0.015062
vn -0.0189213 -0.998957 -0.0415512
vn -0.00316895 -0.999952 -0.00930368
vn -0.0425536 0.998967 -0.0159139
vn 0.494459 0.869124 0.0115773
vn 0.322278 -0.946637 0.00394207
vn 0.00695511 -0.999924 -0.0101842
vn 0.0136825 -0.999838 -0.0116984
vn 0.0113246 -0.999833 -0.0143707
vn 0.00322722 -0.999986 -0.00426815
vn -0.00296425 -0.999977 -0.00610267
vn -0.00392619 -0.999992 7.61805e-07
vn -0.0756596 -0.953344 0.292252
vn -0.085545 -0.0341786 0.995748
vn -0.00514636 -0.999981 -0.00348288
vn -0.00945537 -0.999951 -0.00288409
vn -0.0855401 -0.0175531 0.99618
vn -0.085545 -0.0341786 0.995748
vn -0.0978911 -0.10442 0.989704
vn -0.014758 -0.999814 -0.0123892
vn -0.00979632 -0.999839 -0.0150654
vn -0.0277275 0.0107089 0.999558
vn -0.0630455 0.0272355 0.997639
vn -0.056541 0.0131696 0.998313
vn -0.0538135 0.0121318 0.998477
vn -0.0444994 0.0123833 0.998933
vn -0.044993 0.00761438 0.998958
vn -0.991663 0.118569 -0.050461
vn -0.997698 0.0429558 -0.0524664
vn -0.998386 0.027887 -0.0494693
vn -0.298652 0.954264 -0.0136564
vn -0.34453 0.938738 -0.00842282
vn -0.991691 0.111477 -0.0642058
vn -0.99392 -0.0793987 -0.0762787
vn -0.976951 -0.201663 -0.0699852
vn -0.999372 -0.0258934 -0.0242018
vn -0.00426287 -0.999965 -0.00724743
vn -0.00539423 -0.999982 0.00267004
vn -0.00741286 -0.999795 -0.0188486
vn -0.0328963 0.108517 -0.99355
vn -0.885693 0.222471 -0.407498
vn -0.885693 0.222471 -0.407498
vn -0.486763 -0.265026 -0.83236
vn -0.175663 0.421226 0.889781
vn -0.0149866 0.999873 -0.00543015
vn -0.0148802 0.999789 0.0142
vn 0.43883 0.697593 0.566385
vn 0.43883 0.697593 0.566385
vn -0.975168 0.221205 0.0107702
vn -0.336698 0.304179 0.891129
vn -0.336698 0.304179 0.891129
vn -0.999535 0.02405 0.0187605
vn -0.999535 0.02405 0.0187605
vn -0.0293118 0.999555 -0.00547187
vn 0.0429243 0.993406 -0.106309
vn 0.00246176 0.999943 -0.0103438
vn 0.0010399 0.999998 0.00180985
vn 0.00704445 0.999975 -0.00032967
vn 0.0438094 0.999021 0.00607217
vn -0.999224 -0.0078844 -0.0385991
vn -0.994265 -0.0797911 -0.0712106
vn -0.998633 -0.0384647 -0.0353964
vn -0.998754 -0.0189244 -0.0461719
vn -0.992549 -0.039688 -0.115197
vn -0.997824 0.00498311 -0.0657524
vn -0.99909 0.00835868 -0.0418182
vn -0.988055 -0.00298764 -0.154072
vn -0.229417 -0.100131 -0.968164
vn -0.229417 -0.100131 -0.968164
vn 0.0486295 0.00385634 -0.998809
vn -0.0713824 0.200705 -0.977048
vn 0.061528 0.321504 -0.944907
vn 0.105396 -0.197748 -0.974571
vn -0.032578 -0.00249057 -0.999466
vn 0.0520605 0.00457077 -0.998634
vn 0.0465958 -0.00285713 -0.99891
vn 0.0865636 -0.0045807 -0.996236
vn -0.136996 0.264423 -0.954627
vn 0.0566071 -0.00227771 -0.998394
vn 0.0622128 -0.0100018 -0.998013
vn 0.0623811 -0.00173656 -0.998051
vn 0.0891622 0.00925738 -0.995974
vn 0.0933471 0.00312202 -0.995629
vn 0.109716 -0.00536983 -0.993948
vn 0.0118026 -0.0224926 -0.999677
vn 0.0776237 -0.00109496 -0.996982
vn 0.043227 -0.0634326 -0.99705
vn -0.546302 -0.837398 -0.0178602
vn -0.535468 -0.844438 0.0140685
vn -0.541345 -0.840731 -0.0108349
vn -0.0746774 -0.0187552 0.997031
vn -0.52655 -0.849719 -0.0268729
vn -0.0474667 0.0157056 0.998749
vn -0.00356985 -0.999882 0.014939
vn -0.0179784 -0.999751 0.0132545
vn -0.0157238 -0.999794 0.0128664
vn -0.00270458 -0.999902 0.0137181
vn 0.0668627 -0.0180654 -0.997599
vn -0.0439142 0.0134545 0.998945
vn -0.0468841 0.00818945 0.998867
vn -0.0567772 0.00622065 0.998367
vn -0.0538135 0.0121318 0.998477
vn -0.0554572 0.00544308 0.998446
vn -0.0571986 0.00598596 0.998345
vn -0.0926831 -0.219735 -0.971147
vn 0.0168488 0.0294003 -0.999426
vn 0.0523224 0.00238461 -0.998627
vn 0.0223223 -0.0142484 -0.999649
vn 0.0468324 -0.0061388 -0.998884
vn -0.0131836 -0.0894068 -0.995908
vn 0.0485215 0.00817464 -0.998789
vn 0.0333442 0.00051588 -0.999444
vn -0.0244172 -0.0209354 -0.999483
vn -0.00187058 -0.999942 0.0106245
vn 0.126249 -0.991504 0.0313336
vn 0.999685 0.0127096 -0.021652
vn 0.979266 0.0163134 -0.20192
vn 0.920203 0.0273332 -0.390485
vn 0.987161 0.0150927 -0.159016
vn 0.999772 0.0213436 -0.000637056
vn 0.999714 0.00941117 -0.0219736
vn 0.988787 0.00833555 0.149101
vn 0.999236 0.00309139 -0.0389723
vn 0.997664 0.00977869 0.0676158
vn 0.999164 -0.0327934 0.0243939
vn 0.998722 0.0503953 0.00375182
vn 0.997827 0.00169846 0.06586
vn 0.997827 0.00169846 0.06586
vn 0.999432 -0.00722766 0.0329202
vn 0.0210773 -0.0624744 -0.997824
vn -0.0048405 -0.042746 -0.999074
vn 0.0390325 -0.0240649 -0.998948
vn 0.0713546 -0.0123231 -0.997375
vn 0.00667571 -0.0184335 -0.999808
vn 0.0532255 -0.0226901 -0.998325
vn 0.0643505 -0.0127145 -0.997846
vn 0.0583646 -0.0251402 -0.997979
vn 0.0576153 -0.026585 -0.997985
vn 0.158172 -0.127667 -0.979124
vn 0.636786 0.770789 0.0196858
vn -0.120783 0.986284 -0.112495
vn -0.00159541 0.0355655 -0.999366
vn -0.0246554 0.0287265 -0.999283
vn 0.0735709 -0.00193538 -0.997288
vn 0.168315 0.985537 0.0196701
vn -0.127164 0.988673 0.0797163
vn -0.00749422 0.999968 0.00278428
vn 0.00741815 0.999915 0.0107653
vn 0.00741815 0.999915 0.0107653
vn 0.0329886 0.999394 0.0111451
vn 0.0461949 0.992277 -0.115119
vn 0.0461949 0.992277 -0.115119
vn -0.0474424 0.998751 0.0156529
vn -0.0364283 0.999322 -0.00532594
vn -0.0447415 0.998998 0.000684472
vn 0.00464421 -0.999839 -0.0173144
vn 0.0232672 -0.999644 0.0130944
vn -0.039172 -0.998853 -0.0275244
vn -0.00757295 -0.99989 -0.0127236
vn -0.0155812 -0.999818 -0.0110394
vn -0.03495 0.999386 -0.00253821
vn 0.46938 0.882686 0.0233916
vn 0.333149 -0.942796 0.0121261
vn 0.00603365 -0.999977 -0.00306361
vn 0.0151833 -0.999837 -0.00979669
vn 0.0135001 -0.999834 -0.0122247
vn 0.00494173 -0.999834 -0.0175379
vn 0.0151718 -0.999855 0.00778334
vn -0.000880917 -0.999992 -0.0038529
vn -0.0550641 -0.986066 0.15698
vn -0.00445505 -0.99999 0.0011367
vn -0.085545 -0.0341786 0.995748
vn -0.00659269 -0.999978 -0.00117305
vn -0.0114159 -0.999935 -0.000523597
vn -0.265332 -0.00948409 0.96411
vn -0.085545 -0.0341786 0.995748
vn -0.265332 -0.00948409 0.96411
vn -0.0842122 -0.0235949 0.996168
vn -0.0249511 -0.0160279 0.99956
vn -0.00936649 -0.999909 -0.00972961
vn -0.0157135 -0.999829 -0.0097775
vn -0.265332 -0.00948409 0.96411
vn -0.156504 -0.042306 0.986771
vn -0.0590665 0.0234489 0.997979
vn -0.0536133 0.00875027 0.998523
vn -0.0538135 0.0121318 0.998477
vn -0.0459677 0.0215821 0.99871
vn -0.0413392 0.00912355 0.999104
vn -0.0454217 0.00660116 0.998946
vn -0.99176 0.117446 -0.0511685
vn -0.997693 0.0428015 -0.0527019
vn -0.997648 0.0303456 -0.0614553
vn -0.321059 0.94665 -0.0278271
vn -0.298994 0.954165 -0.013077
vn -0.992583 0.106921 -0.0578549
vn -0.867514 0.0627506 -0.493439
vn -0.942255 -0.325199 -0.080009
vn -0.999293 -0.0287964 -0.0241811
vn 0.00573246 -0.999969 0.0054894
vn 0.00621627 -0.99991 -0.0118628
vn 0.00164581 -0.999941 0.0107438
vn 0.00519402 -0.999814 -0.0185851
vn 0.00470151 0.050977 -0.998689
vn 0.43883 0.697593 0.566385
vn 0.00470151 0.050977 -0.998689
vn -0.481604 0.863883 0.147525
vn -0.0464164 0.989429 -0.137386
vn -0.924965 0.36292 -0.112826
vn -0.00656856 0.999978 -0.000382307
vn 0.00254327 0.999942 -0.0105002
vn 0.00460081 0.999928 0.0110956
vn 0.43883 0.697593 0.566385
vn -0.694778 0.42883 0.577398
vn -0.336698 0.304179 0.891129
vn 0.796982 0.434383 -0.419681
vn -0.336698 0.304179 0.891129
vn -0.90594 -0.276509 -0.32065
vn 0.0423265 0.999071 -0.00807152
vn 0.0376381 0.998453 -0.0409172
vn 0.0125856 0.99992 -0.00121368
vn 0.00448804 0.999987 0.00250765
vn 0.0468018 0.998902 0.00224943
vn -0.997785 -0.0338412 -0.0572706
vn -0.999002 -0.0442507 -0.00603586
vn -0.997875 -0.0596095 -0.0263056
vn -0.985978 -0.0454191 -0.160577
vn -0.997006 -0.0171705 -0.0753957
vn -0.999426 0.00816111 -0.0328898
vn -0.988955 0.00164784 -0.148204
vn -0.229417 -0.100131 -0.968164
vn -0.229417 -0.100131 -0.968164
vn 0.0486295 0.00385634 -0.998809
vn 0.0486295 0.00385634 -0.998809
vn -0.335304 -0.748768 -0.571767
vn -0.0176628 -0.00642262 -0.999823
vn 0.0469556 0.000300381 -0.998897
vn 0.0260988 0.00403959 -0.999651
vn 0.191056 0.339881 -0.920858
vn -0.275939 -0.110725 -0.954776
vn 0.0646414 -0.0114688 -0.997843
vn 0.0644373 -0.00449368 -0.997912
vn 0.0663947 0.00912378 -0.997752
vn 0.0862885 0.0109277 -0.99621
vn 0.075045 -0.00107907 -0.99718
vn 0.0716892 0.00717069 -0.997401
vn 0.0357485 -0.0357834 -0.99872
vn 0.0704871 -0.0264537 -0.997162
vn 0.0334655 0.00931736 -0.999396
vn -0.545201 -0.838072 -0.0197967
vn -0.545319 -0.837945 0.0217965
vn -0.0568764 -0.0254729 0.998056
vn -0.528484 -0.848759 -0.0176729
vn -0.0475928 0.0104985 0.998812
vn 0.00282093 -0.999993 0.0023995
vn -0.0496032 0.00781672 0.998738
vn -0.0125242 -0.99987 0.010108
vn -0.00785876 -0.999945 0.00696641
vn -0.00679328 -0.999918 0.0108816
vn 0.00181171 -0.9998 0.0199158
vn 0.0316147 0.00671234 -0.999478
vn -0.048368 0.00787057 0.998799
vn -0.0492985 0.0023321 0.998781
vn -0.0564066 0.00524125 0.998394
vn -0.0528207 0.00602065 0.998586
vn -0.0515187 0.0127172 0.998591
vn 0.0375796 -0.050342 -0.998025
vn 0.0487817 -0.00465002 -0.998799
vn 0.0455524 -0.000251729 -0.998962
vn 0.0136923 -0.0261659 -0.999564
vn 0.0781338 0.017155 -0.996795
vn 0.0825767 -0.0141994 -0.996484
vn -0.00869885 0.0253943 -0.99964
vn 0.0319194 -0.0314939 -0.998994
vn 0.163056 -0.986252 -0.0268117
vn 0.990522 -0.0271371 0.134644
vn 0.999655 0.00320195 -0.0260655
vn 0.981966 0.023099 -0.187642
vn 0.920731 0.0296626 -0.389069
vn 0.985394 0.0306397 -0.16751
vn 0.999981 0.00195594 0.0057859
vn 0.999705 0.00459569 -0.0238363
vn 0.987603 0.00524609 0.156887
vn 0.999288 0.0041836 -0.0374861
vn 0.998332 -0.024183 0.0524233
vn 0.993564 0.102396 0.0484275
vn 0.153367 0.986509 -0.0572552
vn 0.964712 0.219865 0.144878
vn 0.0453544 -0.0237488 -0.998689
vn 0.00987855 0.0167359 -0.999811
vn 0.0666934 -0.003038 -0.997769
vn 0.0495581 -0.0065656 -0.99875
vn 0.0140038 -0.0141119 -0.999802
vn 0.0732999 -0.00897894 -0.99727
vn 0.0657673 -0.00568184 -0.997819
vn 0.0696981 -0.0133755 -0.997478
vn 0.0707866 -0.0153688 -0.997373
vn 0.0464391 -0.0160738 -0.998792
vn -0.0340204 -0.119476 -0.992254
vn 0.15316 -0.98601 -0.0657726
vn -0.10784 0.994029 -0.0166206
vn -0.120783 0.986284 -0.112495
vn -0.120783 0.986284 -0.112495
vn 0.0220466 0.018278 -0.99959
vn -0.0220946 0.998328 -0.0534144
vn 0.0517215 0.0398156 -0.997868
vn 0.0732944 0.00755368 -0.997282
vn 0.131336 0.971173 0.198932
vn -0.102202 0.990686 -0.0899776
vn -0.00446608 0.999988 0.00202105
vn 0.00741815 0.999915 0.0107653
vn 0.00741815 0.999915 0.0107653
vn 0.0141382 0.999236 -0.0364483
vn 0.00402454 0.999988 0.00292874
vn 0.0461949 0.992277 -0.115119
vn 0.0461949 0.992277 -0.115119
vn 0.0188228 0.999457 0.0270407
vn -0.0439922 0.998928 -0.0143899
vn -0.0389702 0.99924 0.00107966
vn -0.0501914 0.998738 0.00156916
vn 0.00423465 -0.999873 -0.0153594
vn -0.0194444 -0.999792 0.00622478
vn -0.00650195 -0.999376 -0.0347274
vn -0.00996326 -0.999869 -0.0127248
vn -0.0154923 -0.999816 -0.0112854
vn -0.0374961 0.999296 -0.0014099
vn 0.310278 -0.950582 -0.0110339
vn 0.00248252 -0.999778 -0.0209219
vn 0.0219654 -0.999729 -0.00768018
vn 0.0181167 -0.999721 -0.0151339
vn 0.0077156 -0.99986 -0.0148226
vn 0.00389635 -0.999807 -0.0192541
vn -0.0126723 -0.999477 0.0297448
vn -0.0184643 -0.996063 0.0867025
vn -0.00227105 -0.999996 -0.00138466
vn -0.0126723 -0.999477 0.0297448
vn -0.0540419 -0.0363284 0.997878
vn -0.00578169 -0.999983 0.000879043
vn -0.085545 -0.0341786 0.995748
vn -0.00914948 -0.999957 0.00157378
vn -0.00724199 -0.99996 0.00523707
vn -0.265332 -0.00948409 0.96411
vn -0.0390309 -0.0166957 0.999098
vn -0.0257959 0.0118236 0.999597
vn -0.0832625 0.00669514 0.996505
vn -0.0111931 -0.999887 -0.0100317
vn -0.0154833 -0.999854 -0.00724586
vn -0.265332 -0.00948409 0.96411
vn -0.115142 0.141175 0.983266
vn -0.478584 0.0763149 0.874719
vn -0.0497735 0.00745596 0.998733
vn -0.0544459 0.0330935 0.997968
vn -0.0512406 0.0175402 0.998532
vn -0.0426234 0.000702976 0.999091
vn -0.046523 0.00874499 0.998879
vn -0.991985 0.115683 -0.0508228
vn -0.997353 0.0410308 -0.0600232
vn -0.997676 0.0322843 -0.060007
vn -0.323911 0.945563 -0.0314903
vn -0.27785 0.960482 -0.0165104
vn -0.768712 0.304883 -0.562253
vn -0.98373 0.115703 0.137434
vn -0.97419 0.222617 -0.0373434
vn -0.596568 -0.679425 -0.427186
vn -0.998613 -0.0297606 -0.0434416
vn 0.00356896 -0.999936 0.0107504
vn 0.0112729 -0.999901 -0.00840756
vn 0.00617098 -0.999921 -0.0109558
vn 0.00630136 -0.999891 0.0133556
vn 0.028859 -0.999007 -0.0339501
vn 0.00470151 0.050977 -0.998689
vn 0.00470151 0.050977 -0.998689
vn -0.481604 0.863883 0.147525
vn -0.481604 0.863883 0.147525
vn -0.973436 0.218957 0.0669339
vn -0.0404745 0.998502 0.0368093
vn -0.890107 0.455735 -0.00383571
vn 0.0905546 0.991926 0.0887841
vn 0.0124766 0.999878 0.00944182
vn -0.00251122 0.999866 0.0162076
vn -0.00286432 0.999996 -0.000570308
vn 0.0813791 0.996671 -0.00497492
vn -0.336698 0.304179 0.891129
vn 0.0767094 0.996949 -0.0144097
vn 0.0264806 0.999649 -0.00085535
vn 0.039172 0.999231 -0.00154282
vn 0.0485882 0.998804 0.00547285
vn -0.997534 -0.0294583 -0.063709
vn -0.997857 -0.0172648 -0.06311
vn -0.982873 -0.030298 -0.181777
vn -0.996139 -0.00887891 -0.0873387
vn -0.999155 -0.000825829 -0.0410978
vn -0.988756 0.00699136 -0.149371
vn 0.0431463 0.00129043 -0.999068
vn -0.0143664 0.0124638 -0.999819
vn 0.0609077 0.00829635 -0.998109
vn 0.108244 0.127709 -0.985887
vn 0.236466 -0.103144 -0.96615
vn -0.0599451 -0.15235 -0.986507
vn 0.0651798 -0.00591924 -0.997856
vn 0.0677168 0.00398366 -0.997697
vn 0.0739243 0.00446254 -0.997254
vn 0.0928015 0.00478466 -0.995673
vn 0.0577824 0.0474459 -0.997201
vn 0.0258981 -0.0259733 -0.999327
vn 0.0348166 -0.000388819 -0.999394
vn 0.0348543 0.00319938 -0.999387
vn 0.0406818 0.000461698 -0.999172
vn -0.533902 -0.84552 0.0066831
vn -0.503046 -0.863618 -0.0332941
vn -0.0668448 -0.0169703 0.997619
vn -0.0385678 0.00168221 0.999255
vn 0.00604174 -0.999978 -0.00262225
vn -0.0385678 0.00168221 0.999255
vn -0.0455632 0.00367138 0.998955
vn -0.00856436 -0.99996 -0.00259743
vn -0.0513445 0.00780553 0.998651
vn -0.00643477 -0.999927 0.0102193
vn -0.00808918 -0.999962 0.00337074
vn 0.00149517 -0.999948 0.0101308
vn 0.00354773 -0.999708 0.0239145
vn 0.0459723 -0.00174961 -0.998941
vn -0.0508585 0.00442559 0.998696
vn -0.0499182 0.0040407 0.998745
vn -0.0525102 0.00763829 0.998591
vn -0.0495616 0.0146304 0.998664
vn -0.0386938 0.0531731 0.997835
vn 0.0498029 0.00212196 -0.998757
vn 0.0533727 0.00134645 -0.998574
vn -0.0701052 -0.0737758 -0.994808
vn 0.047671 0.00746528 -0.998835
vn 0.0451081 0.988882 -0.141695
vn 0.00886977 0.0329549 -0.999417
vn 0.0239847 0.0400051 -0.998912
vn 0.00821409 -0.0432864 -0.999029
vn 0.986812 -0.0959313 0.13038
vn 0.984507 -0.00290839 0.175319
vn 0.999474 0.014719 -0.0288862
vn 0.982826 0.017153 -0.183733
vn 0.917215 0.00186912 -0.398389
vn 0.985966 -0.0137259 -0.166382
vn 0.99977 -0.00291958 0.0212574
vn 0.999797 -7.25897e-05 -0.0201519
vn 0.988609 0.0029267 0.150476
vn 0.999549 -0.0234977 -0.0187205
vn 0.995533 0.0758259 0.056257
vn 0.191779 0.981105 0.0255878
vn 0.960066 -0.273891 0.057074
vn 0.978122 -0.0059262 0.207947
vn 0.0614797 0.000274511 -0.998108
vn 0.0547689 0.0223705 -0.998248
vn 0.0279985 0.0116653 -0.99954
vn 0.0369071 -0.00375424 -0.999312
vn 0.0382676 -0.00986734 -0.999219
vn 0.0769765 0.00734447 -0.997006
vn 0.0682655 -0.000194456 -0.997667
vn 0.0647284 -0.00558149 -0.997887
vn 0.0514259 -0.0146902 -0.998569
vn 0.0464998 -0.0144428 -0.998814
vn 0.0639739 -0.016053 -0.997822
vn 0.00247107 0.0062071 -0.999978
vn 0.00904083 -0.999423 0.0327549
vn -0.0435388 0.998448 0.0347238
vn 0.0209115 0.0232841 -0.99951
vn -0.0208214 0.999117 -0.0364795
vn 0.0786241 0.0161025 -0.996774
vn 0.0511496 0.0144733 -0.998586
vn -0.0240534 -0.97091 0.238235
vn -0.0274754 0.999609 0.00512016
vn 0.00198666 0.999941 0.0106631
vn 0.00741815 0.999915 0.0107653
vn -0.000480941 0.999985 0.00549597
vn -0.00801455 0.999968 0.000831888
vn 0.00731312 0.999963 0.00465349
vn 0.0461949 0.992277 -0.115119
vn 0.0355812 0.999088 -0.0236186
vn 0.0492863 0.998636 0.017239
vn -0.0179071 0.999747 -0.0136203
vn -0.0328626 0.999459 0.00153469
vn -0.00448293 -0.999875 -0.0151749
vn -0.00238943 -0.999902 -0.0137661
vn -0.00924693 -0.999418 -0.0328348
vn -0.00665686 -0.999642 -0.0259191
vn -0.0149472 -0.99979 -0.0140527
vn -0.00622377 -0.999655 0.0255013
vn 0.0176919 -0.999816 -0.00741407
vn 0.023952 -0.999609 -0.0144303
vn 0.00823739 -0.999799 -0.0182753
vn 0.00457843 -0.999845 -0.0169873
vn -0.00405301 -0.999796 -0.0198057
vn -0.0126723 -0.999477 0.0297448
vn -0.0547285 -0.0313456 0.998009
vn -0.00447489 -0.999988 0.00175185
vn -0.00990895 -0.999802 0.017245
vn -0.0126723 -0.999477 0.0297448
vn -0.00280561 -0.99998 0.00562728
vn -0.00435285 -0.999989 0.0015329
vn -0.0158752 -0.999865 0.0042423
vn -0.0458638 -0.00112462 0.998947
vn -0.0673816 0.0224369 0.997475
vn 0.0305092 -0.0360188 0.998885
vn -0.478584 0.0763149 0.874719
vn -0.0681905 0.246915 0.966635
vn -0.0174348 -0.999792 -0.0105974
vn 0.00301123 -0.999964 -0.00795728
vn -0.478584 0.0763149 0.874719
vn -0.0490076 0.012307 0.998723
vn -0.0535937 0.0537191 0.997117
vn -0.0482443 0.00150343 0.998834
vn -0.0457359 0.0162467 0.998821
vn -0.0507518 0.00405158 0.998703
vn -0.0412605 0.0539559 0.997691
vn -0.992242 0.111224 -0.0555504
vn -0.997584 0.0366506 -0.0590101
vn -0.997383 0.0360857 -0.0626561
vn -0.307877 0.95081 -0.0342424
vn -0.252348 0.95045 -0.181562
vn -0.252348 0.95045 -0.181562
vn -0.887596 0.458125 0.0479096
vn -0.979776 0.174775 0.0974284
vn -0.999681 -0.0188179 -0.0168279
vn -0.47994 -0.873922 0.0769303
vn -0.596568 -0.679425 -0.427186
vn -0.596568 -0.679425 -0.427186
vn -0.993005 0.00226527 -0.118051
vn 0.00761476 -0.999903 0.0116826
vn 0.00863305 -0.999953 -0.00437787
vn 0.016388 -0.999828 -0.00871435
vn 0.0111512 -0.999826 -0.0149314
vn 0.00728033 -0.999827 0.0171398
vn 0.0304789 -0.999519 -0.00575425
vn 0.471748 -0.827601 -0.304188
vn 0.00470151 0.050977 -0.998689
vn -0.102823 0.0720457 -0.992087
vn -0.234322 0.904619 0.35603
vn -0.234322 0.904619 0.35603
vn -0.234322 0.904619 0.35603
vn -0.986086 0.163818 -0.0282423
vn -0.00925379 0.998156 0.0599922
vn -0.932368 0.36122 -0.0145172
vn -0.0284678 0.998427 0.0483042
vn 0.0139241 0.999706 -0.0198304
vn -0.00364996 0.999943 0.00999745
vn -0.00102527 0.99999 0.00429876
vn -0.0140079 0.999902 -0.000168347
vn 0.0835849 0.996342 -0.0178072
vn 0.031784 0.999317 -0.018872
vn 0.0353323 0.999367 -0.00419131
vn 0.0292825 0.999555 0.00575351
vn -0.992277 0.109608 -0.0580671
vn -0.998531 -0.0169878 -0.0514568
vn -0.988789 -0.0463139 -0.141954
vn -0.993046 -0.0166471 -0.116545
vn -0.998722 -0.00371264 -0.0504
vn -0.990452 -0.002652 -0.137831
vn 0.323117 -0.0993692 -0.941128
vn -0.0254264 -0.00921096 -0.999634
vn 0.0829163 0.0142014 -0.996455
vn 0.186507 -0.0167791 -0.98231
vn 0.11729 -0.194967 -0.973772
vn 0.0708317 -0.00661735 -0.997466
vn 0.0661805 0.000628688 -0.997807
vn 0.0694687 0.000591414 -0.997584
vn 0.0762494 0.00118033 -0.997088
vn 0.11485 0.0419294 -0.992498
vn 0.0869877 -0.0211713 -0.995984
vn 0.0083064 -0.00699262 -0.999941
vn 0.0396727 -0.00214385 -0.99921
vn 0.0387985 -0.00199475 -0.999245
vn 0.0514519 -0.0145773 -0.998569
vn -0.463149 -0.885676 -0.0327166
vn -0.0671943 -0.0335291 0.997176
vn -0.00161312 -0.999775 -0.0211667
vn -0.0480561 0.00151635 0.998844
vn -0.0385678 0.00168221 0.999255
vn -0.00784945 -0.999967 -0.0021928
vn -0.0415146 0.000655408 0.999138
vn -0.0397886 -0.000906387 0.999208
vn -0.0140286 -0.9999 0.00185064
vn -0.0516814 0.00602688 0.998645
vn -0.00887976 -0.999882 0.0125321
vn 0.00121321 -0.999976 0.00685688
vn 0.00377384 -0.999965 0.00751858
vn 0.0375715 -0.9989 0.0280524
vn 0.0315559 0.0251477 -0.999186
vn -0.0520163 0.00737243 0.998619
vn -0.0513872 0.00432581 0.998669
vn -0.023583 0.0444859 0.998732
vn -0.0428979 0.0481446 0.997919
vn -0.0376332 0.0291907 0.998865
vn 0.0593023 0.00410339 -0.998232
vn -0.164384 -0.0127522 -0.986314
vn 0.954623 0.199323 0.22128
vn 0.0567073 0.00167789 -0.998389
vn 0.0262496 0.995388 -0.0922655
vn 0.0480191 -0.00261545 -0.998843
vn -0.110091 0.986183 -0.123789
vn 0.0221965 0.0313575 -0.999262
vn 0.0285609 0.0729443 -0.996927
vn 0.986073 -0.0111858 0.165936
vn 0.980418 -0.00824654 0.196755
vn 0.999515 0.0132595 -0.0281762
vn 0.983239 0.0111602 -0.181978
vn 0.918441 0.032512 -0.39422
vn 0.982477 0.0232452 -0.184927
vn 0.999601 -0.00473923 0.0278568
vn 0.999913 0.00756535 -0.0108428
vn 0.993485 -0.00979446 0.113544
vn 0.998832 0.0471603 0.0105461
vn 0.266288 0.947574 0.176621
vn 0.964314 -0.261994 0.038188
vn 0.998068 -0.00141904 0.062112
vn 0.939288 -0.316146 0.133377
vn 0.993787 -0.0156059 0.110195
vn 0.0444809 -0.00360727 -0.999004
vn 0.0492661 0.0120775 -0.998713
vn 0.0431468 0.024238 -0.998775
vn 0.0404289 0.0100257 -0.999132
vn 0.0466092 -0.00261093 -0.99891
vn 0.0788865 0.00935228 -0.99684
vn 0.0703469 0.00642384 -0.997502
vn 0.0608556 -0.00109793 -0.998146
vn 0.0550938 -0.00618348 -0.998462
vn 0.0482944 -0.017162 -0.998686
vn 0.058919 -0.0168883 -0.99812
vn 0.0402283 -0.0133131 -0.999102
vn 0.0689949 -0.000389717 -0.997617
vn 0.0308996 -0.999522 0.00129488
vn -0.0330559 0.999283 0.0184779
vn 0.08533 0.0246598 -0.996048
vn -0.0236126 0.999511 -0.0204945
vn 0.0587021 0.0207672 -0.99806
vn 0.0389221 0.00715665 -0.999217
vn 0.939288 -0.316146 0.133377
vn 0.0339187 -0.991539 0.125303
vn -0.0518017 0.99828 0.0274378
vn 0.00691375 0.999449 -0.032467
vn 0.0167816 0.999026 -0.0408006
vn -0.029002 0.999548 -0.00796462
vn 0.00815072 0.999926 0.009029
vn -0.0454513 0.998786 -0.0189791
vn 0.0468091 0.99877 -0.016352
vn 0.0321262 0.99932 -0.0181138
vn 0.0119427 0.999914 0.00540544
vn 0.00285049 0.999965 -0.00785766
vn -0.00484765 -0.999855 -0.0163223
vn -0.0127904 -0.999735 -0.0191537
vn -0.00903998 -0.999823 -0.0164788
vn -0.0059996 -0.999225 -0.0389048
vn -0.00102727 -0.999971 -0.0075642
vn 0.0106802 -0.99952 0.0290952
vn 0.0172434 -0.999809 0.00919753
vn 0.00144574 -0.999924 -0.0122494
vn 0.0032152 -0.999872 -0.0156645
vn -0.00540057 -0.999843 -0.0168506
vn -0.00599309 -0.999825 -0.0177033
vn -0.0126723 -0.999477 0.0297448
vn 0.00865082 -0.0331043 0.999414
vn -0.00115059 -0.999927 0.0120182
vn -0.00279558 -0.999995 -0.00175291
vn -0.0393418 -0.0309057 0.998748
vn -0.00854445 -0.999927 0.00854625
vn -0.017538 -0.999845 0.00170203
vn -0.0167795 -0.999858 0.00181709
vn 0.0153882 0.00413553 0.999873
vn -0.0308903 -0.0152109 0.999407
vn -0.0804774 0.0170888 0.99661
vn 0.0436942 0.232658 0.971577
vn 0.0024442 -0.999947 -0.0100461
vn -0.0143096 -0.999788 -0.0148071
vn -0.0355229 0.0497484 0.99813
vn -0.0222533 0.0452986 0.998726
vn -0.0470525 0.00741582 0.998865
vn -0.0220213 0.0146497 0.99965
vn -0.0416812 0.0158163 0.999006
vn -0.0439439 0.0540164 0.997573
vn -0.0571799 0.0648839 0.996253
vn -0.997476 0.0321653 -0.0633016
vn -0.997159 0.035964 -0.0661813
vn -0.359664 0.924342 -0.127414
vn -0.252348 0.95045 -0.181562
vn -0.37369 0.927533 -0.00617727
vn -0.796523 0.603096 0.0427429
vn -0.992212 0.122905 0.0202572
vn -0.991016 -0.118491 -0.0620201
vn -0.434308 -0.900341 -0.0276028
vn -0.99947 0.0155757 -0.0285929
vn 0.0100296 -0.99988 0.01184
vn 0.0115832 -0.999928 0.00310191
vn 0.012827 -0.999911 -0.00368933
vn 0.017203 -0.999792 -0.0109575
vn 0.0195939 -0.999691 -0.0152974
vn 0.0350411 -0.99926 0.0158836
vn 0.0271387 -0.999631 0.000735175
vn 0.497686 -0.788931 -0.360413
vn -0.043719 0.0590048 -0.9973
vn 0.133722 0.0505212 -0.98973
vn -0.234322 0.904619 0.35603
vn -0.234322 0.904619 0.35603
vn 0.355157 0.933495 -0.0495059
vn -0.992193 0.11284 -0.0531044
vn 0.027472 0.999615 0.00382773
vn -0.961979 0.269968 -0.0413983
vn -0.0889409 0.995967 -0.0117689
vn 0.013636 0.999907 -0.00013264
vn 0.00839305 0.999861 -0.0143863
vn -0.00250439 0.999796 0.0200661
vn -0.0163976 0.999847 -0.00613986
vn -0.0140079 0.999902 -0.000168347
vn -0.0140079 0.999902 -0.000168347
vn 0.0464263 0.997791 -0.0475116
vn 0.03987 0.999186 0.00608305
vn -0.00404193 0.998467 -0.0552082
vn 0.0234897 0.999681 -0.00927973
vn -0.991317 0.113544 -0.0663285
vn -0.995035 -0.0487573 -0.086763
vn -0.985787 -0.0538023 -0.15915
vn -0.999123 -0.000499685 -0.0418799
vn -0.993723 -0.0211182 -0.109861
vn 0.323117 -0.0993692 -0.941128
vn 0.323117 -0.0993692 -0.941128
vn -0.0309976 0.0124389 -0.999442
vn 0.0917624 0.00533895 -0.995767
vn 0.109905 -0.0715807 -0.991361
vn 0.0504909 -0.0167745 -0.998584
vn 0.0721452 -0.00080082 -0.997394
vn 0.0667868 0.00156685 -0.997766
vn 0.0689342 0.00311845 -0.997616
vn 0.0809963 0.0110782 -0.996653
vn 0.102034 -0.0164345 -0.994645
vn 0.113453 0.00481063 -0.993532
vn 0.0150349 -0.0145903 -0.999781
vn 0.0449325 -0.00275791 -0.998986
vn 0.0163356 -0.00590726 -0.999849
vn -0.0010044 0.0840517 -0.996461
vn -0.0285571 -0.999332 -0.0228191
vn -0.0686584 -0.0604906 0.995805
vn -0.0415994 -0.00645613 0.999114
vn -0.00713748 -0.999873 -0.0142705
vn -0.0433793 0.000146777 0.999059
vn -0.0145065 -0.999871 -0.00690028
vn -0.0420612 -0.000235734 0.999115
vn -0.0399367 -2.61037e-05 0.999202
vn -0.00252578 -0.999995 0.00183939
vn -0.0523139 0.00282311 0.998627
vn 0.00511205 -0.999967 0.00638841
vn 0.00735997 -0.999951 0.0066593
vn 0.0444123 -0.999013 0.00106701
vn -0.0174194 -0.999795 0.0103169
vn 0.0553332 0.147657 -0.98749
vn -0.0531192 0.00348882 0.998582
vn -0.0351106 0.0359358 0.998737
vn -0.0242944 0.00175697 0.999703
vn -0.0351106 0.0359358 0.998737
vn -0.0273195 0.0572728 0.997985
vn -0.0310854 0.0352842 0.998894
vn -0.177485 -0.00870351 -0.984085
vn 0.985794 0.0617345 0.156201
vn 0.158549 -0.00149517 -0.98735
vn 0.0262496 0.995388 -0.0922655
vn -0.17986 -0.00786052 -0.983661
vn 0.0262496 0.995388 -0.0922655
vn 0.0297894 0.000396107 -0.999556
vn 0.0816244 0.0142954 -0.996561
vn -0.996333 0.0478933 -0.0709032
vn -0.00176472 0.0153467 -0.999881
vn 0.0730446 0.0341518 -0.996744
vn 0.985765 -0.0220816 0.166671
vn 0.974007 -0.00604791 0.226436
vn 0.999826 -0.00338933 -0.0183543
vn 0.98392 0.0058973 -0.178512
vn 0.917103 -0.0108628 -0.398503
vn 0.981289 -0.0231334 -0.191145
vn 0.999415 -0.00508863 0.0338317
vn 0.999957 0.00479554 0.00790671
vn 0.996508 0.0572067 0.0608224
vn 0.276995 0.944692 -0.175584
vn 0.958595 -0.28019 0.0508842
vn 0.958595 -0.28019 0.0508842
vn 0.99786 -0.0190225 0.0625608
vn 0.99683 0.0371686 0.0703423
vn 0.984273 -0.0991124 0.146228
vn 0.939288 -0.316146 0.133377
vn 0.997791 -0.00927521 0.0657784
vn 0.0519455 0.0174939 -0.998497
vn 0.0464481 0.00622868 -0.998901
vn 0.0484778 0.0279672 -0.998433
vn 0.043203 0.00805762 -0.999034
vn -0.0635178 0.0869823 -0.994183
vn 0.0894068 0.010315 -0.995942
vn 0.0690713 0.0094778 -0.997567
vn 0.0579375 0.00611027 -0.998302
vn 0.0540748 -0.00649333 -0.998516
vn 0.0376982 -0.0107789 -0.999231
vn 0.0465595 -0.0228278 -0.998655
vn 0.0457347 -0.0219393 -0.998713
vn 0.0333132 -0.00538161 -0.999431
vn 0.0385953 -0.0164236 -0.99912
vn 0.00530923 -0.999963 -0.00677812
vn -0.00205136 0.999576 0.0290416
vn 0.0703633 0.0371185 -0.996831
vn 0.0213679 0.999765 -0.00356281
vn 0.0102261 0.00794801 -0.999916
vn -0.138073 0.0372805 -0.98972
vn 0.989001 -0.142871 0.0382802
vn 0.0571932 -0.997995 0.0271008
vn -0.0659135 -0.996333 0.0545507
vn 0.00824196 0.998476 -0.0545637
vn 0.012027 0.99964 -0.0239978
vn 0.015479 0.999863 -0.00579437
vn -0.00878473 0.999961 -0.000119085
vn -0.179958 0.958625 -0.220575
vn 0.0345888 0.999354 -0.00980883
vn 0.0256329 0.999588 -0.0129258
vn 0.0258741 0.999561 -0.014443
vn -0.0108293 -0.999772 -0.0183814
vn -0.0129232 -0.999519 -0.0281942
vn -0.0067695 -0.999974 -0.00249321
vn -0.00230052 -0.998788 -0.0491584
vn -0.00671371 -0.999963 -0.00535541
vn 0.0116182 -0.999653 0.0236416
vn 0.00286209 -0.999955 0.00901431
vn -0.00118591 -0.999987 -0.00496294
vn -0.008525 -0.999883 -0.0126938
vn -0.0100582 -0.999849 -0.0141824
vn -0.00752474 -0.999808 -0.0180743
vn -0.00768222 -0.999851 0.0154709
vn -0.0391086 -0.0437389 0.998277
vn -0.00980535 -0.99992 -0.00805035
vn -0.0400543 0.0116459 0.99913
vn -0.0126712 -0.999883 0.00862821
vn -0.0115593 -0.999899 0.00825324
vn 0.000151471 -0.999992 0.00410982
vn 0.0421373 0.00961343 0.999066
vn -0.0027039 0.0430637 0.999069
vn -0.0321064 0.203832 0.978479
vn -0.0654097 -0.995508 -0.0684517
vn -0.0243026 0.0727877 0.997051
vn -0.0568014 0.0382205 0.997654
vn -0.0363746 0.042852 0.998419
vn -0.0290337 0.016944 0.999435
vn -0.00995643 0.0366897 0.999277
vn -0.0496834 0.0212407 0.998539
vn -0.0559432 0.0370017 0.997748
vn -0.0800433 -0.0012698 0.996791
vn -0.997134 0.0340637 -0.0675602
vn -0.999019 0.0411993 -0.0162626
vn -0.366157 0.930309 -0.0213261
vn -0.620475 0.784183 0.00829435
vn -0.981444 0.143364 -0.127334
vn -0.987774 -0.123516 -0.0951115
vn -0.509707 -0.859068 -0.0469071
vn -0.0574281 -0.998053 -0.0243403
vn -0.998936 -0.0188094 -0.0421015
vn 0.0331289 -0.999323 0.015988
vn 0.0106071 -0.999919 0.00702577
vn 0.0180891 -0.999836 -0.000211514
vn 0.0175416 -0.999786 -0.0109847
vn 0.0187848 -0.999783 -0.00902508
vn 0.0133524 -0.999911 2.66313e-05
vn -0.0393422 -0.999224 0.00169523
vn 0.0524605 -0.998432 -0.0195067
vn 0.583175 -0.808401 -0.079965
vn 0.479364 -0.83861 -0.258734
vn -0.00366213 0.0800357 -0.996785
vn 0.0603122 -0.0489124 -0.99698
vn -0.264561 0.452954 0.851376
vn -0.832965 0.547732 0.0784707
vn -0.837007 0.546807 -0.0205315
vn 0.417694 0.907977 -0.0333262
vn -0.993635 0.100334 -0.0512024
vn 0.060995 0.997976 -0.017961
vn -0.974712 0.219982 -0.0393016
vn -0.101262 0.994772 -0.0132089
vn 0.00431252 0.999922 0.0117039
vn 0.00903291 0.999951 -0.00406993
vn 0.00885454 0.999947 -0.00523599
vn -0.0247121 0.999489 0.0202556
vn -0.0212903 0.999742 0.00796934
vn 0.225385 0.966374 0.123789
vn -0.0536024 0.998541 -0.00645275
vn -0.990594 0.112275 -0.0782194
vn -0.992438 0.106206 -0.0615449
vn -0.976722 -0.0445057 -0.209842
vn -0.998576 -0.0155776 -0.0510164
vn -0.995661 -0.00989247 -0.0925225
vn -0.0510605 0.0150408 -0.998582
vn 0.0881563 -0.0108762 -0.996047
vn 0.0533057 -0.0210795 -0.998356
vn 0.0682077 -0.0112513 -0.997608
vn 0.0725841 0.0021973 -0.99736
vn 0.0688201 0.000482234 -0.997629
vn 0.0711703 0.00143065 -0.997463
vn 0.0948495 0.00597912 -0.995474
vn 0.0861897 -0.00694105 -0.996255
vn 0.0948495 0.00597912 -0.995474
vn 0.103935 0.00606901 -0.994566
vn 0.0544644 -0.034125 -0.997932
vn -0.00935837 0.0412126 -0.999107
vn -0.0364281 0.142336 -0.989148
vn -0.0364281 0.142336 -0.989148
vn -0.245833 0.964276 -0.098676
vn -0.031785 -0.0578073 0.997822
vn -0.0377757 -0.999007 0.0236353
vn -0.039884 -0.00360266 0.999198
vn -0.0402525 -0.00144459 0.999189
vn -0.042228 -0.00715872 0.999082
vn -0.0086251 -0.999845 -0.0153818
vn -0.0368616 0.00498691 0.999308
vn 0.00209197 -0.999954 -0.00934002
vn -0.0445578 0.00717407 0.998981
vn -0.0423652 0.000302958 0.999102
vn 0.00848277 -0.999964 -0.000145498
vn -0.0423415 0.0165557 0.998966
vn 0.00822444 -0.999963 0.00237749
vn 0.0528359 -0.998594 0.00422814
vn -0.00522032 -0.999981 -0.00314381
vn -0.993736 -0.104796 -0.0388157
vn -0.993593 0.106214 0.0386254
vn 0.30788 0.949026 -0.0675307
vn -0.0337206 0.0258986 0.999096
vn -0.0351106 0.0359358 0.998737
vn -0.00429686 0.0417814 0.999118
vn -0.0401318 0.0042617 0.999185
vn -0.0387217 0.0117654 0.999181
vn -0.042263 -0.0271926 0.998736
vn 0.980526 0.0284736 0.194313
vn 0.198552 -0.0200811 -0.979885
vn 0.976365 0.0237601 0.214821
vn 0.0417429 -0.00687441 -0.999105
vn 0.152293 0.0268475 -0.987971
vn -0.993276 0.00196197 -0.115756
vn -0.0302072 0.00360566 -0.999537
vn 0.0937815 0.00742195 -0.995565
vn 0.987521 -0.00952785 0.1572
vn 0.971588 -0.0171589 0.236055
vn 0.999977 -0.0018023 -0.00651609
vn 0.985919 -0.00189066 -0.167212
vn 0.925531 0.0466334 -0.37579
vn 0.975896 0.0455334 -0.213434
vn 0.999267 -0.00728802 0.0375792
vn 0.996346 0.0829654 0.0202794
vn 0.0521698 0.99829 -0.0263783
vn 0.958595 -0.28019 0.0508842
vn 0.995143 -0.0971941 0.0155817
vn 0.996852 0.0396887 0.0686437
vn 0.99761 -0.0026414 0.069041
vn 0.997006 0.0341694 0.0693621
vn 0.994131 -0.0665222 0.0853112
vn 0.0668764 0.0531643 -0.996344
vn 0.047444 0.0236966 -0.998593
vn 0.0950452 0.0163506 -0.995339
vn 0.0593898 0.010809 -0.998176
vn 0.0209181 0.0632198 -0.99778
vn -0.772904 0.633099 -0.0424837
vn 0.064153 0.0108969 -0.997881
vn 0.0576852 0.00569622 -0.998319
vn 0.0431484 -0.00301782 -0.999064
vn 0.0357778 -0.00850988 -0.999324
vn 0.0409349 -0.0195242 -0.998971
vn 0.0562612 -0.0194793 -0.998226
vn 0.0457421 -0.0138825 -0.998857
vn 0.0571158 -0.00578031 -0.998351
vn 0.0334323 -0.00718901 -0.999415
vn -0.000162826 -0.99999 0.00440557
vn 0.0167446 0.999033 0.0406487
vn 0.0119738 0.999885 -0.00934347
vn 0.0163252 0.067739 -0.99757
vn -0.127514 -0.0485765 -0.990646
vn 0.981706 0.0812183 0.172211
vn 0.997804 0.0292578 0.0594207
vn 0.988894 -0.126361 0.0782374
vn 0.00630814 -0.999921 0.0108365
vn 0.0678467 -0.997602 0.0136669
vn 0.00446013 0.999979 -0.00476781
vn -0.00683944 0.998912 -0.0461237
vn 0.00862658 0.999775 -0.0193989
vn 0.0183133 0.999701 -0.0161847
vn 0.00801924 0.999799 -0.0183938
vn 0.0967603 -0.965558 -0.241529
vn 0.0210924 0.999771 -0.00373219
vn 0.0270963 0.99962 -0.0049841
vn -0.0203688 -0.999166 -0.0353867
vn -0.0251697 -0.99951 -0.0186047
vn -0.00425146 -0.999952 0.0087941
vn -0.022538 -0.999062 -0.0369853
vn 0.00525457 -0.99968 0.0247636
vn 0.000231653 -0.999997 -0.00222792
vn -0.00638228 -0.999953 -0.00723229
vn -0.00898426 -0.999865 -0.0137833
vn -0.00486671 -0.999908 -0.0126868
vn -0.00606849 -0.999788 -0.0196863
vn 0.00456304 -0.999461 0.0325069
vn -0.0487012 -0.0481384 0.997653
vn -0.0371461 0.0240088 0.999021
vn -0.00673354 -0.999963 -0.00543734
vn -0.0337873 0.045516 0.998392
vn -0.0116648 -0.999902 0.00772169
vn -0.00544139 -0.999951 0.00829432
vn 0.0627789 0.0380821 0.997301
vn -0.00139745 0.164525 0.986372
vn -0.0491907 -0.00725262 0.998763
vn -0.0574641 0.0303468 0.997886
vn -0.0430857 0.0205162 0.998861
vn -0.0311441 0.0316543 0.999014
vn -0.0432541 0.0330797 0.998516
vn -0.031041 0.016169 0.999387
vn -0.0567335 0.039083 0.997624
vn -0.0780973 -0.000723909 0.996945
vn -0.0765943 0.006026 0.997044
vn -0.997632 0.0561331 -0.0397345
vn -0.99831 0.0544653 -0.0202627
vn -0.440475 0.895967 -0.0567829
vn -0.465368 0.884652 -0.028684
vn -0.952565 0.292197 -0.0850914
vn -0.988683 -0.131493 -0.0722118
vn -0.568322 -0.816232 -0.1038
vn -0.646299 -0.755441 -0.107736
vn -0.0982437 -0.9939 -0.0501056
vn -0.969361 -0.0276351 -0.244081
vn -0.0517585 -0.998627 0.00812258
vn 0.0289292 -0.999581 0.000273065
vn 0.0248137 -0.999544 0.0172348
vn 0.0211135 -0.999753 -0.00688727
vn 0.0176021 -0.999819 -0.00717359
vn 0.022819 -0.999712 -0.0073866
vn 0.0105216 -0.999944 0.000704199
vn -0.993698 -0.103722 -0.0425011
vn 0.0714528 -0.997426 -0.00605819
vn 0.440492 -0.870212 -0.220676
vn 0.640707 -0.737177 -0.214624
vn -0.00392297 0.0505742 -0.998713
vn -0.262691 0.597573 0.757562
vn 0.100818 -0.0171679 -0.994757
vn -0.264561 0.452954 0.851376
vn -0.264561 0.452954 0.851376
vn -0.030453 0.987961 0.151676
vn -0.811761 0.583541 -0.0228902
vn -0.0179054 0.999282 -0.0334054
vn 0.43659 0.899252 0.0271054
vn -0.993797 0.107314 -0.0291876
vn 0.0854976 0.996267 -0.0119149
vn -0.97706 0.200828 -0.0708639
vn -0.0749936 0.997157 -0.00732634
vn -0.00391552 0.99997 -0.00666207
vn 0.00239332 0.999847 0.0173564
vn 0.0114444 0.999891 -0.00936591
vn -0.021251 0.999774 0.00109427
vn -0.024234 0.999631 0.0122502
vn 0.42176 0.903954 -0.0706097
vn -0.183512 0.981127 0.0609349
vn -0.987497 0.145645 -0.060316
vn -0.997676 -0.0199399 -0.0651491
vn -0.996418 -0.00353184 -0.0844969
vn -0.0723925 -0.0008235 -0.997376
vn 0.0730839 -0.00676775 -0.997303
vn 0.0402254 -0.012236 -0.999116
vn 0.080889 -0.000837482 -0.996723
vn 0.0707773 -0.000162507 -0.997492
vn 0.0703781 0.000440369 -0.99752
vn 0.0777153 0.00254384 -0.996972
vn 0.0948495 0.00597912 -0.995474
vn 0.0793482 -0.00658662 -0.996825
vn 0.0982087 0.00929839 -0.995122
vn 0.0383975 -0.00237743 -0.99926
vn 0.0474416 0.128173 -0.990617
vn 0.000920151 -0.0639353 -0.997954
vn -0.0364281 0.142336 -0.989148
vn -0.7971 0.597057 -0.0903064
vn -0.319934 0.947437 -0.00249864
vn -0.0440157 0.00516948 0.999017
vn -0.0363394 -0.0315387 0.998842
vn -0.0167507 -0.998202 0.0575554
vn -0.042228 -0.00715872 0.999082
vn -0.0423016 0.00672592 0.999082
vn -0.0406842 0.00515523 0.999159
vn -0.0420741 0.00352964 0.999108
vn -0.042228 -0.00715872 0.999082
vn 0.00270283 -0.999836 -0.017901
vn -0.0430007 0.00509517 0.999062
vn 0.0105828 -0.999866 -0.012479
vn -0.0480094 0.00147982 0.998846
vn -0.0389187 0.0102107 0.99919
vn 0.0225842 -0.999669 -0.0123619
vn -0.0417782 0.011783 0.999057
vn 0.0585322 -0.998284 0.00162108
vn -0.00839888 -0.999964 -0.000965866
vn -0.992947 -0.113532 -0.0341544
vn -0.999225 -0.0186773 -0.0346362
vn -0.997936 0.0391368 -0.0509088
vn 0.350302 0.936131 -0.0307726
vn -0.0165278 0.0360361 0.999214
vn -0.0541426 -0.0454888 0.997497
vn -0.031295 0.0140823 0.999411
vn 0.0102338 0.0181728 0.999783
vn 0.202922 0.0123795 -0.979117
vn 0.156586 0.0147094 -0.987555
vn 0.0598859 -0.00243294 -0.998202
vn 0.177218 0.00595037 -0.984154
vn -0.993962 -0.0129753 -0.108958
vn 0.122859 0.010752 -0.992366
vn -0.0312006 -0.0126487 -0.999433
vn 0.989256 -0.00774668 0.145986
vn 0.971957 -0.0126841 0.234817
vn 0.999827 -0.0185478 -0.00113311
vn 0.988078 -0.0114604 -0.153531
vn 0.944971 0.0510981 -0.323139
vn 0.959364 0.0302938 -0.28054
vn 0.995856 0.0790915 0.044894
vn 0.0369456 0.999264 0.0103197
vn 0.997162 0.0404391 0.0635049
vn 0.972808 -0.223707 -0.0599898
vn 0.997902 -0.00107125 0.0647296
vn 0.997642 -0.000209079 0.0686321
vn 0.997555 -0.00778545 0.0694441
vn -0.102754 -0.994216 -0.0312439
vn 0.988161 -0.153242 0.00745108
vn 0.0802346 -0.000269453 -0.996776
vn 0.0562324 0.0473398 -0.997295
vn 0.0452715 0.00734974 -0.998948
vn 0.0599467 0.00887171 -0.998162
vn 0.0229742 0.0392611 -0.998965
vn -0.172611 0.982671 -0.0675529
vn -0.820757 0.564735 -0.0862138
vn 0.0551548 0.00498899 -0.998465
vn 0.0365427 0.00447766 -0.999322
vn 0.0455926 -0.00251435 -0.998957
vn 0.0298823 -0.0114488 -0.999488
vn 0.0682514 -0.0116452 -0.9976
vn 0.054241 -0.0152826 -0.998411
vn 0.0509992 -0.00659925 -0.998677
vn 0.0230691 -0.00900663 -0.999693
vn 0.0734479 -0.0304039 -0.996836
vn 0.0160096 -0.999867 0.00301758
vn 0.00634523 0.999029 0.0435884
vn 0.0185715 0.999681 -0.017141
vn -0.0632817 0.203962 -0.976931
vn 0.314592 -0.253665 -0.914705
vn 0.187364 -0.982245 -0.0094525
vn 0.0755103 0.019685 -0.996951
vn 0.998167 0.00546943 0.0602777
vn 0.997275 0.020643 0.0708314
vn 0.990505 -0.112828 0.0785526
vn 0.0151408 -0.99987 0.00548799
vn 0.0653636 -0.997654 0.0203661
vn -0.0126643 0.999896 -0.00690166
vn -0.000103244 0.999552 -0.0299446
vn -0.00138575 0.999791 -0.0204047
vn 0.017667 0.999741 -0.0143572
vn 0.0237905 0.999665 -0.010192
vn 0.174093 -0.718711 -0.673162
vn -0.159751 -0.986527 0.0352805
vn 0.010814 0.999769 0.0185887
vn 0.00116574 -0.998382 -0.0568459
vn -0.00701452 -0.999953 -0.00671256
vn -0.0466083 -0.998664 0.022296
vn -0.252264 -0.965076 -0.0706507
vn -0.0466083 -0.998664 0.022296
vn 0.00643902 -0.999656 0.0254371
vn -0.00127281 -0.999976 -0.00683217
vn -0.00524447 -0.999912 -0.0122109
vn -0.00483632 -0.999864 -0.015791
vn -0.00381547 -0.999861 -0.016259
vn 0.0065679 -0.999798 -0.0190032
vn -0.000437939 -0.998563 0.0535895
vn -0.0314323 -0.0438641 0.998543
vn -0.0703533 0.0101982 0.99747
vn -0.056015 0.0213529 0.998202
vn -0.00695324 -0.999964 0.00485129
vn -0.0446582 0.0299141 0.998554
vn -0.0108211 -0.999938 0.00252296
vn -0.000484144 0.0816255 0.996663
vn -0.0686236 0.0258576 0.997307
vn -0.0579687 0.0189099 0.998139
vn -0.0483492 0.0127455 0.998749
vn -0.056662 0.0117238 0.998325
vn -0.0454215 0.0150332 0.998855
vn -0.0488429 0.0308265 0.998331
vn -0.0429953 -0.0142217 0.998974
vn -0.0605679 0.0466059 0.997075
vn -0.0765519 0.00740962 0.997038
vn -0.0823425 0.000208433 0.996604
vn -0.996015 0.0811331 -0.0370269
vn -0.997849 0.0600286 -0.0263587
vn -0.494593 0.866996 -0.0608012
vn -0.358739 0.930577 0.0730218
vn -0.358739 0.930577 0.0730218
vn -0.960719 0.269123 0.0677568
vn -0.9859 -0.152356 -0.0692034
vn -0.732071 -0.678603 -0.059758
vn -0.0570109 -0.995028 -0.0816689
vn -0.966864 -0.223228 -0.123866
vn -0.996886 -0.0102118 -0.0781886
vn -0.993737 -0.104376 -0.0399001
vn -0.0465077 -0.998918 0.00055638
vn 0.00719756 -0.999821 0.0174758
vn 0.0382712 -0.999235 -0.00806356
vn 0.0226481 -0.999701 -0.00923406
vn 0.0169121 -0.999838 -0.00610339
vn 0.0151903 -0.999884 -0.00150811
vn 0.0179695 -0.999833 -0.00336529
vn -0.998825 -0.0240208 -0.0421026
vn 0.0434393 -0.998754 0.0245758
vn 0.0194469 0.000325343 -0.999811
vn 0.627365 0.390875 -0.673521
vn 0.182433 0.13027 -0.97455
vn -0.0603695 -0.046295 -0.997102
vn -0.812948 0.521236 0.259668
vn -0.134155 0.990849 -0.0148308
vn -0.773867 0.630036 -0.064694
vn -0.935445 0.353461 0.00293003
vn 0.415206 0.908334 0.0503228
vn -0.997547 0.0678198 -0.0173418
vn 0.0384892 0.999212 -0.00973594
vn -0.958279 0.261401 -0.115631
vn -0.0320024 0.999407 -0.0127344
vn -0.00453986 0.99936 0.0354744
vn 0.0186528 0.999811 -0.00550793
vn -0.00487745 0.99941 0.0339988
vn -0.00980981 0.999931 -0.006552
vn -0.0112998 0.999925 0.00476218
vn 0.161797 0.98061 -0.110573
vn -0.20999 0.97444 -0.0798211
vn -0.981973 0.175725 -0.0696393
vn -0.996365 -0.0162392 -0.0836245
vn -0.0864722 0.00620703 -0.996235
vn 0.0508695 0.010933 -0.998645
vn 0.0334501 -0.00739239 -0.999413
vn 0.0825277 0.00327515 -0.996583
vn 0.0702241 0.000113735 -0.997531
vn 0.0690082 -0.000948515 -0.997616
vn 0.0737649 0.000978846 -0.997275
vn 0.0636296 0.00131627 -0.997973
vn 0.119945 0.0399447 -0.991977
vn -0.0778881 0.105174 -0.991399
vn -0.0778881 0.105174 -0.991399
vn 0.000920151 -0.0639353 -0.997954
vn 0.000920151 -0.0639353 -0.997954
vn 0.471851 0.881537 -0.0157583
vn -0.761989 0.647413 -0.0151459
vn -0.310343 0.950415 -0.0199542
vn -0.0373235 0.00851263 0.999267
vn -0.0466516 0.00839395 0.998876
vn -0.0296118 -0.0230233 0.999296
vn -0.00865318 -0.997374 0.0719101
vn -0.0432324 0.00759186 0.999036
vn -0.0396047 0.013196 0.999128
vn -0.0427857 0.00731588 0.999058
vn 0.016075 -0.999677 -0.0196891
vn -0.0518198 0.0208545 0.998439
vn 0.0240246 -0.999706 -0.0031606
vn -0.0406877 0.00983476 0.999124
vn -0.0376129 0.0111882 0.99923
vn 0.0487184 -0.998732 -0.0126813
vn -0.0258048 0.00272506 0.999663
vn -0.00278312 -0.999964 -0.00796305
vn -0.992274 -0.119549 -0.0331618
vn -0.999308 -0.00854012 -0.0362138
vn -0.999409 -0.0150985 -0.0308918
vn -0.991143 0.0574431 -0.119737
vn 0.300273 0.953435 0.028264
vn -0.0395868 -0.0414901 0.998354
vn -0.033412 0.0246654 0.999137
vn -0.0414928 0.0103962 0.999085
vn 0.00164196 -0.00246463 0.999996
vn 0.078292 -0.0216133 -0.996696
vn 0.158854 -0.0085991 -0.987265
vn -0.990947 -0.0156339 -0.133343
vn 0.161345 0.0124998 -0.986819
vn -0.0165221 -0.00833076 -0.999829
vn 0.986999 -0.0283885 0.158202
vn 0.973571 -0.0187229 0.227617
vn 0.999927 -0.00171662 -0.0119941
vn 0.993653 0.00656577 -0.112295
vn 0.926486 0.0758363 -0.368608
vn 0.961667 0.0490909 -0.269791
vn 0.014932 0.999887 -0.00188857
vn 0.996883 0.0313454 0.0724003
vn 0.99812 0.00420277 0.0611446
vn 0.954486 -0.244799 0.17038
vn 0.998017 -0.00740391 0.0625052
vn 0.997483 -0.00782825 0.0704669
vn 0.955246 -0.291731 0.0489713
vn 0.962752 -0.270341 0.00496775
vn 0.0518919 0.00871901 -0.998615
vn 0.0404709 -0.0352493 -0.998559
vn 0.0505298 0.00862488 -0.998685
vn 0.0289601 0.0133664 -0.999491
vn 0.0510216 0.00366757 -0.998691
vn -0.731514 0.671391 -0.118833
vn -0.119148 0.991428 -0.0536176
vn -0.823548 0.567067 -0.0142464
vn 0.0418682 0.0042056 -0.999114
vn 0.0478106 0.00328772 -0.998851
vn 0.0220947 0.00129903 -0.999755
vn 0.0843926 -0.00329135 -0.996427
vn 0.0544049 -0.00345692 -0.998513
vn 0.052887 -0.00991855 -0.998551
vn 0.0374217 0.00135639 -0.999299
vn 0.0374217 0.00135639 -0.999299
vn 0.0570113 -0.00881348 -0.998335
vn 0.0673093 -0.0471242 -0.996619
vn 0.0115752 -0.999932 -0.00145864
vn 0.00305126 0.999273 0.0379956
vn 0.0129514 0.999699 -0.0208174
vn 0.048765 0.310521 -0.949315
vn 0.314592 -0.253665 -0.914705
vn 0.314592 -0.253665 -0.914705
vn 0.18434 -0.927402 -0.325489
vn 0.997516 -0.0011926 0.0704268
vn 0.99783 0.00951112 0.0651605
vn 0.996354 0.00241265 0.0852855
vn 0.994057 -0.0889043 0.0628204
vn 0.0164063 -0.99964 0.0212251
vn 0.0592226 -0.997687 0.0333673
vn -0.0180516 0.999763 -0.0121843
vn -0.00849271 0.999622 -0.0261619
vn -0.000183525 0.999888 -0.0149997
vn 0.0152105 0.999761 -0.0157204
vn 0.0237608 0.999071 0.035951
vn -0.0466083 -0.998664 0.022296
vn -0.159751 -0.986527 0.0352805
vn -0.159751 -0.986527 0.0352805
vn -0.0338112 -0.998221 -0.0491146
vn -0.0378536 -0.998916 -0.027098
vn -0.0466083 -0.998664 0.022296
vn -0.252264 -0.965076 -0.0706507
vn -0.252264 -0.965076 -0.0706507
vn 0.00450729 -0.999868 0.0155878
vn -0.00468499 -0.999958 -0.00781467
vn -0.00509721 -0.999894 -0.0136071
vn -0.00175616 -0.9999 -0.0140479
vn 0.00369639 -0.999869 -0.0157815
vn -0.0374979 -0.998751 -0.033021
vn -0.0291678 -0.0267875 0.999216
vn -0.00810189 -0.998534 0.0535223
vn -0.0222433 -0.0104164 0.999698
vn -0.0593383 0.0294364 0.997804
vn -0.0608365 0.041972 0.997265
vn -0.0096793 -0.999821 0.0162376
vn -0.0403785 0.0473112 0.998064
vn -0.0881301 -0.00269848 0.996105
vn 0.000925964 0.0406496 0.999173
vn -0.0522499 0.0107288 0.998576
vn -0.0503307 0.00633951 0.998713
vn -0.0617281 -0.0135256 0.998001
vn -0.0653628 0.00528527 0.997848
vn -0.067939 0.028447 0.997284
vn -0.0506463 -0.00141312 0.998716
vn -0.00599515 0.00174466 0.999981
vn -0.0692762 -6.39233e-05 0.997598
vn -0.0825264 -0.00424666 0.99658
vn -0.994064 0.102145 -0.0374656
vn -0.996809 0.0554058 -0.0574692
vn -0.396128 0.917922 -0.0224141
vn -0.358739 0.930577 0.0730218
vn -0.0614307 0.996514 0.056449
vn -0.990013 0.134394 -0.0425811
vn -0.989341 -0.133277 -0.0586654
vn -0.756546 -0.651379 -0.0578299
vn 0.00536793 -0.999788 0.0198706
vn -0.966864 -0.223228 -0.123866
vn -0.966864 -0.223228 -0.123866
vn -0.971698 -0.221606 -0.0818125
vn -0.997088 -0.00956203 -0.0756596
vn -0.998922 -0.025229 -0.0389668
vn -0.99317 -0.108051 -0.0440283
vn -0.0306943 -0.9995 0.0075423
vn 0.00145608 -0.999987 -0.00485608
vn 0.033295 -0.99939 -0.0105582
vn 0.019947 -0.999777 -0.00696685
vn 0.0201066 -0.999773 -0.00711211
vn 0.00615132 -0.999976 -0.00326968
vn 0.0211861 -0.99976 -0.00555432
vn -0.998999 -0.0129854 -0.0428013
vn -0.0156296 -0.999698 0.0189771
vn 0.0232319 -0.0124717 -0.999652
vn -0.528993 0.149647 0.835328
vn -0.162601 0.202551 -0.965678
vn -0.579823 0.736188 0.349044
vn 0.198001 0.973546 0.114033
vn -0.229414 0.97286 -0.0302186
vn -0.97005 0.237319 -0.051803
vn -0.743002 0.665786 -0.0683859
vn 0.198001 0.973546 0.114033
vn 0.411158 0.911544 -0.00597528
vn -0.996754 0.0144352 -0.0792055
vn 0.00893535 0.999683 0.0235299
vn -0.0778881 0.105174 -0.991399
vn 0.000876927 0.999901 0.0140438
vn 0.0101165 0.99941 0.0328319
vn -0.00788956 0.999967 -0.00178232
vn 0.0641502 0.0363174 -0.997279
vn -0.00889487 0.999916 -0.00948012
vn 0.0860736 0.994397 0.0613617
vn -0.141679 0.983952 -0.108472
vn -0.978984 0.187807 -0.0794902
vn -0.0816951 0.00766107 -0.996628
vn 0.0333422 -0.00531864 -0.99943
vn 0.0453646 -0.00483064 -0.998959
vn 0.0810903 -0.00122003 -0.996706
vn 0.0731105 -0.00215991 -0.997322
vn 0.0606182 0.00212107 -0.998159
vn 0.0765871 0.00405322 -0.997055
vn -0.037676 0.00506243 0.999277
vn -0.030179 0.00779089 0.999514
vn -0.0456058 0.00738367 0.998932
vn -0.0305463 -0.018222 0.999367
vn -0.0252064 -0.993268 0.113066
vn -0.0407007 0.0136673 0.999078
vn -0.0356427 0.0178566 0.999205
vn -0.0403676 0.0142681 0.999083
vn 0.0162823 -0.999552 -0.0251184
vn -0.0622253 0.019344 0.997875
vn 0.039147 -0.999222 0.00470765
vn -0.0382867 0.00884711 0.999228
vn -0.0490483 -0.00570878 0.99878
vn 0.00495951 -0.999982 -0.00347494
vn -0.0305404 -0.0241497 0.999242
vn -0.993601 -0.108276 -0.0321437
vn -0.99953 -0.00152073 -0.0306132
vn -0.999482 -0.0137173 -0.0291214
vn -0.996023 -0.0807408 -0.0376749
vn -0.992384 0.110702 -0.0540256
vn 0.238598 0.971105 0.00507678
vn -0.0179818 0.0228589 0.999577
vn -0.0406936 0.0182006 0.999006
vn -0.0524001 0.0160926 0.998497
vn 0.0197072 0.0235763 0.999528
vn 0.137668 -0.0142585 -0.990376
vn -0.982598 0.0385799 -0.181692
vn 0.264853 0.0715024 -0.961634
vn -0.0119929 0.00379515 -0.999921
vn 0.974696 -0.0574916 0.216014
vn 0.962231 -0.0413036 0.269084
vn 0.999223 -0.0277155 -0.0280087
vn 0.994053 0.103646 -0.0334222
vn 0.0514998 0.998513 -0.01789
vn 0.0211818 0.999658 -0.0153195
vn 0.998253 0.0221991 0.0547547
vn 0.996747 0.00685494 0.0803077
vn 0.997957 -0.0123746 0.0626795
vn -0.0246315 -0.991751 -0.125788
vn 0.991025 -0.122994 0.0523656
vn 0.942566 -0.319194 0.0984095
vn 0.963475 -0.153591 0.219374
vn 0.952855 -0.302006 0.0293154
vn 0.881532 -0.453088 -0.132713
vn 0.0353792 0.00879003 -0.999335
vn 0.0503371 0.00682664 -0.998709
vn 0.0870581 0.0146585 -0.996095
vn 0.0501922 0.00240127 -0.998737
vn 0.0503371 0.00682664 -0.998709
vn -0.262412 0.948259 -0.178733
vn 0.0480868 0.00403439 -0.998835
vn -0.766008 0.640826 -0.0507358
vn -0.109417 0.993995 0.00100669
vn -0.813475 0.580479 -0.0360876
vn 0.0387487 0.0027065 -0.999245
vn 0.0277178 0.00265205 -0.999612
vn 0.0878728 0.00564576 -0.996116
vn 0.049566 -0.00509628 -0.998758
vn 0.0537828 -0.00579202 -0.998536
vn 0.0374217 0.00135639 -0.999299
vn 0.0780367 0.00261303 -0.996947
vn 0.0374217 0.00135639 -0.999299
vn 0.0644164 -0.0124215 -0.997846
vn 0.0580792 0.0167617 -0.998171
vn 0.0726551 -0.0534949 -0.995921
vn 0.019416 -0.999684 -0.0159778
vn 0.0156611 0.999222 0.0362057
vn 0.0300666 0.999445 -0.0143766
vn 0.0757689 0.285078 -0.955505
vn 0.0081469 -0.514231 -0.857613
vn 0.074262 -0.899387 -0.430799
vn 0.996967 -0.00902173 0.0772987
vn 0.998053 0.00223339 0.0623375
vn 0.997652 0.00485837 0.0683176
vn 0.997419 -0.0086428 0.0712737
vn 0.988713 -0.0794559 0.127015
vn 0.0029583 -0.999066 0.0431141
vn -0.0215305 -0.0288535 0.999352
vn -0.0300426 0.999447 -0.0142496
vn -0.014404 0.999785 -0.0149503
vn 0.00310992 0.999855 -0.0167319
vn 0.0191222 0.999331 0.0311677
vn -0.0466083 -0.998664 0.022296
vn 0.0201605 -0.999558 -0.0218352
vn -0.00146113 -0.999985 0.00523836
vn -0.00647062 -0.999959 -0.00632643
vn -0.00137395 -0.999884 -0.015164
vn -0.000383208 -0.999923 -0.0124153
vn -0.0284224 -0.999525 -0.0119129
vn 0.0200379 -0.998498 -0.0510013
vn -0.0156662 -0.00592805 0.99986
vn -0.0409797 -0.00309723 0.999155
vn -0.00454384 -0.998717 0.0504254
vn -0.0172535 0.0595023 0.998079
vn -0.0245919 0.0590576 0.997952
vn -0.0528909 0.0492209 0.997387
vn -0.0949088 0.0345725 0.994886
vn 0.11272 0.221637 0.968592
vn -0.0835607 0.00244947 0.9965
vn -0.0540409 0.00637937 0.998518
vn -0.0520255 -0.0113903 0.998581
vn -0.0598489 -0.00591929 0.99819
vn -0.0596172 0.00450938 0.998211
vn -0.0371243 0.0262994 0.998965
vn -0.058672 0.00215026 0.998275
vn 0.131207 -0.175312 0.975731
vn -0.058672 0.00215026 0.998275
vn -0.0640671 -0.00289983 0.997941
vn -0.0472519 0.137746 0.98934
vn -0.98945 0.126386 -0.0708152
vn -0.991349 -0.0204195 -0.129655
vn -0.341387 0.93739 -0.0689596
vn -0.0614307 0.996514 0.056449
vn -0.0614307 0.996514 0.056449
vn -0.0678387 0.997653 0.00928669
vn -0.991645 0.107079 -0.0719343
vn -0.994435 -0.091717 -0.0518447
vn -0.744062 -0.667381 -0.0312183
vn 0.0116989 -0.993185 -0.11596
vn -0.98346 -0.125923 -0.13019
vn -0.998809 -0.0277622 -0.040117
vn -0.999139 -0.00954962 -0.0403831
vn -0.989216 -0.134833 -0.0571969
vn 0.0153041 -0.998705 0.0485194
vn 0.013997 -0.999863 -0.00883878
vn 0.0297325 -0.999497 -0.0110419
vn 0.013116 -0.999861 -0.0103145
vn 0.0175245 -0.999807 -0.00886788
vn 0.00446322 -0.999976 -0.00535927
vn 0.00331189 -0.999529 -0.0305089
vn -0.996357 -0.0708662 -0.0474433
vn 0.0250495 -0.116149 -0.992916
vn 0.0401925 0.0129734 -0.999108
vn -0.355767 0.929529 0.0969839
vn 0.284424 0.075422 -0.955727
vn -0.656824 0.754044 0.00063528
vn 0.198001 0.973546 0.114033
vn 0.177091 0.983408 0.0393274
vn 0.198001 0.973546 0.114033
vn 0.0554322 0.0487436 -0.997272
vn -0.00698999 0.999972 0.00262445
vn -0.0152651 0.999789 0.0137132
vn -0.0122502 0.999836 0.0133333
vn 0.0703854 0.994691 -0.0750757
vn -0.140027 0.989292 0.0411536
vn -0.982822 0.168311 -0.0757099
vn -0.0714752 -0.00179727 -0.997441
vn 0.0272402 -0.0129699 -0.999545
vn 0.0652609 -0.012075 -0.997795
vn 0.0809051 -0.00360017 -0.996715
vn 0.0668768 0.0116175 -0.997694
vn 0.0751648 0.00740475 -0.997144
vn -0.0371295 0.00418381 0.999302
vn -0.0316388 0.00457575 0.999489
vn -0.0290631 0.00745723 0.99955
vn -0.0405926 0.00909065 0.999134
vn -0.0502708 -0.0149164 0.998624
vn 0.122468 -0.991536 0.0431082
vn -0.0400057 0.0105522 0.999144
vn -0.0378316 0.0133251 0.999195
vn -0.0364435 0.0128988 0.999253
vn 0.0439552 -0.998664 -0.0271561
vn -0.0615831 -0.00544122 0.998087
vn 0.0189638 -0.999755 -0.0114424
vn -0.0439803 -0.000542217 0.999032
vn -0.0559596 0.0225051 0.998179
vn -0.993359 -0.107009 -0.0422845
vn -0.0205933 0.0226899 0.99953
vn -0.999772 0.00169111 -0.0213031
vn -0.999657 -0.00735766 -0.025146
vn -0.994186 -0.100182 -0.0394705
vn -0.340321 -0.940274 -0.00819764
vn -0.0264305 0.0154716 0.999531
vn -0.0475822 0.0109828 0.998807
vn -0.103448 -0.014627 0.994527
vn 0.0380261 0.0294256 0.998843
vn -0.0475822 0.0109828 0.998807
vn -0.970662 0.102226 -0.217637
vn 0.310153 -0.0417318 -0.94977
vn 0.0347663 -0.0770192 -0.996423
vn 0.978758 -0.029644 0.202865
vn 0.947201 -0.0327472 0.318963
vn 0.99283 0.095223 -0.0722597
vn -0.0129893 0.999428 -0.0312137
vn 0.0514998 0.998513 -0.01789
vn 0.0514998 0.998513 -0.01789
vn 0.998674 0.0157286 0.0490119
vn 0.998571 0.0127562 0.0518927
vn 0.997288 -0.0105046 0.0728389
vn 0.940148 -0.338667 0.0377765
vn 0.991028 -0.130423 0.0291969
vn 0.957191 -0.270754 0.102363
vn 0.813194 -0.202701 0.545552
vn 0.999231 -0.0215673 0.0327607
vn 0.766271 -0.568166 -0.300027
vn 0.0391067 0.0065063 -0.999214
vn 0.0932584 -0.0159426 -0.995514
vn 0.0503371 0.00682664 -0.998709
vn 0.0262048 0.0256927 -0.999326
vn 0.0505724 0.0029754 -0.998716
vn 0.0503371 0.00682664 -0.998709
vn -0.290172 0.956494 -0.0303299
vn -0.871296 0.484521 -0.0779927
vn 0.032043 0.0023038 -0.999484
vn -0.765477 0.642831 -0.0285027
vn -0.121237 0.992118 -0.031677
vn -0.826598 0.561719 -0.0347413
vn 0.0411001 0.00559247 -0.999139
vn 0.0783827 0.0094317 -0.996879
vn 0.0468751 0.00128624 -0.9989
vn 0.0560648 -0.00467731 -0.998416
vn 0.0898247 0.000255359 -0.995958
vn 0.0374217 0.00135639 -0.999299
vn 0.058546 0.0103151 -0.998231
vn 0.0659657 0.0129786 -0.997737
vn 0.0609333 0.0147878 -0.998032
vn 0.0661967 -0.0151225 -0.997692
vn 0.0619511 -0.0615027 -0.996183
vn 0.0130357 -0.999123 -0.0397899
vn 0.0290768 0.998824 0.038806
vn 0.0234813 0.999724 -0.00109385
vn 0.0746891 0.25036 -0.965267
vn -0.970662 0.102226 -0.217637
vn 0.998177 -0.00833074 0.0597783
vn 0.996577 -0.0133831 0.08158
vn 0.997804 0.00197843 0.06621
vn 0.997075 0.00372179 0.076333
vn 0.990553 0.000326254 0.13713
vn -0.0652877 0.0106859 0.997809
vn -0.0347221 0.0131659 0.99931
vn -0.0283473 0.999309 -0.0240546
vn -0.0141802 0.999677 -0.0210922
vn 0.0118889 0.999835 0.0137189
vn -0.00265888 -0.999988 -0.00421817
vn 0.00114984 -0.999981 -0.00613319
vn -0.00636642 -0.999914 -0.0114752
vn -0.0288717 -0.999479 -0.0143937
vn 0.0295128 -0.999493 -0.0119315
vn -0.0222736 0.00306137 0.999747
vn -0.00839125 0.0639832 0.997916
vn -0.0501966 0.0210108 0.998518
vn -0.0159891 0.0605032 0.99804
vn -0.0156609 0.0411965 0.999028
vn -0.203314 0.230207 0.951666
vn -0.0404621 -0.000416274 0.999181
vn -0.0873879 0.014909 0.996063
vn -0.053056 -0.00915733 0.99855
vn -0.0488613 -0.00477553 0.998794
vn -0.058672 0.00215026 0.998275
vn -0.040105 0.00913684 0.999154
vn -0.0639149 -0.0299978 0.997504
vn -0.286355 -0.146859 0.946802
vn -0.058672 0.00215026 0.998275
vn -0.057765 0.132575 0.989488
vn -0.055739 0.000558364 0.998445
vn -0.0722079 0.995061 0.0681098
vn -0.985445 0.150887 -0.0783061
vn -0.995599 -0.0618053 -0.0704409
vn -0.331677 0.942064 -0.0500664
vn 0.0448174 0.996568 0.0695962
vn -0.994728 0.0991319 -0.02625
vn -0.995671 -0.0834931 -0.0408497
vn -0.61259 -0.766267 -0.193825
vn -0.315135 0.0290195 -0.948603
vn -0.999053 -0.00206733 -0.0434625
vn -0.998901 -0.0259886 -0.0390111
vn -0.996694 -0.0719981 -0.0376584
vn -0.981403 -0.182173 -0.0605024
vn 0.049565 -0.998584 -0.0193265
vn 0.0181311 -0.999744 -0.0135604
vn 0.0303556 -0.999473 -0.0115315
vn 0.0120872 -0.999878 -0.00992603
vn 0.00995472 -0.999914 -0.00851127
vn 0.00780129 -0.998795 -0.0484545
vn 0.0397834 -0.112933 -0.992806
vn -0.29053 -0.956634 0.0210737
vn 0.0289287 -0.0115275 -0.999515
vn -0.00791662 -0.097959 -0.995159
vn 0.0279957 0.0492049 -0.998396
vn -0.815808 0.189317 0.546458
vn -0.20726 0.971864 0.111908
vn 0.556335 0.120813 -0.822129
vn 0.423159 -0.257128 -0.868804
vn -0.787157 0.614505 -0.0526147
vn 0.198001 0.973546 0.114033
vn 0.0539751 0.055619 -0.996992
vn -0.000903501 0.999866 0.016339
vn -0.0209105 0.999548 0.0215975
vn -0.00799298 0.999929 0.0088935
vn -0.123255 0.989191 -0.0794391
vn -0.989838 0.132781 -0.0508967
vn -0.0418955 -0.0441121 -0.998148
vn 0.0326289 -0.0301265 -0.999013
vn 0.0719587 0.000710556 -0.997407
vn 0.0769908 0.0156966 -0.996908
vn 0.0747424 0.00601699 -0.997185
vn -0.0375049 0.00440978 0.999287
vn -0.0331873 0.00326911 0.999444
vn -0.0305935 0.00703958 0.999507
vn -0.0508658 0.0127023 0.998625
vn -0.0368496 0.00778416 0.999291
vn -0.0302368 -0.0045702 0.999532
vn -0.0768351 -0.12786 0.988812
vn 0.0471398 -0.997014 -0.0611643
vn -0.0441153 0.00138692 0.999026
vn -0.0288033 0.00108771 0.999584
vn -0.0563681 -0.0208791 0.998192
vn 0.0345366 -0.998953 -0.0300198
vn 0.00522667 0.0877558 0.996128
vn -0.989238 -0.140029 -0.0424233
vn -0.0441468 0.0728336 0.996367
vn -0.0581436 0.0204655 0.998098
vn -0.998809 0.00345548 -0.0486701
vn -0.0255667 0.033047 0.999127
vn -0.999649 -0.00875948 -0.0250222
vn -0.990137 -0.134469 -0.0393383
vn -0.36125 -0.932428 -0.00878264
vn -0.986156 -0.159138 -0.0466051
vn -0.0407784 0.0191262 0.998985
vn -0.0475822 0.0109828 0.998807
vn 0.977396 0.143534 0.155223
vn 0.0920276 0.992588 0.0793668
vn 0.0380261 0.0294256 0.998843
vn 0.0380261 0.0294256 0.998843
vn -0.970662 0.102226 -0.217637
vn 0.292654 -0.0435043 -0.955228
vn 0.0891799 0.227818 -0.969611
vn 0.993383 -0.00863067 0.114521
vn 0.938068 0.280474 0.203376
vn 0.0121829 0.999043 -0.0420175
vn 0.998736 0.0126043 0.0486615
vn 0.998419 0.0179615 0.0532721
vn 0.998597 -0.00839393 0.0522768
vn 0.94007 -0.333573 0.070699
vn 0.964924 -0.257704 0.050101
vn 0.986992 -0.155871 0.0393797
vn 0.997834 -0.0155916 0.0639149
vn 0.70544 -0.0422597 0.707509
vn 0.999412 -0.0185248 0.0288526
vn 0.766271 -0.568166 -0.300027
vn 0.766271 -0.568166 -0.300027
vn 0.0574355 -0.0140447 -0.99825
vn 0.0528179 0.00918034 -0.998562
vn 0.0394072 -0.037861 -0.998506
vn 0.0503371 0.00682664 -0.998709
vn 0.0453679 0.00265642 -0.998967
vn 0.029199 -0.001494 -0.999573
vn 0.0369348 0.0530103 -0.997911
vn -0.906328 0.416746 -0.0699482
vn -0.285894 0.958057 -0.0197837
vn -0.535166 0.841127 -0.0781237
vn 0.0369348 0.0530103 -0.997911
vn 0.0501641 0.00443216 -0.998731
vn -0.770952 0.635216 -0.0461888
vn -0.115957 0.993234 -0.00637758
vn 0.0662886 0.0103279 -0.997747
vn 0.0600785 0.0120983 -0.99812
vn 0.0646769 0.0127969 -0.997824
vn 0.0971243 0.00796665 -0.99524
vn 0.0684963 0.0125657 -0.997572
vn 0.0314341 -0.00776012 -0.999476
vn 0.0557041 0.0161846 -0.998316
vn 0.0594454 0.00681332 -0.998208
vn 0.0553036 -0.0201232 -0.998267
vn 0.0429956 -0.0825138 -0.995662
vn 0.00443693 -0.998772 -0.0493377
vn 0.0255162 0.999203 0.0307092
vn 0.00631125 0.999876 0.0144447
vn 0.998109 -0.00856687 0.0608704
vn 0.997553 -0.00724302 0.0695462
vn 0.996537 -0.000209194 0.0831483
vn 0.99717 3.44953e-06 0.0751829
vn 0.986971 0.0252995 0.158895
vn -0.0988489 0.0218535 0.994862
vn -0.0165501 0.0355098 0.999232
vn -0.000520503 0.999964 -0.00848001
vn 0.00213408 -0.999963 -0.00834304
vn -0.0146394 -0.999873 -0.00633202
vn -0.0231186 -0.999666 -0.0115369
vn 0.031682 -0.999434 -0.0112776
vn -0.0283868 0.0194637 0.999408
vn -0.00477361 0.0773951 0.996989
vn -0.011663 0.053133 0.998519
vn -0.0227106 0.0432004 0.998808
vn -0.0412272 0.00433284 0.999141
vn -0.0451048 0.0075216 0.998954
vn -0.0350003 0.00872975 0.999349
vn -0.0820986 -0.0044762 0.996614
vn -0.0536479 -0.00509267 0.998547
vn -0.047815 0.00263477 0.998853
vn -0.058672 0.00215026 0.998275
vn -0.127644 0.0132249 0.991732
vn -0.0972915 -0.0311781 0.994767
vn -0.0402287 -0.0323349 0.998667
vn -0.000605636 0.999524 0.0308399
vn -0.0535441 0.115127 0.991907
vn -0.0462391 0.00474962 0.998919
vn -0.0120239 0.999922 0.00343382
vn -0.984986 0.150014 -0.0854303
vn -0.98749 -0.0453425 -0.151024
vn -0.299094 0.95299 -0.0485149
vn 0.299254 0.953827 -0.0257198
vn 0.0691239 -0.0102226 -0.997556
vn 0.103448 0.103026 -0.989285
vn -0.394281 -0.0346876 -0.918335
vn -0.995619 -0.0826171 -0.0437982
vn -0.998982 0.00586851 -0.0447259
vn -0.998995 -0.0227695 -0.0386013
vn -0.290558 -0.955482 -0.051283
vn -0.982071 -0.187446 -0.0200041
vn 0.0665832 -0.997523 0.0227049
vn 0.0145431 -0.999808 -0.0131581
vn 0.0267843 -0.999569 -0.012052
vn 0.0148689 -0.999812 -0.0124176
vn 0.0143792 -0.99908 -0.0403921
vn 0.0498066 -0.0976648 -0.993972
vn 0.0305793 -0.00825928 -0.999498
vn -0.978481 -0.19819 -0.0574031
vn 0.0311137 -0.00257271 -0.999513
vn 0.0225561 0.000984026 -0.999745
vn 0.161772 0.0442417 -0.985836
vn -0.738222 0.0915138 0.668322
vn -0.771136 0.636664 0.00280879
vn -0.122833 0.992427 0.000197377
vn -0.300451 0.893638 0.333377
vn 0.0906509 0.0493598 -0.994659
vn 0.0690136 0.0514018 -0.996291
vn -0.0153852 0.999809 0.0120488
vn -0.0547658 0.998498 -0.00143586
vn -0.990665 0.115961 -0.0716645
vn -0.00497255 -0.0434864 -0.999042
vn 0.0544103 -0.00976621 -0.998471
vn 0.0800406 0.009858 -0.996743
vn 0.065439 0.00293447 -0.997852
vn -0.0365016 0.0060758 0.999315
vn -0.0332361 0.00337214 0.999442
vn -0.0327875 0.00373946 0.999455
vn -0.0548819 0.0111962 0.99843
vn -0.0453578 0.0134809 0.99888
vn -0.0376787 0.00254931 0.999287
vn -0.0284006 0.0173811 0.999446
vn -0.0768351 -0.12786 0.988812
vn -0.0768351 -0.12786 0.988812
vn -0.0425496 -0.136516 0.989724
vn 0.0371419 -0.997509 -0.0599774
vn -0.0464538 0.00017411 0.99892
vn -0.0407815 -0.012373 0.999092
vn 0.00804813 0.0772368 0.99698
vn -0.981366 -0.184092 -0.0550474
vn -0.0779556 -0.0541522 0.995485
vn -0.997792 -0.000201239 -0.0664083
vn -0.0935472 -0.0103947 0.995561
vn -0.0256733 0.0396467 0.998884
vn -0.998875 -0.0114949 -0.0460172
vn -0.0358759 0.0211728 0.999132
vn -0.98973 -0.14191 -0.0172323
vn -0.370871 -0.928538 -0.0164537
vn -0.990623 -0.134285 -0.0251662
vn -0.998734 0.0407525 -0.0294872
vn -0.0293994 0.0655853 0.997414
vn 0.978906 0.195608 0.0589945
vn 0.0572783 0.998352 -0.00360731
vn 0.889792 0.441431 0.115795
vn 0.287827 0.186049 -0.939437
vn 0.0404574 0.998912 -0.0231753
vn 0.287827 0.186049 -0.939437
vn 0.87065 0.491368 -0.0229363
vn 0.0134095 0.999125 0.0396187
vn 0.998549 0.0128075 0.0523127
vn 0.998487 0.0118717 0.0536848
vn 0.998642 -0.0118023 0.0507388
vn 0.932365 -0.355989 0.0629875
vn 0.96002 -0.270801 0.0709062
vn 0.997782 0.0106128 0.0657152
vn 0.985256 -0.16416 0.0481818
vn 0.998195 -0.0162237 0.0578301
vn 0.650777 -0.0393121 0.75825
vn 0.999548 -0.009191 0.0286192
vn 0.0488152 -0.00837672 -0.998773
vn 0.0169545 -0.00958221 -0.99981
vn -0.166118 0.980905 -0.101147
vn 0.056685 0.00674196 -0.998369
vn 0.0352818 -0.0179101 -0.999217
vn 0.0322472 7.77011e-05 -0.99948
vn 0.0528616 0.00142 -0.998601
vn 0.0369348 0.0530103 -0.997911
vn -0.534477 0.842628 -0.0656709
vn -0.92557 0.377502 0.0285114
vn -0.274071 0.961662 -0.00958567
vn 0.0597519 0.00630564 -0.998193
vn -0.765917 0.642703 -0.0174394
vn 0.0738644 0.00767043 -0.997239
vn 0.0681917 0.0232426 -0.997401
vn 0.0935817 0.0165032 -0.995475
vn 0.0747178 0.00623446 -0.997185
vn -5.44504e-05 -0.00089837 -1
vn 0.0520652 0.0102246 -0.998591
vn 0.0690316 -0.0191888 -0.99743
vn 0.060817 0.0115967 -0.998082
vn 0.0385259 -0.0103927 -0.999204
vn 0.040622 -0.0955159 -0.994599
vn -0.0288335 -0.998479 -0.046996
vn 0.0114176 0.999638 0.0243609
vn 0.998236 -0.00494863 0.0591648
vn 0.997504 -0.00789167 0.070166
vn 0.99737 -0.0046832 0.072333
vn 0.996838 0.0188912 0.0771853
vn 0.987757 -0.0249508 0.153994
vn -0.131704 0.0447479 0.990279
vn 0.00463524 0.00435556 0.99998
vn -0.0218606 -0.999749 -0.00481961
vn -0.0176257 -0.999831 -0.00531642
vn 0.0303951 -0.999437 -0.0142315
vn -0.0316255 0.0754763 0.996646
vn -0.00232981 0.0386183 0.999251
vn -0.0277852 0.0292169 0.999187
vn -0.0317335 -0.00178932 0.999495
vn -0.0469914 0.00559932 0.99888
vn -0.124224 0.0188538 0.992075
vn -0.0355344 -0.000256398 0.999368
vn -0.0701154 0.00334836 0.997533
vn -0.0522425 0.00462122 0.998624
vn -0.033772 0.00634088 0.999409
vn -0.045264 0.00608714 0.998957
vn -0.0340407 -0.0273464 0.999046
vn -0.00163164 0.998985 0.0450141
vn -0.012399 0.999914 -0.00419068
vn -0.0478478 0.0988644 0.99395
vn -0.0482085 0.0083396 0.998803
vn -0.00330578 0.999981 0.00515295
vn -0.989467 0.0945245 -0.109641
vn -0.992557 -0.0307842 -0.117828
vn -0.443391 0.892146 -0.086491
vn -0.361478 0.0570578 -0.930633
vn -0.347071 -0.937151 -0.0359178
vn -0.994917 -0.0889812 -0.0471527
vn -0.999013 0.0130364 -0.0424655
vn -0.998861 -0.0193429 -0.0436211
vn -0.965922 -0.150861 -0.210324
vn -0.988572 -0.148659 -0.0250399
vn 0.0645414 -0.996394 -0.0550789
vn 0.0197061 -0.99976 -0.00959963
vn 0.0194422 -0.999708 -0.0143874
vn 0.00376957 -0.998955 -0.0455578
vn 0.0465447 -0.0898589 -0.994866
vn 0.0394337 -0.00370847 -0.999215
vn 0.0233392 -0.000858327 -0.999727
vn -0.995437 0.0707294 -0.064046
vn 0.032001 0.00282195 -0.999484
vn 0.0322894 -0.00331581 -0.999473
vn 0.0135735 0.0444815 -0.998918
vn -0.115168 -0.0124885 -0.993268
vn -0.290954 0.956629 0.0143923
vn -0.757189 0.652623 -0.0273444
vn 0.0549131 0.0549173 -0.99698
vn -0.0515992 0.998574 0.0137181
vn -0.992211 0.093602 -0.0821894
vn -0.0327424 0.0116148 -0.999396
vn 0.0557525 0.0175485 -0.99829
vn -0.0339979 -0.0244222 -0.999124
vn -0.0315904 0.00197933 0.999499
vn -0.0352387 -0.000958812 0.999379
vn -0.0330132 0.000836944 0.999455
vn -0.03255 0.00236457 0.999467
vn -0.126524 0.103951 0.986502
vn -0.0438505 0.0113149 0.998974
vn -0.0278301 0.00926231 0.99957
vn -0.0410092 0.00257644 0.999155
vn -0.021704 0.0127621 0.999683
vn -0.0353208 -0.144772 0.988834
vn -0.953204 -0.301106 -0.0271486
vn -0.0464538 0.00017411 0.99892
vn -0.0464538 0.00017411 0.99892
vn -0.00520348 0.0681405 0.997662
vn -0.0449133 0.00371716 0.998984
vn -0.0679331 -0.061613 0.995786
vn -0.996878 -0.0121146 -0.0780189
vn -0.0302251 0.0134756 0.999452
vn -0.997469 -0.00900609 -0.0705243
vn -0.030416 0.0243323 0.999241
vn -0.0341585 0.00883907 0.999377
vn -0.991742 -0.122884 -0.0367118
vn -0.0131054 0.0468515 0.998816
vn -0.361922 -0.93218 -0.00727091
vn -0.990856 -0.123775 -0.0537092
vn -0.999174 0.0309444 -0.0263234
vn -0.210406 0.977583 0.00782712
vn 0.406542 0.882433 0.23672
vn 0.980468 0.193064 0.0375294
vn 0.0239988 0.999706 -0.00340042
vn 0.923008 0.375679 0.0831929
vn 0.287827 0.186049 -0.939437
vn 0.998537 0.00501449 0.0538332
vn 0.998744 0.0156082 0.047611
vn 0.998474 -0.00487999 0.0550141
vn 0.931925 -0.360862 0.035972
vn 0.970053 -0.23629 0.0562502
vn 0.997569 0.0321411 0.0618289
vn 0.998934 -0.0138978 0.0440137
vn 0.985957 -0.157287 0.0561158
vn 0.998392 -0.0115689 0.0554974
vn 0.606091 -0.00330907 0.795389
vn 0.999411 -0.0169246 0.0298664
vn 0.0561992 0.0101919 -0.998368
vn 0.0544587 -0.0145535 -0.99841
vn -0.847015 0.485933 -0.215487
vn -0.189955 0.9816 -0.0194509
vn 0.0192645 -0.011694 -0.999746
vn 0.044275 -0.0176494 -0.998863
vn 0.04888 0.00187033 -0.998803
vn 0.0581615 0.0019811 -0.998305
vn -0.542652 0.839945 0.00449104
vn -0.935316 0.348092 -0.0633699
vn -0.28253 0.959231 -0.00730156
vn 0.0739762 0.00461151 -0.997249
vn 0.0654401 0.00526925 -0.997843
vn 0.0822643 0.0181885 -0.996445
vn 0.0456523 -0.0269041 -0.998595
vn -0.0163942 -0.00866368 -0.999828
vn 0.0629284 -0.0208729 -0.9978
vn 0.0661845 0.00419125 -0.997799
vn 0.0128288 -0.0332415 -0.999365
vn 0.0355339 0.00390328 -0.999361
vn 0.0351156 -0.00899315 -0.999343
vn 0.0662712 -0.142074 -0.987635
vn -0.0332414 -0.998849 -0.0345732
vn 0.998893 0.00569376 0.0466893
vn 0.99768 -0.0102926 0.0672932
vn 0.997305 -0.00941662 0.072755
vn 0.990835 -0.000565349 0.135078
vn 0.996775 0.00351457 0.0801746
vn -0.154572 0.0106623 0.987924
vn 0.0360837 0.0146766 0.999241
vn -0.0238871 -0.999698 0.00583362
vn 0.0315612 -0.999486 -0.00566384
vn -0.0615039 0.0201761 0.997903
vn -0.0175094 0.0127437 0.999765
vn -0.0309175 -0.00213039 0.99952
vn -0.0977353 0.029104 0.994787
vn -0.0456256 0.00622511 0.998939
vn -0.0369006 0.0137116 0.999225
vn -0.0327939 0.00710014 0.999437
vn -0.0543522 0.0129965 0.998437
vn -0.0637954 0.00755995 0.997934
vn -0.035332 -0.00725643 0.999349
vn -0.0188402 -0.0183722 0.999654
vn -0.00613124 0.998453 0.0552711
vn -0.00305622 0.999995 -0.00036743
vn -0.011664 0.99993 0.00207191
vn -0.0514239 0.0842865 0.995114
vn -0.0472468 0.0108304 0.998825
vn -0.00530454 0.999986 -0.000837791
vn 0.980468 0.193064 0.0375294
vn -0.991856 0.0409417 -0.120609
vn -0.995833 -0.0235616 -0.0880948
vn -0.361478 0.0570578 -0.930633
vn -0.361478 0.0570578 -0.930633
vn -0.99502 -0.0984313 0.0157013
vn -0.346438 -0.937605 -0.0296318
vn -0.9945 -0.0956675 -0.0426422
vn -0.998692 0.0183036 -0.047734
vn -0.998717 -0.0112855 -0.049359
vn -0.960306 0.0612108 -0.272151
vn -0.991926 -0.122828 -0.0315515
vn 0.0200649 -0.999785 -0.00523435
vn 0.029249 -0.999465 -0.0146157
vn 0.0214445 -0.998236 -0.0553688
vn -0.00385556 -0.0936938 -0.995594
vn 0.0455419 -0.00206357 -0.99896
vn 0.0434332 -0.00168943 -0.999055
vn 0.0235629 -0.000178146 -0.999722
vn -0.199117 0.979895 0.0125315
vn 0.0346737 0.00474803 -0.999387
vn 0.0322506 0.00436737 -0.99947
vn 0.0438589 -0.00570922 -0.999021
vn -0.115168 -0.0124885 -0.993268
vn -0.115168 -0.0124885 -0.993268
vn -0.943491 0.32654 -0.0565451
vn -0.290396 0.95671 -0.0194039
vn 0.000698251 0.054939 -0.998489
vn -0.996053 0.064315 -0.0611668
vn 2.08293e-05 0.0185734 -0.999828
vn -0.0315904 0.00197933 0.999499
vn -0.0315904 0.00197933 0.999499
vn -0.0335137 0.00620641 0.999419
vn -0.034066 -0.00240927 0.999417
vn -0.0330132 0.000836944 0.999455
vn -0.0330132 0.000836944 0.999455
vn -0.0316341 -0.000339641 0.999499
vn -0.241896 0.101479 0.964981
vn 0.0458233 0.0943506 0.994484
vn -0.0336295 0.0177935 0.999276
vn -0.0213786 0.0112263 0.999708
vn -0.0450059 0.00756301 0.998958
vn -0.302331 0.00632608 0.953182
vn -0.341895 -0.0321053 0.93919
vn -0.994726 -0.00463593 -0.102461
vn -0.341895 -0.0321053 0.93919
vn -0.00906578 0.0629051 0.997978
vn -0.0724897 -0.0605923 0.995527
vn -0.0250796 0.0100529 0.999635
vn -0.996441 -0.00728654 -0.0839773
vn -0.0371195 -0.00886639 0.999272
vn -0.991324 -0.112922 -0.0672631
vn -0.0301419 -0.000554503 0.999546
vn -0.0101969 0.0458133 0.998898
vn -0.343702 -0.939001 -0.0120873
vn 0.352401 0.918741 0.178124
vn -0.990916 -0.110996 -0.0759264
vn -0.998519 0.0249146 -0.048355
vn -0.210955 0.977458 -0.00865167
vn -0.979152 0.197146 -0.0489374
vn 0.357047 0.901935 -0.242961
vn 0.980468 0.193064 0.0375294
vn 0.936133 0.348168 0.0493423
vn 0.986183 0.158217 0.0490863
vn 0.0100778 0.999949 0.0010038
vn 0.998958 0.00266481 0.0455654
vn 0.998766 0.00513141 0.0494069
vn 0.998626 0.0231048 0.047025
vn 0.93035 -0.363095 0.051093
vn 0.976157 -0.214514 0.0331779
vn 0.998268 0.0553694 0.0199036
vn 0.998196 -0.0113719 0.0589591
vn 0.99884 -0.0129208 0.0463868
vn 0.987981 -0.144799 0.0540945
vn 0.998601 -0.0137619 0.0510616
vn 0.581628 -0.00813646 0.813414
vn 0.999529 -0.00108973 0.0306676
vn 0.0201595 0.999449 0.0263796
vn 0.0139715 -0.00713359 -0.999877
vn 0.0185695 -0.00596993 -0.99981
vn -0.892592 0.447141 -0.0578251
vn -0.187837 0.981945 -0.0224088
vn 0.054632 -0.0124226 -0.998429
vn 0.0498134 -0.00553927 -0.998743
vn 0.0593608 0.000325618 -0.998237
vn 0.0730343 0.00461082 -0.997319
vn -0.529482 0.847654 -0.0336403
vn -0.94309 0.325753 -0.0668337
vn 0.0716895 0.0125311 -0.997348
vn 0.0717472 -0.00523938 -0.997409
vn 0.00403994 -0.00794367 -0.99996
vn 0.00150033 -0.0456626 -0.998956
vn 0.0301039 -0.0326543 -0.999013
vn 0.0126403 -0.021324 -0.999693
vn 0.0236174 0.00120242 -0.99972
vn 0.0562619 -0.0391148 -0.99765
vn 0.0440425 0.00929835 -0.998986
vn 0.0122078 -0.0296072 -0.999487
vn 0.377431 -0.154896 -0.912991
vn 0.0738083 -0.996491 -0.0394648
vn 0.999664 -0.00182694 0.0258402
vn 0.998144 -0.00857484 0.0602966
vn 0.997363 -0.0131204 0.0713831
vn 0.98834 0.00288756 0.152236
vn 0.997069 -0.0257724 0.0720331
vn -0.1551 0.00600671 0.987881
vn 0.101674 -0.0456302 0.993771
vn 0.036465 -0.999273 0.0111498
vn -0.0826842 0.00535256 0.996561
vn -0.0856779 -0.00034616 0.996323
vn -0.0444769 0.029728 0.998568
vn -0.0804518 0.0137369 0.996664
vn -0.0448753 0.00533862 0.998978
vn -0.0444769 0.029728 0.998568
vn -0.0671048 0.00549819 0.997731
vn -0.0420632 0.012278 0.99904
vn -0.0255047 0.0109879 0.999614
vn -0.00235801 -0.00461437 0.999987
vn -0.0918958 -0.00241016 0.995766
vn 0.00152821 0.997524 0.0703082
vn -0.006936 0.999972 -0.00297312
vn -0.00741763 0.999971 0.00188036
vn -0.00125134 0.999978 -0.00658627
vn -0.0444417 0.0773517 0.996013
vn -0.0532665 0.00739003 0.998553
vn -0.0078013 0.999946 0.00690085
vn -0.997153 0.0240647 -0.0714559
vn -0.99225 -0.116043 -0.0444363
vn -0.998588 0.0449649 0.0282894
vn -0.321831 -0.946628 -0.0178916
vn -0.993229 -0.107839 -0.0432185
vn -0.998714 0.0141105 -0.0486915
vn -0.999281 -0.00785793 -0.0371056
vn -0.197343 0.97996 -0.0270979
vn -0.993202 -0.112438 -0.0301357
vn 0.0187542 -0.999756 -0.0117045
vn 0.0306276 -0.998016 -0.0550172
vn 0.0618595 -0.077342 -0.995084
vn -0.00646691 4.64285e-05 -0.999979
vn 0.0381047 6.93919e-05 -0.999274
vn 0.0476047 -0.00296676 -0.998862
vn 0.027371 0.001008 -0.999625
vn -0.985229 0.161788 -0.0561183
vn 0.0327096 0.00635304 -0.999445
vn 0.0367474 0.00377808 -0.999317
vn 0.0379716 0.000751474 -0.999279
vn 0.0186153 0.0116061 -0.999759
vn -0.115168 -0.0124885 -0.993268
vn -0.115168 -0.0124885 -0.993268
vn -0.31985 0.93289 0.165566
vn -0.951341 0.302311 -0.0596556
vn -0.0371135 0.00851371 0.999275
vn -0.0326719 0.0112445 0.999403
vn -0.0333859 -0.00123297 0.999442
vn -0.0330132 0.000836944 0.999455
vn -0.0330132 0.000836944 0.999455
vn -0.0305586 -0.00233577 0.99953
vn -0.200008 -0.184649 0.962238
vn 0.205888 0.052039 0.977191
vn -0.0401851 0.0120189 0.99912
vn -0.0334586 0.0331476 0.99889
vn -0.247542 0.00491217 0.968865
vn -0.0241077 0.0834678 0.996219
vn -0.341895 -0.0321053 0.93919
vn -0.997085 0.00560831 -0.0760883
vn -0.0742903 -0.0710023 0.994706
vn -0.0222567 0.00397301 0.999744
vn -0.0430174 -0.00325557 0.999069
vn -0.992395 -0.0988514 -0.0733565
vn 0.0194654 0.100666 0.99473
vn -0.324827 -0.945378 -0.0273304
vn -0.00529737 0.063164 0.997989
vn 0.617934 0.785779 0.0266363
vn -0.994214 -0.105245 -0.0214729
vn 0.0337725 0.994414 -0.100005
vn -0.99771 0.0288316 -0.0611839
vn -0.208837 0.977888 -0.0110573
vn -0.976614 0.210813 -0.0422197
vn -0.999154 -0.00376625 -0.0409431
vn 0.0941972 0.995491 0.011128
vn 0.950941 0.308534 0.0227741
vn 0.937072 0.34655 0.0424251
vn 0.989139 0.139653 0.0458452
vn -0.0100162 0.99994 -0.00450814
vn 0.99859 -0.00864723 0.0523859
vn 0.99892 0.0134263 0.0444855
vn 0.964282 -0.25317 -0.0778803
vn 0.998404 0.0268851 0.0496714
vn 0.978148 -0.202448 0.0473513
vn 0.996138 0.0239027 0.0844855
vn 0.999841 -0.0166527 0.00632479
vn 0.998512 -0.0123427 0.053113
vn 0.997992 -0.0217289 0.0594958
vn 0.988997 -0.134643 0.0612817
vn 0.998617 -0.00777563 0.0519953
vn 0.546791 0.0024465 0.837266
vn 0.999135 0.00242207 0.0415015
vn 0.0383282 0.998757 -0.0318658
vn -0.814378 0.577532 -0.0569593
vn -0.0397145 -0.00427021 -0.999202
vn 0.0496656 -0.0337642 -0.998195
vn 0.0521198 -0.00133354 -0.99864
vn -0.907289 0.418788 -0.038006
vn -0.221291 0.975205 0.00256919
vn 0.0551424 -0.00711916 -0.998453
vn 0.0578662 -0.00343971 -0.998318
vn 0.0807489 0.0119907 -0.996662
vn 0.113205 0.0465794 -0.992479
vn -0.484059 0.874986 -0.00927023
vn 0.0520431 0.00962353 -0.998599
vn -0.00731471 -0.028188 -0.999576
vn 0.0171207 -0.0130931 -0.999768
vn 0.0100573 -0.0218183 -0.999711
vn 0.029273 -0.0548302 -0.998066
vn 0.0460566 -0.0203317 -0.998732
vn 0.0561818 -0.00206104 -0.998418
vn 0.0229351 -0.00893219 -0.999697
vn -0.00948855 0.0143992 -0.999851
vn 0.4066 -0.0401166 -0.912725
vn 0.990472 -0.116013 -0.074204
vn 0.998298 -0.0119565 0.0570818
vn 0.999227 -0.0254926 0.0299202
vn 0.997136 -0.00909852 0.0750804
vn 0.955823 0.0928676 0.278887
vn 0.99868 0.00030953 0.0513649
vn -0.175134 -0.0063492 0.984524
vn 0.146721 -0.0510291 0.987861
vn -0.0444769 0.029728 0.998568
vn -0.0829833 0.00210221 0.996549
vn -0.0530216 0.0211727 0.998369
vn -0.0471059 0.00362548 0.998883
vn -0.061611 0.0257405 0.997768
vn -0.0167535 0.00826565 0.999826
vn -0.00183204 0.0152891 0.999882
vn -0.100212 0.000385462 0.994966
vn -0.155997 0.0297783 0.987309
vn -0.0090758 0.996384 0.0844836
vn -0.00399555 0.999982 -0.00441233
vn -0.00475377 0.99997 0.00604229
vn -0.00313389 0.999796 -0.0199647
vn 0.00219573 0.999921 0.0123584
vn -0.0486929 0.083841 0.995289
vn -0.0443122 0.00816983 0.998984
vn -0.0108012 0.999939 -0.00223954
vn -0.997212 0.0570122 -0.0481375
vn -0.992488 -0.116379 -0.0377349
vn -0.217505 0.97579 -0.0229389
vn -0.293433 -0.955794 -0.0188251
vn -0.99213 -0.117789 -0.0424694
vn -0.999553 0.00301536 -0.0297606
vn -0.999463 -0.00832849 -0.031695
vn -0.991792 0.11595 -0.0538931
vn -0.993363 -0.110927 -0.030422
vn 0.03414 -0.998398 -0.0451289
vn 0.0723853 -0.067033 -0.995122
vn 0.0493059 -0.00160279 -0.998782
vn 0.000624184 -0.00351315 -0.999994
vn 0.0346686 -0.00576066 -0.999382
vn 0.0520237 -0.00370748 -0.998639
vn 0.0294945 0.00308628 -0.99956
vn -0.999424 -0.00662323 -0.0332913
vn 0.0329836 0.00456443 -0.999445
vn 0.0338666 0.00622101 -0.999407
vn 0.0342131 -0.00040586 -0.999414
vn 0.0370329 -0.00366617 -0.999307
vn 0.0177854 0.0322196 -0.999323
vn 0.431951 0.267998 -0.861159
vn -0.989935 0.130605 -0.0545162
vn -0.45636 0.889231 -0.0316798
vn 0.0121746 0.0560234 0.998355
vn -0.0349559 0.00755905 0.99936
vn -0.0301881 0.0143803 0.999441
vn -0.0276356 -0.00389309 0.99961
vn -0.0310042 0.000548003 0.999519
vn 0.0937723 -0.200208 0.975256
vn -0.0374442 -0.0208076 0.999082
vn -0.0459051 0.0146653 0.998838
vn -0.176379 0.00402485 0.984314
vn -0.101184 -0.0895264 0.990831
vn -0.994277 -0.0853625 -0.0642313
vn -0.0274568 0.00952953 0.999578
vn -0.0254682 0.000231003 0.999676
vn 0.0536917 0.0578033 0.996883
vn -0.297212 -0.95389 -0.0419336
vn 0.688284 0.713929 -0.128723
vn -0.992055 -0.123189 -0.0255283
vn 0.485175 0.874349 -0.0109333
vn 0.557857 0.829368 0.0307433
vn -0.99916 0.0290285 -0.0289291
vn 0.0750779 0.993415 0.0865402
vn -0.218031 0.975765 -0.0185653
vn -0.975047 0.216898 -0.0473075
vn -0.999271 0.000139173 -0.0381785
vn -0.998725 -0.00997089 -0.0494787
vn 0.0894838 0.995855 0.0162686
vn 0.95981 0.27459 0.0580047
vn 0.950941 0.308534 0.0227741
vn 0.950941 0.308534 0.0227741
vn 0.928061 0.371798 0.0216699
vn 0.986905 0.153803 0.0486174
vn -0.0210772 0.999588 0.019462
vn 0.998643 -0.0176242 0.049006
vn 0.99831 0.0483153 0.0322812
vn 0.995957 -0.0893592 -0.00920254
vn 0.96214 -0.143395 -0.231785
vn 0.998162 0.0303337 0.0524666
vn 0.999153 -0.0218747 0.034857
vn 0.992031 -0.0176116 0.12476
vn 0.999842 -0.00797177 0.0159192
vn 0.99892 -0.0229364 0.0404092
vn 0.998141 -0.00267419 0.0608854
vn 0.998423 -0.00802519 0.0555591
vn 0.530828 -0.00566206 0.847461
vn 0.99869 -0.00311237 0.0510688
vn 0.066293 0.997727 -0.0121279
vn -0.853248 0.51725 -0.0664807
vn -0.0626484 0.996161 -0.0611472
vn -0.0397145 -0.00427021 -0.999202
vn -0.0397145 -0.00427021 -0.999202
vn 0.0430705 -0.0152373 -0.998956
vn 0.0516762 -0.00195113 -0.998662
vn 0.0568696 -0.00605937 -0.998363
vn -0.923798 0.381875 -0.0277171
vn -0.256387 0.966574 -8.69842e-05
vn 0.0526358 -0.00914441 -0.998572
vn 0.0860934 -0.00786275 -0.996256
vn 0.118598 -0.0111597 -0.99288
vn -0.0203365 0.000290635 -0.999793
vn -0.0191008 -0.0182231 -0.999651
vn 0.0257987 -0.0231896 -0.999398
vn 0.01867 -0.00318585 -0.999821
vn 0.0330281 -0.0128152 -0.999372
vn 0.0379418 -0.0457364 -0.998233
vn 0.0473648 -0.0360369 -0.998227
vn -0.0114424 -0.000347122 -0.999935
vn 0.373534 0.00874792 -0.927575
vn 0.39749 0.00229901 -0.917604
vn 0.997764 0.00607955 -0.0665547
vn 0.99819 -0.00891781 0.0594723
vn 0.997108 -0.0155816 0.0743892
vn 0.998885 -0.00275174 0.0471261
vn 0.937295 -0.0310122 0.347155
vn 0.146721 -0.0510291 0.987861
vn 0.999047 0.00214302 0.0436019
vn 0.146721 -0.0510291 0.987861
vn -0.0365074 0.0043026 0.999324
vn -0.0786529 0.0111728 0.996839
vn -0.0358959 0.00887535 0.999316
vn -0.0142782 0.0364893 0.999232
vn 0.00151748 0.0150244 0.999886
vn -0.110817 0.00958011 0.993795
vn -0.14369 -0.00930487 0.989579
vn -0.0161873 0.994708 0.101458
vn -0.00790096 0.999948 -0.00643504
vn -0.00597123 0.999962 0.00631139
vn -0.021231 0.999719 -0.0105073
vn -0.00808273 0.999657 0.0249179
vn -0.015245 0.999812 0.0120118
vn -0.0440418 0.0839616 0.995495
vn -0.0681985 0.0134912 0.997581
vn 0.0164273 0.999456 -0.0285851
vn -0.232454 0.972606 -0.00155741
vn -0.997019 0.0645398 -0.042294
vn -0.991998 -0.123491 -0.0262588
vn -0.994456 0.0966552 -0.0414237
vn -0.278216 -0.959897 -0.034541
vn -0.992855 -0.115087 -0.0315396
vn -0.99935 0.000647912 -0.0360389
vn -0.999468 -0.00525119 -0.0321749
vn -0.999233 -0.00715493 -0.0384895
vn -0.985456 -0.0952566 -0.140725
vn 0.0291533 -0.0508056 -0.998283
vn 0.0720459 -0.00143441 -0.9974
vn 0.0495038 -0.00676412 -0.998751
vn 0.0130402 -0.0122193 -0.99984
vn -0.113566 0.137097 -0.984026
vn 0.0513481 0.00694561 -0.998657
vn 0.028535 0.0038017 -0.999586
vn -0.999503 0.000913399 -0.0315245
vn 0.0330102 -0.00371747 -0.999448
vn 0.0326396 0.00375385 -0.99946
vn 0.0337698 0.00305311 -0.999425
vn 0.0286633 0.00830307 -0.999555
vn 0.0270729 0.00459768 -0.999623
vn -0.868339 0.467572 -0.165424
vn 0.0322704 0.998905 0.033885
vn 0.279054 -0.211123 -0.93678
vn -0.989935 0.130605 -0.0545162
vn -0.989935 0.130605 -0.0545162
vn -0.278513 0.960296 -0.0161879
vn -0.00893436 0.0172301 0.999812
vn -0.0628191 -0.110054 0.991939
vn -0.0349019 0.00626953 0.999371
vn -0.0185106 0.0103963 0.999775
vn -0.0322634 -0.011586 0.999412
vn -0.0492811 -0.00498726 0.998773
vn -0.024924 -0.0121117 0.999616
vn -0.0564615 -0.0156397 0.998282
vn -0.0894049 -0.027105 0.995626
vn -0.0285365 0.00656389 0.999571
vn -0.276217 -0.960488 -0.0341693
vn -0.0327318 0.00395998 0.999456
vn -0.0285365 0.00656389 0.999571
vn -0.0288296 0.115317 0.99291
vn 0.551225 0.820339 -0.1523
vn -0.983084 -0.182945 -0.00874032
vn 0.543865 0.839031 0.0154142
vn -0.999176 0.0289824 -0.0284003
vn 0.495276 0.868721 0.00494278
vn 0.527467 0.849394 0.0175827
vn -0.221145 0.975031 -0.0202567
vn 0.0325906 0.99635 -0.0788985
vn -0.975833 0.213685 -0.0457062
vn -0.999022 0.0045552 -0.0439906
vn -0.998339 -0.0332696 -0.0470392
vn 0.220393 0.960578 0.16946
vn 0.987307 0.153192 0.0419249
vn 0.907977 0.417183 -0.039206
vn 0.989049 0.14758 0.00121026
vn 0.00679608 0.992117 -0.125132
vn 0.998497 -0.0192849 0.0512947
vn 0.995987 0.0653677 0.0611282
vn 0.986135 0.0928585 -0.137531
vn 0.992567 -0.0487602 -0.111503
vn 0.96504 -0.0200821 -0.261331
vn 0.999583 -0.00371282 0.0286365
vn 0.993857 -0.00696043 0.110454
vn 0.999923 -0.00656342 0.0105299
vn 0.99921 -6.61412e-05 0.0397351
vn 0.998681 -0.00656107 0.0509169
vn 0.998345 -0.00574711 0.0572246
vn 0.503634 -0.00664841 0.863892
vn 0.998793 -0.0125787 0.0474894
vn 0.0953579 0.995434 -0.00423898
vn -0.855423 0.515113 -0.0539405
vn -0.0654129 0.997789 -0.011768
vn -0.0129496 0.998952 -0.043911
vn 0.0676968 -0.00774776 -0.997676
vn 0.0595879 0.00274746 -0.998219
vn 0.0478486 -0.00801017 -0.998823
vn -0.936681 0.348913 -0.0298189
vn 0.083705 -0.00672912 -0.996468
vn 0.0794869 -0.0177136 -0.996679
vn -0.0581245 -0.046967 -0.997204
vn 0.0073321 -0.0282769 -0.999573
vn 0.0285621 -0.0194912 -0.999402
vn 0.0257866 -0.0212752 -0.999441
vn 0.0920714 0.00184803 -0.995751
vn 0.0401417 0.130087 -0.99069
vn 0.0383918 -0.0146214 -0.999156
vn 0.0419093 -0.0454992 -0.998085
vn 0.357172 -0.00985441 -0.933987
vn 0.390544 0.0156056 -0.920452
vn 0.999176 0.0171287 -0.0368038
vn 0.998316 -0.00583354 -0.0577205
vn 0.998034 0.00232548 0.0626394
vn 0.997535 -0.00741584 0.0697764
vn 0.944063 -0.0185497 0.329242
vn 0.998708 0.00101065 0.0508
vn 0.999389 0.011159 0.0331268
vn -0.0675235 0.00116331 0.997717
vn -0.0312541 0.0183202 0.999344
vn -0.0169165 -0.0183272 0.999689
vn -0.00206311 0.0294987 0.999563
vn -0.124011 0.0141495 0.99218
vn -0.152948 0.00405584 0.988226
vn -0.00780844 0.991889 0.12687
vn -0.0200952 0.999731 -0.0115612
vn -0.00681939 0.999946 0.00782758
vn -0.00797925 0.999932 0.00854154
vn -0.0246241 0.999488 0.0204277
vn -0.0173601 0.999521 0.0256112
vn -0.0821786 0.996571 -0.00959226
vn -0.0614604 0.0822846 0.994712
vn -0.0419133 0.0069797 0.999097
vn 0.00224168 0.999925 -0.0120063
vn -0.995026 0.0909324 -0.0406681
vn -0.248939 0.968518 -0.00179711
vn -0.997366 0.0696815 -0.0201373
vn -0.990806 -0.112699 -0.0748499
vn -0.999092 -0.0090568 -0.0416397
vn -0.26442 -0.964105 -0.0241662
vn -0.993138 -0.110466 -0.0383923
vn -0.999127 0.0106178 -0.0404043
vn -0.989095 -0.0115857 -0.146824
vn -0.999494 -0.0275684 -0.0158833
vn 0.0141091 -0.00728901 -0.999874
vn 0.0698728 -0.00375737 -0.997549
vn 0.0434579 -0.0134029 -0.998965
vn 0.0353899 0.26343 -0.964029
vn -0.199463 -0.0479109 -0.978733
vn 0.0412609 0.0117304 -0.99908
vn 0.0300859 0.00819458 -0.999514
vn 0.0307304 0.00354383 -0.999521
vn 0.033411 -0.00202315 -0.99944
vn 0.0335834 0.00547513 -0.999421
vn 0.0348311 -0.000596015 -0.999393
vn 0.0250211 0.00690315 -0.999663
vn 0.0388816 0.0227524 -0.998985
vn -0.90576 0.422317 -0.0353112
vn -0.185073 0.139078 0.972834
vn 0.220149 -0.337297 -0.915295
vn 0.26773 -0.705384 -0.656318
vn -0.146342 0.970946 -0.189334
vn -0.929596 0.367507 -0.028115
vn -0.0467272 -0.0528774 0.997507
vn -0.0330667 0.00235518 0.99945
vn -0.0393854 0.0129485 0.99914
vn -0.0190467 0.00109016 0.999818
vn -0.0196368 0.0074493 0.999779
vn -0.0437307 -0.01099 0.998983
vn -0.0415629 -0.00963806 0.999089
vn -0.0246386 -0.0078877 0.999665
vn -0.057445 -0.0263092 0.998002
vn -0.0483142 -0.00465893 0.998821
vn -0.295502 -0.0623847 0.953303
vn -0.0285365 0.00656389 0.999571
vn -0.974525 -0.1782 0.136184
vn 0.0798472 0.0414274 0.995946
vn -0.0291242 0.00278309 0.999572
vn -0.0285365 0.00656389 0.999571
vn 0.511688 0.858174 0.0413834
vn 0.658633 0.752456 0.00348386
vn -0.999959 -0.00289957 -0.00858991
vn 0.551676 0.83398 0.0114253
vn -0.998789 0.0490578 -0.00366832
vn -0.217175 0.975724 -0.0282548
vn 0.495648 0.868523 -0.000687944
vn 0.523056 0.852261 0.00795483
vn -0.978233 0.204694 -0.0340748
vn 0.0575028 0.997808 -0.0327604
vn -0.998735 0.0115294 -0.0489355
vn -0.998232 -0.0435706 -0.0404315
vn 0.288966 0.957247 -0.0133269
vn 0.996596 0.0796503 -0.0212847
vn 0.996596 0.0796503 -0.0212847
vn 0.964541 0.248893 0.0878269
vn 0.795502 -0.0180481 -0.605682
vn -0.394255 0.202928 -0.896316
vn 0.997055 0.0491226 0.0588952
vn 0.973409 0.211183 0.0887531
vn 0.964623 0.000713143 -0.263634
vn 0.9786 0.00873453 -0.205585
vn 0.973115 -0.0145326 -0.22986
vn 0.999578 -0.00228716 0.0289671
vn 0.994209 -0.00382796 0.107398
vn 0.999994 -0.00335749 0.000986357
vn 0.99903 -0.00210873 0.0439767
vn 0.999303 0.00742109 0.0365744
vn 0.998438 -0.00472035 0.0556634
vn 0.433652 -0.0184806 0.900891
vn 0.998649 0.00669967 0.0515205
vn 0.12547 0.992088 -0.00440199
vn -0.857837 0.512061 -0.0436968
vn -0.0644131 0.997641 -0.0237485
vn 0.00469769 0.999982 0.0038358
vn 0.0155895 0.999705 -0.0186528
vn 0.0510198 0.00921886 -0.998655
vn 0.0737688 0.027876 -0.996886
vn 0.0913245 0.000773708 -0.995821
vn 0.0771699 -0.00137789 -0.997017
vn -0.00980798 -0.0027199 -0.999948
vn 0.0432608 -0.00580795 -0.999047
vn 0.0174563 -0.000848568 -0.999847
vn 0.0173966 -0.0303363 -0.999388
vn 0.10007 0.0202087 -0.994775
vn 0.0273519 -0.0210439 -0.999404
vn 0.0401417 0.130087 -0.99069
vn 0.0401417 0.130087 -0.99069
vn 0.0186744 0.081658 -0.996485
vn 0.0418193 -0.0110436 -0.999064
vn 0.363541 0.0104332 -0.93152
vn 0.999637 -0.0156235 -0.0219455
vn 0.997414 0.0338686 -0.0633857
vn 0.982877 0.111307 0.146844
vn 0.99778 0.00377346 0.066497
vn 0.997614 0.00380372 0.0689297
vn 0.948346 -0.0248977 0.316261
vn 0.998647 0.00319355 0.0519003
vn 0.99968 0.0147951 0.0205073
vn 0.148024 0.187285 0.971089
vn -0.0593951 0.0313309 0.997743
vn -0.0481093 0.0344884 0.998246
vn -0.119719 0.0285304 0.992398
vn -0.137791 0.0255532 0.990132
vn -0.00867621 0.991367 0.130832
vn -0.0231628 0.999713 -0.00606453
vn -0.0235079 0.999645 0.012532
vn -0.0106605 0.999866 0.0124405
vn -0.0112382 0.99991 0.0073084
vn -0.00910987 0.999683 0.0234715
vn -0.0113354 0.999297 0.0357415
vn -0.140677 0.989515 0.0327218
vn -0.055952 0.0803223 0.995197
vn -0.0428468 -0.000579661 0.999081
vn -0.27079 -0.0312088 -0.962132
vn -0.963026 -0.267645 -0.0307787
vn -0.995505 0.0802837 -0.0502392
vn -0.998892 -0.00304796 -0.046967
vn -0.262874 0.964801 0.007541
vn -0.995865 0.0544499 -0.0727174
vn -0.994684 -0.100691 -0.0215486
vn -0.99682 -0.0763951 -0.022683
vn -0.268205 -0.96336 0.00189068
vn -0.993335 -0.100326 -0.05675
vn -0.990806 0.0124138 -0.134721
vn 0.0183782 -0.00248484 -0.999828
vn 0.0655759 -0.00495272 -0.997835
vn 0.146104 0.123801 -0.981492
vn 0.0986705 -0.116877 -0.988233
vn -0.0620055 -0.0713906 -0.995519
vn 0.0353456 0.00490225 -0.999363
vn 0.0316291 0.00914617 -0.999458
vn 0.0237711 0.000908673 -0.999717
vn 0.0335829 -0.000351958 -0.999436
vn 0.0315878 -0.00486205 -0.999489
vn 0.0333549 0.00733477 -0.999417
vn 0.0427279 -0.00666619 -0.999065
vn 0.0279608 0.0118884 -0.999538
vn -0.160561 0.969465 -0.185361
vn -0.917892 0.392072 -0.0612763
vn 0.115449 0.993283 0.00780552
vn -0.0422885 0.00438769 0.999096
vn -0.043651 -0.0120679 0.998974
vn -0.0204335 -0.00582507 0.999774
vn -0.0450155 0.00171028 0.998985
vn -0.0200449 0.0012844 0.999798
vn -0.0312384 0.00161683 0.999511
vn -0.0437307 -0.01099 0.998983
vn -0.0437307 -0.01099 0.998983
vn -0.0343736 -0.00838439 0.999374
vn -0.0411531 -0.00561308 0.999137
vn -0.0326079 -0.0163831 0.999334
vn -0.0819048 -0.00237466 0.996637
vn -0.308971 0.00868528 0.951032
vn -0.0285365 0.00656389 0.999571
vn -0.975065 -0.00305796 0.221898
vn 0.734729 0.668422 0.115698
vn -0.00470406 0.045533 0.998952
vn -0.0290888 0.0029775 0.999572
vn 0.591847 0.80553 -0.0289617
vn 0.600879 0.799226 -0.0134555
vn -0.999959 -0.00289957 -0.00858991
vn -0.999959 -0.00289957 -0.00858991
vn 0.543792 0.839164 0.00969199
vn -0.977997 0.0709925 0.196166
vn -0.20589 0.977438 -0.0471617
vn -0.978749 0.202702 -0.0310188
vn 0.495362 0.868582 0.0134726
vn 0.559321 0.828118 0.0371416
vn -0.999082 0.0119566 -0.0411307
vn 0.177189 0.967211 -0.181956
vn -0.998667 -0.0346444 -0.0382686
vn 0.314076 0.920241 -0.233478
vn 0.314479 0.947226 -0.062184
vn 0.996596 0.0796503 -0.0212847
vn -0.188731 0.0848468 -0.978357
vn -0.399732 0.909916 -0.110759
vn 0.660321 0.0544443 -0.749008
vn -0.236291 0.906253 -0.350531
vn -0.340002 0.0267036 -0.940045
vn 0.994293 -0.0187468 0.105027
vn 0.961413 0.0675667 -0.266682
vn 0.960637 -0.000794482 -0.277805
vn 0.976465 0.0053111 -0.215609
vn 0.999655 0.00101053 0.0262665
vn 0.994992 0.00740926 0.0996828
vn 0.999887 -0.0112029 0.0100383
vn 0.99867 0.011943 0.0501557
vn 0.99984 0.0145216 0.010413
vn 0.998581 -0.00315495 0.0531631
vn 0.390514 0.00690139 0.920571
vn 0.997657 0.0147714 0.0667939
vn -0.859901 0.505975 -0.0675293
vn -0.0753806 0.996974 -0.018978
vn 0.0231267 0.999688 -0.00938523
vn 0.0180475 0.999794 0.0093074
vn 0.0188053 0.999676 -0.017168
vn 0.0790269 -0.00759198 -0.996844
vn 0.0562175 0.0243948 -0.99812
vn 0.0740551 -0.0014634 -0.997253
vn 0.0217856 -0.000380738 -0.999763
vn 0.0321782 0.01674 -0.999342
vn 0.0134342 -8.39177e-05 -0.99991
vn 0.00841657 -0.0104689 -0.99991
vn 0.191223 0.103457 -0.976079
vn 0.0139956 0.045839 -0.998851
vn 0.00254803 -0.00638056 -0.999976
vn 0.0127493 0.0247928 -0.999611
vn 0.304632 -0.0869775 -0.948491
vn 0.999475 0.0270915 0.0177892
vn 0.974332 -0.0236873 0.223867
vn 0.997327 0.0100089 0.0723747
vn 0.997848 0.000579425 0.0655707
vn 0.953777 0.00533617 0.30047
vn 0.998724 0.00807104 0.0498614
vn 0.999906 0.00371565 0.0132165
vn -0.0940581 0.235107 0.967408
vn 0.321434 0.0681609 0.944476
vn -0.148068 0.0747248 0.98615
vn -0.130444 0.0302208 0.990995
vn -0.00296405 0.988887 0.148638
vn -0.0048221 0.999882 0.0145692
vn -0.0305171 0.999419 0.0152045
vn -0.0327546 0.999277 0.0192824
vn -0.0152698 0.99982 0.0112278
vn -0.00860217 0.9998 0.0180434
vn -0.00147972 0.999709 0.0240697
vn 0.0159727 0.999734 0.0166664
vn -0.0804006 0.99522 0.0554343
vn -0.0484709 0.0674426 0.996545
vn 0.114666 -0.195934 0.97389
vn -0.518193 0.00142795 0.855262
vn -0.888925 0.204872 -0.409684
vn 0.410939 0.82265 -0.392907
vn 0.660321 0.0544443 -0.749008
vn -0.998708 0.00693483 -0.0503419
vn -0.996823 0.0699601 -0.038085
vn -0.991636 -0.124093 -0.0354783
vn -0.276411 0.961014 0.00696741
vn -0.998692 0.0447294 -0.0247669
vn -0.992269 -0.102703 -0.0696701
vn -0.311132 -0.950336 -0.00761911
vn -0.98625 -0.0659312 -0.151541
vn 0.024606 -0.00866539 -0.99966
vn 0.0646122 0.00206398 -0.997908
vn 0.191422 -0.0675825 -0.979178
vn 0.0726729 -0.102699 -0.992054
vn 0.0250916 0.00224779 -0.999683
vn 0.0381389 0.00792861 -0.999241
vn 0.0286488 0.0096427 -0.999543
vn 0.0256331 0.0216624 -0.999437
vn 0.0288923 -0.00708481 -0.999557
vn 0.0275191 -0.00148615 -0.99962
vn 0.0297257 -0.012126 -0.999485
vn 0.0348243 0.00364477 -0.999387
vn 0.0414804 0.0062145 -0.99912
vn 0.0442639 0.0181704 -0.998855
vn -0.160561 0.969465 -0.185361
vn -0.160561 0.969465 -0.185361
vn 0.0956104 0.995366 -0.0103043
vn -0.86152 0.506581 -0.0340312
vn -0.039303 0.00207735 0.999225
vn -0.0522134 0.0021488 0.998634
vn -0.0248668 -0.0037846 0.999684
vn -0.024371 -0.00149576 0.999702
vn -0.0220091 -0.000635646 0.999758
vn -0.03982 -0.000944393 0.999206
vn -0.0202813 -0.00192251 0.999793
vn -0.0395267 0.00108486 0.999218
vn -0.136141 -0.00185676 0.990688
vn -0.342232 0.0521737 0.938166
vn 0.632135 0.754398 0.176885
vn 0.591084 0.780912 -0.201982
vn 0.00813157 0.0100149 0.999917
vn -0.0452774 0.00459707 0.998964
vn 0.654619 0.755483 0.0268234
vn 0.656173 0.754212 -0.0245178
vn 0.560504 0.82813 -0.00600581
vn 0.531134 0.84657 0.0348651
vn -0.178134 0.984003 -0.00271058
vn -0.981418 0.191199 -0.0161485
vn -0.999302 0.000840056 -0.0373586
vn 0.478458 0.87728 0.0381883
vn 0.594651 0.803096 0.0377692
vn -0.997379 -0.0420729 -0.058871
vn -0.399732 0.909916 -0.110759
vn 0.45319 0.887998 -0.0779586
vn -0.340002 0.0267036 -0.940045
vn -0.399732 0.909916 -0.110759
vn 0.660321 0.0544443 -0.749008
vn -0.236291 0.906253 -0.350531
vn -0.236291 0.906253 -0.350531
vn -0.340002 0.0267036 -0.940045
vn 0.990626 0.0959869 0.0971967
vn 0.964235 0.0147649 -0.264637
vn 0.943958 0.03418 -0.32829
vn 0.976812 0.00310759 -0.214077
vn 0.999583 0.0189219 0.0218088
vn 0.997132 -0.00997184 0.075026
vn 0.999766 0.00475172 0.0211253
vn 0.997488 0.0159063 0.0690336
vn 0.999983 -0.0058348 0.000303733
vn 0.998536 0.00689237 0.053659
vn 0.380304 0.0254774 0.92451
vn 0.990661 0.12837 0.0459489
vn -0.0839383 0.996427 -0.00933466
vn 0.0433528 0.998992 -0.0116281
vn 0.0173189 0.999845 0.00311547
vn 0.010527 0.999933 0.00490398
vn 0.108724 0.991921 -0.065354
vn 0.0773777 -0.0137846 -0.996907
vn 0.0415163 0.0227011 -0.99888
vn 0.0415163 0.0227011 -0.99888
vn 0.0310987 -0.00548309 -0.999501
vn 0.0171138 -0.000253277 -0.999854
vn 0.019182 0.00222842 -0.999814
vn 0.00505573 0.000116538 -0.999987
vn 0.350311 0.134384 -0.926943
vn -0.19427 0.0234641 -0.980667
vn -0.19427 0.0234641 -0.980667
vn 0.00700122 0.0568476 -0.998358
vn 0.0628193 -0.00629408 -0.998005
vn 0.0957206 -0.00499043 -0.995396
vn 0.544576 -0.0066049 -0.838685
vn 0.965886 0.0861965 0.2442
vn 0.99585 -0.0328402 0.0848798
vn 0.997374 -0.00914225 0.0718489
vn 0.935859 0.0579471 0.347578
vn 0.998227 0.00273596 0.059462
vn 0.999054 -0.00408783 0.0433038
vn 0.999876 0.0152386 0.00404645
vn -0.303951 -0.0418433 0.951768
vn 0.826046 0.40685 0.390027
vn -0.224127 0.628766 0.744594
vn -0.0295728 0.984225 0.174431
vn -0.0182781 0.999626 0.0203355
vn -0.0203248 0.999653 0.0167846
vn -0.0202259 0.999677 0.0153875
vn -0.029541 0.999547 0.00570158
vn -0.0182488 0.999742 0.013491
vn 0.00122262 0.999924 0.0122559
vn 0.00706497 0.999961 -0.0053201
vn 0.0167569 0.999811 0.00980771
vn -0.00859073 0.999761 -0.0201101
vn -0.257593 0.965701 0.0326645
vn -0.0653577 0.0829367 0.994409
vn -0.207471 -0.248277 0.946211
vn -0.137033 -0.227553 0.964076
vn -0.0591249 -0.323068 0.944527
vn -0.888925 0.204872 -0.409684
vn -0.888925 0.204872 -0.409684
vn 0.410939 0.82265 -0.392907
vn 0.410939 0.82265 -0.392907
vn -0.977415 -0.210825 -0.0145838
vn -0.998953 0.0149094 -0.0432411
vn -0.997138 0.0595397 -0.0465951
vn -0.286729 0.957896 0.0149097
vn -0.996425 0.0507767 -0.0675227
vn -0.990484 -0.100888 -0.0936143
vn -0.438426 -0.888189 -0.137488
vn -0.438426 -0.888189 -0.137488
vn 0.0473801 -0.0183687 -0.998708
vn 0.0691152 0.00543353 -0.997594
vn 0.0837803 -0.017979 -0.996322
vn 0.0124336 0.00472413 -0.999912
vn 0.0246275 0.0081598 -0.999663
vn 0.0360129 0.0160035 -0.999223
vn 0.0288731 0.00327117 -0.999578
vn 0.0608818 0.061037 -0.996277
vn 0.030813 0.0309462 -0.999046
vn 0.0276422 -0.0105847 -0.999562
vn 0.0264563 -0.00177323 -0.999648
vn 0.0304031 -0.0161423 -0.999407
vn 0.0448447 -0.0138235 -0.998898
vn 0.0438856 -0.00252844 -0.999033
vn -0.160561 0.969465 -0.185361
vn -0.160561 0.969465 -0.185361
vn -0.87074 0.49087 0.029311
vn -0.0820175 0.996631 0.000429585
vn -0.0447047 -0.0045499 0.99899
vn -0.0343665 0.00680896 0.999386
vn -0.0287943 0.00599277 0.999567
vn -0.0189501 -6.2937e-05 0.99982
vn -0.0476173 0.00555417 0.99885
vn -0.0335274 0.0115528 0.999371
vn -0.171921 0.00449383 0.9851
vn -0.0380778 0.00365137 0.999268
vn -0.984734 0.164851 -0.0558762
vn 0.760757 0.647461 0.0451965
vn 0.626029 0.751798 0.207092
vn 0.591084 0.780912 -0.201982
vn 0.591084 0.780912 -0.201982
vn -0.0459639 0.0838051 0.995422
vn -0.0331191 0.00531965 0.999437
vn 0.718078 0.69536 0.0289619
vn 0.597009 0.798793 0.0742305
vn 0.82971 0.557878 0.0188138
vn 0.531871 0.84667 0.0162143
vn 0.534545 0.845021 0.014193
vn -0.999635 -0.00655299 -0.0262011
vn -0.993791 -0.0863025 -0.0702281
vn 0.45848 0.888672 0.00758415
vn 0.5247 0.844781 -0.105046
vn 0.162802 0.424718 -0.890567
vn 0.537434 -0.249594 -0.805523
vn -0.00870708 -0.32742 -0.944839
vn -0.750714 -0.345776 -0.562909
vn 0.997065 -0.000229215 0.076565
vn 0.975359 0.0271801 -0.218942
vn 0.9348 0.00134472 -0.355171
vn 0.980834 0.0071726 -0.194712
vn 0.999608 0.000393359 0.0279902
vn 0.997632 -0.00427585 0.0686412
vn 0.999561 -0.0039732 0.0293666
vn 0.997716 0.00099088 0.0675358
vn 0.99945 -0.0182092 0.0277273
vn 0.986121 0.154553 0.060656
vn 0.250466 0.0721014 0.965437
vn 0.126696 0.991598 0.0260944
vn 0.0501582 0.998739 -0.00236995
vn 0.0489176 0.998297 0.0317739
vn 0.00300001 0.999989 -0.0037138
vn 0.0519731 0.998639 0.00444889
vn 0.0383012 0.992904 -0.112579
vn 0.0415163 0.0227011 -0.99888
vn 0.0325452 -0.0131208 -0.999384
vn 0.0152221 -0.000510373 -0.999884
vn 0.0240921 0.00202734 -0.999708
vn -0.00136543 -0.00163915 -0.999998
vn 0.284812 -0.1577 -0.945522
vn -0.19427 0.0234641 -0.980667
vn -0.19427 0.0234641 -0.980667
vn 0.130584 0.0935672 -0.987012
vn -0.0252362 0.00976964 -0.999634
vn 0.518393 -0.0293482 -0.854639
vn 0.537344 0.0015304 -0.843362
vn 0.544576 -0.0066049 -0.838685
vn 0.544576 -0.0066049 -0.838685
vn 0.963161 -0.0024147 0.268913
vn 0.992903 -0.00504248 0.118817
vn 0.998208 -0.00380342 0.0597129
vn 0.91157 0.0599238 0.406755
vn 0.998566 -0.0142502 0.051608
vn 0.999243 0.00925871 0.0377877
vn 0.979527 0.200678 0.0159511
vn 0.90481 0.10521 0.412613
vn 0.826046 0.40685 0.390027
vn 0.826046 0.40685 0.390027
vn -0.408256 -0.122211 0.90465
vn 0.0022888 0.982885 0.184208
vn -0.0169985 0.999799 0.0106706
vn -0.00425025 0.999909 0.0127723
vn -0.0252808 0.99964 0.00902474
vn -0.0140542 0.999899 0.0023355
vn -0.020201 0.999726 0.0118196
vn -0.0186949 0.9998 0.00712802
vn -0.00340721 0.999985 0.0043156
vn 0.0031572 0.999491 0.0317542
vn 0.00111814 0.999974 0.00710623
vn -0.407918 0.869334 -0.279038
vn -0.00426655 0.999302 0.0371161
vn 0.13399 0.986151 0.0977392
vn -0.0182731 0.0804678 0.99659
vn 0.150935 -0.518853 0.841433
vn -0.636176 -0.768297 0.0707067
vn -0.874448 -0.481986 0.0550549
vn 0.194465 0.831417 0.520509
vn -0.636176 -0.768297 0.0707067
vn -0.888925 0.204872 -0.409684
vn 0.0122264 -0.0127768 -0.999844
vn -0.888925 0.204872 -0.409684
vn -0.778596 0.0306713 0.626775
vn -0.915408 -0.401938 0.0217612
vn -0.998332 0.0281378 -0.0504118
vn -0.997664 0.0477513 -0.048855
vn -0.297311 0.954551 0.0209693
vn -0.996357 0.0385423 -0.0760689
vn -0.93603 -0.0853786 -0.341406
vn -0.438426 -0.888189 -0.137488
vn -0.438426 -0.888189 -0.137488
vn 0.0591338 0.00669141 -0.998228
vn -0.224511 -0.100632 -0.969262
vn 0.0724158 0.0108545 -0.997315
vn 0.049566 0.00948388 -0.998726
vn 0.00803498 0.0105988 -0.999912
vn 0.0280755 0.0144961 -0.999501
vn 0.0292286 0.00360736 -0.999566
vn 0.0309568 0.0110388 -0.99946
vn 0.0795751 -0.0439636 -0.995859
vn -0.0380089 0.0475393 -0.998146
vn 0.0323999 0.0112231 -0.999412
vn 0.0286464 0.0367525 -0.998914
vn 0.0260902 -0.0104188 -0.999605
vn 0.0282127 -0.00349102 -0.999596
vn 0.0319785 -0.0158379 -0.999363
vn 0.0376004 -0.0299463 -0.998844
vn 0.032073 0.0129815 -0.999401
vn 0.523245 0.602869 -0.602298
vn -0.848455 0.527971 -0.0370233
vn -0.134028 0.990954 -0.00684542
vn 0.0456032 0.998916 0.00934224
vn -0.0523142 0.000577928 0.998631
vn -0.0305529 0.0141042 0.999434
vn -0.0179224 0.00707536 0.999814
vn -0.0380778 0.00365137 0.999268
vn -0.0530369 0.00641854 0.998572
vn -0.0408731 0.00932551 0.999121
vn -0.117118 -0.0291366 0.992691
vn -0.998278 0.000445937 -0.0586629
vn -0.0380778 0.00365137 0.999268
vn 0.487181 0.854807 -0.178773
vn 0.4141 0.908317 -0.0590046
vn 0.495821 0.864403 -0.0834778
vn 0.516623 0.794564 0.319012
vn 0.591084 0.780912 -0.201982
vn 0.591084 0.780912 -0.201982
vn 0.00439301 0.112069 0.993691
vn -0.0478095 0.00141702 0.998855
vn 0.743622 0.665309 0.0662522
vn 0.499961 0.862644 -0.0767124
vn 0.499961 0.862644 -0.0767124
vn 0.850067 0.525949 -0.0276559
vn 0.850067 0.525949 -0.0276559
vn 0.318203 0.946123 -0.0599846
vn 0.526908 0.849411 0.0294727
vn 0.552653 0.833407 -0.00279288
vn -0.990731 -0.130824 -0.0365733
vn 0.544983 0.831035 -0.111236
vn 0.543184 -0.0703287 -0.836663
vn 0.393055 -0.0252622 -0.919168
vn 0.297002 -0.459389 -0.837109
vn 0.532319 -0.0688901 -0.843736
vn -0.750714 -0.345776 -0.562909
vn -0.750714 -0.345776 -0.562909
vn -0.750714 -0.345776 -0.562909
vn 0.998174 0.0119931 0.0592057
vn 0.981551 0.00698403 -0.191075
vn 0.93153 -0.00426703 -0.36364
vn 0.98367 -0.00575164 -0.179889
vn 0.999503 -0.00871321 0.0302917
vn 0.99712 -0.0134422 0.0746338
vn 0.998998 0.0092553 0.0437827
vn 0.998846 -0.027661 0.0392514
vn 0.986348 0.158437 0.044897
vn 0.124601 0.991723 0.0309781
vn 0.00303169 0.999699 0.0243584
vn 0.079236 0.996828 -0.00746259
vn -0.0159504 0.998501 0.05236
vn 0.0532379 0.998577 -0.00316355
vn 0.0432662 0.999055 0.00406594
vn -0.0186754 0.996067 -0.0866076
vn 0.0450529 0.00919809 -0.998942
vn 0.0361045 0.0096926 -0.999301
vn -0.000770145 0.00736007 -0.999973
vn 0.0834755 -0.0132671 -0.996422
vn 0.839713 0.0362062 -0.541822
vn -0.19427 0.0234641 -0.980667
vn 0.278193 0.0973784 -0.955576
vn 0.55807 0.0111407 -0.829719
vn -0.236512 0.11052 -0.965322
vn 0.987611 -0.0390937 0.151972
vn 0.958288 0.0138466 0.285467
vn 0.941295 -0.0518371 0.333582
vn 0.99786 -0.0134252 0.0639889
vn 0.999348 -0.00214386 0.0360374
vn 0.973367 0.22677 0.0336515
vn 0.0425905 0.999034 0.0107979
vn -0.477998 -0.211443 0.852531
vn -0.0195141 0.979729 0.199374
vn 0.00336904 0.999966 0.00752315
vn -0.00961816 0.999951 0.00222517
vn 0.00616052 0.999934 0.00969561
vn -0.022811 0.99974 0.000764474
vn -0.0175697 0.999803 0.00923321
vn -0.0188052 0.999788 0.00833194
vn -0.0147926 0.999845 0.00953112
vn -0.00110142 0.999815 0.0192262
vn -0.00384036 0.999956 0.00858907
vn -0.0331299 0.999032 0.0289369
vn -0.455324 0.835861 0.306621
vn 0.268333 0.95176 -0.14883
vn 0.0182951 0.992766 0.118662
vn -0.874448 -0.481986 0.0550549
vn 0.268333 0.95176 -0.14883
vn -0.0996806 0.0613724 0.993125
vn -0.403594 -0.362954 0.839867
vn -0.636176 -0.768297 0.0707067
vn -0.874448 -0.481986 0.0550549
vn 0.194465 0.831417 0.520509
vn 0.194465 0.831417 0.520509
vn -0.636176 -0.768297 0.0707067
vn -0.363486 0.212096 0.907135
vn -0.801913 -0.342605 0.489446
vn -0.64898 -0.75999 -0.0352201
vn -0.812686 -0.57986 -0.0574789
vn -0.998544 0.03437 -0.0415804
vn -0.99831 0.0323301 -0.0482923
vn -0.313104 0.949487 0.0209958
vn -0.9539 -0.00209579 -0.300116
vn -0.123745 -0.0197682 -0.992117
vn -0.438426 -0.888189 -0.137488
vn 0.0171211 0.0410928 -0.999009
vn 0.0783553 0.00737449 -0.996898
vn 0.051401 0.00799831 -0.998646
vn 0.00637231 0.0107143 -0.999922
vn 0.0325636 0.00761539 -0.999441
vn 0.0314372 0.00624834 -0.999486
vn 0.0282009 0.00971209 -0.999555
vn 0.0484038 0.0361096 -0.998175
vn 0.00989408 -0.0138961 -0.999855
vn 0.0383146 -0.00390452 -0.999258
vn 0.0323999 0.0112231 -0.999412
vn 0.0323999 0.0112231 -0.999412
vn 0.0303046 0.0126943 -0.99946
vn 0.0223299 0.0338423 -0.999178
vn 0.0267098 -0.0105092 -0.999588
vn 0.0333422 -0.00479449 -0.999433
vn 0.0348328 -0.015429 -0.999274
vn 0.0454737 -0.0407758 -0.998133
vn 0.0423625 0.0632284 -0.9971
vn 0.523245 0.602869 -0.602298
vn 0.523245 0.602869 -0.602298
vn 0.0683078 0.45139 0.889708
vn 0.0809335 0.996693 -0.0073177
vn 0.0433141 0.998744 -0.0251989
vn -0.0355515 0.000175092 0.999368
vn -0.039651 0.00775086 0.999184
vn -0.0203043 0.0159343 0.999667
vn -0.0384404 0.0155182 0.99914
vn -0.0380778 0.00365137 0.999268
vn -0.0493014 0.0133869 0.998694
vn -0.0391801 0.00638833 0.999212
vn -0.0696656 -0.00680322 0.997547
vn -0.97173 -0.210955 -0.106013
vn -0.0380778 0.00365137 0.999268
vn 0.77081 0.611519 -0.178596
vn 0.495821 0.864403 -0.0834778
vn 0.495821 0.864403 -0.0834778
vn 0.751421 0.654718 0.0819152
vn 0.252616 0.953818 0.162534
vn 0.00703574 0.116572 0.993157
vn -0.0501799 -0.00809559 0.998707
vn 0.00703574 0.116572 0.993157
vn 0.688531 0.724844 -0.0229207
vn 0.374833 0.924296 -0.0719456
vn 0.499961 0.862644 -0.0767124
vn 0.499961 0.862644 -0.0767124
vn 0.850067 0.525949 -0.0276559
vn 0.850067 0.525949 -0.0276559
vn 0.285777 0.951474 -0.114146
vn 0.708539 0.704872 -0.0335708
vn 0.469611 0.875247 -0.115795
vn -0.206307 -0.84275 -0.497202
vn 0.568011 0.252604 -0.783298
vn -0.750714 -0.345776 -0.562909
vn 0.99889 0.00329874 0.0469987
vn 0.979862 0.010102 -0.199421
vn 0.930009 -0.00882498 -0.367432
vn 0.982606 0.00660633 -0.185587
vn 0.999752 -0.00442996 0.0218413
vn 0.99671 -0.0060492 0.0808202
vn 0.998309 -0.0178088 0.0553359
vn 0.986021 0.164586 0.0259564
vn 0.0978083 0.995184 0.006448
vn -0.0194692 0.999763 0.00970005
vn -0.00581967 0.999977 0.00359767
vn -0.0304016 0.998945 -0.0344282
vn 0.0339301 0.999053 0.0272373
vn 0.0472837 0.998881 0.000526771
vn 0.000187257 0.999989 0.00472412
vn -0.00493245 0.998055 -0.0621454
vn 0.0522975 0.0465337 -0.997547
vn 0.00609902 0.019346 -0.999794
vn 0.0770454 0.0318221 -0.99652
vn 0.84441 0.0439248 -0.533894
vn 0.839713 0.0362062 -0.541822
vn 0.839713 0.0362062 -0.541822
vn 0.287018 0.00413249 -0.957916
vn 0.603199 0.0196521 -0.797349
vn 0.992566 0.070077 0.0995069
vn -0.480882 0.0318156 -0.876208
vn 0.953482 -0.00521481 0.301404
vn 0.96255 -0.0477474 0.266867
vn 0.997684 -0.0167136 0.0659303
vn 0.973101 0.228572 0.0288052
vn 0.0616216 0.998055 0.00947109
vn -0.00460153 0.999972 -0.00596124
vn 0.0146514 0.970937 0.238885
vn -0.00795088 0.999968 0.00053569
vn 0.000499464 0.999996 0.00274127
vn -0.00999335 0.999905 0.00947995
vn -0.000951576 0.999976 0.00680209
vn -0.0143053 0.999884 0.00517953
vn -0.0112158 0.999929 0.00391962
vn -0.0131267 0.999913 -0.000970546
vn -0.00863269 0.999956 0.00361946
vn 0.0123273 0.999759 0.0181716
vn -0.00167535 0.998487 0.0549597
vn -0.0457766 0.994464 0.0945781
vn -0.156302 0.917739 0.365137
vn -0.585986 0.116919 -0.801842
vn 0.268333 0.95176 -0.14883
vn 0.00834245 0.999672 0.024215
vn -0.874448 -0.481986 0.0550549
vn -0.0644375 0.0567947 0.996304
vn -0.636176 -0.768297 0.0707067
vn -0.874448 -0.481986 0.0550549
vn 0.202657 0.979041 -0.0202424
vn -0.882568 0.357906 -0.304922
vn -0.906177 0.422017 0.0273041
vn 0.393991 -0.0243397 -0.918792
vn -0.519896 -0.849863 0.0862575
vn -0.493797 0.417928 -0.762562
vn -0.493797 0.417928 -0.762562
vn -0.733754 -0.67747 -0.0513759
vn -0.998672 0.0345344 -0.0382376
vn -0.998086 0.0122087 -0.0606282
vn -0.315169 0.948725 -0.0242812
vn -0.0983565 0.0477647 -0.994004
vn -0.0133004 0.00410746 -0.999903
vn 0.0824422 0.00431021 -0.996587
vn 0.0577946 0.0071619 -0.998303
vn 0.00506262 0.00946269 -0.999942
vn 0.0278532 0.00462403 -0.999601
vn 0.0386566 0.0101276 -0.999201
vn 0.0431926 0.0356621 -0.99843
vn 0.0488118 0.0567162 -0.997196
vn 0.0634919 0.0337673 -0.997411
vn 0.0608706 0.140521 -0.988205
vn 0.0285004 0.00739129 -0.999566
vn 0.0208115 0.014442 -0.999679
vn 0.0233289 0.0273684 -0.999353
vn 0.0353637 -0.00858511 -0.999338
vn 0.0363573 -0.00243092 -0.999336
vn 0.0327606 -0.0202705 -0.999258
vn 0.0574489 0.0788336 -0.995231
vn 0.0431926 0.0356621 -0.99843
vn 0.105892 0.956643 -0.271332
vn 0.523245 0.602869 -0.602298
vn 0.523245 0.602869 -0.602298
vn -0.967762 0.232835 -0.0960445
vn -0.0131851 0.999418 -0.0314643
vn -0.0355515 0.000175092 0.999368
vn -0.0355515 0.000175092 0.999368
vn -0.0513619 0.00464648 0.998669
vn -0.0312409 0.0225637 0.999257
vn -0.0411528 0.0262415 0.998808
vn -0.0393042 0.0195384 0.999036
vn -0.0348323 0.0242797 0.999098
vn -0.028496 -0.00343154 0.999588
vn -0.0552947 0.00715923 0.998444
vn -0.291306 0.0499707 0.955324
vn 0.270752 0.944099 -0.188072
vn 0.115519 0.992383 0.0427988
vn 0.5171 0.839126 0.168745
vn 0.00703574 0.116572 0.993157
vn -0.0425115 0.13601 0.989795
vn 0.00703574 0.116572 0.993157
vn 0.440237 0.673059 -0.594292
vn 0.395282 0.910975 -0.117802
vn 0.374833 0.924296 -0.0719456
vn 0.374833 0.924296 -0.0719456
vn 0.499961 0.862644 -0.0767124
vn 0.850067 0.525949 -0.0276559
vn 0.352155 0.93351 -0.0674218
vn 0.647193 0.759183 -0.0691606
vn 0.42322 0.905822 0.0192587
vn -0.206307 -0.84275 -0.497202
vn -0.206307 -0.84275 -0.497202
vn -0.313527 0.258626 -0.913681
vn -0.268766 -0.86004 -0.4337
vn 0.99821 0.00690537 0.0594137
vn 0.976133 0.00128878 -0.217172
vn 0.932359 0.0101075 -0.361392
vn 0.98096 0.00590665 -0.19412
vn 0.999908 -0.00694021 0.011656
vn 0.997268 -0.00862025 0.0733587
vn 0.982841 0.179055 0.0443103
vn 0.0911281 0.995839 -0.000962963
vn -0.0210246 0.999779 0.000251853
vn -0.00757239 0.99994 0.00786214
vn -0.000449212 0.999997 0.00232296
vn 0.0391417 0.999052 -0.0190364
vn 0.0446364 0.998995 0.00414032
vn 0.00441888 0.99999 -0.000226398
vn -0.00857149 0.99995 0.00517622
vn -0.00504765 0.998154 -0.0605169
vn 0.0195083 0.0636938 -0.997779
vn 0.0450641 -0.0194332 -0.998795
vn 0.812178 0.0780343 -0.578168
vn 0.160368 -0.0111042 -0.986995
vn 0.263288 0.133667 -0.955412
vn 0.292411 0.0813317 -0.952828
vn 0.999669 0.0207463 -0.0151961
vn 0.559127 0.0527942 -0.827399
vn 0.950129 -0.0114801 0.311645
vn -0.523273 -0.0304766 -0.85162
vn 0.977303 0.0695391 0.200106
vn 0.969029 0.236021 0.0726387
vn 0.977303 0.0695391 0.200106
vn 0.0653479 0.99768 0.019074
vn -0.00988535 0.999907 0.0093496
vn -0.00347726 0.999991 -0.00225484
vn 0.0916985 0.956097 0.278333
vn -0.00497615 0.999988 0.000467685
vn -0.00514398 0.999947 0.00886504
vn -0.00399283 0.999904 0.0133029
vn -0.00556531 0.999943 0.00910544
vn -0.00744043 0.999971 -0.0018774
vn -0.00830372 0.99996 -0.00348553
vn -0.0044866 0.999962 -0.007425
vn -0.00819607 0.999962 0.00308023
vn -0.00535831 0.999886 0.0141043
vn 0.0253214 0.99924 0.0296509
vn 0.0350929 0.998162 0.049415
vn 0.00295497 0.999911 0.0130367
vn -0.967762 0.232835 -0.0960445
vn -0.585986 0.116919 -0.801842
vn -0.585986 0.116919 -0.801842
vn -0.159408 0.011951 0.987141
vn 0.977303 0.0695391 0.200106
vn -0.11768 0.961092 -0.249908
vn -0.834346 0.334937 -0.437816
vn 0.374588 -0.485584 -0.789869
vn -0.493797 0.417928 -0.762562
vn 0.00831533 0.923324 -0.383931
vn -0.329646 0.0328989 -0.943531
vn -0.366159 -0.929473 -0.0448185
vn 0.0138698 0.9999 -0.00289222
vn -0.493797 0.417928 -0.762562
vn -0.998782 0.0287658 -0.0400955
vn -0.996401 0.00965329 -0.0842078
vn -0.00524593 -0.00343681 -0.99998
vn 0.0820769 0.00422093 -0.996617
vn 0.0661279 0.00303805 -0.997807
vn 0.000193441 0.0134426 -0.99991
vn 0.030883 0.00298263 -0.999519
vn 0.0431926 0.0356621 -0.99843
vn 0.0676309 0.124257 -0.989943
vn 0.0441996 0.0475118 -0.997892
vn 0.0922736 -0.0264724 -0.995382
vn -0.0384736 0.0980739 -0.994435
vn 0.0252166 0.0188197 -0.999505
vn 0.0202426 0.0150878 -0.999681
vn 0.0366202 0.0239858 -0.999041
vn 0.0376849 -0.00756002 -0.999261
vn 0.0331269 0.00409113 -0.999443
vn 0.0890935 -0.0833346 -0.992531
vn 0.0628568 0.0700507 -0.995561
vn -0.0345535 0.995052 -0.0931544
vn 0.0431926 0.0356621 -0.99843
vn 0.105892 0.956643 -0.271332
vn 0.105892 0.956643 -0.271332
vn -0.967762 0.232835 -0.0960445
vn 0.0580506 0.998309 0.00310838
vn -0.038205 0.180591 0.982816
vn -0.0400783 0.00148799 0.999196
vn -0.0469744 0.0391632 0.998128
vn -0.0412601 0.0294297 0.998715
vn -0.0305755 0.0377745 0.998818
vn -0.00998059 0.00903022 0.999909
vn -0.0969986 0.0290564 0.99486
vn -0.356407 0.0486622 0.933063
vn -0.910649 0.20998 0.355848
vn 0.591241 0.806493 0.00181749
vn 0.631598 0.772058 0.0707854
vn 0.113255 0.985496 0.12638
vn 0.00703574 0.116572 0.993157
vn 0.0455008 0.998947 -0.00592918
vn 0.0251108 -0.156583 -0.987346
vn 0.708796 0.696782 0.110012
vn 0.374833 0.924296 -0.0719456
vn 0.374833 0.924296 -0.0719456
vn 0.86672 0.498503 0.0170544
vn 0.86672 0.498503 0.0170544
vn 0.86672 0.498503 0.0170544
vn 0.567628 0.799259 -0.197442
vn 0.617009 0.722281 0.312425
vn 0.590868 0.795762 -0.132806
vn 0.148365 0.988911 -0.00649821
vn -0.206307 -0.84275 -0.497202
vn -0.206307 -0.84275 -0.497202
vn 0.996379 -0.00913496 0.0845324
vn 0.97408 0.00290082 -0.226185
vn 0.937353 0.000560721 -0.348381
vn 0.981176 0.00171277 -0.193107
vn 0.999915 0.00546472 0.0118085
vn 0.974534 0.221206 0.0367648
vn 0.0808085 0.996636 -0.0136605
vn -0.0156784 0.999877 -0.000111706
vn -0.0076954 0.99997 0.000734375
vn -0.00287193 0.99998 0.00570373
vn -0.00350684 0.999992 0.0016805
vn 0.0396028 0.999214 0.00170876
vn 0.00730496 0.999972 -0.00188118
vn -0.00454801 0.999973 0.00573659
vn -0.00733173 0.999954 0.00617822
vn -0.0180947 0.998704 -0.0475799
vn 0.0182171 0.092396 -0.995556
vn 0.497959 -0.491575 -0.714416
vn 0.150065 0.0127165 -0.988594
vn 0.10848 -0.0119613 -0.994027
vn 0.0859478 0.00100528 -0.996299
vn 0.358475 0.119408 -0.925871
vn 0.199901 -0.20242 -0.958679
vn 0.952134 -0.0144073 0.30534
vn 0.99864 0.0150243 -0.0499177
vn 0.487132 0.052978 -0.87172
vn 0.0922511 0.995153 0.0340493
vn 0.977303 0.0695391 0.200106
vn -0.012602 0.99985 0.0118772
vn -0.00777487 0.999888 0.0128171
vn -0.00301124 0.999995 0.000925416
vn 0.977303 0.0695391 0.200106
vn -0.000171674 0.999998 -0.00218043
vn -0.00424174 0.99998 -0.00465179
vn -0.00833175 0.999947 -0.00613075
vn -0.00496337 0.999976 0.00486346
vn -0.00759415 0.999925 0.00963669
vn -0.00225566 0.999925 0.0120801
vn 0.0346987 0.998902 0.0314788
vn 0.0575728 0.998305 0.00848017
vn 0.847713 0.0449079 0.52855
vn -0.585986 0.116919 -0.801842
vn -0.585986 0.116919 -0.801842
vn 0.105892 0.956643 -0.271332
vn -0.652132 0.185233 0.735128
vn -0.267023 0.421097 -0.866819
vn -0.0141642 -0.999 0.0424134
vn -0.377795 -0.640566 -0.66854
vn -0.493797 0.417928 -0.762562
vn 0.00831533 0.923324 -0.383931
vn 0.00831533 0.923324 -0.383931
vn -0.377795 -0.640566 -0.66854
vn -0.0406881 0.992277 0.117183
vn -0.934479 0.29532 0.198836
vn -0.796486 0.593066 0.117822
vn -0.995751 0.0179077 -0.0903317
vn 0.0596298 -0.0500162 -0.996967
vn 0.0805778 -0.00169616 -0.996747
vn 0.0756269 0.0106949 -0.997079
vn -0.0104748 0.00434925 -0.999936
vn 0.0449006 0.0108007 -0.998933
vn 0.0431926 0.0356621 -0.99843
vn -0.145804 0.982849 -0.112915
vn -0.00573547 0.112839 -0.993597
vn 0.0377412 0.0568751 -0.997668
vn -0.013208 -0.0308467 -0.999437
vn 0.0199868 0.0384327 -0.999061
vn 0.0289947 0.0192299 -0.999395
vn 0.0353631 0.0142607 -0.999273
vn 0.0339869 0.0206337 -0.999209
vn 0.040003 -0.00587779 -0.999182
vn 0.0309652 0.0108082 -0.999462
vn 0.011156 0.995592 -0.0931191
vn 0.0574424 0.0635903 -0.996322
vn -0.06398 0.997175 -0.0393488
vn 0.105892 0.956643 -0.271332
vn 0.0356651 0.999359 -0.00315578
vn 0.0363311 0.998354 -0.04437
vn 0.0476383 0.210557 0.97642
vn 0.0476383 0.210557 0.97642
vn -0.0691832 0.0127575 0.997522
vn -0.037348 0.0395286 0.99852
vn -0.0314515 0.0208159 0.999288
vn -0.00725633 0.0455357 0.998936
vn -0.118214 -0.00678145 0.992965
vn -0.363766 0.0735878 0.928579
vn -0.363766 0.0735878 0.928579
vn -0.899439 0.354854 0.255123
vn -0.976022 0.217647 -0.00316415
vn 0.607799 0.793949 0.0150354
vn 0.0114562 0.999919 -0.00548607
vn 0.0181812 0.999696 -0.0166805
vn 0.0396191 0.999052 -0.0180353
vn 0.122572 0.0906325 -0.988313
vn 0.547335 0.82274 -0.153374
vn 0.813638 0.554737 -0.173956
vn 0.613881 0.78516 -0.0816908
vn 0.86672 0.498503 0.0170544
vn 0.86672 0.498503 0.0170544
vn 0.547335 0.82274 -0.153374
vn 0.726323 0.655049 -0.208245
vn -0.193132 0.97982 -0.0515008
vn 0.609612 0.790584 -0.0578848
vn 0.168291 0.947305 -0.272566
vn 0.148365 0.988911 -0.00649821
vn 0.148365 0.988911 -0.00649821
vn 0.995031 0.0011274 0.0995575
vn 0.973074 -0.00478113 -0.230442
vn 0.93943 0.00552056 -0.342696
vn 0.978833 0.0217634 -0.203499
vn 0.967771 0.251352 0.0155572
vn 0.0754221 0.997136 -0.00567736
vn -0.00757336 0.999803 -0.0183487
vn -0.00810273 0.999958 0.0042698
vn -0.00616109 0.999981 -0.000337449
vn -0.00867347 0.999962 -0.000992352
vn 0.0127757 0.999915 0.00268117
vn 0.00657824 0.999964 0.00529347
vn -0.00533313 0.999923 0.0112353
vn -0.00569471 0.999938 0.00955489
vn -0.00391758 0.999571 -0.0290304
vn 0.0845347 0.0585453 -0.994699
vn 0.0989926 -0.00688972 -0.995064
vn 0.0735158 0.0266854 -0.996937
vn 0.287045 -0.0989085 -0.952797
vn 0.0625821 0.00105879 -0.998039
vn 0.956143 0.00192668 0.292893
vn 0.99793 0.00660307 -0.0639727
vn 0.409372 0.036636 -0.911632
vn -0.00278255 0.999986 -0.00452034
vn -0.00347362 0.99998 -0.00526136
vn -0.0062589 0.99998 0.00096655
vn -0.00427798 0.999969 0.00658191
vn -0.000933565 0.999976 0.00682391
vn 0.0134777 0.999743 0.0182107
vn 0.032656 0.999432 0.0082871
vn 0.662853 0.250696 0.705533
vn -0.576732 -0.77939 -0.24481
vn -0.652132 0.185233 0.735128
vn -0.652132 0.185233 0.735128
vn -0.0141642 -0.999 0.0424134
vn -0.0141642 -0.999 0.0424134
vn -0.377795 -0.640566 -0.66854
vn 0.0196907 0.0636955 -0.997775
vn 0.00831533 0.923324 -0.383931
vn 0.00831533 0.923324 -0.383931
vn -0.377795 -0.640566 -0.66854
vn -0.995039 0.00619185 0.099296
vn -0.0215138 0.98315 0.181532
vn -0.362169 0.784117 0.503978
vn -0.856971 0.462849 -0.226654
vn -0.796486 0.593066 0.117822
vn -0.796486 0.593066 0.117822
vn -0.0939138 -0.126055 -0.987568
vn 0.107478 0.0121867 -0.994133
vn 0.0861377 0.000295216 -0.996283
vn 0.0773854 0.00947091 -0.996956
vn -0.00352939 -0.00406818 -0.999986
vn -0.245106 0.93954 -0.23914
vn -0.708873 0.683016 -0.176037
vn -0.048609 0.280527 -0.958615
vn 0.0396697 0.0662671 -0.997013
vn 0.0335594 0.0576877 -0.99777
vn 0.0574708 0.11488 -0.991716
vn 0.0122336 0.0176769 -0.999769
vn 0.0319391 0.0137965 -0.999395
vn 0.0318094 0.0139182 -0.999397
vn 0.0363086 0.0116947 -0.999272
vn 0.0341827 -0.00250685 -0.999413
vn 0.0409723 0.00630845 -0.99914
vn 0.0522171 0.995029 -0.0847993
vn 0.0034745 0.999989 -0.00302365
vn 0.0281046 0.043434 -0.998661
vn -0.106247 0.985064 0.135502
vn 0.0266075 0.999643 0.002333
vn 0.0149854 0.999842 -0.00954801
vn -0.120898 0.989938 0.073531
vn 0.0476383 0.210557 0.97642
vn 0.0661393 0.986874 0.147327
vn -0.0379064 0.0221187 0.999036
vn 0.0292033 0.998288 0.0506848
vn -0.0189839 0.0197822 0.999624
vn -0.0781384 0.0329392 0.996398
vn -0.994766 0.097147 -0.0316677
vn -0.363766 0.0735878 0.928579
vn -0.452996 0.8912 0.0235899
vn -0.883421 0.468505 -0.00836254
vn -0.974086 0.226176 -0.000410304
vn 0.740332 0.663415 -0.108578
vn 0.0261552 0.999655 0.00227984
vn 0.0478827 0.998848 0.00312958
vn 0.354446 0.400762 -0.844842
vn 0.547335 0.82274 -0.153374
vn 0.796636 0.596867 0.0955049
vn 0.547335 0.82274 -0.153374
vn 0.624691 0.702419 -0.34113
vn 0.637153 0.757383 0.142854
vn 0.227332 0.973817 0.00122709
vn 0.995498 0.0019363 0.0947673
vn 0.972302 0.00538856 -0.233667
vn 0.940943 0.0327741 -0.336975
vn 0.955139 0.233877 -0.181688
vn 0.05713 0.998265 0.0142545
vn -0.00299345 0.999994 -0.00199449
vn -0.00662254 0.999888 -0.0134578
vn -0.00806256 0.999962 0.0032464
vn -0.0107178 0.999942 0.00114943
vn 0.00941341 0.999949 0.00374457
vn -0.00529806 0.999937 0.00984932
vn -0.00298699 0.999904 0.0135648
vn -0.000218322 0.999899 0.0141852
vn 0.00344465 0.999836 -0.0177642
vn 0.0979138 -0.0136804 -0.995101
vn 0.0983025 0.0754691 -0.992291
vn 0.005181 0.999873 -0.0150541
vn 0.95659 0.00651294 0.291365
vn 0.99686 0.0132685 -0.0780599
vn 0.375559 0.144937 -0.915395
vn -0.00757457 0.99997 -0.00158027
vn -0.00394723 0.999991 -0.00159095
vn -0.00242982 0.99998 0.00589427
vn -0.00419166 0.999986 0.00329089
vn 0.000757066 0.999989 0.00460701
vn 0.0319333 0.999476 0.00521514
vn 0.455033 0.351949 0.817971
vn -0.90732 0.221096 0.357612
vn -0.576732 -0.77939 -0.24481
vn -0.576732 -0.77939 -0.24481
vn -0.652132 0.185233 0.735128
vn -0.652132 0.185233 0.735128
vn -0.377795 -0.640566 -0.66854
vn -0.690018 0.691773 -0.212897
vn 0.603067 0.132897 -0.786543
vn -0.954809 0.106609 0.277441
vn -0.0215138 0.98315 0.181532
vn -0.0215138 0.98315 0.181532
vn -0.511917 -0.273912 0.814195
vn -0.0939138 -0.126055 -0.987568
vn -0.0939138 -0.126055 -0.987568
vn -0.106954 0.0548635 -0.992749
vn 0.0604223 0.0303604 -0.997711
vn 0.0930142 0.0108197 -0.995606
vn 0.0636128 -0.00813863 -0.997941
vn -0.430651 0.89447 0.12026
vn -0.666413 0.653495 -0.358941
vn -0.048609 0.280527 -0.958615
vn -0.048609 0.280527 -0.958615
vn -0.0866399 0.0998201 -0.991226
vn 0.0207229 0.0510349 -0.998482
vn 0.0919578 0.0317364 -0.995257
vn -0.063725 0.0766714 -0.995018
vn 0.0390653 0.0165708 -0.999099
vn 0.0208326 0.0107119 -0.999726
vn 0.0265242 0.0109928 -0.999588
vn 0.0322747 0.00258714 -0.999476
vn 0.0346985 -0.000810062 -0.999398
vn 0.0249497 0.0123331 -0.999613
vn 0.0194069 0.999579 0.0215896
vn 0.0443088 0.995248 -0.0867055
vn -0.0290311 0.986799 0.159329
vn 0.0627572 0.0178259 -0.99787
vn 0.000793721 0.999992 0.00388934
vn 0.00919322 0.999914 -0.009366
vn 0.0116123 0.99993 -0.00230092
vn 0.0127908 0.999754 -0.0181412
vn 0.0447257 0.996058 0.0766037
vn 0.027515 0.999148 -0.0307707
vn 0.0235236 0.999224 0.0315878
vn -0.0852395 0.0599271 0.994557
vn -0.99776 0.0648999 -0.016246
vn -0.993852 0.104765 -0.0358151
vn -0.366311 0.930155 -0.0250637
vn -0.872329 0.488346 -0.0236661
vn -0.972606 0.229496 -0.0370039
vn 0.811948 0.577591 0.0844316
vn 0.0662249 0.996638 -0.0482439
vn 0.0426709 0.999067 0.00658922
vn -0.583476 0.0231339 -0.811801
vn -0.776906 0.190228 -0.600192
vn 0.547335 0.82274 -0.153374
vn 0.213256 0.961496 0.17334
vn 0.809159 0.53955 -0.232698
vn 0.130873 0.986877 -0.094585
vn 0.996386 0.0126122 0.0839958
vn 0.984685 -0.0509392 -0.166733
vn 0.946582 0.156588 -0.281892
vn 0.0239245 0.999659 0.0104921
vn -0.00230612 0.999993 -0.00309707
vn -0.00402465 0.999992 -0.000847801
vn -0.00751551 0.999918 -0.0103767
vn -0.0104807 0.999945 7.72813e-05
vn -0.00433655 0.999991 0.000142168
vn -0.00270469 0.999966 0.00783404
vn 0.00111553 0.9999 0.0141003
vn 0.00531239 0.99989 0.0138173
vn 0.0627123 0.996283 -0.059055
vn -0.00061621 0.99994 0.0109018
vn 0.953587 0.00830214 0.301004
vn 0.988156 0.0994205 -0.116894
vn 0.155581 0.963569 -0.217556
vn -0.0119965 0.999927 -0.00111188
vn -0.00480656 0.999975 0.00516947
vn -0.00359836 0.999979 0.00536689
vn -0.00536388 0.999963 0.00670466
vn -0.00277181 0.999996 1.81165e-05
vn 0.455033 0.351949 0.817971
vn 0.455033 0.351949 0.817971
vn -0.576732 -0.77939 -0.24481
vn -0.576732 -0.77939 -0.24481
vn -0.223277 0.973904 -0.0407318
vn -0.106896 -0.357783 0.927666
vn -0.143866 0.0087102 0.989559
vn -0.634901 0.761732 0.129097
vn -0.106896 -0.357783 0.927666
vn -0.77748 0.0951108 0.621674
vn -0.860456 0.139035 -0.490189
vn -0.0882165 0.0150064 -0.995988
vn 0.023747 0.00739169 -0.999691
vn 0.0912354 0.0034092 -0.995824
vn -0.00624034 0.017267 -0.999831
vn 0.0499407 0.0439952 -0.997783
vn -0.0199639 0.0789634 -0.996678
vn 0.0129959 0.0075903 -0.999887
vn 0.0114703 0.0151896 -0.999819
vn 0.0193381 0.00602826 -0.999795
vn 0.025572 0.00375877 -0.999666
vn 0.0340878 -0.00161334 -0.999418
vn 0.0346192 -0.00323336 -0.999395
vn 0.034612 0.997931 0.0541798
vn 0.00743611 0.986187 0.16547
vn 0.0585693 0.993632 -0.0962525
vn 0.0854155 0.0113938 -0.99628
vn -0.00293138 0.999994 -0.00158318
vn 0.00734323 0.999941 -0.00798448
vn 0.00441974 0.999974 -0.0057012
vn 0.00243196 0.999932 -0.0113975
vn 0.0285549 0.999142 -0.0300081
vn 0.034632 0.999242 -0.0177933
vn 0.0147004 0.999483 -0.0285825
vn -0.0282331 0.999388 0.0206734
vn -0.992737 0.119597 -0.0130367
vn -0.997291 0.055447 -0.0483374
vn -0.992384 0.113488 -0.0478963
vn -0.364034 0.930737 -0.0347645
vn -0.865047 0.500986 -0.0266056
vn -0.974869 0.217771 -0.0469798
vn 0.438812 0.893724 -0.0932867
vn 0.116532 0.991455 -0.0586308
vn 0.0511044 0.99864 -0.0103588
vn -0.339334 0.0333213 -0.940076
vn -0.776906 0.190228 -0.600192
vn -0.776906 0.190228 -0.600192
vn 0.213256 0.961496 0.17334
vn 0.213256 0.961496 0.17334
vn 0.478547 0.797089 -0.368295
vn 0.536743 0.746012 -0.394174
vn -0.344835 0.848233 0.401983
vn 0.994049 -0.0978357 0.0478986
vn 0.954809 0.224583 -0.194685
vn 0.0267818 0.999578 -0.0112434
vn 0.00136054 0.999998 0.00155
vn -0.00282002 0.999993 -0.00229878
vn -0.00529947 0.999986 0.000256048
vn -0.00842774 0.999953 -0.00471105
vn -0.00295492 0.999993 0.00239912
vn 5.332e-05 0.999981 0.00616506
vn 0.00102914 0.99993 0.0117951
vn -0.00364094 0.999901 0.0135659
vn -0.000897167 0.99996 0.00893821
vn 0.964164 -0.015345 0.264863
vn 0.921588 0.38741 -0.024247
vn -0.0103215 0.999786 0.0179051
vn 0.921588 0.38741 -0.024247
vn -0.00867075 0.999961 0.00164747
vn -0.0033881 0.999978 0.00575175
vn -0.00331557 0.999978 0.00570763
vn -0.0042071 0.999991 -6.85409e-05
vn -0.106896 -0.357783 0.927666
vn -0.0460069 0.290269 0.955838
vn 0.149988 0.92015 -0.361702
vn 0.863727 0.258493 0.432616
vn -0.77748 0.0951108 0.621674
vn -0.77748 0.0951108 0.621674
vn -0.940513 0.172768 -0.292552
vn 0.217854 0.972337 -0.0842672
vn -0.966279 0.249582 -0.0633552
vn -0.398138 0.915511 -0.0576674
vn -0.994028 0.0050225 -0.109013
vn 0.0303078 0.00484782 -0.999529
vn 0.0298642 -0.0201095 -0.999352
vn 0.0195515 -0.0093352 -0.999765
vn 0.01166 0.00288362 -0.999928
vn 0.0252633 0.00221389 -0.999678
vn 0.0296646 -0.00298881 -0.999555
vn 0.0300045 -0.00439636 -0.99954
vn 0.031482 -0.0131006 -0.999418
vn 0.0316761 0.995862 0.0851844
vn 0.0309958 0.989716 0.139647
vn 0.0515204 0.993526 -0.101255
vn 0.0224859 0.0204025 -0.999539
vn -0.00170783 0.999998 -0.00107147
vn 0.00251153 0.999908 -0.0133123
vn -0.00431599 0.999955 -0.00842192
vn 0.00390328 0.999894 -0.0140039
vn 0.018399 0.999676 -0.0175713
vn 0.0371086 0.999128 -0.01916
vn 0.0143805 0.999805 -0.0135367
vn -0.0238534 0.999206 -0.0319237
vn -0.992865 0.112855 -0.0385022
vn -0.997538 0.0554558 -0.0429369
vn -0.993452 0.103647 -0.0480594
vn -0.351158 0.936294 -0.0063971
vn -0.873108 0.487026 -0.0221112
vn -0.972712 0.231973 -0.00454431
vn 0.0951117 0.994617 -0.0411267
vn 0.0810106 0.996418 -0.0242476
vn -0.344835 0.848233 0.401983
vn 0.200353 0.756694 -0.622312
vn -0.344835 0.848233 0.401983
vn 0.947365 0.316739 0.0466414
vn 0.0677904 0.996818 0.0419367
vn 0.0677904 0.996818 0.0419367
vn -0.00259974 0.99999 0.00353312
vn -0.00235764 0.999988 0.00440184
vn -0.00354297 0.999994 -0.00047591
vn -0.00353056 0.999993 0.000873883
vn -0.00183278 0.999997 0.00167729
vn -0.00112143 0.999993 0.00359827
vn -0.000674456 0.999972 0.00741385
vn -0.00191529 0.999998 -0.000506715
vn 0.921849 0.33808 0.189462
vn 0.921588 0.38741 -0.024247
vn -0.0157557 0.999861 -0.00547281
vn -0.00409237 0.999986 0.00335509
vn -0.00115657 0.999994 0.00340735
vn -0.00146951 0.999998 -0.00113504
vn -0.0460069 0.290269 0.955838
vn -0.0460069 0.290269 0.955838
vn 0.149988 0.92015 -0.361702
vn 0.149988 0.92015 -0.361702
vn -0.953951 0.295479 -0.0516721
vn 0.217854 0.972337 -0.0842672
vn 0.217854 0.972337 -0.0842672
vn -0.96329 0.257318 -0.0765518
vn -0.379485 0.924815 0.0266058
vn -0.994028 0.0050225 -0.109013
vn -0.994028 0.0050225 -0.109013
vn 0.00828663 0.00821628 -0.999932
vn 0.0221302 -0.00363941 -0.999748
vn 0.0255445 -0.00208982 -0.999672
vn 0.0284416 -0.006163 -0.999576
vn 0.0255142 -0.0051939 -0.999661
vn 0.0574108 0.994865 0.0833547
vn 0.0737043 0.994245 0.0777509
vn 0.161578 0.986474 -0.0276086
vn -0.994779 0.0233291 -0.0993489
vn 0.00254757 0.0454355 -0.998964
vn -0.00224241 0.999997 0.000401758
vn 0.00180752 0.999948 -0.00999701
vn -0.0030673 0.999906 -0.0133494
vn 0.00519672 0.999957 -0.00773062
vn 0.00886041 0.999851 -0.0148528
vn 0.0300474 0.999364 -0.0192225
vn 0.0201669 0.999649 -0.0172083
vn -0.0192264 0.999793 -0.006712
vn -0.99315 0.106719 -0.0475914
vn -0.997606 0.0554902 -0.0412785
vn -0.994662 0.0977218 -0.0331252
vn -0.330403 0.943596 -0.0214371
vn -0.883108 0.468774 -0.0192552
vn -0.966698 0.244621 -0.0751996
vn 0.0216971 0.998977 -0.0396699
vn 0.0677904 0.996818 0.0419367
vn -0.0195483 0.999801 0.00407181
vn -0.00154471 0.999998 -0.00132674
vn -0.00369865 0.99999 0.00257701
vn -0.00292718 0.999995 0.000790645
vn -0.00292718 0.999995 0.000790645
vn -0.00190981 0.999998 0.000889038
vn -0.000167588 0.999999 -0.00161822
vn -0.0049412 0.999987 0.00116926
vn -0.00152479 0.999997 0.0017112
vn -0.000728571 1 -0.000617186
vn -0.352265 0.291528 0.889337
vn -0.941126 0.336774 -0.029418
vn -0.960118 0.27312 -0.0598292
vn -0.393909 0.918952 0.019062
vn -0.998366 0.00654436 -0.0567724
vn -0.994028 0.0050225 -0.109013
vn -0.994028 0.0050225 -0.109013
vn 0.014793 0.00350398 -0.999884
vn 0.0227332 -0.00511632 -0.999729
vn 0.0255576 -0.00619586 -0.999654
vn 0.0264732 -0.00595431 -0.999632
vn 0.0288882 -0.00746821 -0.999555
vn 0.113447 0.993064 0.0308686
vn 0.15117 0.976082 0.156242
vn 0.0780574 0.994972 0.0627564
vn 0.00254757 0.0454355 -0.998964
vn -0.99588 0.0549136 -0.0721639
vn -0.998336 0.0340791 -0.0465197
vn 0.00254757 0.0454355 -0.998964
vn -0.00188836 0.999998 0.000722925
vn 0.0031817 0.999961 -0.0081914
vn 0.00215755 0.999924 -0.0121295
vn 0.00173363 0.999923 -0.0122877
vn 0.0300847 0.999362 -0.0192629
vn 0.0223906 0.999646 -0.0143635
vn -0.0102194 0.999871 -0.0123557
vn -0.992314 0.114849 -0.0460739
vn -0.997462 0.0602214 -0.0379794
vn -0.994266 0.0992599 -0.0397834
vn -0.328241 0.944533 -0.0107064
vn -0.878505 0.472177 -0.0726481
vn -0.96845 0.244165 -0.0498896
vn 0.123513 0.991728 -0.0349248
vn 0.0117091 0.999831 -0.0141817
vn -0.00539518 0.999985 0.000144584
vn -0.0018015 0.999998 0.000626365
vn -0.00292718 0.999995 0.000790645
vn -0.0049412 0.999987 0.00116926
vn -0.0049412 0.999987 0.00116926
vn 0.204491 -0.288277 0.935457
vn -0.322979 0.247549 0.913457
vn -0.928971 0.36647 -0.0520807
vn -0.961389 0.264197 -0.0770178
vn -0.420874 0.907048 -0.0113409
vn -0.998019 0.0219498 -0.0589545
vn 0.0206115 -0.00494515 -0.999775
vn 0.0197527 -0.00958817 -0.999759
vn 0.0219955 -0.00978064 -0.99971
vn 0.025189 -0.00641348 -0.999662
vn 0.0342386 -0.00666263 -0.999391
vn 0.16312 0.98463 0.0624156
vn 0.0488135 0.99815 0.0362368
vn 0.185916 0.982489 0.0122749
vn -0.996674 0.075811 -0.0298795
vn -0.998043 0.0284617 -0.055679
vn -0.00596969 0.999907 -0.0122588
vn -0.000573993 0.999903 -0.0139234
vn 0.0328847 0.999286 -0.0186101
vn -0.0104463 0.999781 -0.0181069
vn 0.0158629 0.99978 -0.0137551
vn -0.991597 0.121077 -0.0455534
vn -0.996845 0.0666908 -0.0430363
vn -0.994429 0.0977144 -0.0395266
vn -0.347367 0.937236 -0.0304165
vn -0.863227 0.499454 -0.0733877
vn -0.959125 0.271052 -0.0812987
vn -0.0406267 0.999019 -0.0176003
vn 0.054602 -0.422906 0.904527
vn 0.479911 -0.12204 -0.868788
vn 0.593237 -0.365647 0.717197
vn 0.593237 -0.365647 0.717197
vn -0.354937 -0.282788 0.891095
vn -0.460225 0.188524 -0.867555
vn -0.919452 0.388347 -0.0615944
vn -0.968218 0.244207 -0.0540139
vn -0.996614 0.0315286 -0.0759384
vn -0.437032 0.899329 -0.0144842
vn 0.0461965 0.051052 -0.997627
vn 0.0121996 -0.0102767 -0.999873
vn 0.0172957 -0.0163766 -0.999716
vn 0.020873 -0.0116846 -0.999714
vn 0.0290606 -0.015935 -0.999451
vn 0.20944 0.977274 0.0327237
vn 0.0308476 0.999412 0.0149423
vn -0.993614 0.104912 -0.0415313
vn 0.140448 0.990083 -0.00307377
vn -0.997439 0.0337384 -0.0630684
vn 0.0473255 0.99876 -0.0154244
vn 0.00391157 0.999896 -0.0138751
vn 0.0301714 0.999381 -0.0180972
vn -0.00753559 0.999815 -0.0176908
vn 0.00815474 0.999615 -0.0265071
vn -0.990358 0.12869 -0.0512721
vn -0.996483 0.0729912 -0.0411592
vn -0.995149 0.0939458 -0.029194
vn -0.375092 0.926812 -0.0180656
vn -0.852799 0.515308 -0.0848053
vn -0.879523 0.325221 -0.347377
vn 0.321176 -0.027536 -0.946619
vn 0.0242149 -0.018574 -0.999534
vn 0.321176 -0.027536 -0.946619
vn 0.724508 -0.0154129 -0.689094
vn 0.593237 -0.365647 0.717197
vn 0.922014 0.0399551 -0.38509
vn -0.71656 0.548621 0.430762
vn -0.71656 0.548621 0.430762
vn -0.675218 0.080989 -0.733159
vn -0.907789 0.416778 -0.0470723
vn -0.971242 0.232193 -0.0526771
vn -0.997021 0.0372938 -0.0675175
vn -0.464863 0.885166 -0.0195694
vn -0.00917083 0.058819 -0.998227
vn 0.0142258 -0.0142725 -0.999797
vn 0.0222536 -0.0175807 -0.999598
vn 0.025881 -0.0114942 -0.999599
vn 0.0246584 -0.023435 -0.999421
vn 0.222948 0.974727 0.0141549
vn 0.024743 0.999385 0.0248475
vn -0.991951 0.11382 -0.0554906
vn 0.0888339 0.995642 -0.02838
vn -0.997041 0.045456 -0.0619899
vn -0.025554 0.999605 0.0116849
vn -0.00547638 0.999715 -0.0232415
vn 0.0407944 0.998998 -0.0184302
vn 0.0196111 0.997236 -0.0716666
vn -0.990953 0.128292 -0.0394127
vn -0.996566 0.0776825 -0.0286749
vn -0.996287 0.0849397 -0.0140332
vn -0.406578 0.913616 -0.00042194
vn -0.87611 0.413666 -0.247613
vn -0.947215 0.317432 0.0449418
vn 0.321176 -0.027536 -0.946619
vn 0.0242149 -0.018574 -0.999534
vn 0.0242149 -0.018574 -0.999534
vn 0.321176 -0.027536 -0.946619
vn 0.930141 -0.351569 -0.106006
vn -0.71656 0.548621 0.430762
vn -0.71656 0.548621 0.430762
vn -0.672129 0.653071 -0.348915
vn -0.902157 0.428885 -0.0465774
vn -0.959884 0.264588 -0.0928208
vn -0.996329 0.0435711 -0.0736938
vn -0.489333 0.871767 -0.0239834
vn -0.00317988 0.0214268 -0.999765
vn 0.0260589 -0.0125549 -0.999582
vn 0.0310148 -0.0111718 -0.999456
vn 0.0352528 -0.0185327 -0.999207
vn 0.0230044 -0.0028713 -0.999731
vn 0.00922691 0.999916 0.00911569
vn 0.233457 0.972353 0.00531684
vn -0.992246 0.111863 -0.0541771
vn 0.0276089 0.998627 -0.0445258
vn -0.996503 0.0524217 -0.0650707
vn -0.00475697 0.999983 -0.00351427
vn 0.0781095 0.996512 -0.0293856
vn -0.00561293 0.999948 -0.00846684
vn -0.991434 0.126316 -0.0332199
vn -0.996535 0.0825493 -0.0101899
vn -0.99644 0.0777645 -0.0325744
vn -0.453312 0.891049 -0.0232263
vn -0.933917 0.356527 0.0262128
vn 0.321176 -0.027536 -0.946619
vn -0.672129 0.653071 -0.348915
vn -0.672129 0.653071 -0.348915
vn -0.180949 0.92025 0.346984
vn -0.180949 0.92025 0.346984
vn -0.71656 0.548621 0.430762
vn -0.672129 0.653071 -0.348915
vn -0.904596 0.420935 -0.0672292
vn -0.996936 0.0536295 -0.0569438
vn -0.477239 0.877838 -0.040537
vn 0.0391143 -0.00729474 -0.999208
vn 0.0367579 0.00212312 -0.999322
vn 0.0194567 -0.0265264 -0.999459
vn -0.017925 0.999776 0.0112431
vn -0.990983 0.125122 -0.0479225
vn 0.224254 0.974515 0.00544519
vn -0.0233214 0.999439 -0.0240223
vn -0.997066 0.0618217 -0.0451392
vn 0.00783821 0.999961 0.00410655
vn 0.124664 0.991993 -0.020236
vn -0.991062 0.132392 -0.016406
vn -0.995884 0.0850061 -0.0314439
vn -0.996538 0.0724142 -0.0408386
vn -0.46968 0.882835 -0.00201548
vn -0.672129 0.653071 -0.348915
vn -0.180949 0.92025 0.346984
vn -0.996276 0.0637991 -0.0580068
vn 0.113108 0.104618 -0.98806
vn -0.0363346 0.999295 0.00949662
vn -0.989295 0.142738 -0.0303522
vn 0.179054 0.983159 0.0365797
vn -0.996152 0.0744982 -0.0461606
vn 0.0119262 0.999909 -0.00631416
vn -0.988351 0.146484 -0.0412849
vn -0.995919 0.0833753 -0.0345506
vn -0.0185365 0.998951 0.0418825
vn -0.987792 0.151644 -0.0356664
vn -0.987464 0.154992 -0.0298794
vn -0.691892 0.719513 -0.0598855
vn -0.676655 0.735414 -0.0361145
vn -0.995463 -0.0751992 -0.058305
vn -0.745315 0.659833 -0.0955286
vn -0.98521 0.106542 -0.134202
vn -0.718917 0.694776 -0.0210964
vn -0.991792 -0.0777741 -0.101491
vn -0.96574 0.259156 0.0135755
vn -0.995956 -0.0662799 -0.0606479
vn -0.997264 -0.0244212 -0.0697688
vn -0.985008 0.17145 0.0190705
vn 0.203728 0.978485 0.0325765
vn -0.718917 0.694776 -0.0210964
vn -0.718917 0.694776 -0.0210964
vn -0.991325 -0.011824 -0.130899
vn -0.995512 -0.0252732 -0.0911947
vn 0.183054 0.983093 0.00437178
vn -0.814154 0.475645 -0.333039
vn -0.997906 -0.0254685 -0.0594483
vn -0.996294 -0.0534923 0.0673489
vn -0.997217 -0.025001 -0.0702367
vn 0.371421 0.900242 0.22718
vn 0.989641 -0.136967 0.0430219
vn 0.183054 0.983093 0.00437178
vn -0.814154 0.475645 -0.333039
vn -0.986712 -0.0305668 -0.159576
vn -0.998555 -0.0194253 -0.0501107
vn -0.995664 -0.02283 -0.0901754
vn 0.183054 0.983093 0.00437178
vn -0.814154 0.475645 -0.333039
vn -0.997992 -0.0245391 -0.0583874
vn -0.999014 -0.0201364 0.0395676
vn -0.558035 -0.0953155 0.824325
vn -0.995826 -0.0573218 -0.0710265
vn 0.993016 -0.0947189 0.0703377
vn 0.94207 0.128715 -0.309737
vn -0.814154 0.475645 -0.333039
vn -0.524492 0.613659 -0.590196
vn -0.332935 0.0157358 -0.942819
vn -0.945422 -0.0317463 -0.324298
vn -0.998981 -0.0235927 -0.0384697
vn -0.993814 -0.0609286 -0.0928572
vn 0.950111 0.270628 0.155078
vn -0.814154 0.475645 -0.333039
vn -0.99672 -0.0619855 -0.0520348
vn -0.997005 -0.0474304 0.0610881
vn -0.48755 -0.0122204 0.873009
vn 0.936346 0.0482274 -0.347751
vn -0.406734 -0.0366053 -0.912813
vn -0.686635 0.0494475 -0.725318
vn -0.686635 0.0494475 -0.725318
vn -0.977323 -0.154185 -0.145141
vn -0.992834 -0.0682568 0.0980922
vn -0.466436 -0.0281609 0.884107
vn 0.960934 0.199269 -0.192088
vn -0.686635 0.0494475 -0.725318
vn -0.686635 0.0494475 -0.725318
vn -0.601056 -0.000886267 -0.799206
vn 0.914882 -0.402779 -0.0275723
vn 0.988067 0.0336987 0.150291
vn -0.686635 0.0494475 -0.725318
vn 0.71349 0.597307 0.366275
vn 0.430715 -0.844933 -0.317132
vn -0.0949807 -0.131973 -0.986692
vn 0.189312 -0.345017 -0.919306
vn 0.990755 0.114847 -0.0722144
vn -0.0949807 -0.131973 -0.986692
vn 0.257086 -0.878372 -0.40295
vn -0.0949807 -0.131973 -0.986692
vn 0.665073 0.0325512 -0.746069
vn 0.665073 0.0325512 -0.746069
vn 0.665073 0.0325512 -0.746069
vn -0.964684 0.083677 -0.249766
vn -0.964684 0.083677 -0.249766
vn -0.964684 0.083677 -0.249766
vn -0.964684 0.083677 -0.249766
vn -0.964684 0.083677 -0.249766
vn -0.964684 0.083677 -0.249766
vn -0.385183 -0.922174 -0.0350523
vn -0.385183 -0.922174 -0.0350523
vn -0.385183 -0.922174 -0.0350523
vn -0.385183 -0.922174 -0.0350523
vn -0.385183 -0.922174 -0.0350523
vn -0.385183 -0.922174 -0.0350523
vn -0.309939 0.69615 0.647544
vn -0.309939 0.69615 0.647544
vn -0.849746 0.332658 0.408988
vn -0.499166 0.866507 -0.000290994
vn -0.849746 0.332658 0.408988
vn -0.849746 0.332658 0.408988
vn -0.499166 0.866507 -0.000290994
vn -0.499166 0.866507 -0.000290994
vn -0.849746 0.332658 0.408988
vn -0.491631 0.787399 -0.37189
vn -0.849746 0.332658 0.408988
vn 0.295167 -0.504819 0.811193
vn 0.538178 0.0988116 -0.837019
vn 0.295167 -0.504819 0.811193
vn 0.295167 -0.504819 0.811193
vn 0.295167 -0.504819 0.811193
vn 0.516043 -0.0515827 -0.855008
vn 0.295167 -0.504819 0.811193
vn 0.110151 0.393084 0.912881
vn 0.318018 0.166213 -0.933401
vn 0.292972 -0.370621 0.881367
vn -0.0686954 0.241131 -0.968058
vn 0.0191066 0.0628562 -0.99784
vn 0.218418 -0.515557 0.82855
vn 0.218418 -0.515557 0.82855
vn 0.218418 -0.515557 0.82855
vn 0.218418 -0.515557 0.82855
vn 0.218418 -0.515557 0.82855
vn 0.798211 -0.0545646 0.599901
vn 0.798211 -0.0545646 0.599901
vn 0.798211 -0.0545646 0.599901
vn -0.0670094 -0.445403 0.892819
vn 0.81444 0.239817 -0.528371
vn 0.216708 0.504186 0.835963
vn 0.81444 0.239817 -0.528371
vn 0.81444 0.239817 -0.528371
vn -0.894299 -0.343305 -0.287005
vn 0.465307 -0.738671 0.487705
vn -0.370809 0.112029 -0.921928
vn -0.894299 -0.343305 -0.287005
vn -0.894299 -0.343305 -0.287005
vn -0.511522 -0.858802 0.0283685
vn -0.499922 0.0740381 0.8629
vn -0.511522 -0.858802 0.0283685
vn -0.511522 -0.858802 0.0283685
vn -0.499922 0.0740381 0.8629
vn -0.499922 0.0740381 0.8629
vn -0.102468 -0.463555 -0.880123
vn -0.974361 0.214592 0.0676148
vn 0.505324 0.218972 0.834685
vn -0.0304877 -0.153273 0.987714
vn -0.473297 -0.0681929 -0.878259
vn 0.652802 0.177522 -0.736434
vn 0.0301795 -0.218431 -0.975386
vn -0.974361 0.214592 0.0676148
vn -0.974361 0.214592 0.0676148
vn 0.278813 -0.126991 0.951912
vn 0.419233 -0.30657 0.854552
vn -0.0319376 -0.105399 0.993917
vn -0.508136 -0.16093 -0.846108
vn -0.508136 -0.16093 -0.846108
vn -0.649906 0.258203 -0.71481
vn -0.508136 -0.16093 -0.846108
vn 0.718039 -0.0399159 -0.694857
vn 0.158555 -0.0123247 0.987273
vn -0.0319376 -0.105399 0.993917
vn -0.0319376 -0.105399 0.993917
vn -0.508136 -0.16093 -0.846108
vn -0.649906 0.258203 -0.71481
vn -0.649906 0.258203 -0.71481
vn -0.508136 -0.16093 -0.846108
vn -0.280363 -0.762366 -0.583263
vn -0.280363 -0.762366 -0.583263
vn 0.797036 0.599494 0.0730801
vn 0.011099 0.0929438 0.99561
vn -0.0319376 -0.105399 0.993917
vn -0.0319376 -0.105399 0.993917
vn -0.142861 -0.351477 -0.925232
vn -0.280363 -0.762366 -0.583263
vn -0.280363 -0.762366 -0.583263
vn -0.280363 -0.762366 -0.583263
vn 0.323635 0.913485 -0.246587
vn -0.0204906 -0.037903 0.999071
vn -0.26732 -0.228294 0.936174
vn -0.663623 -0.419068 -0.619667
vn -0.663623 -0.419068 -0.619667
vn -0.663623 -0.419068 -0.619667
vn -0.0261572 -0.159227 0.986895
vn -0.146458 -0.0313743 0.988719
vn 0.105153 0.0709396 0.991923
vn 0.0310097 0.515002 0.856628
vn -0.812358 0.255329 -0.524291
vn -0.0529709 0.0779939 0.995546
vn -0.0838908 -0.042866 0.995553
vn -0.0123714 0.118424 -0.992886
vn -0.00752007 0.024328 -0.999676
vn -0.812358 0.255329 -0.524291
vn -0.812358 0.255329 -0.524291
vn -0.856251 -0.293184 -0.425298
vn -0.0838908 -0.042866 0.995553
vn -0.0838908 -0.042866 0.995553
vn -0.015699 0.0812934 -0.996567
vn -0.377543 -0.0343862 -0.925353
vn -0.812358 0.255329 -0.524291
vn -0.812358 0.255329 -0.524291
vn -0.776658 -0.214101 -0.592422
vn -0.0838908 -0.042866 0.995553
vn -0.0838908 -0.042866 0.995553
vn -0.373607 -0.642485 -0.669052
vn -0.442701 -0.51415 -0.734619
vn -0.471943 -0.761672 0.443988
vn -0.471943 -0.761672 0.443988
vn 0.762201 0.494191 -0.418121
vn -0.471943 -0.761672 0.443988
vn -0.471943 -0.761672 0.443988
vn 0.762201 0.494191 -0.418121
vn 0.762201 0.494191 -0.418121
vn -0.471943 -0.761672 0.443988
vn -0.750439 -0.263876 -0.60598
vn -0.750439 -0.263876 -0.60598
vn -0.750439 -0.263876 -0.60598
vn 0.724049 0.196348 0.661211
vn 0.724049 0.196348 0.661211
vn 0.724049 0.196348 0.661211
vn -0.047434 0.29265 0.955042
vn -0.047434 0.29265 0.955042
vn -0.047434 0.29265 0.955042
vn -0.047434 0.29265 0.955042
vn -0.047434 0.29265 0.955042
vn -0.047434 0.29265 0.955042
vn -0.77256 -0.626437 0.10358
vn -0.77256 -0.626437 0.10358
vn -0.77256 -0.626437 0.10358
vn -0.77256 -0.626437 0.10358
vn -0.77256 -0.626437 0.10358
vn -0.77256 -0.626437 0.10358
vn 0.990253 0.138018 -0.0187143
vn -0.0830207 -0.990584 -0.108859
vn 0.990253 0.138018 -0.0187143
vn 0.990253 0.138018 -0.0187143
vn -0.0899362 -0.994168 0.0595071
vn -0.128472 -0.99074 0.0439295
vn 0.0184429 -0.998188 -0.0572812
vn 0.0184429 -0.998188 -0.0572812
vn -0.158073 -0.982271 -0.100783
vn 0.197922 -0.971543 -0.130116
vn 0.217659 -0.974412 -0.0560915
vn 0.0184429 -0.998188 -0.0572812
vn 0.0184429 -0.998188 -0.0572812
vn -0.13102 -0.989703 -0.057627
vn 0.875118 0.442734 -0.195335
vn 0.0184429 -0.998188 -0.0572812
vn -0.485087 -0.730107 -0.481284
vn -0.485087 -0.730107 -0.481284
vn -0.485087 -0.730107 -0.481284
vn -0.485087 -0.730107 -0.481284
vn -0.485087 -0.730107 -0.481284
vn -0.485087 -0.730107 -0.481284
vn 0.142117 0.131243 0.981111
vn -0.463486 -0.00513621 0.886089
vn 0.142117 0.131243 0.981111
vn 0.142117 0.131243 0.981111
vn -0.614087 0.10066 0.782793
vn -0.463762 0.463245 0.755202
vn -0.587298 -0.125626 0.799562
vn -0.0857503 0.199611 -0.976116
vn -0.587298 -0.125626 0.799562
vn -0.587298 -0.125626 0.799562
vn -0.0857503 0.199611 -0.976116
vn -0.0857503 0.199611 -0.976116
vn 0.888807 -0.248567 0.385016
vn -0.587298 -0.125626 0.799562
vn -0.587298 -0.125626 0.799562
vn -0.0857503 0.199611 -0.976116
vn 0.224801 0.0342679 -0.973802
vn -0.0857503 0.199611 -0.976116
vn 0.18534 -0.242474 -0.95229
vn -0.550062 0.833352 0.0543767
vn -0.550062 0.833352 0.0543767
vn -0.550062 0.833352 0.0543767
vn -0.550062 0.833352 0.0543767
vn -0.550062 0.833352 0.0543767
vn 0.0506904 0.841234 0.538291
vn 0.0506904 0.841234 0.538291
vn 0.0506904 0.841234 0.538291
vn 0.0506904 0.841234 0.538291
vn 0.0506904 0.841234 0.538291
vn 0.0506904 0.841234 0.538291
vn 0.944485 -0.135731 -0.299207
vn 0.944485 -0.135731 -0.299207
vn 0.944485 -0.135731 -0.299207
vn 0.944485 -0.135731 -0.299207
vn 0.944485 -0.135731 -0.299207
vn 0.944485 -0.135731 -0.299207
vn -0.628504 0.777805 -0.00155768
vn -0.628504 0.777805 -0.00155768
vn 0.223976 -0.209729 -0.951761
vn -0.762504 0.017871 -0.646737
vn 0.223976 -0.209729 -0.951761
vn 0.223976 -0.209729 -0.951761
vn -0.841026 -0.404614 0.359114
vn 0.350275 0.0133501 -0.936552
vn 0.350275 0.0133501 -0.936552
vn 0.223976 -0.209729 -0.951761
vn 0.122332 0.0586144 -0.990757
vn 0.223976 -0.209729 -0.951761
vn -0.274692 0.132032 0.952424
vn -0.255949 0.0882422 0.962654
vn 0.350275 0.0133501 -0.936552
vn 0.350275 0.0133501 -0.936552
vn 0.328649 0.00564099 -0.944435
vn 0.350275 0.0133501 -0.936552
vn -0.0401877 0.0278204 0.998805
vn -0.0197101 0.037326 0.999109
vn -0.0618934 0.0563293 0.996492
vn -0.0314316 -0.0404318 0.998688
vn -0.0354741 -0.156109 0.987103
vn -0.012444 0.0615483 0.998027
vn -0.0295542 -0.0294019 0.999131
vn 0.0436758 -0.0887368 0.995097
vn -0.0478793 -0.0311661 0.998367
vn -3.26454e-05 0.040192 0.999192
vn -0.0589762 -0.0422693 0.997364
vn 0.00629841 -0.0323855 0.999456
vn 0.0231389 -0.0318732 0.999224
vn 0.129341 -0.0451601 -0.990571
vn 0.129341 -0.0451601 -0.990571
vn 0.616632 0.78494 -0.0602762
vn 0.616632 0.78494 -0.0602761
vn 0.131365 -0.990547 0.0394899
vn 0.128735 -0.991342 0.0258654
vn 0.0697707 -0.993524 0.0896818
vn -0.0957011 -0.990873 0.0949348
vn -0.800074 -0.218286 0.558779
vn -0.45378 -0.0239216 0.890793
vn 0.0796011 -0.96065 0.266111
vn 0.0796011 -0.96065 0.266111
vn -0.75304 0.0465046 0.65633
vn -0.0255541 0.332735 -0.942674
vn 0.11941 0.187826 -0.974917
vn -0.434246 0.147486 -0.888638
vn -0.274739 -0.156676 -0.948668
vn -0.209109 0.144821 -0.967109
vn -0.957449 -0.182876 -0.223267
vn -0.10094 -0.319982 -0.942031
vn -0.0823388 -0.430865 -0.898652
vn 0.0184599 -0.138603 -0.990176
vn -0.00341531 -0.206472 -0.978447
vn -0.148232 -0.465216 -0.872698
vn -0.0707078 -0.319775 -0.944851
vn 0.67917 0.697478 0.228588
vn 0.67917 0.697478 0.228588
vn 0.368843 -0.358919 -0.857399
vn -0.992984 -0.00076518 0.118244
vn -0.979662 0.157228 -0.124666
vn 0.657302 0.333426 -0.675856
vn -0.0104594 -0.530555 -0.847586
vn -0.0420558 -0.117478 0.992185
vn -0.556894 0.0877763 0.825933
vn 0.156934 -0.00479967 -0.987597
vn 0.156934 -0.00479967 -0.987597
vn 0.0204573 -0.132134 -0.991021
vn 0.0204573 -0.132134 -0.991021
vn -0.393204 -0.912481 -0.113003
vn -0.393204 -0.912481 -0.113003
vn -0.0546354 -0.0288563 -0.998089
vn -0.0546354 -0.0288563 -0.998089
vn 0.575103 0.776012 -0.258964
vn 0.575103 0.776012 -0.258964
f 4//2 5//2 2//2 1//2 
f 7//5 8//5 5//5 4//5 
f 5//6 9//6 10//6 2//6 
f 11//7 4//7 1//7 12//7 
f 6//8 2//8 10//8 13//8 
f 14//9 12//9 1//9 6//9 
f 7//10 15//10 16//10 8//10 
f 5//11 8//11 17//11 9//11 
f 11//12 18//12 7//12 4//12 
f 10//13 9//13 19//13 20//13 
f 21//14 22//14 11//14 12//14 
f 23//15 13//15 10//15 20//15 
f 24//16 25//16 6//16 13//16 
f 21//17 12//17 14//17 26//17 
f 14//18 6//18 25//18 27//18 
f 18//19 28//19 15//19 7//19 
f 29//20 30//20 16//20 15//20 
f 8//21 16//21 31//21 17//21 
f 9//22 17//22 32//22 19//22 
f 33//23 18//23 11//23 22//23 
f 34//24 20//24 19//24 35//24 
f 36//25 22//25 21//25 37//25 
f 24//26 13//26 23//26 38//26 
f 23//27 20//27 34//27 39//27 
f 24//28 40//28 41//28 25//28 
f 14//29 27//29 42//29 26//29 
f 37//30 21//30 26//30 43//30 
f 44//31 27//31 25//31 41//31 
f 33//32 45//32 28//32 18//32 
f 46//33 29//33 15//33 28//33 
f 47//34 48//34 30//34 29//34 
f 30//35 49//35 31//35 16//35 
f 31//36 50//36 32//36 17//36 
f 51//37 35//37 19//37 32//37 
f 36//38 52//38 33//38 22//38 
f 34//39 35//39 53//39 54//39 
f 55//40 36//40 37//40 56//40 
f 38//41 23//41 39//41 57//41 
f 58//42 40//42 24//42 38//42 
f 34//43 54//43 59//43 39//43 
f 60//44 41//44 40//44 61//44 
f 44//45 62//45 42//45 27//45 
f 63//46 43//46 26//46 42//46 
f 56//47 37//47 43//47 64//47 
f 60//48 65//48 44//48 41//48 
f 52//49 66//49 45//49 33//49 
f 67//50 46//50 28//50 45//50 
f 46//51 68//51 47//51 29//51 
f 47//52 69//52 70//52 48//52 
f 30//53 48//53 71//53 49//53 
f 49//54 72//54 50//54 31//54 
f 73//55 51//55 32//55 50//55 
f 74//56 53//56 35//56 51//56 
f 55//57 75//57 52//57 36//57 
f 76//58 54//58 53//58 77//58 
f 78//59 79//59 55//59 56//59 
f 57//60 39//60 59//60 80//60 
f 58//61 38//61 57//61 81//61 
f 61//62 40//62 58//62 82//62 
f 59//63 54//63 76//63 83//63 
f 84//64 60//64 61//64 85//64 
f 65//65 86//65 62//65 44//65 
f 62//66 87//66 63//66 42//66 
f 63//67 88//67 64//67 43//67 
f 78//68 56//68 64//68 89//68 
f 90//69 65//69 60//69 84//69 
f 91//70 66//70 52//70 75//70 
f 66//71 92//71 67//71 45//71 
f 67//72 93//72 68//72 46//72 
f 68//73 94//73 69//73 47//73 
f 95//74 96//74 70//74 69//74 
f 97//75 71//75 48//75 70//75 
f 49//76 71//76 98//76 72//76 
f 73//77 50//77 72//77 99//77 
f 73//78 100//78 74//78 51//78 
f 74//79 101//79 77//79 53//79 
f 55//80 79//80 102//80 75//80 
f 103//81 104//81 76//81 77//81 
f 78//82 105//82 106//82 79//82 
f 59//83 83//83 107//83 80//83 
f 57//84 80//84 108//84 81//84 
f 58//85 81//85 109//85 82//85 
f 85//86 61//86 82//86 110//86 
f 104//87 111//87 83//87 76//87 
f 112//88 84//88 85//88 113//88 
f 90//89 114//89 86//89 65//89 
f 86//90 115//90 87//90 62//90 
f 63//91 87//91 116//91 88//91 
f 88//92 117//92 89//92 64//92 
f 78//93 89//93 118//93 105//93 
f 112//94 119//94 90//94 84//94 
f 91//95 120//95 92//95 66//95 
f 91//96 75//96 102//96 121//96 
f 92//97 122//97 93//97 67//97 
f 68//98 93//98 123//98 94//98 
f 124//99 95//99 69//99 94//99 
f 95//100 125//100 126//100 96//100 
f 97//101 70//101 96//101 127//101 
f 97//102 128//102 98//102 71//102 
f 72//103 98//103 129//103 99//103 
f 73//104 99//104 130//104 100//104 
f 74//105 100//105 131//105 101//105 
f 103//106 77//106 101//106 132//106 
f 79//107 106//107 133//107 102//107 
f 103//108 134//108 135//108 104//108 
f 105//109 136//109 137//109 106//109 
f 111//110 138//110 107//110 83//110 
f 80//111 107//111 139//111 108//111 
f 109//112 81//112 108//112 140//112 
f 82//113 109//113 141//113 110//113 
f 113//114 85//114 110//114 142//114 
f 104//115 135//115 143//115 111//115 
f 112//116 113//116 144//116 145//116 
f 90//117 119//117 146//117 114//117 
f 86//118 114//118 147//118 115//118 
f 115//119 148//119 116//119 87//119 
f 88//120 116//120 149//120 117//120 
f 150//121 118//121 89//121 117//121 
f 151//122 136//122 105//122 118//122 
f 112//123 145//123 152//123 119//123 
f 91//124 121//124 153//124 120//124 
f 154//125 122//125 92//125 120//125 
f 155//126 121//126 102//126 133//126 
f 156//127 123//127 93//127 122//127 
f 124//128 94//128 123//128 157//128 
f 124//129 158//129 125//129 95//129 
f 126//130 125//130 159//130 160//130 
f 127//131 96//131 126//131 161//131 
f 97//132 127//132 162//132 128//132 
f 163//133 129//133 98//133 128//133 
f 130//134 99//134 129//134 164//134 
f 130//135 165//135 131//135 100//135 
f 166//136 132//136 101//136 131//136 
f 103//137 132//137 167//137 134//137 
f 106//138 137//138 168//138 133//138 
f 134//139 169//139 170//139 135//139 
f 171//140 172//140 137//140 136//140 
f 111//141 143//141 173//141 138//141 
f 107//142 138//142 174//142 139//142 
f 139//143 175//143 140//143 108//143 
f 109//144 140//144 176//144 141//144 
f 177//145 142//145 110//145 141//145 
f 144//146 113//146 142//146 178//146 
f 170//147 179//147 143//147 135//147 
f 180//148 145//148 144//148 181//148 
f 182//149 146//149 119//149 152//149 
f 183//150 147//150 114//150 146//150 
f 115//151 147//151 184//151 148//151 
f 185//152 149//152 116//152 148//152 
f 150//153 117//153 149//153 186//153 
f 151//154 118//154 150//154 187//154 
f 151//155 188//155 171//155 136//155 
f 180//156 189//156 152//156 145//156 
f 155//157 190//157 153//157 121//157 
f 154//158 120//158 153//158 191//158 
f 154//159 192//159 156//159 122//159 
f 155//160 133//160 168//160 193//160 
f 156//161 194//161 157//161 123//161 
f 195//162 158//162 124//162 157//162 
f 158//163 196//163 159//163 125//163 
f 197//164 198//164 160//164 159//164 
f 199//165 161//165 126//165 160//165 
f 127//166 161//166 200//166 162//166 
f 201//167 163//167 128//167 162//167 
f 202//168 164//168 129//168 163//168 
f 130//169 164//169 203//169 165//169 
f 204//170 166//170 131//170 165//170 
f 205//171 167//171 132//171 166//171 
f 134//172 167//172 206//172 169//172 
f 172//173 207//173 168//173 137//173 
f 170//174 169//174 208//174 209//174 
f 210//175 211//175 172//175 171//175 
f 173//176 143//176 179//176 212//176 
f 173//177 213//177 174//177 138//177 
f 139//178 174//178 214//178 175//178 
f 176//179 140//179 175//179 215//179 
f 177//180 141//180 176//180 216//180 
f 178//181 142//181 177//181 217//181 
f 181//182 144//182 178//182 218//182 
f 170//183 209//183 219//183 179//183 
f 220//184 180//184 181//184 221//184 
f 222//185 183//185 146//185 182//185 
f 223//186 182//186 152//186 189//186 
f 224//187 184//187 147//187 183//187 
f 225//188 185//188 148//188 184//188 
f 185//189 226//189 186//189 149//189 
f 150//190 186//190 227//190 187//190 
f 151//191 187//191 228//191 188//191 
f 210//192 171//192 188//192 229//192 
f 220//193 230//193 189//193 180//193 
f 155//194 193//194 231//194 190//194 
f 153//195 190//195 232//195 191//195 
f 154//196 191//196 233//196 192//196 
f 192//197 234//197 194//197 156//197 
f 193//198 168//198 207//198 235//198 
f 195//199 157//199 194//199 236//199 
f 195//200 237//200 196//200 158//200 
f 238//201 197//201 159//201 196//201 
f 197//202 239//202 240//202 198//202 
f 199//203 160//203 198//203 241//203 
f 199//204 242//204 200//204 161//204 
f 201//205 162//205 200//205 243//205 
f 201//206 244//206 202//206 163//206 
f 202//207 245//207 203//207 164//207 
f 204//208 165//208 203//208 246//208 
f 205//209 166//209 204//209 247//209 
f 205//210 248//210 206//210 167//210 
f 249//211 208//211 169//211 206//211 
f 211//212 250//212 207//212 172//212 
f 251//213 252//213 209//213 208//213 
f 210//214 253//214 254//214 211//214 
f 179//215 219//215 255//215 212//215 
f 173//216 212//216 256//216 213//216 
f 257//217 214//217 174//217 213//217 
f 175//218 214//218 258//218 215//218 
f 216//219 176//219 215//219 259//219 
f 177//220 216//220 260//220 217//220 
f 218//221 178//221 217//221 261//221 
f 181//222 218//222 262//222 221//222 
f 219//223 209//223 252//223 263//223 
f 264//224 220//224 221//224 265//224 
f 224//225 183//225 222//225 266//225 
f 222//226 182//226 223//226 267//226 
f 268//227 223//227 189//227 230//227 
f 224//228 269//228 225//228 184//228 
f 225//229 270//229 226//229 185//229 
f 271//230 227//230 186//230 226//230 
f 272//231 228//231 187//231 227//231 
f 229//232 188//232 228//232 273//232 
f 210//233 229//233 274//233 253//233 
f 264//234 275//234 230//234 220//234 
f 193//235 235//235 276//235 231//235 
f 190//236 231//236 277//236 232//236 
f 233//237 191//237 232//237 278//237 
f 192//238 233//238 279//238 234//238 
f 234//239 280//239 236//239 194//239 
f 281//240 235//240 207//240 250//240 
f 195//241 236//241 282//241 237//241 
f 238//242 196//242 237//242 283//242 
f 238//243 284//243 239//243 197//243 
f 285//244 286//244 240//244 239//244 
f 241//245 198//245 240//245 287//245 
f 199//246 241//246 288//246 242//246 
f 243//247 200//247 242//247 289//247 
f 201//248 243//248 290//248 244//248 
f 202//249 244//249 291//249 245//249 
f 245//250 292//250 246//250 203//250 
f 204//251 246//251 293//251 247//251 
f 205//252 247//252 294//252 248//252 
f 249//253 206//253 248//253 295//253 
f 249//254 296//254 251//254 208//254 
f 297//255 250//255 211//255 254//255 
f 298//256 252//256 251//256 299//256 
f 300//257 301//257 254//257 253//257 
f 255//258 219//258 263//258 302//258 
f 303//259 256//259 212//259 255//259 
f 257//260 213//260 256//260 304//260 
f 257//261 305//261 258//261 214//261 
f 215//262 258//262 306//262 259//262 
f 216//263 259//263 307//263 260//263 
f 261//264 217//264 260//264 308//264 
f 262//265 218//265 261//265 309//265 
f 262//266 310//266 265//266 221//266 
f 298//267 311//267 263//267 252//267 
f 264//268 265//268 312//268 313//268 
f 266//269 222//269 267//269 314//269 
f 224//270 266//270 315//270 269//270 
f 267//271 223//271 268//271 316//271 
f 268//272 230//272 275//272 317//272 
f 225//273 269//273 318//273 270//273 
f 270//274 319//274 271//274 226//274 
f 320//275 272//275 227//275 271//275 
f 321//276 273//276 228//276 272//276 
f 274//277 229//277 273//277 322//277 
f 323//278 300//278 253//278 274//278 
f 264//279 313//279 324//279 275//279 
f 281//280 325//280 276//280 235//280 
f 326//281 277//281 231//281 276//281 
f 232//282 277//282 327//282 278//282 
f 233//283 278//283 328//283 279//283 
f 329//284 280//284 234//284 279//284 
f 330//285 282//285 236//285 280//285 
f 297//286 331//286 281//286 250//286 
f 332//287 283//287 237//287 282//287 
f 238//288 283//288 333//288 284//288 
f 334//289 285//289 239//289 284//289 
f 285//290 335//290 336//290 286//290 
f 287//291 240//291 286//291 337//291 
f 241//292 287//292 338//292 288//292 
f 288//293 339//293 289//293 242//293 
f 243//294 289//294 340//294 290//294 
f 290//295 341//295 291//295 244//295 
f 245//296 291//296 342//296 292//296 
f 292//297 343//297 293//297 246//297 
f 247//298 293//298 344//298 294//298 
f 295//299 248//299 294//299 345//299 
f 249//300 295//300 346//300 296//300 
f 251//301 296//301 347//301 299//301 
f 301//302 348//302 297//302 254//302 
f 298//303 299//303 349//303 350//303 
f 351//304 301//304 300//304 352//304 
f 302//305 263//305 311//305 353//305 
f 303//306 255//306 302//306 354//306 
f 304//307 256//307 303//307 355//307 
f 257//308 304//308 356//308 305//308 
f 305//309 357//309 306//309 258//309 
f 259//310 306//310 358//310 307//310 
f 359//311 308//311 260//311 307//311 
f 262//314 309//314 361//314 310//314 
f 310//315 362//315 312//315 265//315 
f 298//316 350//316 363//316 311//316 
f 312//317 364//317 365//317 313//317 
f 267//318 316//318 366//318 314//318 
f 367//319 315//319 266//319 314//319 
f 315//320 368//320 318//320 269//320 
f 369//321 316//321 268//321 317//321 
f 317//322 275//322 324//322 370//322 
f 371//323 319//323 270//323 318//323 
f 320//324 271//324 319//324 372//324 
f 373//325 321//325 272//325 320//325 
f 322//326 273//326 321//326 374//326 
f 375//327 323//327 274//327 322//327 
f 376//328 352//328 300//328 323//328 
f 377//329 324//329 313//329 365//329 
f 331//330 378//330 325//330 281//330 
f 326//331 276//331 325//331 379//331 
f 326//332 380//332 327//332 277//332 
f 381//333 328//333 278//333 327//333 
f 328//334 382//334 329//334 279//334 
f 330//335 280//335 329//335 383//335 
f 330//336 384//336 332//336 282//336 
f 348//337 385//337 331//337 297//337 
f 386//338 333//338 283//338 332//338 
f 334//339 284//339 333//339 387//339 
f 334//340 388//340 335//340 285//340 
f 335//341 389//341 390//341 336//341 
f 336//342 391//342 392//342 286//342 
f 287//343 337//343 393//343 338//343 
f 288//344 338//344 394//344 339//344 
f 339//345 395//345 340//345 289//345 
f 290//346 340//346 396//346 341//346 
f 397//347 342//347 291//347 341//347 
f 292//348 342//348 398//348 343//348 
f 293//349 343//349 399//349 344//349 
f 400//350 345//350 294//350 344//350 
f 401//351 346//351 295//351 345//351 
f 346//352 402//352 347//352 296//352 
f 403//353 349//353 299//353 347//353 
f 351//354 404//354 348//354 301//354 
f 350//355 349//355 405//355 406//355 
f 351//356 352//356 407//356 408//356 
f 353//357 311//357 363//357 409//357 
f 302//358 353//358 410//358 354//358 
f 355//359 303//359 354//359 411//359 
f 412//360 356//360 304//360 355//360 
f 413//361 357//361 305//361 356//361 
f 414//362 358//362 306//362 357//362 
f 359//363 307//363 358//363 415//363 
f 359//364 416//364 417//364 308//364 
f 309//366 308//366 417//366 361//366 
f 418//367 362//367 310//367 361//367 
f 362//368 419//368 364//368 312//368 
f 350//369 406//369 420//369 363//369 
f 365//370 364//370 421//370 422//370 
f 369//371 423//371 366//371 316//371 
f 367//372 314//372 366//372 424//372 
f 367//373 425//373 368//373 315//373 
f 371//374 318//374 368//374 426//374 
f 369//375 317//375 370//375 427//375 
f 428//376 370//376 324//376 377//376 
f 371//377 429//377 372//377 319//377 
f 373//378 320//378 372//378 430//378 
f 373//379 431//379 374//379 321//379 
f 375//380 322//380 374//380 432//380 
f 433//381 376//381 323//381 375//381 
f 434//382 407//382 352//382 376//382 
f 377//383 365//383 422//383 435//383 
f 385//384 436//384 378//384 331//384 
f 325//385 378//385 437//385 379//385 
f 326//386 379//386 438//386 380//386 
f 381//387 327//387 380//387 439//387 
f 381//388 440//388 382//388 328//388 
f 329//389 382//389 441//389 383//389 
f 442//390 384//390 330//390 383//390 
f 443//391 386//391 332//391 384//391 
f 444//392 385//392 348//392 404//392 
f 387//393 333//393 386//393 445//393 
f 334//394 387//394 446//394 388//394 
f 388//395 447//395 389//395 335//395 
f 448//396 449//396 390//396 389//396 
f 336//397 390//397 450//397 391//397 
f 338//398 393//398 451//398 394//398 
f 339//399 394//399 452//399 395//399 
f 396//400 340//400 395//400 453//400 
f 397//401 341//401 396//401 454//401 
f 397//402 455//402 398//402 342//402 
f 456//403 399//403 343//403 398//403 
f 400//404 344//404 399//404 457//404 
f 400//405 458//405 401//405 345//405 
f 401//406 459//406 402//406 346//406 
f 402//407 460//407 403//407 347//407 
f 405//408 349//408 403//408 461//408 
f 462//409 404//409 351//409 408//409 
f 463//410 406//410 405//410 464//410 
f 465//411 408//411 407//411 466//411 
f 409//412 363//412 420//412 467//412 
f 353//413 409//413 468//413 410//413 
f 469//414 411//414 354//414 410//414 
f 412//415 355//415 411//415 470//415 
f 412//416 471//416 413//416 356//416 
f 413//417 472//417 414//417 357//417 
f 415//418 358//418 414//418 473//418 
f 359//419 415//419 474//419 416//419 
f 475//420 417//420 416//420 476//420 
f 475//421 418//421 361//421 417//421 
f 362//422 418//422 477//422 419//422 
f 421//423 364//423 419//423 478//423 
f 479//424 420//424 406//424 463//424 
f 422//425 421//425 480//425 481//425 
f 369//426 427//426 482//426 423//426 
f 424//427 366//427 423//427 483//427 
f 367//428 424//428 484//428 425//428 
f 485//429 426//429 368//429 425//429 
f 371//430 426//430 486//430 429//430 
f 487//431 427//431 370//431 428//431 
f 428//432 377//432 435//432 488//432 
f 489//433 430//433 372//433 429//433 
f 490//434 431//434 373//434 430//434 
f 491//435 432//435 374//435 431//435 
f 492//436 433//436 375//436 432//436 
f 434//437 376//437 433//437 493//437 
f 434//438 493//438 494//438 407//438 
f 435//439 422//439 481//439 495//439 
f 496//440 436//440 385//440 444//440 
f 497//441 437//441 378//441 436//441 
f 438//442 379//442 437//442 498//442 
f 380//443 438//443 499//443 439//443 
f 381//444 439//444 500//444 440//444 
f 441//445 382//445 440//445 501//445 
f 442//446 383//446 441//446 502//446 
f 443//447 384//447 442//447 503//447 
f 443//448 504//448 445//448 386//448 
f 462//449 505//449 444//449 404//449 
f 506//450 446//450 387//450 445//450 
f 446//451 507//451 447//451 388//451 
f 448//452 389//452 447//452 508//452 
f 448//453 509//453 510//453 449//453 
f 449//454 511//454 450//454 390//454 
f 512//455 513//455 391//455 450//455 
f 451//456 514//456 452//456 394//456 
f 453//457 395//457 452//457 515//457 
f 396//458 453//458 516//458 454//458 
f 397//459 454//459 517//459 455//459 
f 518//460 456//460 398//460 455//460 
f 457//461 399//461 456//461 519//461 
f 400//462 457//462 520//462 458//462 
f 401//463 458//463 521//463 459//463 
f 402//464 459//464 522//464 460//464 
f 460//465 523//465 461//465 403//465 
f 524//466 464//466 405//466 461//466 
f 465//467 525//467 462//467 408//467 
f 463//468 464//468 526//468 527//468 
f 466//469 407//469 528//469 529//469 
f 465//470 466//470 529//470 530//470 
f 531//471 467//471 420//471 479//471 
f 532//472 468//472 409//472 467//472 
f 469//473 410//473 468//473 533//473 
f 534//474 470//474 411//474 469//474 
f 535//475 471//475 412//475 470//475 
f 536//476 472//476 413//476 471//476 
f 537//477 473//477 414//477 472//477 
f 415//478 473//478 538//478 474//478 
f 476//479 416//479 474//479 539//479 
f 475//480 476//480 540//480 541//480 
f 475//481 541//481 477//481 418//481 
f 478//482 419//482 477//482 542//482 
f 480//483 421//483 478//483 543//483 
f 479//484 463//484 527//484 544//484 
f 481//485 480//485 545//485 546//485 
f 487//486 547//486 482//486 427//486 
f 483//487 423//487 482//487 548//487 
f 424//488 483//488 549//488 484//488 
f 550//489 485//489 425//489 484//489 
f 551//490 486//490 426//490 485//490 
f 489//491 429//491 486//491 552//491 
f 487//492 428//492 488//492 553//492 
f 488//493 435//493 495//493 554//493 
f 555//494 490//494 430//494 489//494 
f 556//495 491//495 431//495 490//495 
f 557//496 492//496 432//496 491//496 
f 558//497 493//497 433//497 492//497 
f 559//498 560//498 494//498 493//498 
f 528//499 407//499 494//499 560//499 
f 561//500 495//500 481//500 546//500 
f 496//501 562//501 497//501 436//501 
f 496//502 444//502 505//502 563//502 
f 497//503 564//503 498//503 437//503 
f 438//504 498//504 565//504 499//504 
f 500//505 439//505 499//505 566//505 
f 500//506 567//506 501//506 440//506 
f 441//507 501//507 568//507 502//507 
f 442//508 502//508 569//508 503//508 
f 443//509 503//509 570//509 504//509 
f 571//510 506//510 445//510 504//510 
f 525//511 572//511 505//511 462//511 
f 506//512 573//512 507//512 446//512 
f 507//513 574//513 508//513 447//513 
f 448//514 508//514 575//514 509//514 
f 509//515 576//515 577//515 510//515 
f 449//516 510//516 578//516 511//516 
f 579//517 512//517 450//517 511//517 
f 512//518 580//518 581//518 513//518 
f 582//519 515//519 452//519 514//519 
f 453//520 515//520 583//520 516//520 
f 584//521 517//521 454//521 516//521 
f 518//522 455//522 517//522 585//522 
f 518//523 586//523 519//523 456//523 
f 457//524 519//524 587//524 520//524 
f 458//525 520//525 588//525 521//525 
f 589//526 522//526 459//526 521//526 
f 590//527 523//527 460//527 522//527 
f 524//528 461//528 523//528 591//528 
f 524//529 592//529 526//529 464//529 
f 465//530 593//530 594//530 525//530 
f 526//531 595//531 596//531 527//531 
f 529//532 528//532 597//532 598//532 
f 599//533 530//533 529//533 598//533 
f 465//534 530//534 600//534 593//534 
f 601//535 532//535 467//535 531//535 
f 531//536 479//536 544//536 602//536 
f 532//537 603//537 533//537 468//537 
f 534//538 469//538 533//538 604//538 
f 535//539 470//539 534//539 605//539 
f 535//540 606//540 536//540 471//540 
f 537//541 472//541 536//541 607//541 
f 537//542 608//542 538//542 473//542 
f 539//543 474//543 538//543 609//543 
f 476//544 539//544 610//544 540//544 
f 540//545 611//545 612//545 541//545 
f 477//546 541//546 612//546 542//546 
f 613//547 543//547 478//547 542//547 
f 480//548 543//548 614//548 545//548 
f 544//549 527//549 596//549 615//549 
f 487//551 553//551 617//551 547//551 
f 547//552 618//552 548//552 482//552 
f 619//553 549//553 483//553 548//553 
f 620//554 550//554 484//554 549//554 
f 550//555 621//555 551//555 485//555 
f 551//556 622//556 552//556 486//556 
f 623//557 555//557 489//557 552//557 
f 488//558 554//558 624//558 553//558 
f 561//559 625//559 554//559 495//559 
f 626//560 556//560 490//560 555//560 
f 557//561 491//561 556//561 627//561 
f 558//563 629//563 559//563 493//563 
f 559//565 630//565 631//565 560//565 
f 528//566 560//566 631//566 597//566 
f 632//567 561//567 546//567 633//567 
f 496//568 563//568 634//568 562//568 
f 562//569 635//569 564//569 497//569 
f 505//570 572//570 636//570 563//570 
f 637//571 565//571 498//571 564//571 
f 638//572 566//572 499//572 565//572 
f 500//573 566//573 639//573 567//573 
f 640//574 568//574 501//574 567//574 
f 641//575 569//575 502//575 568//575 
f 503//576 569//576 642//576 570//576 
f 571//577 504//577 570//577 643//577 
f 571//578 644//578 573//578 506//578 
f 594//579 645//579 572//579 525//579 
f 573//580 646//580 574//580 507//580 
f 574//581 647//581 575//581 508//581 
f 509//582 575//582 648//582 576//582 
f 576//583 649//583 650//583 577//583 
f 651//584 578//584 510//584 577//584 
f 579//585 511//585 578//585 652//585 
f 580//586 512//586 579//586 653//586 
f 654//587 655//587 513//587 581//587 
f 582//588 656//588 583//588 515//588 
f 657//589 584//589 516//589 583//589 
f 658//590 585//590 517//590 584//590 
f 518//591 585//591 659//591 586//591 
f 519//592 586//592 660//592 587//592 
f 520//593 587//593 661//593 588//593 
f 589//594 521//594 588//594 662//594 
f 589//595 663//595 590//595 522//595 
f 590//596 664//596 591//596 523//596 
f 524//597 591//597 665//597 592//597 
f 592//598 666//598 595//598 526//598 
f 593//599 600//599 667//599 594//599 
f 668//600 596//600 595//600 669//600 
f 598//601 597//601 670//601 671//601 
f 599//602 672//602 600//602 530//602 
f 599//603 598//603 671//603 673//603 
f 674//604 603//604 532//604 601//604 
f 601//605 531//605 602//605 675//605 
f 602//606 544//606 615//606 676//606 
f 677//607 604//607 533//607 603//607 
f 605//608 534//608 604//608 678//608 
f 535//609 605//609 679//609 606//609 
f 536//610 606//610 680//610 607//610 
f 537//611 607//611 681//611 608//611 
f 682//612 609//612 538//612 608//612 
f 539//613 609//613 683//613 610//613 
f 540//614 610//614 684//614 611//614 
f 685//615 612//615 611//615 686//615 
f 613//616 542//616 612//616 685//616 
f 687//617 614//617 543//617 613//617 
f 615//619 596//619 668//619 689//619 
f 690//622 617//622 553//622 624//622 
f 691//623 618//623 547//623 617//623 
f 619//624 548//624 618//624 692//624 
f 693//625 620//625 549//625 619//625 
f 694//626 621//626 550//626 620//626 
f 551//627 621//627 695//627 622//627 
f 696//628 623//628 552//628 622//628 
f 623//629 697//629 626//629 555//629 
f 625//630 698//630 624//630 554//630 
f 561//631 699//631 700//631 625//631 
f 702//634 703//634 557//634 627//634 
f 703//636 629//636 558//636 557//636 
f 629//637 704//637 630//637 559//637 
f 631//638 630//638 705//638 706//638 
f 597//639 631//639 706//639 670//639 
f 708//641 632//641 633//641 709//641 
f 634//642 563//642 636//642 710//642 
f 562//643 634//643 711//643 635//643 
f 637//644 564//644 635//644 712//644 
f 572//645 645//645 713//645 636//645 
f 637//646 714//646 638//646 565//646 
f 638//647 715//647 639//647 566//647 
f 716//648 640//648 567//648 639//648 
f 717//649 641//649 568//649 640//649 
f 641//650 718//650 642//650 569//650 
f 719//651 643//651 570//651 642//651 
f 571//652 643//652 720//652 644//652 
f 644//653 721//653 646//653 573//653 
f 594//654 722//654 723//654 645//654 
f 646//655 724//655 647//655 574//655 
f 725//656 648//656 575//656 647//656 
f 576//657 648//657 726//657 649//657 
f 727//658 728//658 650//658 649//658 
f 651//659 577//659 650//659 729//659 
f 652//660 578//660 651//660 730//660 
f 656//664 733//664 657//664 583//664 
f 658//665 584//665 657//665 734//665 
f 658//666 735//666 659//666 585//666 
f 586//667 659//667 736//667 660//667 
f 661//668 587//668 660//668 737//668 
f 661//669 738//669 662//669 588//669 
f 589//670 662//670 739//670 663//670 
f 590//671 663//671 740//671 664//671 
f 665//672 591//672 664//672 741//672 
f 665//673 742//673 666//673 592//673 
f 666//674 743//674 669//674 595//674 
f 744//675 667//675 600//675 672//675 
f 594//676 667//676 745//676 722//676 
f 746//677 747//677 668//677 669//677 
f 671//678 670//678 748//678 749//678 
f 599//679 673//679 750//679 672//679 
f 751//680 673//680 671//680 749//680 
f 677//681 603//681 674//681 752//681 
f 674//682 601//682 675//682 753//682 
f 602//683 676//683 754//683 675//683 
f 615//684 689//684 755//684 676//684 
f 678//685 604//685 677//685 756//685 
f 679//686 605//686 678//686 757//686 
f 679//687 758//687 680//687 606//687 
f 680//688 759//688 681//688 607//688 
f 682//689 608//689 681//689 760//689 
f 682//690 761//690 683//690 609//690 
f 683//691 762//691 684//691 610//691 
f 763//692 686//692 611//692 684//692 
f 764//693 765//693 685//693 686//693 
f 687//694 613//694 685//694 765//694 
f 767//697 689//697 668//697 747//697 
f 768//698 691//698 617//698 690//698 
f 769//699 690//699 624//699 698//699 
f 691//700 770//700 692//700 618//700 
f 771//701 693//701 619//701 692//701 
f 694//702 620//702 693//702 772//702 
f 773//703 695//703 621//703 694//703 
f 774//704 696//704 622//704 695//704 
f 696//705 775//705 697//705 623//705 
f 697//706 776//706 777//706 626//706 
f 625//707 700//707 778//707 698//707 
f 779//709 700//709 699//709 780//709 
f 702//711 781//711 782//711 703//711 
f 626//712 777//712 702//712 627//712 
f 782//713 704//713 629//713 703//713 
f 704//714 783//714 705//714 630//714 
f 784//715 785//715 706//715 705//715 
f 670//716 706//716 785//716 748//716 
f 632//719 709//719 633//719 787//719 
f 710//721 636//721 713//721 788//721 
f 711//722 634//722 710//722 789//722 
f 711//723 790//723 712//723 635//723 
f 637//724 712//724 791//724 714//724 
f 645//725 723//725 792//725 713//725 
f 714//726 793//726 715//726 638//726 
f 716//727 639//727 715//727 794//727 
f 717//728 640//728 716//728 795//728 
f 796//729 718//729 641//729 717//729 
f 718//730 797//730 719//730 642//730 
f 798//731 720//731 643//731 719//731 
f 644//732 720//732 799//732 721//732 
f 646//733 721//733 800//733 724//733 
f 723//734 722//734 745//734 801//734 
f 725//735 647//735 724//735 802//735 
f 725//736 803//736 726//736 648//736 
f 727//737 649//737 726//737 804//737 
f 727//738 805//738 806//738 728//738 
f 807//739 729//739 650//739 728//739 
f 808//740 730//740 651//740 729//740 
f 652//741 730//741 809//741 653//741 
f 811//745 734//745 657//745 733//745 
f 658//746 734//746 812//746 735//746 
f 736//747 659//747 735//747 813//747 
f 736//748 814//748 737//748 660//748 
f 661//749 737//749 815//749 738//749 
f 739//750 662//750 738//750 816//750 
f 739//751 817//751 740//751 663//751 
f 818//752 741//752 664//752 740//752 
f 819//753 742//753 665//753 741//753 
f 666//754 742//754 820//754 743//754 
f 746//755 669//755 743//755 821//755 
f 745//756 667//756 744//756 822//756 
f 744//757 672//757 750//757 823//757 
f 746//758 824//758 825//758 747//758 
f 826//759 749//759 748//759 827//759 
f 751//760 828//760 750//760 673//760 
f 829//761 751//761 749//761 826//761 
f 674//762 753//762 830//762 752//762 
f 677//763 752//763 831//763 756//763 
f 753//764 675//764 754//764 832//764 
f 755//765 833//765 754//765 676//765 
f 755//766 689//766 767//766 834//766 
f 757//767 678//767 756//767 835//767 
f 679//768 757//768 836//768 758//768 
f 758//769 837//769 759//769 680//769 
f 760//770 681//770 759//770 838//770 
f 682//771 760//771 839//771 761//771 
f 840//772 762//772 683//772 761//772 
f 763//773 684//773 762//773 841//773 
f 764//774 686//774 763//774 842//774 
f 843//775 765//775 764//775 844//775 
f 845//776 687//776 765//776 846//776 
f 825//779 847//779 767//779 747//779 
f 848//780 770//780 691//780 768//780 
f 849//781 768//781 690//781 769//781 
f 769//782 698//782 778//782 850//782 
f 851//783 771//783 692//783 770//783 
f 771//784 852//784 772//784 693//784 
f 773//785 694//785 772//785 853//785 
f 773//786 854//786 774//786 695//786 
f 774//787 855//787 775//787 696//787 
f 697//788 775//788 856//788 776//788 
f 776//789 857//789 858//789 777//789 
f 699//792 632//792 860//792 780//792 
f 779//793 780//793 861//793 862//793 
f 777//794 858//794 781//794 702//794 
f 781//795 863//795 864//795 782//795 
f 782//796 864//796 783//796 704//796 
f 783//797 865//797 784//797 705//797 
f 784//798 866//798 867//798 785//798 
f 748//799 785//799 867//799 827//799 
f 860//802 632//802 787//802 869//802 
f 788//803 713//803 792//803 870//803 
f 872//806 790//806 711//806 789//806 
f 790//807 873//807 791//807 712//807 
f 714//808 791//808 874//808 793//808 
f 723//809 875//809 876//809 792//809 
f 794//810 715//810 793//810 877//810 
f 716//811 794//811 878//811 795//811 
f 879//812 796//812 717//812 795//812 
f 796//813 880//813 797//813 718//813 
f 881//814 798//814 719//814 797//814 
f 882//815 799//815 720//815 798//815 
f 799//816 883//816 800//816 721//816 
f 884//817 802//817 724//817 800//817 
f 745//818 822//818 885//818 801//818 
f 723//819 801//819 886//819 875//819 
f 725//820 802//820 887//820 803//820 
f 888//821 804//821 726//821 803//821 
f 727//822 804//822 889//822 805//822 
f 806//823 805//823 890//823 891//823 
f 807//824 728//824 806//824 892//824 
f 807//825 893//825 808//825 729//825 
f 808//826 894//826 809//826 730//826 
f 811//829 896//829 812//829 734//829 
f 897//830 813//830 735//830 812//830 
f 736//831 813//831 898//831 814//831 
f 899//832 815//832 737//832 814//832 
f 738//833 815//833 900//833 816//833 
f 739//834 816//834 901//834 817//834 
f 818//835 740//835 817//835 902//835 
f 903//836 819//836 741//836 818//836 
f 819//837 904//837 820//837 742//837 
f 905//838 821//838 743//838 820//838 
f 746//839 821//839 906//839 824//839 
f 744//840 823//840 907//840 822//840 
f 823//841 750//841 828//841 908//841 
f 824//842 909//842 910//842 825//842 
f 826//843 827//843 911//843 912//843 
f 829//844 913//844 828//844 751//844 
f 914//845 829//845 826//845 912//845 
f 753//846 832//846 915//846 830//846 
f 831//847 752//847 830//847 916//847 
f 831//848 917//848 835//848 756//848 
f 918//849 832//849 754//849 833//849 
f 919//850 833//850 755//850 834//850 
f 847//851 920//851 834//851 767//851 
f 757//852 835//852 921//852 836//852 
f 758//853 836//853 922//853 837//853 
f 838//854 759//854 837//854 923//854 
f 760//855 838//855 924//855 839//855 
f 840//856 761//856 839//856 925//856 
f 840//857 926//857 841//857 762//857 
f 927//858 842//858 763//858 841//858 
f 764//859 842//859 928//859 844//859 
f 929//860 846//860 765//860 843//860 
f 843//861 844//861 930//861 931//861 
f 932//862 933//862 845//862 846//862 
f 845//863 933//863 934//863 766//863 
f 825//864 910//864 935//864 847//864 
f 848//865 936//865 851//865 770//865 
f 937//866 848//866 768//866 849//866 
f 849//867 769//867 850//867 938//867 
f 778//868 939//868 940//868 850//868 
f 851//869 941//869 852//869 771//869 
f 942//870 853//870 772//870 852//870 
f 773//871 853//871 943//871 854//871 
f 944//872 855//872 774//872 854//872 
f 855//873 945//873 856//873 775//873 
f 776//874 856//874 946//874 857//874 
f 857//875 947//875 948//875 858//875 
f 949//877 861//877 780//877 860//877 
f 950//878 862//878 861//878 951//878 
f 779//879 862//879 939//879 778//879 
f 858//880 948//880 863//880 781//880 
f 863//881 952//881 953//881 864//881 
f 953//882 865//882 783//882 864//882 
f 784//883 865//883 954//883 866//883 
f 867//884 866//884 955//884 956//884 
f 911//885 827//885 867//885 956//885 
f 792//889 876//889 959//889 870//889 
f 872//892 961//892 873//892 790//892 
f 872//893 789//893 960//893 962//893 
f 963//894 874//894 791//894 873//894 
f 964//895 877//895 793//895 874//895 
f 876//896 875//896 886//896 965//896 
f 966//897 878//897 794//897 877//897 
f 967//898 879//898 795//898 878//898 
f 879//899 968//899 880//899 796//899 
f 880//900 969//900 881//900 797//900 
f 970//901 882//901 798//901 881//901 
f 882//902 971//902 883//902 799//902 
f 884//903 800//903 883//903 972//903 
f 884//904 973//904 887//904 802//904 
f 822//905 907//905 974//905 885//905 
f 885//906 975//906 886//906 801//906 
f 976//907 888//907 803//907 887//907 
f 977//908 889//908 804//908 888//908 
f 890//909 805//909 889//909 978//909 
f 979//910 891//910 890//910 980//910 
f 981//911 892//911 806//911 891//911 
f 807//912 892//912 982//912 893//912 
f 808//913 893//913 983//913 894//913 
f 897//914 812//914 896//914 984//914 
f 897//915 985//915 898//915 813//915 
f 898//916 986//916 899//916 814//916 
f 899//917 987//917 900//917 815//917 
f 901//918 816//918 900//918 988//918 
f 989//919 902//919 817//919 901//919 
f 903//920 818//920 902//920 990//920 
f 903//921 991//921 904//921 819//921 
f 905//922 820//922 904//922 992//922 
f 906//923 821//923 905//923 993//923 
f 824//924 906//924 994//924 909//924 
f 907//925 823//925 908//925 995//925 
f 908//926 828//926 913//926 996//926 
f 910//927 909//927 997//927 998//927 
f 999//928 912//928 911//928 1000//928 
f 1001//929 913//929 829//929 914//929 
f 1002//930 914//930 912//930 999//930 
f 1003//931 915//931 832//931 918//931 
f 916//932 830//932 915//932 1004//932 
f 831//933 916//933 1005//933 917//933 
f 921//934 835//934 917//934 1006//934 
f 918//935 833//935 919//935 1007//935 
f 920//936 1008//936 919//936 834//936 
f 847//937 935//937 1009//937 920//937 
f 922//938 836//938 921//938 1010//938 
f 922//939 1011//939 923//939 837//939 
f 924//940 838//940 923//940 1012//940 
f 839//941 924//941 1013//941 925//941 
f 840//942 925//942 1014//942 926//942 
f 927//943 841//943 926//943 1015//943 
f 928//944 842//944 927//944 1016//944 
f 930//945 844//945 928//945 1017//945 
f 929//946 1018//946 932//946 846//946 
f 930//947 1019//947 1020//947 931//947 
f 1021//948 1022//948 933//948 932//948 
f 910//950 998//950 1024//950 935//950 
f 1025//951 936//951 848//951 937//951 
f 851//952 936//952 1026//952 941//952 
f 937//953 849//953 938//953 1027//953 
f 1028//954 938//954 850//954 940//954 
f 1029//955 1030//955 940//955 939//955 
f 942//956 852//956 941//956 1031//956 
f 1032//957 943//957 853//957 942//957 
f 1033//958 944//958 854//958 943//958 
f 944//959 1034//959 945//959 855//959 
f 946//960 856//960 945//960 1035//960 
f 857//961 946//961 1036//961 947//961 
f 948//962 947//962 1037//962 1038//962 
f 1039//963 951//963 861//963 949//963 
f 949//964 860//964 1040//964 1041//964 
f 950//965 1029//965 939//965 862//965 
f 950//966 951//966 1042//966 1043//966 
f 948//967 1038//967 952//967 863//967 
f 1044//968 1045//968 953//968 952//968 
f 953//969 1045//969 954//969 865//969 
f 866//970 954//970 1046//970 955//970 
f 956//971 955//971 1047//971 1048//971 
f 911//972 956//972 1048//972 1000//972 
f 766//973 1049//973 787//973 957//973 
f 876//976 1050//976 1051//976 959//976 
f 870//977 959//977 1052//977 960//977 
f 872//979 962//979 1053//979 961//979 
f 961//980 1054//980 963//980 873//980 
f 960//981 1052//981 1055//981 962//981 
f 964//982 874//982 963//982 1056//982 
f 966//983 877//983 964//983 1057//983 
f 965//984 886//984 975//984 1058//984 
f 876//985 965//985 1059//985 1050//985 
f 967//986 878//986 966//986 1060//986 
f 967//987 1061//987 968//987 879//987 
f 968//988 1062//988 969//988 880//988 
f 970//989 881//989 969//989 1063//989 
f 970//990 1064//990 971//990 882//990 
f 1065//991 972//991 883//991 971//991 
f 884//992 972//992 1066//992 973//992 
f 976//993 887//993 973//993 1067//993 
f 907//994 995//994 1068//994 974//994 
f 885//995 974//995 1069//995 975//995 
f 976//996 1070//996 977//996 888//996 
f 977//997 1071//997 978//997 889//997 
f 1072//998 980//998 890//998 978//998 
f 981//999 891//999 979//999 1073//999 
f 979//1000 980//1000 1074//1000 1075//1000 
f 981//1001 1076//1001 982//1001 892//1001 
f 893//1002 982//1002 1077//1002 983//1002 
f 897//1003 984//1003 1078//1003 985//1003 
f 898//1004 985//1004 1079//1004 986//1004 
f 899//1005 986//1005 1080//1005 987//1005 
f 1081//1006 988//1006 900//1006 987//1006 
f 989//1007 901//1007 988//1007 1082//1007 
f 989//1008 1083//1008 990//1008 902//1008 
f 903//1009 990//1009 1084//1009 991//1009 
f 1085//1010 992//1010 904//1010 991//1010 
f 993//1011 905//1011 992//1011 1086//1011 
f 906//1012 993//1012 1087//1012 994//1012 
f 909//1013 994//1013 1088//1013 997//1013 
f 995//1014 908//1014 996//1014 1089//1014 
f 996//1015 913//1015 1001//1015 1090//1015 
f 1091//1016 1092//1016 998//1016 997//1016 
f 1002//1017 999//1017 1000//1017 1093//1017 
f 1094//1018 1001//1018 914//1018 1002//1018 
f 1095//1019 1004//1019 915//1019 1003//1019 
f 1005//1021 916//1021 1004//1021 1097//1021 
f 1006//1022 917//1022 1005//1022 1098//1022 
f 921//1023 1006//1023 1099//1023 1010//1023 
f 1008//1024 1100//1024 1007//1024 919//1024 
f 1102//1027 1009//1027 935//1027 1024//1027 
f 920//1028 1009//1028 1103//1028 1104//1028 
f 922//1029 1010//1029 1105//1029 1011//1029 
f 1106//1030 1012//1030 923//1030 1011//1030 
f 1013//1031 924//1031 1012//1031 1107//1031 
f 1014//1032 925//1032 1013//1032 1108//1032 
f 1014//1033 1109//1033 1015//1033 926//1033 
f 927//1034 1015//1034 1110//1034 1016//1034 
f 928//1035 1016//1035 1111//1035 1017//1035 
f 1112//1036 1019//1036 930//1036 1017//1036 
f 1021//1037 932//1037 1018//1037 1113//1037 
f 1114//1038 1020//1038 1019//1038 1115//1038 
f 1021//1039 1116//1039 1117//1039 1022//1039 
f 998//1042 1092//1042 1119//1042 1024//1042 
f 1025//1043 1120//1043 1026//1043 936//1043 
f 1025//1044 937//1044 1027//1044 1121//1044 
f 1122//1045 1031//1045 941//1045 1026//1045 
f 1027//1046 938//1046 1028//1046 1123//1046 
f 1028//1047 940//1047 1030//1047 1124//1047 
f 1125//1048 1126//1048 1030//1048 1029//1048 
f 1127//1049 1032//1049 942//1049 1031//1049 
f 1128//1050 1033//1050 943//1050 1032//1050 
f 1033//1051 1129//1051 1034//1051 944//1051 
f 945//1052 1034//1052 1130//1052 1035//1052 
f 946//1053 1035//1053 1131//1053 1036//1053 
f 947//1054 1036//1054 1132//1054 1037//1054 
f 1038//1055 1037//1055 1133//1055 1134//1055 
f 1039//1056 1135//1056 1042//1056 951//1056 
f 1039//1057 949//1057 1041//1057 1136//1057 
f 1125//1058 1029//1058 950//1058 1043//1058 
f 1137//1059 1043//1059 1042//1059 1138//1059 
f 1038//1060 1134//1060 1044//1060 952//1060 
f 1044//1061 1139//1061 1140//1061 1045//1061 
f 1140//1062 1046//1062 954//1062 1045//1062 
f 955//1063 1046//1063 1141//1063 1047//1063 
f 1000//1065 1048//1065 1143//1065 1093//1065 
f 1051//1066 1050//1066 1144//1066 1145//1066 
f 959//1067 1051//1067 1146//1067 1052//1067 
f 1147//1068 1053//1068 962//1068 1055//1068 
f 961//1069 1053//1069 1148//1069 1054//1069 
f 1056//1070 963//1070 1054//1070 1149//1070 
f 1147//1071 1055//1071 1052//1071 1146//1071 
f 964//1072 1056//1072 1150//1072 1057//1072 
f 966//1073 1057//1073 1151//1073 1060//1073 
f 1058//1074 975//1074 1069//1074 1152//1074 
f 965//1075 1058//1075 1153//1075 1059//1075 
f 1050//1076 1059//1076 1154//1076 1144//1076 
f 967//1077 1060//1077 1155//1077 1061//1077 
f 968//1078 1061//1078 1156//1078 1062//1078 
f 1157//1079 1063//1079 969//1079 1062//1079 
f 970//1080 1063//1080 1158//1080 1064//1080 
f 1065//1081 971//1081 1064//1081 1159//1081 
f 1065//1082 1160//1082 1066//1082 972//1082 
f 1161//1083 1067//1083 973//1083 1066//1083 
f 976//1084 1067//1084 1162//1084 1070//1084 
f 995//1085 1089//1085 1163//1085 1068//1085 
f 974//1086 1068//1086 1164//1086 1069//1086 
f 977//1087 1070//1087 1165//1087 1071//1087 
f 1072//1088 978//1088 1071//1088 1166//1088 
f 1072//1089 1167//1089 1074//1089 980//1089 
f 1073//1090 979//1090 1075//1090 1168//1090 
f 981//1091 1073//1091 1169//1091 1076//1091 
f 1170//1092 1075//1092 1074//1092 1171//1092 
f 1076//1093 1172//1093 1077//1093 982//1093 
f 1078//1094 1173//1094 1079//1094 985//1094 
f 986//1095 1079//1095 1174//1095 1080//1095 
f 1175//1096 1081//1096 987//1096 1080//1096 
f 1176//1097 1082//1097 988//1097 1081//1097 
f 989//1098 1082//1098 1177//1098 1083//1098 
f 990//1099 1083//1099 1178//1099 1084//1099 
f 1179//1100 1085//1100 991//1100 1084//1100 
f 1086//1101 992//1101 1085//1101 1180//1101 
f 993//1102 1086//1102 1181//1102 1087//1102 
f 1087//1103 1182//1103 1088//1103 994//1103 
f 1088//1104 1183//1104 1091//1104 997//1104 
f 1089//1105 996//1105 1090//1105 1184//1105 
f 1090//1106 1001//1106 1094//1106 1185//1106 
f 1091//1107 1186//1107 1187//1107 1092//1107 
f 1094//1109 1002//1109 1189//1109 1190//1109 
f 1095//1110 1191//1110 1097//1110 1004//1110 
f 1095//1111 1003//1111 1192//1111 1193//1111 
f 1005//1113 1097//1113 1194//1113 1098//1113 
f 1006//1114 1098//1114 1195//1114 1099//1114 
f 1010//1115 1099//1115 1196//1115 1105//1115 
f 1008//1116 1104//1116 1197//1116 1100//1116 
f 1003//1117 1007//1117 1100//1117 1192//1117 
f 1103//1120 1009//1120 1102//1120 1198//1120 
f 1119//1121 1199//1121 1102//1121 1024//1121 
f 1197//1122 1104//1122 1103//1122 1200//1122 
f 1106//1123 1011//1123 1105//1123 1201//1123 
f 1107//1124 1012//1124 1106//1124 1202//1124 
f 1204//1127 1109//1127 1014//1127 1108//1127 
f 1109//1128 1205//1128 1110//1128 1015//1128 
f 1206//1129 1111//1129 1016//1129 1110//1129 
f 1112//1130 1017//1130 1111//1130 1207//1130 
f 1115//1131 1019//1131 1112//1131 1208//1131 
f 1209//1132 1116//1132 1021//1132 1113//1132 
f 1210//1133 1114//1133 1115//1133 1211//1133 
f 1212//1134 1117//1134 1116//1134 1213//1134 
f 1119//1137 1092//1137 1187//1137 1215//1137 
f 1025//1138 1121//1138 1216//1138 1120//1138 
f 1122//1139 1026//1139 1120//1139 1217//1139 
f 1027//1140 1123//1140 1218//1140 1121//1140 
f 1219//1141 1127//1141 1031//1141 1122//1141 
f 1028//1142 1124//1142 1220//1142 1123//1142 
f 1221//1143 1124//1143 1030//1143 1126//1143 
f 1222//1144 1126//1144 1125//1144 1223//1144 
f 1127//1145 1224//1145 1128//1145 1032//1145 
f 1128//1146 1225//1146 1129//1146 1033//1146 
f 1227//1149 1131//1149 1035//1149 1130//1149 
f 1132//1150 1036//1150 1131//1150 1228//1150 
f 1037//1151 1132//1151 1229//1151 1133//1151 
f 1134//1152 1133//1152 1230//1152 1231//1152 
f 1039//1153 1136//1153 1232//1153 1135//1153 
f 1135//1154 1233//1154 1138//1154 1042//1154 
f 1041//1155 1234//1155 1235//1155 1136//1155 
f 1125//1156 1043//1156 1137//1156 1223//1156 
f 1236//1157 1237//1157 1137//1157 1138//1157 
f 1134//1158 1231//1158 1139//1158 1044//1158 
f 1238//1159 1239//1159 1140//1159 1139//1159 
f 1241//1164 1242//1164 1093//1164 1143//1164 
f 1051//1166 1145//1166 1244//1166 1146//1166 
f 1148//1167 1053//1167 1147//1167 1245//1167 
f 1148//1168 1246//1168 1149//1168 1054//1168 
f 1056//1169 1149//1169 1247//1169 1150//1169 
f 1248//1170 1147//1170 1146//1170 1244//1170 
f 1057//1171 1150//1171 1249//1171 1151//1171 
f 1060//1172 1151//1172 1250//1172 1155//1172 
f 1152//1173 1069//1173 1164//1173 1251//1173 
f 1058//1174 1152//1174 1252//1174 1153//1174 
f 1059//1175 1153//1175 1253//1175 1154//1175 
f 1061//1177 1155//1177 1254//1177 1156//1177 
f 1255//1178 1157//1178 1062//1178 1156//1178 
f 1157//1179 1256//1179 1158//1179 1063//1179 
f 1158//1180 1257//1180 1159//1180 1064//1180 
f 1065//1181 1159//1181 1258//1181 1160//1181 
f 1259//1182 1161//1182 1066//1182 1160//1182 
f 1161//1183 1260//1183 1162//1183 1067//1183 
f 1261//1184 1165//1184 1070//1184 1162//1184 
f 1089//1185 1184//1185 1262//1185 1163//1185 
f 1068//1186 1163//1186 1263//1186 1164//1186 
f 1166//1187 1071//1187 1165//1187 1264//1187 
f 1072//1188 1166//1188 1265//1188 1167//1188 
f 1266//1189 1171//1189 1074//1189 1167//1189 
f 1267//1190 1168//1190 1075//1190 1170//1190 
f 1073//1191 1168//1191 1268//1191 1169//1191 
f 1169//1192 1269//1192 1172//1192 1076//1192 
f 1170//1193 1171//1193 1270//1193 1271//1193 
f 1272//1194 1174//1194 1079//1194 1173//1194 
f 1175//1195 1080//1195 1174//1195 1273//1195 
f 1175//1196 1274//1196 1176//1196 1081//1196 
f 1176//1197 1275//1197 1177//1197 1082//1197 
f 1276//1198 1178//1198 1083//1198 1177//1198 
f 1179//1199 1084//1199 1178//1199 1277//1199 
f 1180//1200 1085//1200 1179//1200 1278//1200 
f 1086//1201 1180//1201 1279//1201 1181//1201 
f 1087//1202 1181//1202 1280//1202 1182//1202 
f 1088//1203 1182//1203 1281//1203 1183//1203 
f 1091//1204 1183//1204 1282//1204 1186//1204 
f 1184//1205 1090//1205 1185//1205 1283//1205 
f 1284//1206 1185//1206 1094//1206 1190//1206 
f 1186//1207 1285//1207 1286//1207 1187//1207 
f 1190//1210 1189//1210 1288//1210 1289//1210 
f 1095//1211 1193//1211 1290//1211 1191//1211 
f 1097//1212 1191//1212 1291//1212 1194//1212 
f 1193//1213 1192//1213 1292//1213 1293//1213 
f 1195//1214 1098//1214 1194//1214 1294//1214 
f 1099//1215 1195//1215 1295//1215 1196//1215 
f 1105//1216 1196//1216 1296//1216 1201//1216 
f 1100//1217 1197//1217 1292//1217 1192//1217 
f 1102//1218 1199//1218 1297//1218 1198//1218 
f 1298//1219 1200//1219 1103//1219 1198//1219 
f 1119//1220 1215//1220 1299//1220 1199//1220 
f 1197//1221 1200//1221 1300//1221 1292//1221 
f 1301//1222 1202//1222 1106//1222 1201//1222 
f 1302//1223 1303//1223 1107//1223 1202//1223 
f 1109//1226 1204//1226 1305//1226 1205//1226 
f 1108//1227 1304//1227 1306//1227 1204//1227 
f 1307//1228 1206//1228 1110//1228 1205//1228 
f 1308//1229 1207//1229 1111//1229 1206//1229 
f 1208//1230 1112//1230 1207//1230 1309//1230 
f 1115//1231 1208//1231 1310//1231 1211//1231 
f 1213//1232 1116//1232 1209//1232 1311//1232 
f 1312//1233 1210//1233 1211//1233 1313//1233 
f 1212//1234 1314//1234 1315//1234 1117//1234 
f 1316//1235 1212//1235 1213//1235 1317//1235 
f 1318//1236 1049//1236 1214//1236 1319//1236 
f 1286//1237 1320//1237 1215//1237 1187//1237 
f 1121//1238 1218//1238 1321//1238 1216//1238 
f 1322//1239 1217//1239 1120//1239 1216//1239 
f 1323//1240 1219//1240 1122//1240 1217//1240 
f 1218//1241 1123//1241 1220//1241 1324//1241 
f 1325//1242 1224//1242 1127//1242 1219//1242 
f 1221//1243 1326//1243 1220//1243 1124//1243 
f 1222//1244 1327//1244 1221//1244 1126//1244 
f 1222//1245 1223//1245 1328//1245 1329//1245 
f 1224//1246 1330//1246 1225//1246 1128//1246 
f 1225//1247 1331//1247 1332//1247 1129//1247 
f 1228//1249 1131//1249 1227//1249 1333//1249 
f 1332//1250 1227//1250 1130//1250 1129//1250 
f 1132//1251 1228//1251 1334//1251 1229//1251 
f 1335//1252 1230//1252 1133//1252 1229//1252 
f 1231//1253 1230//1253 1336//1253 1337//1253 
f 1136//1254 1235//1254 1338//1254 1232//1254 
f 1135//1255 1232//1255 1339//1255 1233//1255 
f 1236//1256 1138//1256 1233//1256 1340//1256 
f 1137//1257 1237//1257 1328//1257 1223//1257 
f 1236//1258 1341//1258 1342//1258 1237//1258 
f 1231//1259 1337//1259 1238//1259 1139//1259 
f 1344//1262 1242//1262 1241//1262 1345//1262 
f 1346//1263 1347//1263 1093//1263 1242//1263 
f 1248//1267 1350//1267 1245//1267 1147//1267 
f 1148//1268 1245//1268 1351//1268 1246//1268 
f 1247//1269 1149//1269 1246//1269 1352//1269 
f 1150//1270 1247//1270 1353//1270 1249//1270 
f 1354//1271 1355//1271 1248//1271 1244//1271 
f 1151//1272 1249//1272 1356//1272 1250//1272 
f 1155//1273 1250//1273 1357//1273 1254//1273 
f 1251//1274 1164//1274 1263//1274 1358//1274 
f 1152//1275 1251//1275 1359//1275 1252//1275 
f 1153//1276 1252//1276 1360//1276 1253//1276 
f 1154//1277 1253//1277 1361//1277 1362//1277 
f 1255//1278 1156//1278 1254//1278 1363//1278 
f 1255//1279 1364//1279 1256//1279 1157//1279 
f 1158//1280 1256//1280 1365//1280 1257//1280 
f 1258//1281 1159//1281 1257//1281 1366//1281 
f 1259//1282 1160//1282 1258//1282 1367//1282 
f 1259//1283 1368//1283 1260//1283 1161//1283 
f 1260//1284 1369//1284 1261//1284 1162//1284 
f 1264//1285 1165//1285 1261//1285 1370//1285 
f 1184//1286 1283//1286 1371//1286 1262//1286 
f 1163//1287 1262//1287 1372//1287 1263//1287 
f 1166//1288 1264//1288 1373//1288 1265//1288 
f 1265//1289 1374//1289 1266//1289 1167//1289 
f 1266//1290 1375//1290 1270//1290 1171//1290 
f 1267//1291 1376//1291 1268//1291 1168//1291 
f 1267//1292 1170//1292 1271//1292 1377//1292 
f 1169//1293 1268//1293 1378//1293 1269//1293 
f 1379//1294 1380//1294 1271//1294 1270//1294 
f 1272//1295 1381//1295 1273//1295 1174//1295 
f 1175//1296 1273//1296 1382//1296 1274//1296 
f 1274//1297 1383//1297 1275//1297 1176//1297 
f 1276//1298 1177//1298 1275//1298 1384//1298 
f 1277//1299 1178//1299 1276//1299 1385//1299 
f 1386//1300 1278//1300 1179//1300 1277//1300 
f 1180//1301 1278//1301 1387//1301 1279//1301 
f 1181//1302 1279//1302 1388//1302 1280//1302 
f 1281//1303 1182//1303 1280//1303 1389//1303 
f 1281//1304 1390//1304 1282//1304 1183//1304 
f 1186//1305 1282//1305 1391//1305 1285//1305 
f 1283//1306 1185//1306 1392//1306 1371//1306 
f 1285//1309 1395//1309 1396//1309 1286//1309 
f 1397//1310 1287//1310 1093//1310 1347//1310 
f 1189//1313 1347//1313 1346//1313 1288//1313 
f 1288//1314 1398//1314 1399//1314 1289//1314 
f 1190//1315 1289//1315 1400//1315 1401//1315 
f 1290//1316 1193//1316 1293//1316 1402//1316 
f 1291//1317 1191//1317 1290//1317 1403//1317 
f 1291//1318 1404//1318 1294//1318 1194//1318 
f 1293//1319 1292//1319 1300//1319 1405//1319 
f 1195//1320 1294//1320 1406//1320 1295//1320 
f 1196//1321 1295//1321 1407//1321 1296//1321 
f 1409//1323 1297//1323 1199//1323 1299//1323 
f 1298//1324 1198//1324 1297//1324 1410//1324 
f 1298//1325 1411//1325 1300//1325 1200//1325 
f 1299//1326 1215//1326 1320//1326 1412//1326 
f 1301//1327 1413//1327 1302//1327 1202//1327 
f 1204//1331 1306//1331 1415//1331 1305//1331 
f 1307//1332 1205//1332 1305//1332 1416//1332 
f 1417//1333 1306//1333 1304//1333 1302//1333 
f 1418//1334 1308//1334 1206//1334 1307//1334 
f 1308//1335 1419//1335 1309//1335 1207//1335 
f 1310//1336 1208//1336 1309//1336 1420//1336 
f 1313//1337 1211//1337 1310//1337 1421//1337 
f 1312//1338 1313//1338 1422//1338 1423//1338 
f 1424//1339 1049//1339 1318//1339 1425//1339 
f 1286//1342 1396//1342 1428//1342 1320//1342 
f 1218//1343 1324//1343 1429//1343 1321//1343 
f 1322//1344 1216//1344 1321//1344 1430//1344 
f 1431//1345 1323//1345 1217//1345 1322//1345 
f 1323//1346 1432//1346 1325//1346 1219//1346 
f 1326//1347 1433//1347 1324//1347 1220//1347 
f 1325//1348 1434//1348 1330//1348 1224//1348 
f 1221//1349 1327//1349 1435//1349 1326//1349 
f 1222//1350 1329//1350 1436//1350 1327//1350 
f 1437//1351 1329//1351 1328//1351 1438//1351 
f 1330//1352 1439//1352 1331//1352 1225//1352 
f 1331//1353 1440//1353 1441//1353 1332//1353 
f 1332//1354 1441//1354 1333//1354 1227//1354 
f 1228//1355 1333//1355 1442//1355 1334//1355 
f 1335//1356 1229//1356 1334//1356 1443//1356 
f 1336//1357 1230//1357 1335//1357 1444//1357 
f 1445//1358 1446//1358 1337//1358 1336//1358 
f 1232//1359 1338//1359 1447//1359 1339//1359 
f 1340//1360 1233//1360 1339//1360 1448//1360 
f 1236//1361 1340//1361 1449//1361 1341//1361 
f 1438//1362 1328//1362 1237//1362 1342//1362 
f 1342//1363 1341//1363 1450//1363 1451//1363 
f 1238//1364 1337//1364 1446//1364 1452//1364 
f 1453//1366 1454//1366 1141//1366 1343//1366 
f 1344//1367 1455//1367 1346//1367 1242//1367 
f 1345//1368 1241//1368 1454//1368 1456//1368 
f 1344//1369 1345//1369 1457//1369 1458//1369 
f 1154//1372 1362//1372 1354//1372 1145//1372 
f 1248//1375 1355//1375 1460//1375 1350//1375 
f 1351//1376 1245//1376 1350//1376 1461//1376 
f 1352//1377 1246//1377 1351//1377 1462//1377 
f 1247//1378 1352//1378 1463//1378 1353//1378 
f 1353//1379 1464//1379 1356//1379 1249//1379 
f 1354//1380 1362//1380 1465//1380 1355//1380 
f 1466//1381 1357//1381 1250//1381 1356//1381 
f 1467//1382 1363//1382 1254//1382 1357//1382 
f 1358//1383 1263//1383 1372//1383 1468//1383 
f 1251//1384 1358//1384 1469//1384 1359//1384 
f 1359//1385 1470//1385 1360//1385 1252//1385 
f 1253//1386 1360//1386 1471//1386 1361//1386 
f 1362//1387 1361//1387 1472//1387 1465//1387 
f 1255//1388 1363//1388 1473//1388 1364//1388 
f 1364//1389 1474//1389 1365//1389 1256//1389 
f 1475//1390 1366//1390 1257//1390 1365//1390 
f 1476//1391 1367//1391 1258//1391 1366//1391 
f 1259//1392 1367//1392 1477//1392 1368//1392 
f 1478//1393 1369//1393 1260//1393 1368//1393 
f 1261//1394 1369//1394 1479//1394 1370//1394 
f 1264//1395 1370//1395 1480//1395 1373//1395 
f 1262//1396 1371//1396 1481//1396 1372//1396 
f 1265//1397 1373//1397 1482//1397 1374//1397 
f 1483//1398 1375//1398 1266//1398 1374//1398 
f 1379//1399 1270//1399 1375//1399 1484//1399 
f 1267//1400 1377//1400 1485//1400 1376//1400 
f 1271//1402 1380//1402 1487//1402 1377//1402 
f 1488//1403 1380//1403 1379//1403 1489//1403 
f 1490//1404 1382//1404 1273//1404 1381//1404 
f 1274//1405 1382//1405 1491//1405 1383//1405 
f 1384//1406 1275//1406 1383//1406 1492//1406 
f 1276//1407 1384//1407 1493//1407 1385//1407 
f 1386//1408 1277//1408 1385//1408 1494//1408 
f 1386//1409 1495//1409 1387//1409 1278//1409 
f 1279//1410 1387//1410 1496//1410 1388//1410 
f 1388//1411 1497//1411 1389//1411 1280//1411 
f 1281//1412 1389//1412 1498//1412 1390//1412 
f 1390//1413 1499//1413 1391//1413 1282//1413 
f 1285//1414 1391//1414 1500//1414 1395//1414 
f 1371//1416 1392//1416 1501//1416 1502//1416 
f 1395//1420 1503//1420 1504//1420 1396//1420 
f 1455//1424 1398//1424 1288//1424 1346//1424 
f 1506//1425 1399//1425 1398//1425 1507//1425 
f 1289//1426 1399//1426 1508//1426 1400//1426 
f 1400//1427 1509//1427 1510//1427 1401//1427 
f 1293//1428 1405//1428 1511//1428 1402//1428 
f 1290//1429 1402//1429 1512//1429 1403//1429 
f 1291//1430 1403//1430 1513//1430 1404//1430 
f 1404//1431 1514//1431 1406//1431 1294//1431 
f 1411//1432 1515//1432 1405//1432 1300//1432 
f 1295//1433 1406//1433 1516//1433 1407//1433 
f 1519//1436 1410//1436 1297//1436 1409//1436 
f 1409//1437 1299//1437 1412//1437 1520//1437 
f 1298//1438 1410//1438 1521//1438 1411//1438 
f 1522//1439 1520//1439 1412//1439 1320//1439 
f 1417//1445 1526//1445 1415//1445 1306//1445 
f 1527//1446 1416//1446 1305//1446 1415//1446 
f 1418//1447 1307//1447 1416//1447 1528//1447 
f 1529//1448 1417//1448 1302//1448 1530//1448 
f 1531//1449 1419//1449 1308//1449 1418//1449 
f 1532//1450 1420//1450 1309//1450 1419//1450 
f 1310//1451 1420//1451 1533//1451 1421//1451 
f 1313//1452 1421//1452 1534//1452 1422//1452 
f 1535//1453 1423//1453 1422//1453 1536//1453 
f 1425//1454 1318//1454 1537//1454 1538//1454 
f 1539//1455 1424//1455 1425//1455 1540//1455 
f 1396//1460 1504//1460 1543//1460 1428//1460 
f 1522//1461 1320//1461 1428//1461 1544//1461 
f 1545//1462 1429//1462 1324//1462 1433//1462 
f 1546//1463 1430//1463 1321//1463 1429//1463 
f 1547//1464 1431//1464 1322//1464 1430//1464 
f 1431//1465 1548//1465 1432//1465 1323//1465 
f 1325//1466 1432//1466 1549//1466 1434//1466 
f 1326//1467 1435//1467 1550//1467 1433//1467 
f 1330//1468 1434//1468 1551//1468 1439//1468 
f 1436//1469 1552//1469 1435//1469 1327//1469 
f 1437//1470 1553//1470 1436//1470 1329//1470 
f 1437//1471 1438//1471 1554//1471 1555//1471 
f 1331//1472 1439//1472 1556//1472 1440//1472 
f 1557//1473 1558//1473 1441//1473 1440//1473 
f 1333//1474 1441//1474 1558//1474 1442//1474 
f 1559//1475 1443//1475 1334//1475 1442//1475 
f 1335//1476 1443//1476 1560//1476 1444//1476 
f 1336//1477 1444//1477 1561//1477 1445//1477 
f 1445//1478 1562//1478 1563//1478 1446//1478 
f 1338//1479 1564//1479 1565//1479 1447//1479 
f 1566//1480 1448//1480 1339//1480 1447//1480 
f 1449//1481 1340//1481 1448//1481 1567//1481 
f 1341//1482 1449//1482 1568//1482 1450//1482 
f 1438//1483 1342//1483 1451//1483 1554//1483 
f 1451//1484 1450//1484 1569//1484 1570//1484 
f 1571//1485 1452//1485 1446//1485 1572//1485 
f 1456//1487 1454//1487 1453//1487 1574//1487 
f 1241//1488 1459//1488 1141//1488 1454//1488 
f 1343//1489 1575//1489 1576//1489 1453//1489 
f 1577//1490 1455//1490 1344//1490 1458//1490 
f 1345//1491 1456//1491 1578//1491 1457//1491 
f 1579//1492 1580//1492 1458//1492 1457//1492 
f 1239//1493 1459//1493 1143//1493 1581//1493 
f 1355//1494 1465//1494 1582//1494 1460//1494 
f 1460//1495 1583//1495 1461//1495 1350//1495 
f 1584//1496 1462//1496 1351//1496 1461//1496 
f 1585//1497 1463//1497 1352//1497 1462//1497 
f 1353//1498 1463//1498 1586//1498 1464//1498 
f 1466//1499 1356//1499 1464//1499 1587//1499 
f 1467//1500 1357//1500 1466//1500 1588//1500 
f 1467//1501 1589//1501 1473//1501 1363//1501 
f 1481//1502 1590//1502 1468//1502 1372//1502 
f 1358//1503 1468//1503 1591//1503 1469//1503 
f 1359//1504 1469//1504 1592//1504 1470//1504 
f 1593//1505 1471//1505 1360//1505 1470//1505 
f 1361//1506 1471//1506 1594//1506 1472//1506 
f 1472//1507 1595//1507 1582//1507 1465//1507 
f 1364//1508 1473//1508 1596//1508 1474//1508 
f 1475//1509 1365//1509 1474//1509 1597//1509 
f 1475//1510 1598//1510 1476//1510 1366//1510 
f 1476//1511 1599//1511 1477//1511 1367//1511 
f 1478//1512 1368//1512 1477//1512 1600//1512 
f 1478//1513 1601//1513 1479//1513 1369//1513 
f 1602//1514 1480//1514 1370//1514 1479//1514 
f 1603//1515 1482//1515 1373//1515 1480//1515 
f 1481//1516 1371//1516 1502//1516 1590//1516 
f 1483//1517 1374//1517 1482//1517 1604//1517 
f 1483//1518 1605//1518 1484//1518 1375//1518 
f 1379//1519 1484//1519 1606//1519 1489//1519 
f 1377//1520 1487//1520 1607//1520 1485//1520 
f 1608//1521 1609//1521 1376//1521 1485//1521 
f 1488//1524 1610//1524 1487//1524 1380//1524 
f 1488//1525 1489//1525 1611//1525 1612//1525 
f 1490//1526 1613//1526 1491//1526 1382//1526 
f 1492//1527 1383//1527 1491//1527 1614//1527 
f 1615//1528 1493//1528 1384//1528 1492//1528 
f 1616//1529 1494//1529 1385//1529 1493//1529 
f 1386//1530 1494//1530 1617//1530 1495//1530 
f 1387//1531 1495//1531 1618//1531 1496//1531 
f 1388//1532 1496//1532 1619//1532 1497//1532 
f 1620//1533 1498//1533 1389//1533 1497//1533 
f 1390//1534 1498//1534 1621//1534 1499//1534 
f 1499//1535 1622//1535 1500//1535 1391//1535 
f 1395//1536 1500//1536 1623//1536 1503//1536 
f 1625//1539 1626//1539 1502//1539 1501//1539 
f 1504//1541 1503//1541 1627//1541 1628//1541 
f 1577//1542 1507//1542 1398//1542 1455//1542 
f 1629//1543 1508//1543 1399//1543 1506//1543 
f 1630//1544 1506//1544 1507//1544 1631//1544 
f 1400//1545 1508//1545 1632//1545 1509//1545 
f 1405//1547 1515//1547 1633//1547 1511//1547 
f 1512//1548 1402//1548 1511//1548 1634//1548 
f 1403//1549 1512//1549 1635//1549 1513//1549 
f 1404//1550 1513//1550 1636//1550 1514//1550 
f 1406//1551 1514//1551 1637//1551 1516//1551 
f 1411//1552 1521//1552 1638//1552 1515//1552 
f 1519//1557 1641//1557 1521//1557 1410//1557 
f 1519//1558 1409//1558 1520//1558 1642//1558 
f 1522//1559 1643//1559 1642//1559 1520//1559 
f 1644//1564 1526//1564 1417//1564 1529//1564 
f 1527//1565 1415//1565 1526//1565 1645//1565 
f 1528//1566 1416//1566 1527//1566 1646//1566 
f 1531//1567 1418//1567 1528//1567 1647//1567 
f 1532//1568 1419//1568 1531//1568 1648//1568 
f 1532//1569 1649//1569 1533//1569 1420//1569 
f 1534//1570 1421//1570 1533//1570 1650//1570 
f 1536//1571 1422//1571 1534//1571 1651//1571 
f 1653//1573 1535//1573 1536//1573 1654//1573 
f 1543//1576 1504//1576 1628//1576 1656//1576 
f 1544//1577 1428//1577 1543//1577 1657//1577 
f 1522//1578 1544//1578 1658//1578 1643//1578 
f 1546//1579 1429//1579 1545//1579 1659//1579 
f 1545//1580 1433//1580 1550//1580 1660//1580 
f 1547//1581 1430//1581 1546//1581 1661//1581 
f 1547//1582 1662//1582 1548//1582 1431//1582 
f 1548//1583 1663//1583 1549//1583 1432//1583 
f 1549//1584 1664//1584 1551//1584 1434//1584 
f 1435//1585 1552//1585 1665//1585 1550//1585 
f 1551//1586 1666//1586 1556//1586 1439//1586 
f 1553//1587 1667//1587 1552//1587 1436//1587 
f 1437//1588 1555//1588 1668//1588 1553//1588 
f 1555//1589 1554//1589 1669//1589 1670//1589 
f 1556//1590 1671//1590 1557//1590 1440//1590 
f 1557//1591 1672//1591 1673//1591 1558//1591 
f 1559//1592 1442//1592 1558//1592 1673//1592 
f 1674//1593 1560//1593 1443//1593 1559//1593 
f 1560//1594 1675//1594 1676//1594 1444//1594 
f 1677//1595 1561//1595 1444//1595 1676//1595 
f 1561//1596 1678//1596 1677//1596 1445//1596 
f 1677//1597 1676//1597 1562//1597 1445//1597 
f 1679//1598 1680//1598 1563//1598 1562//1598 
f 1576//1599 1575//1599 1446//1599 1563//1599 
f 1681//1600 1682//1600 1565//1600 1564//1600 
f 1566//1601 1447//1601 1565//1601 1683//1601 
f 1566//1602 1684//1602 1685//1602 1448//1602 
f 1449//1604 1567//1604 1687//1604 1568//1604 
f 1450//1605 1568//1605 1688//1605 1569//1605 
f 1554//1606 1451//1606 1570//1606 1669//1606 
f 1569//1607 1689//1607 1690//1607 1570//1607 
f 1452//1608 1571//1608 1691//1608 1692//1608 
f 1575//1609 1343//1609 1572//1609 1446//1609 
f 1445//1610 1571//1610 1572//1610 1692//1610 
f 1576//1613 1694//1613 1574//1613 1453//1613 
f 1456//1614 1574//1614 1695//1614 1578//1614 
f 1577//1615 1458//1615 1580//1615 1696//1615 
f 1579//1616 1457//1616 1578//1616 1697//1616 
f 1579//1617 1698//1617 1699//1617 1580//1617 
f 1460//1619 1582//1619 1701//1619 1583//1619 
f 1702//1620 1584//1620 1461//1620 1583//1620 
f 1584//1621 1703//1621 1585//1621 1462//1621 
f 1585//1622 1704//1622 1586//1622 1463//1622 
f 1705//1623 1587//1623 1464//1623 1586//1623 
f 1466//1624 1587//1624 1706//1624 1588//1624 
f 1467//1625 1588//1625 1707//1625 1708//1625 
f 1589//1626 1709//1626 1596//1626 1473//1626 
f 1469//1629 1591//1629 1711//1629 1592//1629 
f 1593//1630 1470//1630 1592//1630 1712//1630 
f 1593//1631 1713//1631 1594//1631 1471//1631 
f 1714//1632 1595//1632 1472//1632 1594//1632 
f 1595//1633 1715//1633 1701//1633 1582//1633 
f 1474//1634 1596//1634 1716//1634 1597//1634 
f 1475//1635 1597//1635 1717//1635 1598//1635 
f 1598//1636 1718//1636 1599//1636 1476//1636 
f 1599//1637 1719//1637 1600//1637 1477//1637 
f 1478//1638 1600//1638 1720//1638 1601//1638 
f 1721//1639 1602//1639 1479//1639 1601//1639 
f 1602//1640 1722//1640 1603//1640 1480//1640 
f 1603//1641 1723//1641 1604//1641 1482//1641 
f 1724//1642 1725//1642 1590//1642 1502//1642 
f 1483//1643 1604//1643 1726//1643 1605//1643 
f 1727//1644 1606//1644 1484//1644 1605//1644 
f 1606//1645 1728//1645 1611//1645 1489//1645 
f 1610//1646 1729//1646 1607//1646 1487//1646 
f 1608//1647 1485//1647 1607//1647 1730//1647 
f 1608//1648 1731//1648 1732//1648 1609//1648 
f 1488//1649 1612//1649 1733//1649 1610//1649 
f 1734//1650 1735//1650 1612//1650 1611//1650 
f 1614//1651 1491//1651 1613//1651 1736//1651 
f 1737//1652 1615//1652 1492//1652 1614//1652 
f 1615//1653 1738//1653 1616//1653 1493//1653 
f 1616//1654 1739//1654 1617//1654 1494//1654 
f 1617//1655 1740//1655 1618//1655 1495//1655 
f 1619//1656 1496//1656 1618//1656 1741//1656 
f 1620//1657 1497//1657 1619//1657 1742//1657 
f 1743//1658 1621//1658 1498//1658 1620//1658 
f 1499//1659 1621//1659 1744//1659 1622//1659 
f 1622//1660 1745//1660 1623//1660 1500//1660 
f 1746//1661 1627//1661 1503//1661 1623//1661 
f 1626//1664 1625//1664 1747//1664 1748//1664 
f 1749//1665 1750//1665 1502//1665 1626//1665 
f 1751//1666 1628//1666 1627//1666 1752//1666 
f 1577//1667 1696//1667 1631//1667 1507//1667 
f 1753//1668 1632//1668 1508//1668 1629//1668 
f 1630//1669 1754//1669 1629//1669 1506//1669 
f 1630//1670 1631//1670 1755//1670 1756//1670 
f 1632//1671 1747//1671 1625//1671 1509//1671 
f 1638//1673 1757//1673 1633//1673 1515//1673 
f 1634//1674 1511//1674 1633//1674 1758//1674 
f 1512//1675 1634//1675 1759//1675 1635//1675 
f 1513//1676 1635//1676 1760//1676 1636//1676 
f 1761//1677 1637//1677 1514//1677 1636//1677 
f 1641//1679 1763//1679 1638//1679 1521//1679 
f 1519//1685 1642//1685 1767//1685 1641//1685 
f 1642//1686 1643//1686 1768//1686 1767//1686 
f 1645//1689 1526//1689 1644//1689 1770//1689 
f 1644//1690 1529//1690 1771//1690 1772//1690 
f 1646//1691 1527//1691 1645//1691 1773//1691 
f 1647//1692 1528//1692 1646//1692 1774//1692 
f 1531//1693 1647//1693 1775//1693 1648//1693 
f 1532//1695 1777//1695 1778//1695 1649//1695 
f 1533//1696 1649//1696 1779//1696 1650//1696 
f 1651//1697 1534//1697 1650//1697 1780//1697 
f 1654//1698 1536//1698 1651//1698 1781//1698 
f 1783//1701 1535//1701 1653//1701 1784//1701 
f 1785//1702 1653//1702 1654//1702 1786//1702 
f 1751//1703 1787//1703 1656//1703 1628//1703 
f 1657//1704 1543//1704 1656//1704 1788//1704 
f 1544//1705 1657//1705 1789//1705 1658//1705 
f 1790//1706 1768//1706 1643//1706 1658//1706 
f 1791//1707 1659//1707 1545//1707 1660//1707 
f 1546//1708 1659//1708 1792//1708 1661//1708 
f 1550//1709 1665//1709 1793//1709 1660//1709 
f 1794//1710 1662//1710 1547//1710 1661//1710 
f 1662//1711 1795//1711 1663//1711 1548//1711 
f 1663//1712 1796//1712 1664//1712 1549//1712 
f 1551//1713 1664//1713 1797//1713 1666//1713 
f 1667//1714 1798//1714 1665//1714 1552//1714 
f 1799//1715 1671//1715 1556//1715 1666//1715 
f 1553//1716 1668//1716 1800//1716 1667//1716 
f 1555//1717 1670//1717 1801//1717 1668//1717 
f 1802//1718 1670//1718 1669//1718 1803//1718 
f 1804//1719 1672//1719 1557//1719 1671//1719 
f 1673//1720 1672//1720 1805//1720 1806//1720 
f 1674//1721 1559//1721 1673//1721 1806//1721 
f 1674//1722 1807//1722 1675//1722 1560//1722 
f 1808//1723 1809//1723 1676//1723 1675//1723 
f 1561//1724 1677//1724 1810//1724 1811//1724 
f 1811//1725 1812//1725 1678//1725 1561//1725 
f 1814//1727 1562//1727 1676//1727 1809//1727 
f 1815//1728 1816//1728 1680//1728 1679//1728 
f 1576//1729 1563//1729 1680//1729 1694//1729 
f 1817//1730 1818//1730 1679//1730 1562//1730 
f 1683//1731 1565//1731 1682//1731 1819//1731 
f 1566//1732 1683//1732 1820//1732 1684//1732 
f 1821//1733 1685//1733 1684//1733 1822//1733 
f 1687//1736 1567//1736 1685//1736 1821//1736 
f 1568//1737 1687//1737 1823//1737 1688//1737 
f 1569//1738 1688//1738 1824//1738 1689//1738 
f 1669//1739 1570//1739 1690//1739 1803//1739 
f 1689//1740 1784//1740 1825//1740 1690//1740 
f 1691//1741 1826//1741 1827//1741 1692//1741 
f 1452//1742 1692//1742 1572//1742 1828//1742 
f 1574//1746 1694//1746 1829//1746 1695//1746 
f 1697//1747 1578//1747 1695//1747 1830//1747 
f 1696//1748 1580//1748 1699//1748 1831//1748 
f 1579//1749 1697//1749 1832//1749 1698//1749 
f 1833//1750 1834//1750 1699//1750 1698//1750 
f 1702//1752 1583//1752 1701//1752 1835//1752 
f 1702//1753 1836//1753 1703//1753 1584//1753 
f 1703//1754 1837//1754 1704//1754 1585//1754 
f 1704//1755 1838//1755 1705//1755 1586//1755 
f 1839//1756 1706//1756 1587//1756 1705//1756 
f 1706//1757 1840//1757 1707//1757 1588//1757 
f 1707//1758 1841//1758 1842//1758 1708//1758 
f 1709//1759 1843//1759 1716//1759 1596//1759 
f 1846//1762 1711//1762 1591//1762 1845//1762 
f 1712//1763 1592//1763 1711//1763 1847//1763 
f 1848//1764 1713//1764 1593//1764 1712//1764 
f 1714//1765 1594//1765 1713//1765 1849//1765 
f 1850//1766 1715//1766 1595//1766 1714//1766 
f 1835//1767 1701//1767 1715//1767 1851//1767 
f 1852//1768 1717//1768 1597//1768 1716//1768 
f 1598//1769 1717//1769 1853//1769 1718//1769 
f 1718//1770 1854//1770 1719//1770 1599//1770 
f 1719//1771 1855//1771 1720//1771 1600//1771 
f 1721//1772 1601//1772 1720//1772 1856//1772 
f 1721//1773 1857//1773 1722//1773 1602//1773 
f 1603//1774 1722//1774 1858//1774 1723//1774 
f 1723//1775 1859//1775 1726//1775 1604//1775 
f 1724//1776 1860//1776 1861//1776 1725//1776 
f 1724//1778 1502//1778 1750//1778 1860//1778 
f 1727//1779 1605//1779 1726//1779 1863//1779 
f 1727//1780 1864//1780 1728//1780 1606//1780 
f 1865//1781 1734//1781 1611//1781 1728//1781 
f 1733//1782 1866//1782 1729//1782 1610//1782 
f 1608//1785 1730//1785 1868//1785 1869//1785 
f 1733//1787 1612//1787 1735//1787 1871//1787 
f 1734//1788 1872//1788 1873//1788 1735//1788 
f 1737//1789 1614//1789 1736//1789 1874//1789 
f 1737//1790 1875//1790 1738//1790 1615//1790 
f 1738//1791 1876//1791 1739//1791 1616//1791 
f 1739//1792 1877//1792 1740//1792 1617//1792 
f 1878//1793 1741//1793 1618//1793 1740//1793 
f 1619//1794 1741//1794 1879//1794 1742//1794 
f 1743//1795 1620//1795 1742//1795 1880//1795 
f 1881//1796 1744//1796 1621//1796 1743//1796 
f 1882//1797 1745//1797 1622//1797 1744//1797 
f 1883//1798 1746//1798 1623//1798 1745//1798 
f 1746//1799 1884//1799 1752//1799 1627//1799 
f 1885//1800 1886//1800 1748//1800 1747//1800 
f 1749//1801 1626//1801 1748//1801 1887//1801 
f 1888//1802 1750//1802 1749//1802 1845//1802 
f 1751//1803 1752//1803 1889//1803 1890//1803 
f 1696//1804 1831//1804 1755//1804 1631//1804 
f 1753//1805 1885//1805 1747//1805 1632//1805 
f 1891//1806 1753//1806 1629//1806 1754//1806 
f 1892//1807 1754//1807 1630//1807 1756//1807 
f 1893//1808 1894//1808 1756//1808 1755//1808 
f 1895//1809 1757//1809 1638//1809 1763//1809 
f 1896//1810 1758//1810 1633//1810 1757//1810 
f 1634//1811 1758//1811 1897//1811 1759//1811 
f 1760//1812 1635//1812 1759//1812 1898//1812 
f 1761//1813 1636//1813 1760//1813 1899//1813 
f 1761//1814 1900//1814 1901//1814 1637//1814 
f 1902//1817 1763//1817 1641//1817 1767//1817 
f 1768//1823 1905//1823 1902//1823 1767//1823 
f 1644//1824 1772//1824 1906//1824 1770//1824 
f 1773//1825 1645//1825 1770//1825 1907//1825 
f 1772//1826 1771//1826 1908//1826 1909//1826 
f 1910//1827 1774//1827 1646//1827 1773//1827 
f 1647//1828 1774//1828 1911//1828 1775//1828 
f 1912//1829 1777//1829 1648//1829 1775//1829 
f 1912//1832 1913//1832 1778//1832 1777//1832 
f 1914//1833 1779//1833 1649//1833 1778//1833 
f 1780//1834 1650//1834 1779//1834 1915//1834 
f 1781//1835 1651//1835 1780//1835 1916//1835 
f 1654//1836 1781//1836 1917//1836 1786//1836 
f 1783//1837 1918//1837 1782//1837 1535//1837 
f 1782//1838 1919//1838 1920//1838 1423//1838 
f 1825//1839 1784//1839 1653//1839 1785//1839 
f 1689//1840 1824//1840 1783//1840 1784//1840 
f 1785//1841 1786//1841 1921//1841 1922//1841 
f 1751//1842 1890//1842 1923//1842 1787//1842 
f 1924//1843 1788//1843 1656//1843 1787//1843 
f 1657//1844 1788//1844 1925//1844 1789//1844 
f 1926//1845 1790//1845 1658//1845 1789//1845 
f 1790//1846 1927//1846 1905//1846 1768//1846 
f 1928//1847 1792//1847 1659//1847 1791//1847 
f 1930//1849 1794//1849 1661//1849 1792//1849 
f 1931//1850 1793//1850 1665//1850 1798//1850 
f 1793//1851 1932//1851 1933//1851 1660//1851 
f 1794//1852 1934//1852 1795//1852 1662//1852 
f 1663//1853 1795//1853 1935//1853 1796//1853 
f 1796//1854 1936//1854 1797//1854 1664//1854 
f 1797//1855 1937//1855 1799//1855 1666//1855 
f 1667//1856 1800//1856 1938//1856 1798//1856 
f 1799//1857 1939//1857 1804//1857 1671//1857 
f 1800//1858 1668//1858 1801//1858 1940//1858 
f 1802//1859 1941//1859 1801//1859 1670//1859 
f 1802//1860 1803//1860 1942//1860 1943//1860 
f 1804//1861 1944//1861 1805//1861 1672//1861 
f 1945//1862 1806//1862 1805//1862 1946//1862 
f 1674//1863 1806//1863 1945//1863 1807//1863 
f 1807//1864 1947//1864 1808//1864 1675//1864 
f 1811//1868 1950//1868 1951//1868 1812//1868 
f 1814//1870 1952//1870 1817//1870 1562//1870 
f 1814//1871 1809//1871 1953//1871 1954//1871 
f 1815//1872 1955//1872 1956//1872 1816//1872 
f 1680//1873 1816//1873 1829//1873 1694//1873 
f 1815//1874 1679//1874 1818//1874 1957//1874 
f 1958//1875 1959//1875 1818//1875 1817//1875 
f 1960//1876 1819//1876 1682//1876 1961//1876 
f 1962//1877 1820//1877 1683//1877 1819//1877 
f 1684//1878 1820//1878 1963//1878 1822//1878 
f 1687//1879 1821//1879 1964//1879 1823//1879 
f 1688//1880 1823//1880 1965//1880 1824//1880 
f 1803//1881 1690//1881 1825//1881 1942//1881 
f 1966//1882 1967//1882 1826//1882 1691//1882 
f 1827//1883 1826//1883 1968//1883 1969//1883 
f 1693//1884 1581//1884 1970//1884 1828//1884 
f 1830//1885 1695//1885 1829//1885 1971//1885 
f 1832//1886 1697//1886 1830//1886 1972//1886 
f 1834//1887 1973//1887 1831//1887 1699//1887 
f 1833//1888 1698//1888 1832//1888 1974//1888 
f 1833//1889 1975//1889 1976//1889 1834//1889 
f 1702//1890 1835//1890 1977//1890 1836//1890 
f 1836//1891 1978//1891 1837//1891 1703//1891 
f 1837//1892 1979//1892 1838//1892 1704//1892 
f 1838//1893 1980//1893 1839//1893 1705//1893 
f 1839//1894 1981//1894 1840//1894 1706//1894 
f 1840//1895 1982//1895 1841//1895 1707//1895 
f 1841//1896 1983//1896 1984//1896 1842//1896 
f 1708//1897 1842//1897 1985//1897 1986//1897 
f 1843//1898 1987//1898 1852//1898 1716//1898 
f 1845//1902 1989//1902 1990//1902 1846//1902 
f 1848//1904 1712//1904 1847//1904 1991//1904 
f 1848//1905 1992//1905 1849//1905 1713//1905 
f 1850//1906 1714//1906 1849//1906 1993//1906 
f 1850//1907 1994//1907 1851//1907 1715//1907 
f 1835//1908 1851//1908 1995//1908 1977//1908 
f 1852//1909 1996//1909 1853//1909 1717//1909 
f 1997//1910 1854//1910 1718//1910 1853//1910 
f 1998//1911 1855//1911 1719//1911 1854//1911 
f 1720//1912 1855//1912 1999//1912 1856//1912 
f 1721//1913 1856//1913 2000//1913 1857//1913 
f 2001//1914 1858//1914 1722//1914 1857//1914 
f 1723//1915 1858//1915 2002//1915 1859//1915 
f 2003//1916 1863//1916 1726//1916 1859//1916 
f 2004//1917 2005//1917 1861//1917 1860//1917 
f 1861//1918 2006//1918 2007//1918 1725//1918 
f 1860//1920 1750//1920 1888//1920 2008//1920 
f 1727//1921 1863//1921 2009//1921 1864//1921 
f 1865//1922 1728//1922 1864//1922 2010//1922 
f 1865//1923 2011//1923 1872//1923 1734//1923 
f 1733//1924 1871//1924 2012//1924 1866//1924 
f 1729//1925 1866//1925 2013//1925 2014//1925 
f 1729//1927 2014//1927 1868//1927 1730//1927 
f 2015//1928 1869//1928 1868//1928 2016//1928 
f 1735//1931 1873//1931 2017//1931 1871//1931 
f 1872//1932 2018//1932 2019//1932 1873//1932 
f 1737//1933 1874//1933 2020//1933 1875//1933 
f 1875//1934 2021//1934 1876//1934 1738//1934 
f 1876//1935 2022//1935 1877//1935 1739//1935 
f 1878//1936 1740//1936 1877//1936 2023//1936 
f 1878//1937 2024//1937 1879//1937 1741//1937 
f 1879//1938 2025//1938 1880//1938 1742//1938 
f 1881//1939 1743//1939 1880//1939 2026//1939 
f 1881//1940 2027//1940 1882//1940 1744//1940 
f 2028//1941 1883//1941 1745//1941 1882//1941 
f 1883//1942 2029//1942 1884//1942 1746//1942 
f 2030//1943 1889//1943 1752//1943 1884//1943 
f 2031//1944 2032//1944 1886//1944 1885//1944 
f 2033//1945 1887//1945 1748//1945 1886//1945 
f 1749//1946 1887//1946 2034//1946 1989//1946 
f 1845//1948 1844//1948 2008//1948 1888//1948 
f 1890//1949 1889//1949 2036//1949 2037//1949 
f 1893//1950 1755//1950 1831//1950 1973//1950 
f 1891//1951 2031//1951 1885//1951 1753//1951 
f 1892//1952 2038//1952 1891//1952 1754//1952 
f 1892//1953 1756//1953 1894//1953 2039//1953 
f 2040//1954 1894//1954 1893//1954 2041//1954 
f 1895//1955 2042//1955 1896//1955 1757//1955 
f 1895//1956 1763//1956 1902//1956 2043//1956 
f 2044//1957 1897//1957 1758//1957 1896//1957 
f 1898//1958 1759//1958 1897//1958 2045//1958 
f 1760//1959 1898//1959 2046//1959 1899//1959 
f 1761//1960 1899//1960 2047//1960 1900//1960 
f 2048//1961 1901//1961 1900//1961 2049//1961 
f 2052//1968 2043//1968 1902//1968 1905//1968 
f 1906//1969 1772//1969 1909//1969 2053//1969 
f 1907//1970 1770//1970 1906//1970 2054//1970 
f 1910//1971 1773//1971 1907//1971 2055//1971 
f 1771//1972 2056//1972 2057//1972 1908//1972 
f 1909//1973 1908//1973 2058//1973 2059//1973 
f 1910//1974 2060//1974 1911//1974 1774//1974 
f 1912//1975 1775//1975 1911//1975 2061//1975 
f 1912//1976 2061//1976 2062//1976 1913//1976 
f 1914//1977 1778//1977 1913//1977 2063//1977 
f 1915//1978 1779//1978 1914//1978 2064//1978 
f 2065//1979 1916//1979 1780//1979 1915//1979 
f 2066//1980 1917//1980 1781//1980 1916//1980 
f 1786//1981 1917//1981 2067//1981 1921//1981 
f 1824//1982 1965//1982 1918//1982 1783//1982 
f 1918//1983 2068//1983 1919//1983 1782//1983 
f 1423//1984 1920//1984 2069//1984 2070//1984 
f 1942//1985 1825//1985 1785//1985 1922//1985 
f 1922//1986 1921//1986 2071//1986 2072//1986 
f 1890//1987 2037//1987 2073//1987 1923//1987 
f 2074//1988 1924//1988 1787//1988 1923//1988 
f 1924//1989 2075//1989 1925//1989 1788//1989 
f 1926//1990 1789//1990 1925//1990 2076//1990 
f 1926//1991 2077//1991 1927//1991 1790//1991 
f 2078//1992 2052//1992 1905//1992 1927//1992 
f 1928//1993 2079//1993 1930//1993 1792//1993 
f 2080//1994 2081//1994 1928//1994 1791//1994 
f 2082//1997 1934//1997 1794//1997 1930//1997 
f 1931//1998 2083//1998 1932//1998 1793//1998 
f 1938//1999 2084//1999 1931//1999 1798//1999 
f 1932//2000 2083//2000 2085//2000 1933//2000 
f 2086//2001 1935//2001 1795//2001 1934//2001 
f 1796//2002 1935//2002 2087//2002 1936//2002 
f 1936//2003 2088//2003 1937//2003 1797//2003 
f 1937//2004 2089//2004 1939//2004 1799//2004 
f 1800//2005 1940//2005 2090//2005 1938//2005 
f 1804//2006 1939//2006 2091//2006 1944//2006 
f 1940//2007 1801//2007 1941//2007 2092//2007 
f 1802//2008 1943//2008 2093//2008 1941//2008 
f 1943//2009 1942//2009 1922//2009 2072//2009 
f 1944//2010 2094//2010 1946//2010 1805//2010 
f 2095//2011 1947//2011 1945//2011 1946//2011 
f 1947//2014 2097//2014 2098//2014 1808//2014 
f 1950//2020 1811//2020 2101//2020 1951//2020 
f 1814//2022 1954//2022 2102//2022 1952//2022 
f 2103//2023 1958//2023 1817//2023 1952//2023 
f 2104//2024 2105//2024 1954//2024 1953//2024 
f 2106//2025 1955//2025 1815//2025 1957//2025 
f 2107//2026 2108//2026 1956//2026 1955//2026 
f 1971//2027 1829//2027 1816//2027 1956//2027 
f 1818//2028 1959//2028 2109//2028 1957//2028 
f 1958//2029 2110//2029 2111//2029 1959//2029 
f 1960//2030 2112//2030 1962//2030 1819//2030 
f 1962//2031 2113//2031 1963//2031 1820//2031 
f 1823//2032 1964//2032 2114//2032 1965//2032 
f 2115//2033 1968//2033 1826//2033 1967//2033 
f 2117//2035 1972//2035 1830//2035 1971//2035 
f 1974//2036 1832//2036 1972//2036 2118//2036 
f 2119//2037 1973//2037 1834//2037 1976//2037 
f 2120//2038 1975//2038 1833//2038 1974//2038 
f 2121//2039 1976//2039 1975//2039 2122//2039 
f 2123//2040 1978//2040 1836//2040 1977//2040 
f 1978//2041 2124//2041 1979//2041 1837//2041 
f 1979//2042 2125//2042 1980//2042 1838//2042 
f 2126//2043 1981//2043 1839//2043 1980//2043 
f 2127//2044 1982//2044 1840//2044 1981//2044 
f 1982//2045 2128//2045 1983//2045 1841//2045 
f 1984//2046 1983//2046 2129//2046 2130//2046 
f 1984//2047 2131//2047 1985//2047 1842//2047 
f 1987//2049 2133//2049 1996//2049 1852//2049 
f 1990//2052 1989//2052 2135//2052 2136//2052 
f 1991//2055 1847//2055 1990//2055 2136//2055 
f 1848//2056 1991//2056 2138//2056 1992//2056 
f 2139//2057 1993//2057 1849//2057 1992//2057 
f 2140//2058 1994//2058 1850//2058 1993//2058 
f 1994//2059 2141//2059 1995//2059 1851//2059 
f 2123//2060 1977//2060 1995//2060 2142//2060 
f 1997//2061 1853//2061 1996//2061 2143//2061 
f 1997//2062 2144//2062 1998//2062 1854//2062 
f 1998//2063 2145//2063 1999//2063 1855//2063 
f 1999//2064 2146//2064 2000//2064 1856//2064 
f 2001//2065 1857//2065 2000//2065 2147//2065 
f 2148//2066 2002//2066 1858//2066 2001//2066 
f 2003//2067 1859//2067 2002//2067 2149//2067 
f 2003//2068 2150//2068 2009//2068 1863//2068 
f 2008//2071 2007//2071 2004//2071 1860//2071 
f 2153//2072 2006//2072 1861//2072 2154//2072 
f 2004//2073 2007//2073 2006//2073 2155//2073 
f 2008//2074 1844//2074 1725//2074 2007//2074 
f 1864//2075 2009//2075 2156//2075 2010//2075 
f 1865//2076 2010//2076 2157//2076 2011//2076 
f 1872//2077 2011//2077 2158//2077 2018//2077 
f 1871//2078 2017//2078 2159//2078 2012//2078 
f 2013//2080 1866//2080 2161//2080 2162//2080 
f 2014//2081 2013//2081 2163//2081 2164//2081 
f 1868//2082 2014//2082 2164//2082 2016//2082 
f 2015//2083 2165//2083 1731//2083 1869//2083 
f 1873//2084 2019//2084 2166//2084 2017//2084 
f 2018//2085 2167//2085 2168//2085 2019//2085 
f 1875//2086 2020//2086 2169//2086 2021//2086 
f 1876//2087 2021//2087 2170//2087 2022//2087 
f 2171//2088 2023//2088 1877//2088 2022//2088 
f 1878//2089 2023//2089 2172//2089 2024//2089 
f 2024//2090 2173//2090 2025//2090 1879//2090 
f 2026//2091 1880//2091 2025//2091 2174//2091 
f 1881//2092 2026//2092 2175//2092 2027//2092 
f 2176//2093 2028//2093 1882//2093 2027//2093 
f 2028//2094 2177//2094 2029//2094 1883//2094 
f 2029//2095 2178//2095 2030//2095 1884//2095 
f 2179//2096 2036//2096 1889//2096 2030//2096 
f 2031//2097 2180//2097 2181//2097 2032//2097 
f 2182//2098 2033//2098 1886//2098 2032//2098 
f 2183//2099 2034//2099 1887//2099 2033//2099 
f 2184//2100 1989//2100 2034//2100 2185//2100 
f 2186//2102 2037//2102 2036//2102 2187//2102 
f 1893//2103 1973//2103 2119//2103 2041//2103 
f 1891//2104 2038//2104 2180//2104 2031//2104 
f 1892//2105 2039//2105 2188//2105 2038//2105 
f 2040//2106 2189//2106 2039//2106 1894//2106 
f 2190//2107 2040//2107 2041//2107 2191//2107 
f 1895//2108 2043//2108 2192//2108 2042//2108 
f 2193//2109 2044//2109 1896//2109 2042//2109 
f 2194//2110 2045//2110 1897//2110 2044//2110 
f 2195//2111 2046//2111 1898//2111 2045//2111 
f 1899//2112 2046//2112 2196//2112 2047//2112 
f 2049//2113 1900//2113 2047//2113 2197//2113 
f 2048//2114 2198//2114 2050//2114 1901//2114 
f 2199//2115 2048//2115 2049//2115 2200//2115 
f 2198//2116 2201//2116 1764//2116 2050//2116 
f 2052//2119 2203//2119 2192//2119 2043//2119 
f 2053//2120 1909//2120 2059//2120 2204//2120 
f 1906//2121 2053//2121 2205//2121 2054//2121 
f 2055//2122 1907//2122 2054//2122 2206//2122 
f 1910//2123 2055//2123 2207//2123 2060//2123 
f 1908//2124 2057//2124 2201//2124 2058//2124 
f 2059//2125 2058//2125 2199//2125 2208//2125 
f 2061//2126 1911//2126 2060//2126 2209//2126 
f 2061//2127 2209//2127 2210//2127 2062//2127 
f 2062//2128 2211//2128 2063//2128 1913//2128 
f 2212//2129 2064//2129 1914//2129 2063//2129 
f 2065//2130 1915//2130 2064//2130 2213//2130 
f 2214//2131 2066//2131 1916//2131 2065//2131 
f 2066//2132 2215//2132 2067//2132 1917//2132 
f 1921//2133 2067//2133 2216//2133 2071//2133 
f 1965//2134 2114//2134 2068//2134 1918//2134 
f 2068//2135 2217//2135 2218//2135 1919//2135 
f 2070//2136 2069//2136 2219//2136 2220//2136 
f 2221//2137 2072//2137 2071//2137 2222//2137 
f 2186//2138 2223//2138 2073//2138 2037//2138 
f 2074//2139 1923//2139 2073//2139 2224//2139 
f 2074//2140 2225//2140 2075//2140 1924//2140 
f 2075//2141 2226//2141 2076//2141 1925//2141 
f 2227//2142 2077//2142 1926//2142 2076//2142 
f 2228//2143 2078//2143 1927//2143 2077//2143 
f 2229//2144 2203//2144 2052//2144 2078//2144 
f 2081//2145 2230//2145 2079//2145 1928//2145 
f 2082//2146 1930//2146 2079//2146 2231//2146 
f 2080//2147 2232//2147 2233//2147 2081//2147 
f 2080//2148 1791//2148 1933//2148 2085//2148 
f 2082//2149 2234//2149 2086//2149 1934//2149 
f 2080//2150 2085//2150 2083//2150 1931//2150 
f 1938//2151 2090//2151 2235//2151 2084//2151 
f 2084//2152 2236//2152 2080//2152 1931//2152 
f 2086//2153 2237//2153 2087//2153 1935//2153 
f 1936//2154 2087//2154 2238//2154 2088//2154 
f 2088//2155 2239//2155 2089//2155 1937//2155 
f 2240//2156 2091//2156 1939//2156 2089//2156 
f 2090//2157 1940//2157 2092//2157 2241//2157 
f 2091//2158 2242//2158 2094//2158 1944//2158 
f 1941//2159 2093//2159 2243//2159 2092//2159 
f 1943//2160 2072//2160 2221//2160 2093//2160 
f 2094//2161 2244//2161 2095//2161 1946//2161 
f 2095//2162 2245//2162 2097//2162 1947//2162 
f 2097//2164 2246//2164 2247//2164 2098//2164 
f 1951//2168 2250//2168 2100//2168 1810//2168 
f 2101//2171 2252//2171 2250//2171 1951//2171 
f 2102//2172 1954//2172 2105//2172 2253//2172 
f 2103//2173 1952//2173 2102//2173 2254//2173 
f 2103//2174 2255//2174 2110//2174 1958//2174 
f 2104//2175 2256//2175 2257//2175 2105//2175 
f 2258//2176 2259//2176 2104//2176 1953//2176 
f 2260//2177 2107//2177 1955//2177 2106//2177 
f 2106//2178 1957//2178 2109//2178 2261//2178 
f 2107//2179 2262//2179 2263//2179 2108//2179 
f 2117//2180 1971//2180 1956//2180 2108//2180 
f 2264//2181 2109//2181 1959//2181 2111//2181 
f 2111//2182 2110//2182 2265//2182 2266//2182 
f 2118//2186 1972//2186 2117//2186 2268//2186 
f 2120//2187 1974//2187 2118//2187 2269//2187 
f 2121//2188 2270//2188 2119//2188 1976//2188 
f 2271//2189 2122//2189 1975//2189 2120//2189 
f 2272//2190 2121//2190 2122//2190 2273//2190 
f 2123//2191 2274//2191 2124//2191 1978//2191 
f 2275//2192 2125//2192 1979//2192 2124//2192 
f 2125//2193 2276//2193 2126//2193 1980//2193 
f 2127//2194 1981//2194 2126//2194 2277//2194 
f 2127//2195 2278//2195 2128//2195 1982//2195 
f 2279//2196 2129//2196 1983//2196 2128//2196 
f 2130//2197 2129//2197 2280//2197 2281//2197 
f 1985//2200 2131//2200 2283//2200 2284//2200 
f 2285//2203 2143//2203 1996//2203 2133//2203 
f 2184//2206 2286//2206 2135//2206 1989//2206 
f 2135//2207 2287//2207 2288//2207 2136//2207 
f 2288//2209 2138//2209 1991//2209 2136//2209 
f 2139//2210 1992//2210 2138//2210 2289//2210 
f 2140//2211 1993//2211 2139//2211 2290//2211 
f 2140//2212 2291//2212 2141//2212 1994//2212 
f 2292//2213 2142//2213 1995//2213 2141//2213 
f 2123//2214 2142//2214 2293//2214 2274//2214 
f 1997//2215 2143//2215 2294//2215 2144//2215 
f 2295//2216 2145//2216 1998//2216 2144//2216 
f 2296//2217 2146//2217 1999//2217 2145//2217 
f 2297//2218 2147//2218 2000//2218 2146//2218 
f 2148//2219 2001//2219 2147//2219 2298//2219 
f 2148//2220 2299//2220 2149//2220 2002//2220 
f 2003//2221 2149//2221 2300//2221 2150//2221 
f 2301//2222 2156//2222 2009//2222 2150//2222 
f 2302//2227 2155//2227 2006//2227 2153//2227 
f 2303//2228 2153//2228 2154//2228 2304//2228 
f 2305//2229 2157//2229 2010//2229 2156//2229 
f 2306//2230 2158//2230 2011//2230 2157//2230 
f 2018//2231 2158//2231 2307//2231 2167//2231 
f 2017//2232 2166//2232 2308//2232 2159//2232 
f 2012//2233 2159//2233 2309//2233 2310//2233 
f 2162//2236 2161//2236 2311//2236 2312//2236 
f 2013//2237 2162//2237 2313//2237 2314//2237 
f 2015//2239 2316//2239 2317//2239 2165//2239 
f 2318//2240 1731//2240 2165//2240 2319//2240 
f 2166//2241 2019//2241 2168//2241 2320//2241 
f 2321//2242 2322//2242 2168//2242 2167//2242 
f 2020//2243 2323//2243 2324//2243 2169//2243 
f 2169//2244 2325//2244 2170//2244 2021//2244 
f 2326//2245 2171//2245 2022//2245 2170//2245 
f 2171//2246 2327//2246 2172//2246 2023//2246 
f 2024//2247 2172//2247 2328//2247 2173//2247 
f 2174//2248 2025//2248 2173//2248 2329//2248 
f 2026//2249 2174//2249 2330//2249 2175//2249 
f 2331//2250 2176//2250 2027//2250 2175//2250 
f 2332//2251 2177//2251 2028//2251 2176//2251 
f 2333//2252 2178//2252 2029//2252 2177//2252 
f 2179//2253 2030//2253 2178//2253 2334//2253 
f 2179//2254 2335//2254 2187//2254 2036//2254 
f 2336//2255 2181//2255 2180//2255 2337//2255 
f 2338//2256 2182//2256 2032//2256 2181//2256 
f 2183//2257 2033//2257 2182//2257 2339//2257 
f 2183//2258 2340//2258 2185//2258 2034//2258 
f 2185//2259 2341//2259 2286//2259 2184//2259 
f 2186//2260 2187//2260 2342//2260 2343//2260 
f 2191//2261 2041//2261 2119//2261 2270//2261 
f 2180//2262 2038//2262 2188//2262 2337//2262 
f 2039//2263 2189//2263 2344//2263 2188//2263 
f 2190//2264 2345//2264 2189//2264 2040//2264 
f 2190//2265 2191//2265 2346//2265 2347//2265 
f 2348//2266 2193//2266 2042//2266 2192//2266 
f 2193//2267 2349//2267 2194//2267 2044//2267 
f 2195//2268 2045//2268 2194//2268 2350//2268 
f 2195//2269 2351//2269 2196//2269 2046//2269 
f 2197//2270 2047//2270 2196//2270 2352//2270 
f 2353//2271 2200//2271 2049//2271 2197//2271 
f 2199//2274 2200//2274 2355//2274 2208//2274 
f 2356//2276 2348//2276 2192//2276 2203//2276 
f 2059//2277 2208//2277 2357//2277 2204//2277 
f 2053//2278 2204//2278 2358//2278 2205//2278 
f 2206//2279 2054//2279 2205//2279 2359//2279 
f 2207//2280 2055//2280 2206//2280 2360//2280 
f 2209//2281 2060//2281 2207//2281 2361//2281 
f 2209//2284 2361//2284 2362//2284 2210//2284 
f 2062//2285 2210//2285 2363//2285 2211//2285 
f 2211//2286 2364//2286 2212//2286 2063//2286 
f 2212//2287 2365//2287 2213//2287 2064//2287 
f 2214//2288 2065//2288 2213//2288 2366//2288 
f 2367//2289 2215//2289 2066//2289 2214//2289 
f 2215//2290 2368//2290 2216//2290 2067//2290 
f 2071//2291 2216//2291 2369//2291 2222//2291 
f 2068//2292 2114//2292 2370//2292 2217//2292 
f 2220//2293 2219//2293 2371//2293 2372//2293 
f 2221//2294 2222//2294 2373//2294 2374//2294 
f 2186//2295 2343//2295 2375//2295 2223//2295 
f 2073//2296 2223//2296 2376//2296 2377//2296 
f 2074//2298 2224//2298 2379//2298 2225//2298 
f 2075//2299 2225//2299 2380//2299 2226//2299 
f 2227//2300 2076//2300 2226//2300 2381//2300 
f 2227//2301 2382//2301 2228//2301 2077//2301 
f 2228//2302 2383//2302 2229//2302 2078//2302 
f 2384//2303 2356//2303 2203//2303 2229//2303 
f 2233//2304 2385//2304 2230//2304 2081//2304 
f 2230//2305 2386//2305 2231//2305 2079//2305 
f 2082//2306 2231//2306 2387//2306 2234//2306 
f 2389//2309 2237//2309 2086//2309 2234//2309 
f 2090//2310 2241//2310 2390//2310 2235//2310 
f 2084//2311 2235//2311 2391//2311 2236//2311 
f 2237//2313 2392//2313 2238//2313 2087//2313 
f 2088//2314 2238//2314 2393//2314 2239//2314 
f 2239//2315 2394//2315 2240//2315 2089//2315 
f 2240//2316 2395//2316 2242//2316 2091//2316 
f 2092//2317 2243//2317 2396//2317 2241//2317 
f 2094//2318 2242//2318 2397//2318 2244//2318 
f 2243//2319 2093//2319 2221//2319 2374//2319 
f 2244//2320 2398//2320 2245//2320 2095//2320 
f 2245//2321 2399//2321 2246//2321 2097//2321 
f 2400//2322 2247//2322 2246//2322 2401//2322 
f 2249//2325 2099//2325 2404//2325 2405//2325 
f 2405//2326 2258//2326 1953//2326 2249//2326 
f 2250//2327 2406//2327 2407//2327 2100//2327 
f 2100//2328 2252//2328 2101//2328 2251//2328 
f 2408//2329 2406//2329 2250//2329 2252//2329 
f 2410//2331 2254//2331 2102//2331 2253//2331 
f 2103//2332 2254//2332 2411//2332 2255//2332 
f 2265//2333 2110//2333 2255//2333 2412//2333 
f 2104//2334 2259//2334 2413//2334 2256//2334 
f 2414//2335 2415//2335 2257//2335 2256//2335 
f 2260//2338 2417//2338 2262//2338 2107//2338 
f 2260//2339 2106//2339 2261//2339 2418//2339 
f 2264//2340 2419//2340 2261//2340 2109//2340 
f 2420//2341 2421//2341 2263//2341 2262//2341 
f 2268//2342 2117//2342 2108//2342 2263//2342 
f 2264//2343 2111//2343 2266//2343 2422//2343 
f 2423//2344 2266//2344 2265//2344 2424//2344 
f 2269//2349 2118//2349 2268//2349 2429//2349 
f 2430//2350 2271//2350 2120//2350 2269//2350 
f 2431//2351 2270//2351 2121//2351 2272//2351 
f 2273//2352 2122//2352 2271//2352 2432//2352 
f 2272//2353 2273//2353 2433//2353 2434//2353 
f 2275//2354 2124//2354 2274//2354 2435//2354 
f 2436//2355 2276//2355 2125//2355 2275//2355 
f 2126//2356 2276//2356 2437//2356 2277//2356 
f 2127//2357 2277//2357 2438//2357 2439//2357 
f 2278//2359 2441//2359 2279//2359 2128//2359 
f 2279//2360 2442//2360 2280//2360 2129//2360 
f 2281//2361 2280//2361 2443//2361 2444//2361 
f 2130//2362 2281//2362 2445//2362 2446//2362 
f 2447//2364 2294//2364 2143//2364 2285//2364 
f 2286//2365 2448//2365 2449//2365 2135//2365 
f 2451//2367 2452//2367 2288//2367 2287//2367 
f 2288//2368 2452//2368 2289//2368 2138//2368 
f 2139//2369 2289//2369 2453//2369 2290//2369 
f 2140//2370 2290//2370 2454//2370 2291//2370 
f 2292//2371 2141//2371 2291//2371 2455//2371 
f 2293//2372 2142//2372 2292//2372 2456//2372 
f 2293//2373 2457//2373 2435//2373 2274//2373 
f 2295//2374 2144//2374 2294//2374 2458//2374 
f 2295//2375 2459//2375 2296//2375 2145//2375 
f 2297//2376 2146//2376 2296//2376 2460//2376 
f 2461//2377 2298//2377 2147//2377 2297//2377 
f 2148//2378 2298//2378 2462//2378 2299//2378 
f 2149//2379 2299//2379 2463//2379 2300//2379 
f 2300//2380 2464//2380 2301//2380 2150//2380 
f 2301//2381 2465//2381 2305//2381 2156//2381 
f 2303//2385 2467//2385 2302//2385 2153//2385 
f 2467//2387 2469//2387 2303//2387 2304//2387 
f 2305//2388 2470//2388 2306//2388 2157//2388 
f 2306//2389 2471//2389 2307//2389 2158//2389 
f 2472//2390 2321//2390 2167//2390 2307//2390 
f 2166//2391 2320//2391 2473//2391 2308//2391 
f 2311//2392 2474//2392 2475//2392 2312//2392 
f 2162//2393 2312//2393 2476//2393 2313//2393 
f 2318//2398 2319//2398 2480//2398 2481//2398 
f 2322//2399 2482//2399 2320//2399 2168//2399 
f 2321//2400 2483//2400 2484//2400 2322//2400 
f 2020//2401 2485//2401 2486//2401 2323//2401 
f 2323//2402 2487//2402 2488//2402 2324//2402 
f 2169//2403 2324//2403 2489//2403 2325//2403 
f 2326//2404 2170//2404 2325//2404 2490//2404 
f 2326//2405 2491//2405 2327//2405 2171//2405 
f 2492//2406 2328//2406 2172//2406 2327//2406 
f 2328//2407 2493//2407 2329//2407 2173//2407 
f 2174//2408 2329//2408 2494//2408 2330//2408 
f 2331//2409 2175//2409 2330//2409 2495//2409 
f 2496//2410 2332//2410 2176//2410 2331//2410 
f 2332//2411 2497//2411 2333//2411 2177//2411 
f 2333//2412 2498//2412 2334//2412 2178//2412 
f 2179//2413 2334//2413 2499//2413 2335//2413 
f 2500//2414 2342//2414 2187//2414 2335//2414 
f 2338//2415 2181//2415 2336//2415 2501//2415 
f 2502//2416 2336//2416 2337//2416 2503//2416 
f 2338//2417 2504//2417 2339//2417 2182//2417 
f 2505//2418 2340//2418 2183//2418 2339//2418 
f 2506//2419 2341//2419 2185//2419 2340//2419 
f 2286//2420 2341//2420 2507//2420 2508//2420 
f 2509//2421 2343//2421 2342//2421 2510//2421 
f 2346//2422 2191//2422 2270//2422 2431//2422 
f 2503//2423 2337//2423 2188//2423 2344//2423 
f 2345//2424 2511//2424 2344//2424 2189//2424 
f 2512//2425 2345//2425 2190//2425 2347//2425 
f 2513//2426 2514//2426 2347//2426 2346//2426 
f 2348//2427 2515//2427 2349//2427 2193//2427 
f 2194//2428 2349//2428 2516//2428 2350//2428 
f 2517//2429 2351//2429 2195//2429 2350//2429 
f 2351//2430 2518//2430 2352//2430 2196//2430 
f 2519//2431 2353//2431 2197//2431 2352//2431 
f 2353//2432 2520//2432 2355//2432 2200//2432 
f 2521//2433 2208//2433 2355//2433 2522//2433 
f 2356//2434 2523//2434 2515//2434 2348//2434 
f 2521//2435 2524//2435 2357//2435 2208//2435 
f 2524//2436 2358//2436 2204//2436 2357//2436 
f 2359//2437 2205//2437 2358//2437 2525//2437 
f 2206//2438 2359//2438 2526//2438 2360//2438 
f 2207//2439 2360//2439 2527//2439 2361//2439 
f 2528//2440 2362//2440 2361//2440 2527//2440 
f 2363//2441 2210//2441 2362//2441 2529//2441 
f 2363//2442 2530//2442 2364//2442 2211//2442 
f 2364//2443 2531//2443 2365//2443 2212//2443 
f 2366//2444 2213//2444 2365//2444 2532//2444 
f 2367//2445 2214//2445 2366//2445 2533//2445 
f 2367//2446 2534//2446 2368//2446 2215//2446 
f 2368//2447 2535//2447 2369//2447 2216//2447 
f 2373//2448 2222//2448 2369//2448 2536//2448 
f 2372//2449 2371//2449 2537//2449 2538//2449 
f 2374//2450 2373//2450 2539//2450 2540//2450 
f 2509//2451 2541//2451 2375//2451 2343//2451 
f 2542//2452 2376//2452 2223//2452 2375//2452 
f 2376//2453 2543//2453 2544//2453 2377//2453 
f 2379//2456 2224//2456 2377//2456 2544//2456 
f 2545//2457 2380//2457 2225//2457 2379//2457 
f 2546//2458 2381//2458 2226//2458 2380//2458 
f 2227//2459 2381//2459 2547//2459 2382//2459 
f 2548//2460 2383//2460 2228//2460 2382//2460 
f 2384//2461 2229//2461 2383//2461 2549//2461 
f 2384//2462 2550//2462 2523//2462 2356//2462 
f 2551//2463 2385//2463 2233//2463 2552//2463 
f 2551//2464 2386//2464 2230//2464 2385//2464 
f 2553//2465 2387//2465 2231//2465 2386//2465 
f 2554//2466 2389//2466 2234//2466 2387//2466 
f 2389//2468 2555//2468 2392//2468 2237//2468 
f 2241//2469 2396//2469 2556//2469 2390//2469 
f 2235//2470 2390//2470 2557//2470 2391//2470 
f 2393//2473 2238//2473 2392//2473 2559//2473 
f 2239//2474 2393//2474 2560//2474 2394//2474 
f 2240//2475 2394//2475 2561//2475 2395//2475 
f 2395//2476 2562//2476 2397//2476 2242//2476 
f 2396//2477 2243//2477 2374//2477 2540//2477 
f 2244//2478 2397//2478 2563//2478 2398//2478 
f 2245//2479 2398//2479 2564//2479 2399//2479 
f 2246//2480 2399//2480 2565//2480 2401//2480 
f 2400//2481 2566//2481 2104//2481 2247//2481 
f 2400//2482 2401//2482 2567//2482 2568//2482 
f 2569//2484 2402//2484 2099//2484 2403//2484 
f 2405//2486 2404//2486 2570//2486 2258//2486 
f 2407//2488 2408//2488 2252//2488 2100//2488 
f 2410//2491 2572//2491 2411//2491 2254//2491 
f 2410//2492 2253//2492 2257//2492 2573//2492 
f 2574//2493 2412//2493 2255//2493 2411//2493 
f 2424//2494 2265//2494 2412//2494 2575//2494 
f 2259//2495 2570//2495 2576//2495 2413//2495 
f 2578//2497 2579//2497 2415//2497 2414//2497 
f 2257//2498 2415//2498 2580//2498 2573//2498 
f 2414//2499 2256//2499 2581//2499 2582//2499 
f 2260//2502 2418//2502 2583//2502 2417//2502 
f 2584//2503 2420//2503 2262//2503 2417//2503 
f 2418//2504 2261//2504 2419//2504 2585//2504 
f 2264//2505 2422//2505 2586//2505 2419//2505 
f 2587//2506 2588//2506 2421//2506 2420//2506 
f 2429//2507 2268//2507 2263//2507 2421//2507 
f 2423//2508 2589//2508 2422//2508 2266//2508 
f 2423//2509 2424//2509 2590//2509 2591//2509 
f 2115//2511 2426//2511 2593//2511 2594//2511 
f 2430//2517 2269//2517 2429//2517 2598//2517 
f 2599//2518 2432//2518 2271//2518 2430//2518 
f 2600//2519 2431//2519 2272//2519 2434//2519 
f 2601//2520 2433//2520 2273//2520 2432//2520 
f 2602//2521 2603//2521 2434//2521 2433//2521 
f 2436//2522 2275//2522 2435//2522 2604//2522 
f 2436//2523 2604//2523 2437//2523 2276//2523 
f 2437//2524 2605//2524 2438//2524 2277//2524 
f 2606//2525 2439//2525 2438//2525 2607//2525 
f 2606//2528 2441//2528 2278//2528 2439//2528 
f 2608//2529 2442//2529 2279//2529 2441//2529 
f 2442//2530 2609//2530 2443//2530 2280//2530 
f 2610//2531 2611//2531 2444//2531 2443//2531 
f 2281//2532 2444//2532 2612//2532 2445//2532 
f 2613//2533 2458//2533 2294//2533 2447//2533 
f 2286//2534 2508//2534 2614//2534 2448//2534 
f 2615//2535 2616//2535 2449//2535 2448//2535 
f 2449//2536 2617//2536 2618//2536 2135//2536 
f 2620//2539 2452//2539 2451//2539 2621//2539 
f 2451//2540 2287//2540 2622//2540 2623//2540 
f 2620//2541 2453//2541 2289//2541 2452//2541 
f 2453//2542 2624//2542 2454//2542 2290//2542 
f 2625//2543 2455//2543 2291//2543 2454//2543 
f 2292//2544 2455//2544 2626//2544 2456//2544 
f 2293//2545 2456//2545 2627//2545 2457//2545 
f 2457//2546 2628//2546 2604//2546 2435//2546 
f 2295//2547 2458//2547 2629//2547 2459//2547 
f 2630//2548 2460//2548 2296//2548 2459//2548 
f 2461//2549 2297//2549 2460//2549 2631//2549 
f 2462//2550 2298//2550 2461//2550 2632//2550 
f 2462//2551 2633//2551 2463//2551 2299//2551 
f 2300//2552 2463//2552 2634//2552 2464//2552 
f 2301//2553 2464//2553 2635//2553 2465//2553 
f 2465//2554 2636//2554 2470//2554 2305//2554 
f 2304//2562 2639//2562 2640//2562 2467//2562 
f 2470//2563 2641//2563 2471//2563 2306//2563 
f 2472//2564 2307//2564 2471//2564 2642//2564 
f 2472//2565 2643//2565 2483//2565 2321//2565 
f 2482//2566 2644//2566 2473//2566 2320//2566 
f 2312//2567 2645//2567 2313//2567 2476//2567 
f 2322//2572 2484//2572 2647//2572 2482//2572 
f 2483//2573 2487//2573 2648//2573 2484//2573 
f 2485//2574 2649//2574 2650//2574 2486//2574 
f 2323//2575 2486//2575 2648//2575 2487//2575 
f 2483//2576 2643//2576 2488//2576 2487//2576 
f 2324//2577 2488//2577 2651//2577 2489//2577 
f 2325//2578 2489//2578 2652//2578 2490//2578 
f 2326//2579 2490//2579 2653//2579 2491//2579 
f 2491//2580 2654//2580 2492//2580 2327//2580 
f 2492//2581 2655//2581 2493//2581 2328//2581 
f 2656//2582 2494//2582 2329//2582 2493//2582 
f 2495//2583 2330//2583 2494//2583 2657//2583 
f 2496//2584 2331//2584 2495//2584 2658//2584 
f 2496//2585 2659//2585 2497//2585 2332//2585 
f 2497//2586 2660//2586 2498//2586 2333//2586 
f 2661//2587 2499//2587 2334//2587 2498//2587 
f 2500//2588 2335//2588 2499//2588 2662//2588 
f 2663//2589 2510//2589 2342//2589 2500//2589 
f 2664//2590 2501//2590 2336//2590 2502//2590 
f 2665//2591 2504//2591 2338//2591 2501//2591 
f 2502//2592 2503//2592 2666//2592 2667//2592 
f 2505//2593 2339//2593 2504//2593 2668//2593 
f 2669//2594 2506//2594 2340//2594 2505//2594 
f 2506//2595 2670//2595 2507//2595 2341//2595 
f 2507//2596 2671//2596 2672//2596 2508//2596 
f 2673//2597 2509//2597 2510//2597 2674//2597 
f 2513//2598 2346//2598 2431//2598 2600//2598 
f 2503//2599 2344//2599 2511//2599 2666//2599 
f 2512//2600 2675//2600 2511//2600 2345//2600 
f 2512//2601 2347//2601 2514//2601 2676//2601 
f 2513//2602 2677//2602 2678//2602 2514//2602 
f 2679//2603 2516//2603 2349//2603 2515//2603 
f 2517//2604 2350//2604 2516//2604 2680//2604 
f 2681//2605 2518//2605 2351//2605 2517//2605 
f 2682//2606 2519//2606 2352//2606 2518//2606 
f 2683//2607 2520//2607 2353//2607 2519//2607 
f 2520//2608 2684//2608 2522//2608 2355//2608 
f 2684//2609 2685//2609 2521//2609 2522//2609 
f 2523//2610 2686//2610 2679//2610 2515//2610 
f 2521//2611 2687//2611 2688//2611 2524//2611 
f 2524//2612 2688//2612 2525//2612 2358//2612 
f 2359//2613 2525//2613 2689//2613 2526//2613 
f 2526//2614 2690//2614 2527//2614 2360//2614 
f 2529//2615 2362//2615 2528//2615 2691//2615 
f 2528//2616 2527//2616 2690//2616 2692//2616 
f 2363//2617 2529//2617 2693//2617 2530//2617 
f 2364//2618 2530//2618 2694//2618 2531//2618 
f 2532//2619 2365//2619 2531//2619 2695//2619 
f 2533//2620 2366//2620 2532//2620 2696//2620 
f 2367//2621 2533//2621 2697//2621 2534//2621 
f 2698//2622 2535//2622 2368//2622 2534//2622 
f 2535//2623 2699//2623 2536//2623 2369//2623 
f 2700//2624 2539//2624 2373//2624 2536//2624 
f 2701//2625 2702//2625 2540//2625 2539//2625 
f 2673//2626 2703//2626 2541//2626 2509//2626 
f 2542//2627 2375//2627 2541//2627 2704//2627 
f 2705//2628 2543//2628 2376//2628 2542//2628 
f 2706//2629 2544//2629 2543//2629 2707//2629 
f 2545//2630 2379//2630 2544//2630 2706//2630 
f 2546//2631 2380//2631 2545//2631 2708//2631 
f 2546//2632 2709//2632 2547//2632 2381//2632 
f 2710//2633 2548//2633 2382//2633 2547//2633 
f 2711//2634 2549//2634 2383//2634 2548//2634 
f 2712//2635 2550//2635 2384//2635 2549//2635 
f 2550//2636 2713//2636 2686//2636 2523//2636 
f 2551//2638 2714//2638 2553//2638 2386//2638 
f 2553//2639 2715//2639 2554//2639 2387//2639 
f 2554//2640 2716//2640 2555//2640 2389//2640 
f 2555//2641 2717//2641 2559//2641 2392//2641 
f 2396//2642 2540//2642 2702//2642 2556//2642 
f 2390//2643 2556//2643 2718//2643 2557//2643 
f 2391//2644 2557//2644 2719//2644 2714//2644 
f 2720//2647 2560//2647 2393//2647 2559//2647 
f 2561//2648 2394//2648 2560//2648 2721//2648 
f 2395//2649 2561//2649 2722//2649 2562//2649 
f 2562//2650 2723//2650 2563//2650 2397//2650 
f 2563//2651 2724//2651 2564//2651 2398//2651 
f 2399//2652 2564//2652 2725//2652 2565//2652 
f 2567//2653 2401//2653 2565//2653 2726//2653 
f 2414//2654 2566//2654 2400//2654 2568//2654 
f 2567//2655 2727//2655 2728//2655 2568//2655 
f 2410//2658 2573//2658 2730//2658 2572//2658 
f 2575//2660 2412//2660 2574//2660 2732//2660 
f 2733//2662 2590//2662 2424//2662 2575//2662 
f 2578//2666 2734//2666 2735//2666 2579//2666 
f 2579//2667 2736//2667 2580//2667 2415//2667 
f 2578//2668 2414//2668 2568//2668 2728//2668 
f 2730//2669 2573//2669 2580//2669 2737//2669 
f 2738//2670 2583//2670 2418//2670 2585//2670 
f 2584//2671 2417//2671 2583//2671 2739//2671 
f 2584//2672 2740//2672 2587//2672 2420//2672 
f 2586//2673 2741//2673 2585//2673 2419//2673 
f 2742//2674 2586//2674 2422//2674 2589//2674 
f 2587//2675 2743//2675 2744//2675 2588//2675 
f 2598//2676 2429//2676 2421//2676 2588//2676 
f 2423//2677 2591//2677 2745//2677 2589//2677 
f 2590//2678 2746//2678 2747//2678 2591//2678 
f 2115//2679 2594//2679 2748//2679 2749//2679 
f 1691//2680 2426//2680 2750//2680 2595//2680 
f 2595//2681 2597//2681 2596//2681 1970//2681 
f 2752//2684 2599//2684 2430//2684 2598//2684 
f 2753//2685 2601//2685 2432//2685 2599//2685 
f 2754//2686 2600//2686 2434//2686 2603//2686 
f 2755//2687 2602//2687 2433//2687 2601//2687 
f 2602//2688 2756//2688 2757//2688 2603//2688 
f 2628//2689 2605//2689 2437//2689 2604//2689 
f 2438//2690 2605//2690 2758//2690 2607//2690 
f 2606//2691 2607//2691 2759//2691 2760//2691 
f 2606//2692 2760//2692 2608//2692 2441//2692 
f 2608//2693 2761//2693 2609//2693 2442//2693 
f 2610//2694 2443//2694 2609//2694 2762//2694 
f 2610//2695 2763//2695 2764//2695 2611//2695 
f 2611//2696 2765//2696 2612//2696 2444//2696 
f 2613//2697 2766//2697 2629//2697 2458//2697 
f 2508//2698 2672//2698 2767//2698 2614//2698 
f 2614//2699 2768//2699 2615//2699 2448//2699 
f 2769//2700 2616//2700 2615//2700 2770//2700 
f 2771//2701 2772//2701 2449//2701 2616//2701 
f 2449//2702 2622//2702 2619//2702 2617//2702 
f 2621//2707 2451//2707 2623//2707 2776//2707 
f 2620//2708 2621//2708 2777//2708 2778//2708 
f 2449//2710 2772//2710 2623//2710 2622//2710 
f 2620//2711 2778//2711 2624//2711 2453//2711 
f 2625//2712 2454//2712 2624//2712 2779//2712 
f 2780//2713 2626//2713 2455//2713 2625//2713 
f 2456//2714 2626//2714 2781//2714 2627//2714 
f 2457//2715 2627//2715 2782//2715 2628//2715 
f 2630//2716 2459//2716 2629//2716 2783//2716 
f 2631//2717 2460//2717 2630//2717 2784//2717 
f 2461//2718 2631//2718 2785//2718 2632//2718 
f 2462//2719 2632//2719 2786//2719 2633//2719 
f 2787//2720 2634//2720 2463//2720 2633//2720 
f 2788//2721 2635//2721 2464//2721 2634//2721 
f 2465//2722 2635//2722 2789//2722 2636//2722 
f 2470//2723 2636//2723 2790//2723 2641//2723 
f 2639//2725 2304//2725 2638//2725 2791//2725 
f 2792//2727 2793//2727 2640//2727 2639//2727 
f 2642//2728 2471//2728 2641//2728 2794//2728 
f 2472//2729 2642//2729 2795//2729 2643//2729 
f 2482//2730 2647//2730 2796//2730 2644//2730 
f 2484//2733 2648//2733 2797//2733 2647//2733 
f 2650//2734 2649//2734 2798//2734 2799//2734 
f 2797//2735 2648//2735 2486//2735 2650//2735 
f 2488//2736 2643//2736 2795//2736 2651//2736 
f 2652//2737 2489//2737 2651//2737 2800//2737 
f 2653//2738 2490//2738 2652//2738 2801//2738 
f 2653//2739 2802//2739 2654//2739 2491//2739 
f 2492//2740 2654//2740 2803//2740 2655//2740 
f 2804//2741 2656//2741 2493//2741 2655//2741 
f 2805//2742 2657//2742 2494//2742 2656//2742 
f 2495//2743 2657//2743 2806//2743 2658//2743 
f 2496//2744 2658//2744 2807//2744 2659//2744 
f 2808//2745 2660//2745 2497//2745 2659//2745 
f 2660//2746 2809//2746 2661//2746 2498//2746 
f 2661//2747 2810//2747 2662//2747 2499//2747 
f 2663//2748 2500//2748 2662//2748 2811//2748 
f 2663//2749 2812//2749 2674//2749 2510//2749 
f 2665//2750 2501//2750 2664//2750 2813//2750 
f 2664//2751 2502//2751 2667//2751 2814//2751 
f 2815//2752 2668//2752 2504//2752 2665//2752 
f 2816//2753 2817//2753 2667//2753 2666//2753 
f 2818//2754 2669//2754 2505//2754 2668//2754 
f 2669//2755 2819//2755 2670//2755 2506//2755 
f 2670//2756 2820//2756 2671//2756 2507//2756 
f 2672//2757 2671//2757 2821//2757 2822//2757 
f 2823//2758 2673//2758 2674//2758 2824//2758 
f 2754//2759 2677//2759 2513//2759 2600//2759 
f 2675//2760 2816//2760 2666//2760 2511//2760 
f 2512//2761 2676//2761 2825//2761 2675//2761 
f 2514//2762 2678//2762 2826//2762 2676//2762 
f 2677//2763 2827//2763 2828//2763 2678//2763 
f 2829//2764 2680//2764 2516//2764 2679//2764 
f 2681//2765 2517//2765 2680//2765 2830//2765 
f 2831//2766 2682//2766 2518//2766 2681//2766 
f 2683//2767 2519//2767 2682//2767 2832//2767 
f 2833//2768 2684//2768 2520//2768 2683//2768 
f 2829//2771 2679//2771 2686//2771 2836//2771 
f 2837//2773 2688//2773 2687//2773 2838//2773 
f 2837//2774 2689//2774 2525//2774 2688//2774 
f 2839//2775 2690//2775 2526//2775 2689//2775 
f 2528//2776 2692//2776 2840//2776 2691//2776 
f 2529//2777 2691//2777 2841//2777 2842//2777 
f 2839//2778 2843//2778 2692//2778 2690//2778 
f 2693//2780 2842//2780 2694//2780 2530//2780 
f 2694//2781 2845//2781 2695//2781 2531//2781 
f 2532//2782 2695//2782 2846//2782 2696//2782 
f 2533//2783 2696//2783 2847//2783 2697//2783 
f 2848//2784 2698//2784 2534//2784 2697//2784 
f 2849//2785 2699//2785 2535//2785 2698//2785 
f 2700//2786 2536//2786 2699//2786 2850//2786 
f 2700//2787 2851//2787 2701//2787 2539//2787 
f 2852//2788 2702//2788 2701//2788 2853//2788 
f 2823//2789 2854//2789 2703//2789 2673//2789 
f 2541//2790 2703//2790 2855//2790 2704//2790 
f 2705//2791 2542//2791 2704//2791 2856//2791 
f 2705//2792 2857//2792 2707//2792 2543//2792 
f 2858//2793 2859//2793 2706//2793 2707//2793 
f 2859//2794 2708//2794 2545//2794 2706//2794 
f 2546//2795 2708//2795 2860//2795 2709//2795 
f 2710//2796 2547//2796 2709//2796 2861//2796 
f 2862//2797 2711//2797 2548//2797 2710//2797 
f 2712//2798 2549//2798 2711//2798 2863//2798 
f 2712//2799 2864//2799 2713//2799 2550//2799 
f 2713//2800 2865//2800 2836//2800 2686//2800 
f 2714//2802 2719//2802 2715//2802 2553//2802 
f 2554//2803 2715//2803 2866//2803 2716//2803 
f 2867//2804 2717//2804 2555//2804 2716//2804 
f 2720//2805 2559//2805 2717//2805 2868//2805 
f 2556//2806 2702//2806 2852//2806 2718//2806 
f 2719//2807 2557//2807 2718//2807 2869//2807 
f 2870//2808 2721//2808 2560//2808 2720//2808 
f 2561//2809 2721//2809 2871//2809 2722//2809 
f 2722//2810 2872//2810 2723//2810 2562//2810 
f 2563//2811 2723//2811 2873//2811 2724//2811 
f 2724//2812 2874//2812 2725//2812 2564//2812 
f 2725//2813 2875//2813 2726//2813 2565//2813 
f 2567//2814 2726//2814 2876//2814 2727//2814 
f 2727//2815 2877//2815 2878//2815 2728//2815 
f 2730//2817 2879//2817 2880//2817 2572//2817 
f 2574//2819 2881//2819 2882//2819 2732//2819 
f 2733//2820 2575//2820 2732//2820 2883//2820 
f 2733//2822 2884//2822 2746//2822 2590//2822 
f 2578//2823 2728//2823 2878//2823 2734//2823 
f 2734//2824 2885//2824 2886//2824 2735//2824 
f 2579//2825 2735//2825 2887//2825 2736//2825 
f 2888//2826 2737//2826 2580//2826 2736//2826 
f 2730//2827 2737//2827 2889//2827 2879//2827 
f 2738//2828 2890//2828 2739//2828 2583//2828 
f 2741//2829 2891//2829 2738//2829 2585//2829 
f 2892//2830 2740//2830 2584//2830 2739//2830 
f 2893//2831 2743//2831 2587//2831 2740//2831 
f 2742//2832 2894//2832 2741//2832 2586//2832 
f 2895//2833 2742//2833 2589//2833 2745//2833 
f 2896//2834 2744//2834 2743//2834 2897//2834 
f 2752//2835 2598//2835 2588//2835 2744//2835 
f 2745//2836 2591//2836 2747//2836 2898//2836 
f 2746//2837 2899//2837 2900//2837 2747//2837 
f 2902//2841 2753//2841 2599//2841 2752//2841 
f 2903//2842 2755//2842 2601//2842 2753//2842 
f 2754//2843 2603//2843 2757//2843 2904//2843 
f 2905//2844 2756//2844 2602//2844 2755//2844 
f 2906//2845 2757//2845 2756//2845 2907//2845 
f 2782//2846 2758//2846 2605//2846 2628//2846 
f 2759//2847 2607//2847 2758//2847 2908//2847 
f 2760//2848 2759//2848 2909//2848 2910//2848 
f 2760//2849 2910//2849 2761//2849 2608//2849 
f 2761//2850 2911//2850 2762//2850 2609//2850 
f 2610//2851 2762//2851 2912//2851 2763//2851 
f 2913//2852 2914//2852 2764//2852 2763//2852 
f 2611//2853 2764//2853 2915//2853 2765//2853 
f 2766//2854 2916//2854 2783//2854 2629//2854 
f 2917//2855 2767//2855 2672//2855 2822//2855 
f 2614//2856 2767//2856 2918//2856 2768//2856 
f 2768//2857 2919//2857 2770//2857 2615//2857 
f 2769//2859 2770//2859 2921//2859 2922//2859 
f 2923//2860 2772//2860 2771//2860 2924//2860 
f 2774//2863 2926//2863 2617//2863 2619//2863 
f 2623//2866 2772//2866 2923//2866 2776//2866 
f 2777//2867 2621//2867 2776//2867 2928//2867 
f 2777//2868 2929//2868 2930//2868 2778//2868 
f 2930//2869 2779//2869 2624//2869 2778//2869 
f 2780//2870 2625//2870 2779//2870 2931//2870 
f 2780//2871 2932//2871 2781//2871 2626//2871 
f 2782//2872 2627//2872 2781//2872 2933//2872 
f 2630//2873 2783//2873 2934//2873 2784//2873 
f 2785//2874 2631//2874 2784//2874 2935//2874 
f 2632//2875 2785//2875 2936//2875 2786//2875 
f 2786//2876 2937//2876 2787//2876 2633//2876 
f 2788//2877 2634//2877 2787//2877 2938//2877 
f 2788//2878 2939//2878 2789//2878 2635//2878 
f 2789//2879 2940//2879 2790//2879 2636//2879 
f 2941//2880 2794//2880 2641//2880 2790//2880 
f 2793//2881 2791//2881 2638//2881 2640//2881 
f 2793//2883 2792//2883 2639//2883 2943//2883 
f 2642//2884 2794//2884 2944//2884 2795//2884 
f 2647//2885 2797//2885 2945//2885 2796//2885 
f 2799//2886 2798//2886 2946//2886 2947//2886 
f 2797//2887 2650//2887 2799//2887 2945//2887 
f 2651//2888 2795//2888 2944//2888 2800//2888 
f 2652//2889 2800//2889 2948//2889 2801//2889 
f 2653//2890 2801//2890 2949//2890 2802//2890 
f 2803//2891 2654//2891 2802//2891 2950//2891 
f 2951//2892 2804//2892 2655//2892 2803//2892 
f 2805//2893 2656//2893 2804//2893 2952//2893 
f 2805//2894 2953//2894 2806//2894 2657//2894 
f 2806//2895 2954//2895 2807//2895 2658//2895 
f 2808//2896 2659//2896 2807//2896 2955//2896 
f 2956//2897 2809//2897 2660//2897 2808//2897 
f 2957//2898 2810//2898 2661//2898 2809//2898 
f 2810//2899 2958//2899 2811//2899 2662//2899 
f 2959//2900 2812//2900 2663//2900 2811//2900 
f 2960//2901 2824//2901 2674//2901 2812//2901 
f 2961//2902 2813//2902 2664//2902 2814//2902 
f 2962//2903 2815//2903 2665//2903 2813//2903 
f 2963//2904 2814//2904 2667//2904 2817//2904 
f 2964//2905 2818//2905 2668//2905 2815//2905 
f 2816//2906 2965//2906 2966//2906 2817//2906 
f 2818//2907 2967//2907 2819//2907 2669//2907 
f 2670//2908 2819//2908 2968//2908 2820//2908 
f 2820//2909 2969//2909 2821//2909 2671//2909 
f 2970//2910 2971//2910 2822//2910 2821//2910 
f 2972//2911 2973//2911 2823//2911 2824//2911 
f 2675//2913 2825//2913 2965//2913 2816//2913 
f 2975//2914 2825//2914 2676//2914 2826//2914 
f 2828//2915 2976//2915 2826//2915 2678//2915 
f 2977//2917 2828//2917 2827//2917 2978//2917 
f 2979//2918 2830//2918 2680//2918 2829//2918 
f 2980//2919 2831//2919 2681//2919 2830//2919 
f 2831//2920 2981//2920 2832//2920 2682//2920 
f 2833//2921 2683//2921 2832//2921 2982//2921 
f 2833//2922 2983//2922 2984//2922 2684//2922 
f 2979//2926 2829//2926 2836//2926 2985//2926 
f 2687//2928 2986//2928 2987//2928 2838//2928 
f 2837//2929 2838//2929 2988//2929 2989//2929 
f 2837//2930 2989//2930 2839//2930 2689//2930 
f 2840//2931 2692//2931 2843//2931 2990//2931 
f 2840//2932 2991//2932 2841//2932 2691//2932 
f 2992//2933 2842//2933 2841//2933 2993//2933 
f 2839//2935 2989//2935 2994//2935 2843//2935 
f 2694//2937 2842//2937 2992//2937 2845//2937 
f 2995//2938 2846//2938 2695//2938 2845//2938 
f 2847//2939 2696//2939 2846//2939 2996//2939 
f 2848//2940 2697//2940 2847//2940 2997//2940 
f 2849//2941 2698//2941 2848//2941 2998//2941 
f 2849//2942 2999//2942 2850//2942 2699//2942 
f 2700//2943 2850//2943 3000//2943 2851//2943 
f 2851//2944 3001//2944 3002//2944 2701//2944 
f 2852//2946 2853//2946 3004//2946 3005//2946 
f 2973//2947 3006//2947 2854//2947 2823//2947 
f 3007//2948 2855//2948 2703//2948 2854//2948 
f 2704//2949 2855//2949 3008//2949 2856//2949 
f 2705//2950 2856//2950 3009//2950 2857//2950 
f 2858//2951 2707//2951 2857//2951 3010//2951 
f 2858//2952 3011//2952 3012//2952 2859//2952 
f 2859//2953 3012//2953 2860//2953 2708//2953 
f 2861//2954 2709//2954 2860//2954 3013//2954 
f 2862//2955 2710//2955 2861//2955 3014//2955 
f 2863//2956 2711//2956 2862//2956 3015//2956 
f 2863//2957 3016//2957 2864//2957 2712//2957 
f 3017//2958 2865//2958 2713//2958 2864//2958 
f 3018//2959 2985//2959 2836//2959 2865//2959 
f 2719//2960 2869//2960 2866//2960 2715//2960 
f 2866//2961 3019//2961 2867//2961 2716//2961 
f 2867//2962 3020//2962 2868//2962 2717//2962 
f 2870//2963 2720//2963 2868//2963 3021//2963 
f 2718//2964 2852//2964 3005//2964 2869//2964 
f 2870//2965 3022//2965 2871//2965 2721//2965 
f 2722//2966 2871//2966 3023//2966 2872//2966 
f 2723//2967 2872//2967 3024//2967 2873//2967 
f 2724//2968 2873//2968 3025//2968 2874//2968 
f 3026//2969 2876//2969 2726//2969 2875//2969 
f 3027//2970 2877//2970 2727//2970 2876//2970 
f 3028//2971 3029//2971 2878//2971 2877//2971 
f 3030//2972 3031//2972 2880//2972 2879//2972 
f 2881//2974 2880//2974 3031//2974 2882//2974 
f 2883//2975 2732//2975 2882//2975 3032//2975 
f 3033//2976 2884//2976 2733//2976 2883//2976 
f 3034//2977 2899//2977 2746//2977 2884//2977 
f 2734//2978 2878//2978 3029//2978 2885//2978 
f 2885//2979 3035//2979 3036//2979 2886//2979 
f 2886//2980 3037//2980 2887//2980 2735//2980 
f 2888//2981 2736//2981 2887//2981 3038//2981 
f 2888//2982 3039//2982 2889//2982 2737//2982 
f 2889//2983 3040//2983 3030//2983 2879//2983 
f 3041//2984 2890//2984 2738//2984 2891//2984 
f 3042//2985 2892//2985 2739//2985 2890//2985 
f 2741//2986 2894//2986 3043//2986 2891//2986 
f 2892//2987 3044//2987 2893//2987 2740//2987 
f 2895//2989 3046//2989 2894//2989 2742//2989 
f 2895//2990 2745//2990 2898//2990 3047//2990 
f 2902//2991 2752//2991 2744//2991 2896//2991 
f 3048//2993 2896//2993 2897//2993 3049//2993 
f 3050//2994 2898//2994 2747//2994 2900//2994 
f 3051//2995 3052//2995 2900//2995 2899//2995 
f 2903//2996 2753//2996 2902//2996 3053//2996 
f 3054//2997 2905//2997 2755//2997 2903//2997 
f 2906//2998 3055//2998 2904//2998 2757//2998 
f 2905//3000 3056//3000 2907//3000 2756//3000 
f 2906//3001 2907//3001 3057//3001 3058//3001 
f 2782//3002 2933//3002 2908//3002 2758//3002 
f 2909//3003 2759//3003 2908//3003 3059//3003 
f 2910//3004 2909//3004 3060//3004 3061//3004 
f 2910//3005 3061//3005 2911//3005 2761//3005 
f 2912//3006 2762//3006 2911//3006 3062//3006 
f 2912//3007 3063//3007 2913//3007 2763//3007 
f 2913//3008 3064//3008 3065//3008 2914//3008 
f 2914//3009 3066//3009 2915//3009 2764//3009 
f 2783//3010 2916//3010 3067//3010 2934//3010 
f 2918//3011 2767//3011 2917//3011 3068//3011 
f 2917//3012 2822//3012 2971//3012 3069//3012 
f 2768//3013 2918//3013 3070//3013 2919//3013 
f 2919//3014 3071//3014 2921//3014 2770//3014 
f 3073//3017 2922//3017 2921//3017 3074//3017 
f 2922//3018 3073//3018 3075//3018 2769//3018 
f 3076//3019 3077//3019 2924//3019 2771//3019 
f 3078//3020 3079//3020 2923//3020 2924//3020 
f 3080//3023 3081//3023 2926//3023 2774//3023 
f 2923//3028 3079//3028 2928//3028 2776//3028 
f 2777//3029 2928//3029 3084//3029 2929//3029 
f 3085//3030 2930//3030 2929//3030 3086//3030 
f 3085//3031 2931//3031 2779//3031 2930//3031 
f 2780//3032 2931//3032 3087//3032 2932//3032 
f 2933//3033 2781//3033 2932//3033 3088//3033 
f 2934//3034 3089//3034 2935//3034 2784//3034 
f 2785//3035 2935//3035 3090//3035 2936//3035 
f 2786//3036 2936//3036 3091//3036 2937//3036 
f 2938//3037 2787//3037 2937//3037 3092//3037 
f 2788//3038 2938//3038 3093//3038 2939//3038 
f 2939//3039 3094//3039 2940//3039 2789//3039 
f 2941//3040 2790//3040 2940//3040 3095//3040 
f 2944//3041 2794//3041 2941//3041 3096//3041 
f 2796//3045 2945//3045 3099//3045 3100//3045 
f 2946//3046 3101//3046 3102//3046 2947//3046 
f 2799//3047 2947//3047 3099//3047 2945//3047 
f 2944//3048 3096//3048 2948//3048 2800//3048 
f 2801//3049 2948//3049 3103//3049 2949//3049 
f 3104//3050 2950//3050 2802//3050 2949//3050 
f 2951//3051 2803//3051 2950//3051 3105//3051 
f 2951//3052 3106//3052 2952//3052 2804//3052 
f 2805//3053 2952//3053 3107//3053 2953//3053 
f 3108//3054 2954//3054 2806//3054 2953//3054 
f 2955//3055 2807//3055 2954//3055 3109//3055 
f 2956//3056 2808//3056 2955//3056 3110//3056 
f 3111//3057 2957//3057 2809//3057 2956//3057 
f 2957//3058 3112//3058 2958//3058 2810//3058 
f 3113//3059 2959//3059 2811//3059 2958//3059 
f 3114//3060 2960//3060 2812//3060 2959//3060 
f 2972//3061 2824//3061 2960//3061 3115//3061 
f 3116//3062 2962//3062 2813//3062 2961//3062 
f 2963//3063 3117//3063 2961//3063 2814//3063 
f 3118//3064 2964//3064 2815//3064 2962//3064 
f 2963//3065 2817//3065 2966//3065 3119//3065 
f 2964//3066 3120//3066 2967//3066 2818//3066 
f 2966//3067 2965//3067 3121//3067 3122//3067 
f 2819//3068 2967//3068 3123//3068 2968//3068 
f 2820//3069 2968//3069 3124//3069 2969//3069 
f 3125//3070 2970//3070 2821//3070 2969//3070 
f 2970//3071 3126//3071 3127//3071 2971//3071 
f 2972//3072 3128//3072 3129//3072 2973//3072 
f 2975//3073 3121//3073 2965//3073 2825//3073 
f 2975//3074 2826//3074 2976//3074 3130//3074 
f 2977//3075 3131//3075 2976//3075 2828//3075 
f 2978//3077 2827//3077 3055//3077 3132//3077 
f 2977//3078 2978//3078 3133//3078 3134//3078 
f 3135//3079 2980//3079 2830//3079 2979//3079 
f 2980//3080 3136//3080 2981//3080 2831//3080 
f 2981//3081 3137//3081 2982//3081 2832//3081 
f 2833//3082 2982//3082 3138//3082 2983//3082 
f 2984//3083 2983//3083 3139//3083 2986//3083 
f 3135//3085 2979//3085 2985//3085 3140//3085 
f 2987//3086 2986//3086 3139//3086 3141//3086 
f 3142//3087 2988//3087 2838//3087 2987//3087 
f 2988//3088 3143//3088 2994//3088 2989//3088 
f 2990//3089 2843//3089 2994//3089 3144//3089 
f 2840//3090 2990//3090 3145//3090 2991//3090 
f 2991//3091 3146//3091 2993//3091 2841//3091 
f 2992//3092 2993//3092 3147//3092 3148//3092 
f 2992//3093 3148//3093 2995//3093 2845//3093 
f 2995//3094 3149//3094 2996//3094 2846//3094 
f 3150//3095 2997//3095 2847//3095 2996//3095 
f 2998//3096 2848//3096 2997//3096 3151//3096 
f 3152//3097 2999//3097 2849//3097 2998//3097 
f 3153//3098 3000//3098 2850//3098 2999//3098 
f 2851//3099 3000//3099 3154//3099 3001//3099 
f 3155//3100 3002//3100 3001//3100 3156//3100 
f 3002//3103 3155//3103 3004//3103 2853//3103 
f 3157//3104 3006//3104 2973//3104 3129//3104 
f 3158//3105 3007//3105 2854//3105 3006//3105 
f 3007//3106 3159//3106 3008//3106 2855//3106 
f 3160//3107 3009//3107 2856//3107 3008//3107 
f 3161//3108 3010//3108 2857//3108 3009//3108 
f 2858//3109 3010//3109 3162//3109 3011//3109 
f 3163//3110 3012//3110 3011//3110 3164//3110 
f 3163//3111 3013//3111 2860//3111 3012//3111 
f 2861//3112 3013//3112 3165//3112 3014//3112 
f 3166//3113 3015//3113 2862//3113 3014//3113 
f 3015//3114 3167//3114 3168//3114 2863//3114 
f 3170//3116 3017//3116 2864//3116 3016//3116 
f 3171//3117 3018//3117 2865//3117 3017//3117 
f 3172//3118 3140//3118 2985//3118 3018//3118 
f 2869//3119 3005//3119 3019//3119 2866//3119 
f 3173//3120 3020//3120 2867//3120 3019//3120 
f 3020//3121 3174//3121 3021//3121 2868//3121 
f 3176//3124 3023//3124 2871//3124 3022//3124 
f 3027//3127 2876//3127 3026//3127 3178//3127 
f 3028//3128 2877//3128 3027//3128 3179//3128 
f 3028//3129 3180//3129 3181//3129 3029//3129 
f 3030//3130 3182//3130 3183//3130 3031//3130 
f 3032//3131 2882//3131 3031//3131 3183//3131 
f 3033//3132 2883//3132 3032//3132 3184//3132 
f 3034//3133 2884//3133 3033//3133 3185//3133 
f 3051//3134 2899//3134 3034//3134 3186//3134 
f 3029//3135 3181//3135 3035//3135 2885//3135 
f 3167//3136 3036//3136 3035//3136 3168//3136 
f 3187//3137 3037//3137 2886//3137 3036//3137 
f 3037//3138 3188//3138 3038//3138 2887//3138 
f 2888//3139 3038//3139 3189//3139 3039//3139 
f 3190//3140 3040//3140 2889//3140 3039//3140 
f 3191//3141 3182//3141 3030//3141 3040//3141 
f 3041//3142 3192//3142 3042//3142 2890//3142 
f 3041//3143 2891//3143 3043//3143 3193//3143 
f 3042//3144 3194//3144 3044//3144 2892//3144 
f 3046//3145 3195//3145 3043//3145 2894//3145 
f 2895//3147 3047//3147 3196//3147 3046//3147 
f 3047//3148 2898//3148 3050//3148 3197//3148 
f 3049//3152 2897//3152 3199//3152 3200//3152 
f 3048//3153 3049//3153 3201//3153 3202//3153 
f 3203//3154 3050//3154 2900//3154 3052//3154 
f 3204//3155 3052//3155 3051//3155 3205//3155 
f 3206//3157 3054//3157 2903//3157 3053//3157 
f 3054//3158 3207//3158 3056//3158 2905//3158 
f 2906//3159 3058//3159 3132//3159 3055//3159 
f 3208//3161 2907//3161 3056//3161 3207//3161 
f 3208//3162 3209//3162 3057//3162 2907//3162 
f 3057//3163 3210//3163 3211//3163 3058//3163 
f 2933//3164 3088//3164 3059//3164 2908//3164 
f 3212//3165 3060//3165 2909//3165 3059//3165 
f 3213//3166 3214//3166 3061//3166 3060//3166 
f 2911//3167 3061//3167 3214//3167 3062//3167 
f 2912//3168 3062//3168 3215//3168 3063//3168 
f 2913//3169 3063//3169 3216//3169 3064//3169 
f 3064//3170 3217//3170 3218//3170 3065//3170 
f 2914//3171 3065//3171 3219//3171 3066//3171 
f 3067//3172 3220//3172 3089//3172 2934//3172 
f 2917//3173 3069//3173 3221//3173 3068//3173 
f 3222//3174 3070//3174 2918//3174 3068//3174 
f 3223//3175 3069//3175 2971//3175 3127//3175 
f 2919//3176 3070//3176 3224//3176 3225//3176 
f 3073//3181 3228//3181 3229//3181 3075//3181 
f 2769//3182 3075//3182 3229//3182 3230//3182 
f 3076//3183 3231//3183 3232//3183 3077//3183 
f 3078//3184 2924//3184 3077//3184 3233//3184 
f 3078//3185 3234//3185 3235//3185 3079//3185 
f 3081//3187 3080//3187 3236//3187 3083//3187 
f 2774//3189 3237//3189 3236//3189 3080//3189 
f 2774//3191 3083//3191 3236//3191 3237//3191 
f 2928//3192 3079//3192 3235//3192 3084//3192 
f 2929//3193 3084//3193 3238//3193 3086//3193 
f 3085//3194 3086//3194 3239//3194 3240//3194 
f 3085//3195 3240//3195 3087//3195 2931//3195 
f 3087//3196 3241//3196 3088//3196 2932//3196 
f 3090//3197 2935//3197 3089//3197 3242//3197 
f 2936//3198 3090//3198 3243//3198 3091//3198 
f 3092//3199 2937//3199 3091//3199 3244//3199 
f 2938//3200 3092//3200 3245//3200 3093//3200 
f 2939//3201 3093//3201 3246//3201 3094//3201 
f 3247//3202 3095//3202 2940//3202 3094//3202 
f 3096//3203 2941//3203 3095//3203 3248//3203 
f 3100//3208 3099//3208 3251//3208 3252//3208 
f 3096//3209 3248//3209 3103//3209 2948//3209 
f 3104//3210 2949//3210 3103//3210 3253//3210 
f 3104//3211 3254//3211 3105//3211 2950//3211 
f 2951//3212 3105//3212 3255//3212 3106//3212 
f 3106//3213 3256//3213 3107//3213 2952//3213 
f 3108//3214 2953//3214 3107//3214 3257//3214 
f 3108//3215 3258//3215 3109//3215 2954//3215 
f 2955//3216 3109//3216 3259//3216 3110//3216 
f 3260//3217 3111//3217 2956//3217 3110//3217 
f 3261//3218 3112//3218 2957//3218 3111//3218 
f 3262//3219 3113//3219 2958//3219 3112//3219 
f 3263//3220 3114//3220 2959//3220 3113//3220 
f 3114//3221 3264//3221 3115//3221 2960//3221 
f 2972//3222 3115//3222 3265//3222 3128//3222 
f 3118//3223 2962//3223 3116//3223 3266//3223 
f 3116//3224 2961//3224 3117//3224 3267//3224 
f 2963//3225 3119//3225 3268//3225 3117//3225 
f 3269//3226 3120//3226 2964//3226 3118//3226 
f 3270//3227 3119//3227 2966//3227 3122//3227 
f 2967//3228 3120//3228 3271//3228 3123//3228 
f 3272//3229 3273//3229 3122//3229 3121//3229 
f 3123//3230 3274//3230 3124//3230 2968//3230 
f 3125//3231 2969//3231 3124//3231 3275//3231 
f 3125//3232 3276//3232 3126//3232 2970//3232 
f 3277//3233 3127//3233 3126//3233 3278//3233 
f 3279//3234 3280//3234 3129//3234 3128//3234 
f 2975//3235 3130//3235 3272//3235 3121//3235 
f 3281//3236 3130//3236 2976//3236 3131//3236 
f 2977//3237 3134//3237 3282//3237 3131//3237 
f 2978//3238 3132//3238 3283//3238 3133//3238 
f 3134//3239 3133//3239 3284//3239 3285//3239 
f 3286//3240 3136//3240 2980//3240 3135//3240 
f 2981//3241 3136//3241 3287//3241 3137//3241 
f 3137//3242 3288//3242 3138//3242 2982//3242 
f 3289//3243 3139//3243 2983//3243 3138//3243 
f 3286//3244 3135//3244 3140//3244 3290//3244 
f 3289//3245 3291//3245 3141//3245 3139//3245 
f 3292//3246 3142//3246 2987//3246 3141//3246 
f 3142//3247 3293//3247 3143//3247 2988//3247 
f 3144//3248 2994//3248 3143//3248 3294//3248 
f 2990//3249 3144//3249 3295//3249 3145//3249 
f 2991//3250 3145//3250 3296//3250 3146//3250 
f 3146//3251 3297//3251 3147//3251 2993//3251 
f 3148//3252 3147//3252 3298//3252 3299//3252 
f 3148//3253 3299//3253 3149//3253 2995//3253 
f 3150//3254 2996//3254 3149//3254 3300//3254 
f 3150//3255 3301//3255 3151//3255 2997//3255 
f 3152//3256 2998//3256 3151//3256 3302//3256 
f 3153//3257 2999//3257 3152//3257 3303//3257 
f 3304//3258 3154//3258 3000//3258 3153//3258 
f 3156//3259 3001//3259 3154//3259 3305//3259 
f 3155//3260 3156//3260 3306//3260 3307//3260 
f 3155//3261 3308//3261 3309//3261 3004//3261 
f 3310//3262 3158//3262 3006//3262 3157//3262 
f 3311//3263 3157//3263 3129//3263 3280//3263 
f 3158//3264 3312//3264 3159//3264 3007//3264 
f 3313//3265 3160//3265 3008//3265 3159//3265 
f 3161//3266 3009//3266 3160//3266 3314//3266 
f 3315//3267 3162//3267 3010//3267 3161//3267 
f 3316//3268 3164//3268 3011//3268 3162//3268 
f 3317//3269 3318//3269 3163//3269 3164//3269 
f 3318//3270 3165//3270 3013//3270 3163//3270 
f 3166//3271 3014//3271 3165//3271 3319//3271 
f 3320//3272 3321//3272 3015//3272 3166//3272 
f 3322//3273 3167//3273 3015//3273 3321//3273 
f 3168//3274 3323//3274 3324//3274 2863//3274 
f 3325//3277 3171//3277 3017//3277 3170//3277 
f 3170//3278 3016//3278 3324//3278 3326//3278 
f 3172//3279 3018//3279 3171//3279 3327//3279 
f 3172//3280 3328//3280 3290//3280 3140//3280 
f 3005//3281 3307//3281 3173//3281 3019//3281 
f 3020//3282 3173//3282 3329//3282 3174//3282 
f 3174//3283 3330//3283 3331//3283 3021//3283 
f 3333//3286 3334//3286 3023//3286 3176//3286 
f 3176//3287 3022//3287 3332//3287 3335//3287 
f 3337//3290 3178//3290 3026//3290 3338//3290 
f 3027//3291 3178//3291 3339//3291 3179//3291 
f 3028//3292 3179//3292 3340//3292 3180//3292 
f 3181//3293 3180//3293 3341//3293 3323//3293 
f 3182//3294 3342//3294 3343//3294 3183//3294 
f 3032//3295 3183//3295 3343//3295 3184//3295 
f 3185//3296 3033//3296 3184//3296 3344//3296 
f 3034//3297 3185//3297 3345//3297 3186//3297 
f 3051//3298 3186//3298 3346//3298 3205//3298 
f 3168//3299 3035//3299 3181//3299 3323//3299 
f 3322//3300 3187//3300 3036//3300 3167//3300 
f 3347//3301 3188//3301 3037//3301 3187//3301 
f 3188//3302 3348//3302 3189//3302 3038//3302 
f 3190//3303 3039//3303 3189//3303 3349//3303 
f 3190//3304 3350//3304 3191//3304 3040//3304 
f 3191//3305 3351//3305 3342//3305 3182//3305 
f 3192//3307 3353//3307 3194//3307 3042//3307 
f 3193//3308 3043//3308 3195//3308 3354//3308 
f 3044//3310 3194//3310 3355//3310 3199//3310 
f 3046//3311 3196//3311 3356//3311 3195//3311 
f 3047//3313 3197//3313 3357//3313 3196//3313 
f 3203//3314 3358//3314 3197//3314 3050//3314 
f 3355//3316 3359//3316 3200//3316 3199//3316 
f 3360//3317 3201//3317 3049//3317 3200//3317 
f 3206//3318 3202//3318 3201//3318 3361//3318 
f 3204//3319 3362//3319 3203//3319 3052//3319 
f 3204//3320 3205//3320 3363//3320 3364//3320 
f 3365//3322 3207//3322 3054//3322 3206//3322 
f 3283//3324 3132//3324 3058//3324 3211//3324 
f 3365//3325 3367//3325 3208//3325 3207//3325 
f 3368//3326 3209//3326 3208//3326 3367//3326 
f 3369//3327 3210//3327 3057//3327 3209//3327 
f 3210//3328 3370//3328 3371//3328 3211//3328 
f 3088//3329 3241//3329 3212//3329 3059//3329 
f 3372//3330 3213//3330 3060//3330 3212//3330 
f 3373//3331 3214//3331 3213//3331 3374//3331 
f 3373//3332 3215//3332 3062//3332 3214//3332 
f 3216//3333 3063//3333 3215//3333 3375//3333 
f 3216//3334 3376//3334 3217//3334 3064//3334 
f 3217//3335 3377//3335 3378//3335 3218//3335 
f 3065//3336 3218//3336 3378//3336 3379//3336 
f 3220//3338 3381//3338 3242//3338 3089//3338 
f 3223//3339 3382//3339 3221//3339 3069//3339 
f 3222//3340 3068//3340 3221//3340 3383//3340 
f 3222//3341 3384//3341 3224//3341 3070//3341 
f 3277//3342 3385//3342 3223//3342 3127//3342 
f 3224//3343 3386//3343 3387//3343 3225//3343 
f 3073//3348 3391//3348 3392//3348 3228//3348 
f 3228//3349 3393//3349 3394//3349 3229//3349 
f 3230//3350 3229//3350 3394//3350 3395//3350 
f 3076//3351 2769//3351 3230//3351 3231//3351 
f 3232//3352 3231//3352 3396//3352 3397//3352 
f 3233//3353 3077//3353 3232//3353 3398//3353 
f 3078//3354 3233//3354 3399//3354 3234//3354 
f 3234//3355 3400//3355 3401//3355 3235//3355 
f 3238//3357 3084//3357 3235//3357 3401//3357 
f 3086//3358 3238//3358 3402//3358 3239//3358 
f 3239//3359 3403//3359 3404//3359 3240//3359 
f 3087//3360 3240//3360 3404//3360 3241//3360 
f 3090//3361 3242//3361 3405//3361 3243//3361 
f 3244//3362 3091//3362 3243//3362 3406//3362 
f 3092//3363 3244//3363 3407//3363 3245//3363 
f 3246//3364 3093//3364 3245//3364 3408//3364 
f 3247//3365 3094//3365 3246//3365 3409//3365 
f 3247//3366 3410//3366 3248//3366 3095//3366 
f 3250//3367 2943//3367 3249//3367 3411//3367 
f 3410//3368 3253//3368 3103//3368 3248//3368 
f 3104//3369 3253//3369 3412//3369 3254//3369 
f 3105//3370 3254//3370 3413//3370 3255//3370 
f 3106//3371 3255//3371 3414//3371 3256//3371 
f 3256//3372 3415//3372 3257//3372 3107//3372 
f 3108//3373 3257//3373 3416//3373 3258//3373 
f 3258//3374 3417//3374 3259//3374 3109//3374 
f 3418//3375 3260//3375 3110//3375 3259//3375 
f 3261//3376 3111//3376 3260//3376 3419//3376 
f 3261//3377 3420//3377 3262//3377 3112//3377 
f 3421//3378 3263//3378 3113//3378 3262//3378 
f 3422//3379 3264//3379 3114//3379 3263//3379 
f 3264//3380 3423//3380 3265//3380 3115//3380 
f 3279//3381 3128//3381 3265//3381 3424//3381 
f 3425//3382 3266//3382 3116//3382 3267//3382 
f 3269//3383 3118//3383 3266//3383 3426//3383 
f 3117//3384 3268//3384 3427//3384 3267//3384 
f 3269//3386 3429//3386 3271//3386 3120//3386 
f 3270//3388 3122//3388 3273//3388 3430//3388 
f 3123//3389 3271//3389 3431//3389 3274//3389 
f 3272//3390 3432//3390 3433//3390 3273//3390 
f 3124//3391 3274//3391 3434//3391 3275//3391 
f 3125//3392 3275//3392 3435//3392 3276//3392 
f 3436//3393 3278//3393 3126//3393 3276//3393 
f 3277//3394 3278//3394 3437//3394 3438//3394 
f 3279//3395 3439//3395 3440//3395 3280//3395 
f 3281//3396 3432//3396 3272//3396 3130//3396 
f 3281//3397 3131//3397 3282//3397 3441//3397 
f 3442//3398 3282//3398 3134//3398 3285//3398 
f 3283//3399 3443//3399 3284//3399 3133//3399 
f 3285//3400 3284//3400 3444//3400 3445//3400 
f 3286//3401 3446//3401 3287//3401 3136//3401 
f 3137//3402 3287//3402 3447//3402 3288//3402 
f 3289//3403 3138//3403 3288//3403 3448//3403 
f 3286//3404 3290//3404 3449//3404 3446//3404 
f 3289//3405 3450//3405 3451//3405 3291//3405 
f 3291//3406 3452//3406 3292//3406 3141//3406 
f 3292//3407 3453//3407 3293//3407 3142//3407 
f 3143//3408 3293//3408 3454//3408 3294//3408 
f 3144//3409 3294//3409 3454//3409 3295//3409 
f 3295//3410 3455//3410 3296//3410 3145//3410 
f 3296//3411 3456//3411 3297//3411 3146//3411 
f 3298//3412 3147//3412 3297//3412 3457//3412 
f 3458//3413 3299//3413 3298//3413 3459//3413 
f 3458//3414 3300//3414 3149//3414 3299//3414 
f 3150//3415 3300//3415 3460//3415 3301//3415 
f 3302//3416 3151//3416 3301//3416 3461//3416 
f 3152//3417 3302//3417 3462//3417 3303//3417 
f 3304//3418 3153//3418 3303//3418 3463//3418 
f 3305//3419 3154//3419 3304//3419 3464//3419 
f 3156//3420 3305//3420 3465//3420 3306//3420 
f 3466//3421 3467//3421 3307//3421 3306//3421 
f 3309//3422 3308//3422 3468//3422 3469//3422 
f 3470//3423 3312//3423 3158//3423 3310//3423 
f 3311//3424 3471//3424 3310//3424 3157//3424 
f 3311//3425 3280//3425 3440//3425 3472//3425 
f 3312//3426 3473//3426 3313//3426 3159//3426 
f 3474//3427 3314//3427 3160//3427 3313//3427 
f 3315//3428 3161//3428 3314//3428 3475//3428 
f 3315//3429 3476//3429 3316//3429 3162//3429 
f 3317//3430 3164//3430 3316//3430 3477//3430 
f 3317//3431 3478//3431 3479//3431 3318//3431 
f 3318//3432 3479//3432 3319//3432 3165//3432 
f 3320//3433 3166//3433 3319//3433 3480//3433 
f 3320//3434 3481//3434 3482//3434 3321//3434 
f 3482//3435 3483//3435 3322//3435 3321//3435 
f 3324//3436 3323//3436 3341//3436 3326//3436 
f 3484//3437 3327//3437 3171//3437 3325//3437 
f 3325//3438 3170//3438 3326//3438 3485//3438 
f 3486//3439 3328//3439 3172//3439 3327//3439 
f 3290//3440 3328//3440 3487//3440 3449//3440 
f 3307//3441 3488//3441 3489//3441 3173//3441 
f 3174//3442 3329//3442 3490//3442 3330//3442 
f 3331//3443 3330//3443 3491//3443 3332//3443 
f 3333//3445 3492//3445 3493//3445 3334//3445 
f 3333//3446 3176//3446 3335//3446 3494//3446 
f 3491//3447 3495//3447 3335//3447 3332//3447 
f 3337//3449 3496//3449 3339//3449 3178//3449 
f 3497//3450 3498//3450 3337//3450 3338//3450 
f 3179//3451 3339//3451 3499//3451 3340//3451 
f 3180//3452 3340//3452 3500//3452 3341//3452 
f 3501//3453 3343//3453 3342//3453 3502//3453 
f 3184//3454 3343//3454 3501//3454 3344//3454 
f 3185//3455 3344//3455 3503//3455 3345//3455 
f 3346//3456 3186//3456 3345//3456 3504//3456 
f 3346//3457 3505//3457 3363//3457 3205//3457 
f 3347//3458 3187//3458 3322//3458 3483//3458 
f 3347//3459 3506//3459 3348//3459 3188//3459 
f 3507//3460 3349//3460 3189//3460 3348//3460 
f 3190//3461 3349//3461 3508//3461 3350//3461 
f 3191//3462 3350//3462 3509//3462 3351//3462 
f 3502//3463 3342//3463 3351//3463 3510//3463 
f 3511//3465 3355//3465 3194//3465 3353//3465 
f 3512//3466 3354//3466 3195//3466 3356//3466 
f 3513//3467 3514//3467 3193//3467 3354//3467 
f 3515//3469 3356//3469 3196//3469 3357//3469 
f 3358//3470 3516//3470 3357//3470 3197//3470 
f 3203//3471 3362//3471 3517//3471 3358//3471 
f 3511//3472 3518//3472 3359//3472 3355//3472 
f 3359//3473 3519//3473 3360//3473 3200//3473 
f 3520//3474 3361//3474 3201//3474 3360//3474 
f 3365//3476 3206//3476 3361//3476 3521//3476 
f 3204//3477 3364//3477 3522//3477 3362//3477 
f 3523//3478 3524//3478 3364//3478 3363//3478 
f 3283//3480 3211//3480 3371//3480 3443//3480 
f 3525//3481 3367//3481 3365//3481 3521//3481 
f 3368//3482 3526//3482 3369//3482 3209//3482 
f 3368//3483 3367//3483 3525//3483 3527//3483 
f 3528//3484 3370//3484 3210//3484 3369//3484 
f 3529//3485 3530//3485 3371//3485 3370//3485 
f 3241//3486 3404//3486 3372//3486 3212//3486 
f 3372//3487 3531//3487 3374//3487 3213//3487 
f 3373//3488 3374//3488 3532//3488 3533//3488 
f 3373//3489 3533//3489 3375//3489 3215//3489 
f 3376//3492 3535//3492 3377//3492 3217//3492 
f 3536//3493 3378//3493 3377//3493 3537//3493 
f 3536//3494 3538//3494 3379//3494 3378//3494 
f 3065//3495 3379//3495 3539//3495 3540//3495 
f 3405//3498 3242//3498 3381//3498 3541//3498 
f 3223//3499 3385//3499 3542//3499 3382//3499 
f 3543//3500 3383//3500 3221//3500 3382//3500 
f 3222//3501 3383//3501 3544//3501 3384//3501 
f 3224//3502 3384//3502 3545//3502 3386//3502 
f 3277//3503 3438//3503 3546//3503 3385//3503 
f 3387//3504 3386//3504 3547//3504 3548//3504 
f 3071//3505 3549//3505 3550//3505 3388//3505 
f 3551//3507 3390//3507 3074//3507 3389//3507 
f 3228//3511 3392//3511 3553//3511 3393//3511 
f 3393//3512 3554//3512 3555//3512 3394//3512 
f 3395//3513 3394//3513 3555//3513 3556//3513 
f 3231//3514 3230//3514 3395//3514 3396//3514 
f 3396//3515 3557//3515 3558//3515 3397//3515 
f 3232//3516 3397//3516 3559//3516 3398//3516 
f 3233//3517 3398//3517 3560//3517 3399//3517 
f 3234//3519 3562//3519 3563//3519 3400//3519 
f 3564//3520 3401//3520 3400//3520 3565//3520 
f 3238//3521 3401//3521 3564//3521 3402//3521 
f 3402//3522 3566//3522 3403//3522 3239//3522 
f 3403//3523 3531//3523 3372//3523 3404//3523 
f 3567//3524 3406//3524 3243//3524 3405//3524 
f 3244//3525 3406//3525 3568//3525 3407//3525 
f 3407//3526 3569//3526 3408//3526 3245//3526 
f 3246//3527 3408//3527 3570//3527 3409//3527 
f 3247//3528 3409//3528 3571//3528 3410//3528 
f 3412//3530 3253//3530 3410//3530 3571//3530 
f 3254//3531 3412//3531 3573//3531 3413//3531 
f 3255//3532 3413//3532 3574//3532 3414//3532 
f 3414//3533 3575//3533 3415//3533 3256//3533 
f 3416//3534 3257//3534 3415//3534 3576//3534 
f 3258//3535 3416//3535 3577//3535 3417//3535 
f 3418//3536 3259//3536 3417//3536 3578//3536 
f 3579//3537 3419//3537 3260//3537 3418//3537 
f 3580//3538 3420//3538 3261//3538 3419//3538 
f 3421//3539 3262//3539 3420//3539 3581//3539 
f 3582//3540 3422//3540 3263//3540 3421//3540 
f 3422//3541 3583//3541 3423//3541 3264//3541 
f 3584//3542 3424//3542 3265//3542 3423//3542 
f 3585//3543 3439//3543 3279//3543 3424//3543 
f 3586//3544 3426//3544 3266//3544 3425//3544 
f 3425//3545 3267//3545 3427//3545 3587//3545 
f 3269//3546 3426//3546 3588//3546 3429//3546 
f 3589//3547 3427//3547 3268//3547 3590//3547 
f 3591//3549 3431//3549 3271//3549 3429//3549 
f 3592//3550 3430//3550 3273//3550 3433//3550 
f 3270//3551 3430//3551 3590//3551 3268//3551 
f 3593//3552 3434//3552 3274//3552 3431//3552 
f 3594//3553 3595//3553 3433//3553 3432//3553 
f 3435//3554 3275//3554 3434//3554 3596//3554 
f 3436//3555 3276//3555 3435//3555 3597//3555 
f 3436//3556 3598//3556 3437//3556 3278//3556 
f 3599//3557 3600//3557 3438//3557 3437//3557 
f 3601//3558 3440//3558 3439//3558 3602//3558 
f 3281//3559 3441//3559 3594//3559 3432//3559 
f 3442//3560 3603//3560 3441//3560 3282//3560 
f 3442//3561 3285//3561 3445//3561 3604//3561 
f 3605//3562 3444//3562 3284//3562 3443//3562 
f 3606//3563 3607//3563 3445//3563 3444//3563 
f 3608//3564 3447//3564 3287//3564 3446//3564 
f 3609//3565 3448//3565 3288//3565 3447//3565 
f 3289//3566 3448//3566 3610//3566 3611//3566 
f 3612//3567 3608//3567 3446//3567 3449//3567 
f 3451//3569 3450//3569 3614//3569 3615//3569 
f 3291//3570 3451//3570 3616//3570 3452//3570 
f 3452//3571 3617//3571 3453//3571 3292//3571 
f 3454//3572 3293//3572 3453//3572 3618//3572 
f 3295//3573 3454//3573 3618//3573 3455//3573 
f 3296//3574 3455//3574 3619//3574 3456//3574 
f 3457//3575 3297//3575 3456//3575 3620//3575 
f 3459//3576 3298//3576 3457//3576 3621//3576 
f 3458//3577 3459//3577 3622//3577 3623//3577 
f 3458//3578 3623//3578 3460//3578 3300//3578 
f 3301//3579 3460//3579 3624//3579 3461//3579 
f 3462//3580 3302//3580 3461//3580 3625//3580 
f 3463//3581 3303//3581 3462//3581 3626//3581 
f 3464//3582 3304//3582 3463//3582 3627//3582 
f 3628//3583 3465//3583 3305//3583 3464//3583 
f 3465//3584 3629//3584 3466//3584 3306//3584 
f 3466//3585 3630//3585 3631//3585 3467//3585 
f 3308//3587 3633//3587 3634//3587 3468//3587 
f 3470//3588 3635//3588 3473//3588 3312//3588 
f 3471//3589 3636//3589 3470//3589 3310//3589 
f 3311//3590 3472//3590 3637//3590 3471//3590 
f 3638//3591 3472//3591 3440//3591 3601//3591 
f 3639//3592 3474//3592 3313//3592 3473//3592 
f 3474//3593 3640//3593 3475//3593 3314//3593 
f 3315//3594 3475//3594 3641//3594 3476//3594 
f 3477//3595 3316//3595 3476//3595 3642//3595 
f 3317//3596 3477//3596 3643//3596 3478//3596 
f 3644//3597 3479//3597 3478//3597 3645//3597 
f 3644//3598 3480//3598 3319//3598 3479//3598 
f 3320//3599 3480//3599 3646//3599 3481//3599 
f 3482//3600 3481//3600 3647//3600 3648//3600 
f 3482//3601 3648//3601 3649//3601 3483//3601 
f 3500//3602 3485//3602 3326//3602 3341//3602 
f 3650//3603 3486//3603 3327//3603 3484//3603 
f 3484//3604 3325//3604 3485//3604 3651//3604 
f 3486//3605 3652//3605 3487//3605 3328//3605 
f 3612//3606 3449//3606 3487//3606 3653//3606 
f 3488//3608 3654//3608 3655//3608 3489//3608 
f 3656//3609 3491//3609 3330//3609 3490//3609 
f 3333//3610 3494//3610 3657//3610 3492//3610 
f 3492//3611 3658//3611 3659//3611 3493//3611 
f 3660//3612 3336//3612 3334//3612 3493//3612 
f 3335//3613 3495//3613 3661//3613 3494//3613 
f 3656//3614 3662//3614 3495//3614 3491//3614 
f 3663//3615 3496//3615 3337//3615 3498//3615 
f 3339//3616 3496//3616 3664//3616 3499//3616 
f 3659//3617 3665//3617 3498//3617 3497//3617 
f 3666//3618 3500//3618 3340//3618 3499//3618 
f 3667//3619 3501//3619 3502//3619 3668//3619 
f 3503//3620 3344//3620 3501//3620 3667//3620 
f 3504//3621 3345//3621 3503//3621 3669//3621 
f 3346//3622 3504//3622 3670//3622 3505//3622 
f 3523//3623 3363//3623 3505//3623 3671//3623 
f 3347//3624 3483//3624 3649//3624 3506//3624 
f 3507//3625 3348//3625 3506//3625 3672//3625 
f 3507//3626 3673//3626 3508//3626 3349//3626 
f 3508//3627 3674//3627 3509//3627 3350//3627 
f 3510//3628 3351//3628 3509//3628 3675//3628 
f 3502//3629 3510//3629 3676//3629 3668//3629 
f 3514//3631 3677//3631 3511//3631 3353//3631 
f 3513//3632 3354//3632 3512//3632 3678//3632 
f 3512//3633 3356//3633 3515//3633 3679//3633 
f 3513//3634 3680//3634 3677//3634 3514//3634 
f 3515//3635 3357//3635 3516//3635 3681//3635 
f 3517//3636 3682//3636 3516//3636 3358//3636 
f 3517//3637 3362//3637 3522//3637 3683//3637 
f 3684//3638 3518//3638 3511//3638 3677//3638 
f 3685//3639 3519//3639 3359//3639 3518//3639 
f 3686//3640 3520//3640 3360//3640 3519//3640 
f 3521//3641 3361//3641 3520//3641 3687//3641 
f 3522//3642 3364//3642 3524//3642 3688//3642 
f 3689//3643 3524//3643 3523//3643 3690//3643 
f 3530//3644 3605//3644 3443//3644 3371//3644 
f 3525//3645 3521//3645 3687//3645 3691//3645 
f 3692//3646 3526//3646 3368//3646 3527//3646 
f 3528//3647 3369//3647 3526//3647 3693//3647 
f 3525//3648 3691//3648 3694//3648 3527//3648 
f 3695//3649 3529//3649 3370//3649 3528//3649 
f 3529//3650 3696//3650 3697//3650 3530//3650 
f 3698//3651 3532//3651 3374//3651 3531//3651 
f 3699//3652 3533//3652 3532//3652 3700//3652 
f 3699//3653 3376//3653 3375//3653 3533//3653 
f 3699//3655 3701//3655 3535//3655 3376//3655 
f 3702//3656 3537//3656 3377//3656 3535//3656 
f 3703//3657 3704//3657 3536//3657 3537//3657 
f 3704//3658 3705//3658 3538//3658 3536//3658 
f 3538//3659 3706//3659 3539//3659 3379//3659 
f 3567//3660 3405//3660 3541//3660 3707//3660 
f 3542//3661 3385//3661 3546//3661 3708//3661 
f 3543//3662 3382//3662 3542//3662 3709//3662 
f 3543//3663 3710//3663 3544//3663 3383//3663 
f 3544//3664 3711//3664 3545//3664 3384//3664 
f 3547//3665 3386//3665 3545//3665 3712//3665 
f 3713//3666 3546//3666 3438//3666 3600//3666 
f 3548//3667 3547//3667 3714//3667 3715//3667 
f 3716//3668 3388//3668 3550//3668 3717//3668 
f 3716//3669 3551//3669 3389//3669 3388//3669 
f 3718//3670 3719//3670 3390//3670 3551//3670 
f 3392//3673 3720//3673 3721//3673 3553//3673 
f 3393//3674 3553//3674 3722//3674 3554//3674 
f 3554//3675 3723//3675 3724//3675 3555//3675 
f 3555//3676 3724//3676 3725//3676 3556//3676 
f 3396//3677 3395//3677 3556//3677 3557//3677 
f 3557//3678 3726//3678 3727//3678 3558//3678 
f 3559//3679 3397//3679 3558//3679 3728//3679 
f 3560//3680 3398//3680 3559//3680 3729//3680 
f 3560//3681 3730//3681 3562//3681 3399//3681 
f 3562//3684 3730//3684 3731//3684 3563//3684 
f 3563//3685 3732//3685 3565//3685 3400//3685 
f 3564//3686 3565//3686 3733//3686 3734//3686 
f 3402//3687 3564//3687 3734//3687 3566//3687 
f 3403//3688 3566//3688 3698//3688 3531//3688 
f 3735//3689 3568//3689 3406//3689 3567//3689 
f 3568//3690 3736//3690 3569//3690 3407//3690 
f 3737//3691 3570//3691 3408//3691 3569//3691 
f 3571//3692 3409//3692 3570//3692 3738//3692 
f 3412//3695 3571//3695 3738//3695 3573//3695 
f 3740//3696 3574//3696 3413//3696 3573//3696 
f 3414//3697 3574//3697 3741//3697 3575//3697 
f 3575//3698 3742//3698 3576//3698 3415//3698 
f 3416//3699 3576//3699 3743//3699 3577//3699 
f 3417//3700 3577//3700 3744//3700 3578//3700 
f 3579//3701 3418//3701 3578//3701 3745//3701 
f 3579//3702 3746//3702 3580//3702 3419//3702 
f 3747//3703 3581//3703 3420//3703 3580//3703 
f 3748//3704 3582//3704 3421//3704 3581//3704 
f 3749//3705 3583//3705 3422//3705 3582//3705 
f 3584//3706 3423//3706 3583//3706 3750//3706 
f 3584//3707 3751//3707 3585//3707 3424//3707 
f 3585//3708 3752//3708 3602//3708 3439//3708 
f 3586//3709 3753//3709 3588//3709 3426//3709 
f 3586//3710 3425//3710 3587//3710 3754//3710 
f 3587//3711 3427//3711 3589//3711 3755//3711 
f 3591//3712 3429//3712 3588//3712 3756//3712 
f 3757//3713 3758//3713 3589//3713 3590//3713 
f 3591//3714 3759//3714 3593//3714 3431//3714 
f 3592//3715 3757//3715 3590//3715 3430//3715 
f 3592//3716 3433//3716 3595//3716 3760//3716 
f 3593//3717 3761//3717 3596//3717 3434//3717 
f 3762//3718 3595//3718 3594//3718 3763//3718 
f 3435//3719 3596//3719 3764//3719 3597//3719 
f 3765//3720 3598//3720 3436//3720 3597//3720 
f 3599//3721 3437//3721 3598//3721 3766//3721 
f 3599//3722 3767//3722 3768//3722 3600//3722 
f 3769//3723 3601//3723 3602//3723 3770//3723 
f 3603//3724 3763//3724 3594//3724 3441//3724 
f 3604//3726 3445//3726 3607//3726 3772//3726 
f 3773//3728 3606//3728 3444//3728 3605//3728 
f 3774//3729 3775//3729 3607//3729 3606//3729 
f 3776//3730 3609//3730 3447//3730 3608//3730 
f 3610//3731 3448//3731 3609//3731 3777//3731 
f 3611//3732 3610//3732 3614//3732 3450//3732 
f 3612//3734 3778//3734 3776//3734 3608//3734 
f 3614//3736 3779//3736 3780//3736 3615//3736 
f 3616//3737 3451//3737 3615//3737 3781//3737 
f 3452//3738 3616//3738 3781//3738 3782//3738 
f 3452//3739 3782//3739 3783//3739 3617//3739 
f 3784//3740 3618//3740 3453//3740 3617//3740 
f 3619//3741 3455//3741 3618//3741 3784//3741 
f 3620//3742 3456//3742 3619//3742 3785//3742 
f 3457//3743 3620//3743 3786//3743 3621//3743 
f 3459//3744 3621//3744 3787//3744 3622//3744 
f 3623//3745 3622//3745 3788//3745 3789//3745 
f 3623//3746 3789//3746 3624//3746 3460//3746 
f 3790//3747 3625//3747 3461//3747 3624//3747 
f 3462//3748 3625//3748 3791//3748 3626//3748 
f 3627//3749 3463//3749 3626//3749 3792//3749 
f 3464//3750 3627//3750 3793//3750 3628//3750 
f 3466//3753 3629//3753 3795//3753 3630//3753 
f 3630//3754 3796//3754 3797//3754 3631//3754 
f 3798//3755 3488//3755 3467//3755 3631//3755 
f 3634//3757 3633//3757 3799//3757 3800//3757 
f 3801//3758 3635//3758 3470//3758 3636//3758 
f 3635//3759 3802//3759 3639//3759 3473//3759 
f 3803//3760 3636//3760 3471//3760 3637//3760 
f 3638//3761 3804//3761 3637//3761 3472//3761 
f 3805//3762 3638//3762 3601//3762 3769//3762 
f 3639//3763 3806//3763 3640//3763 3474//3763 
f 3640//3764 3807//3764 3641//3764 3475//3764 
f 3808//3765 3642//3765 3476//3765 3641//3765 
f 3477//3766 3642//3766 3809//3766 3643//3766 
f 3810//3767 3645//3767 3478//3767 3643//3767 
f 3811//3768 3812//3768 3644//3768 3645//3768 
f 3644//3769 3812//3769 3646//3769 3480//3769 
f 3647//3770 3481//3770 3646//3770 3813//3770 
f 3814//3771 3648//3771 3647//3771 3815//3771 
f 3816//3772 3649//3772 3648//3772 3814//3772 
f 3666//3773 3651//3773 3485//3773 3500//3773 
f 3650//3774 3817//3774 3652//3774 3486//3774 
f 3818//3775 3650//3775 3484//3775 3651//3775 
f 3819//3776 3653//3776 3487//3776 3652//3776 
f 3612//3777 3653//3777 3820//3777 3778//3777 
f 3798//3778 3821//3778 3654//3778 3488//3778 
f 3822//3779 3655//3779 3654//3779 3823//3779 
f 3655//3780 3824//3780 3688//3780 3489//3780 
f 3825//3781 3657//3781 3494//3781 3661//3781 
f 3826//3782 3658//3782 3492//3782 3657//3782 
f 3659//3783 3658//3783 3827//3783 3665//3783 
f 3662//3784 3828//3784 3661//3784 3495//3784 
f 3628//3785 3793//3785 3662//3785 3656//3785 
f 3829//3786 3664//3786 3496//3786 3663//3786 
f 3665//3787 3830//3787 3663//3787 3498//3787 
f 3831//3788 3666//3788 3499//3788 3664//3788 
f 3667//3789 3668//3789 3832//3789 3833//3789 
f 3503//3790 3667//3790 3833//3790 3669//3790 
f 3504//3791 3669//3791 3834//3791 3670//3791 
f 3670//3792 3835//3792 3671//3792 3505//3792 
f 3523//3793 3671//3793 3836//3793 3690//3793 
f 3816//3794 3672//3794 3506//3794 3649//3794 
f 3507//3795 3672//3795 3837//3795 3673//3795 
f 3673//3796 3838//3796 3674//3796 3508//3796 
f 3675//3797 3509//3797 3674//3797 3839//3797 
f 3676//3798 3510//3798 3675//3798 3840//3798 
f 3841//3799 3832//3799 3668//3799 3676//3799 
f 3512//3800 3679//3800 3842//3800 3678//3800 
f 3513//3801 3678//3801 3843//3801 3680//3801 
f 3515//3802 3681//3802 3844//3802 3679//3802 
f 3845//3803 3684//3803 3677//3803 3680//3803 
f 3846//3804 3681//3804 3516//3804 3682//3804 
f 3517//3805 3683//3805 3847//3805 3682//3805 
f 3522//3806 3688//3806 3824//3806 3683//3806 
f 3684//3807 3848//3807 3685//3807 3518//3807 
f 3686//3808 3519//3808 3685//3808 3849//3808 
f 3850//3809 3687//3809 3520//3809 3686//3809 
f 3489//3810 3688//3810 3524//3810 3689//3810 
f 3697//3811 3773//3811 3605//3811 3530//3811 
f 3851//3812 3691//3812 3687//3812 3850//3812 
f 3852//3813 3693//3813 3526//3813 3692//3813 
f 3692//3814 3527//3814 3694//3814 3853//3814 
f 3854//3815 3695//3815 3528//3815 3693//3815 
f 3851//3816 3855//3816 3694//3816 3691//3816 
f 3695//3817 3856//3817 3696//3817 3529//3817 
f 3696//3818 3857//3818 3858//3818 3697//3818 
f 3698//3819 3859//3819 3700//3819 3532//3819 
f 3699//3820 3700//3820 3860//3820 3701//3820 
f 3701//3821 3861//3821 3702//3821 3535//3821 
f 3702//3822 3862//3822 3703//3822 3537//3822 
f 3863//3823 3704//3823 3703//3823 3864//3823 
f 3863//3824 3865//3824 3705//3824 3704//3824 
f 3538//3825 3705//3825 3866//3825 3706//3825 
f 3541//3826 3867//3826 3868//3826 3707//3826 
f 3735//3827 3567//3827 3707//3827 3869//3827 
f 3713//3828 3870//3828 3708//3828 3546//3828 
f 3542//3829 3708//3829 3871//3829 3709//3829 
f 3543//3830 3709//3830 3872//3830 3710//3830 
f 3544//3831 3710//3831 3873//3831 3711//3831 
f 3874//3832 3712//3832 3545//3832 3711//3832 
f 3547//3833 3712//3833 3875//3833 3714//3833 
f 3713//3834 3600//3834 3768//3834 3876//3834 
f 3715//3835 3714//3835 3877//3835 3878//3835 
f 3717//3836 3550//3836 3879//3836 3880//3836 
f 3881//3837 3716//3837 3717//3837 3882//3837 
f 3881//3838 3718//3838 3551//3838 3716//3838 
f 3883//3839 3719//3839 3718//3839 3884//3839 
f 3390//3841 3886//3841 3887//3841 3720//3841 
f 3888//3842 3721//3842 3720//3842 3887//3842 
f 3553//3843 3721//3843 3889//3843 3722//3843 
f 3554//3844 3722//3844 3890//3844 3723//3844 
f 3723//3845 3891//3845 3892//3845 3724//3845 
f 3724//3846 3892//3846 3893//3846 3725//3846 
f 3557//3847 3556//3847 3725//3847 3726//3847 
f 3894//3848 3727//3848 3726//3848 3895//3848 
f 3558//3849 3727//3849 3896//3849 3728//3849 
f 3729//3850 3559//3850 3728//3850 3897//3850 
f 3560//3851 3729//3851 3898//3851 3730//3851 
f 3730//3852 3898//3852 3899//3852 3731//3852 
f 3563//3853 3731//3853 3900//3853 3732//3853 
f 3901//3854 3733//3854 3565//3854 3732//3854 
f 3734//3855 3733//3855 3902//3855 3859//3855 
f 3566//3856 3734//3856 3859//3856 3698//3856 
f 3735//3857 3903//3857 3736//3857 3568//3857 
f 3736//3858 3904//3858 3737//3858 3569//3858 
f 3738//3859 3570//3859 3737//3859 3905//3859 
f 3740//3860 3573//3860 3738//3860 3905//3860 
f 3740//3861 3906//3861 3741//3861 3574//3861 
f 3907//3862 3742//3862 3575//3862 3741//3862 
f 3742//3863 3908//3863 3743//3863 3576//3863 
f 3909//3864 3744//3864 3577//3864 3743//3864 
f 3744//3865 3910//3865 3745//3865 3578//3865 
f 3579//3866 3745//3866 3911//3866 3746//3866 
f 3748//3868 3581//3868 3747//3868 3913//3868 
f 3914//3870 3749//3870 3582//3870 3748//3870 
f 3915//3871 3750//3871 3583//3871 3749//3871 
f 3916//3872 3751//3872 3584//3872 3750//3872 
f 3602//3875 3752//3875 3918//3875 3919//3875 
f 3586//3876 3754//3876 3920//3876 3753//3876 
f 3921//3877 3756//3877 3588//3877 3753//3877 
f 3587//3878 3922//3878 3923//3878 3754//3878 
f 3755//3879 3589//3879 3758//3879 3924//3879 
f 3926//3881 3759//3881 3591//3881 3756//3881 
f 3757//3882 3927//3882 3928//3882 3758//3882 
f 3929//3883 3761//3883 3593//3883 3759//3883 
f 3592//3884 3760//3884 3927//3884 3757//3884 
f 3762//3885 3930//3885 3760//3885 3595//3885 
f 3931//3886 3764//3886 3596//3886 3761//3886 
f 3762//3887 3763//3887 3932//3887 3933//3887 
f 3765//3888 3597//3888 3764//3888 3934//3888 
f 3765//3889 3935//3889 3766//3889 3598//3889 
f 3599//3890 3766//3890 3936//3890 3767//3890 
f 3768//3891 3767//3891 3937//3891 3938//3891 
f 3939//3892 3770//3892 3602//3892 3919//3892 
f 3939//3893 3940//3893 3769//3893 3770//3893 
f 3603//3894 3604//3894 3932//3894 3763//3894 
f 3941//3896 3772//3896 3607//3896 3775//3896 
f 3932//3897 3604//3897 3772//3897 3942//3897 
f 3943//3898 3774//3898 3606//3898 3773//3898 
f 3944//3899 3945//3899 3775//3899 3774//3899 
f 3776//3900 3946//3900 3777//3900 3609//3900 
f 3614//3901 3610//3901 3777//3901 3779//3901 
f 3778//3902 3947//3902 3946//3902 3776//3902 
f 3779//3903 3948//3903 3949//3903 3780//3903 
f 3950//3904 3781//3904 3615//3904 3780//3904 
f 3950//3905 3951//3905 3782//3905 3781//3905 
f 3952//3906 3783//3906 3782//3906 3951//3906 
f 3784//3907 3617//3907 3783//3907 3953//3907 
f 3619//3908 3784//3908 3953//3908 3785//3908 
f 3620//3909 3785//3909 3954//3909 3786//3909 
f 3787//3910 3621//3910 3786//3910 3955//3910 
f 3956//3911 3788//3911 3622//3911 3787//3911 
f 3957//3912 3789//3912 3788//3912 3958//3912 
f 3957//3913 3790//3913 3624//3913 3789//3913 
f 3790//3914 3959//3914 3791//3914 3625//3914 
f 3960//3915 3792//3915 3626//3915 3791//3915 
f 3627//3916 3792//3916 3961//3916 3793//3916 
f 3962//3918 3795//3918 3629//3918 3628//3918 
f 3963//3919 3796//3919 3630//3919 3795//3919 
f 3964//3920 3797//3920 3796//3920 3965//3920 
f 3798//3921 3631//3921 3797//3921 3966//3921 
f 3800//3922 3799//3922 3967//3922 3968//3922 
f 3801//3923 3969//3923 3802//3923 3635//3923 
f 3803//3924 3970//3924 3801//3924 3636//3924 
f 3802//3925 3971//3925 3806//3925 3639//3925 
f 3803//3926 3637//3926 3804//3926 3972//3926 
f 3805//3927 3973//3927 3804//3927 3638//3927 
f 3974//3928 3805//3928 3769//3928 3940//3928 
f 3806//3929 3975//3929 3807//3929 3640//3929 
f 3808//3930 3641//3930 3807//3930 3976//3930 
f 3808//3931 3977//3931 3809//3931 3642//3931 
f 3810//3932 3643//3932 3809//3932 3978//3932 
f 3811//3933 3645//3933 3810//3933 3979//3933 
f 3980//3934 3981//3934 3812//3934 3811//3934 
f 3981//3935 3813//3935 3646//3935 3812//3935 
f 3982//3936 3815//3936 3647//3936 3813//3936 
f 3814//3937 3815//3937 3983//3937 3984//3937 
f 3816//3938 3814//3938 3984//3938 3985//3938 
f 3831//3939 3818//3939 3651//3939 3666//3939 
f 3986//3940 3817//3940 3650//3940 3818//3940 
f 3987//3941 3819//3941 3652//3941 3817//3941 
f 3988//3942 3820//3942 3653//3942 3819//3942 
f 3778//3943 3820//3943 3989//3943 3947//3943 
f 3798//3944 3966//3944 3990//3944 3821//3944 
f 3991//3945 3823//3945 3654//3945 3821//3945 
f 3822//3946 3992//3946 3824//3946 3655//3946 
f 3822//3947 3823//3947 3993//3947 3994//3947 
f 3826//3948 3657//3948 3825//3948 3995//3948 
f 3996//3949 3825//3949 3661//3949 3828//3949 
f 3826//3950 3997//3950 3827//3950 3658//3950 
f 3665//3951 3827//3951 3998//3951 3830//3951 
f 3793//3952 3961//3952 3828//3952 3662//3952 
f 3628//3953 3656//3953 3999//3953 4000//3953 
f 3829//3954 4001//3954 3831//3954 3664//3954 
f 3829//3955 3663//3955 3830//3955 4002//3955 
f 4003//3956 3833//3956 3832//3956 4004//3956 
f 4003//3957 3834//3957 3669//3957 3833//3957 
f 3670//3958 3834//3958 4005//3958 3835//3958 
f 4006//3959 3836//3959 3671//3959 3835//3959 
f 3837//3960 3672//3960 3816//3960 3985//3960 
f 3837//3961 4007//3961 3838//3961 3673//3961 
f 4008//3962 3839//3962 3674//3962 3838//3962 
f 4009//3963 3840//3963 3675//3963 3839//3963 
f 3841//3964 3676//3964 3840//3964 4010//3964 
f 3841//3965 4011//3965 4004//3965 3832//3965 
f 3842//3966 3679//3966 3844//3966 4012//3966 
f 3842//3967 4013//3967 3843//3967 3678//3967 
f 4014//3968 3845//3968 3680//3968 3843//3968 
f 4015//3969 3844//3969 3681//3969 3846//3969 
f 4016//3970 3848//3970 3684//3970 3845//3970 
f 4017//3971 3846//3971 3682//3971 3847//3971 
f 3847//3972 3683//3972 3824//3972 3992//3972 
f 4018//3973 3849//3973 3685//3973 3848//3973 
f 3850//3974 3686//3974 3849//3974 4019//3974 
f 3943//3975 3773//3975 3697//3975 3858//3975 
f 3851//3976 3850//3976 4019//3976 4020//3976 
f 3854//3977 3693//3977 3852//3977 4021//3977 
f 3852//3978 3692//3978 3853//3978 4022//3978 
f 4023//3979 3853//3979 3694//3979 3855//3979 
f 4024//3980 3856//3980 3695//3980 3854//3980 
f 4025//3981 3855//3981 3851//3981 4020//3981 
f 3696//3982 3856//3982 4026//3982 3857//3982 
f 4027//3983 3858//3983 3857//3983 4028//3983 
f 3860//3984 3700//3984 3859//3984 3902//3984 
f 3860//3985 4029//3985 3861//3985 3701//3985 
f 3861//3986 4030//3986 3862//3986 3702//3986 
f 3864//3987 3703//3987 3862//3987 4031//3987 
f 3863//3988 3864//3988 4032//3988 4033//3988 
f 3863//3989 4033//3989 4034//3989 3865//3989 
f 3865//3990 3867//3990 3866//3990 3705//3990 
f 3865//3991 4034//3991 3868//3991 3867//3991 
f 3707//3992 3868//3992 4035//3992 3869//3992 
f 3735//3993 3869//3993 4036//3993 3903//3993 
f 3713//3994 3876//3994 4037//3994 3870//3994 
f 3870//3995 4038//3995 3871//3995 3708//3995 
f 4039//3996 3872//3996 3709//3996 3871//3996 
f 4040//3997 3873//3997 3710//3997 3872//3997 
f 3874//3998 3711//3998 3873//3998 4041//3998 
f 4042//3999 3875//3999 3712//3999 3874//3999 
f 3875//4000 4043//4000 3877//4000 3714//4000 
f 3768//4001 3938//4001 4044//4001 3876//4001 
f 4045//4002 4046//4002 3878//4002 3877//4002 
f 3717//4003 3880//4003 4047//4003 3882//4003 
f 4048//4004 3881//4004 3882//4004 4049//4004 
f 4048//4005 3884//4005 3718//4005 3881//4005 
f 3883//4006 4050//4006 3886//4006 3719//4006 
f 4051//4007 3883//4007 3884//4007 4052//4007 
f 4053//4010 3887//4010 3886//4010 4050//4010 
f 3888//4011 4054//4011 3889//4011 3721//4011 
f 4053//4012 4055//4012 3888//4012 3887//4012 
f 3722//4013 3889//4013 4056//4013 3890//4013 
f 3723//4014 3890//4014 4057//4014 3891//4014 
f 3891//4015 4058//4015 4059//4015 3892//4015 
f 3892//4016 4059//4016 4060//4016 3893//4016 
f 3725//4017 3893//4017 3895//4017 3726//4017 
f 3894//4018 4061//4018 3896//4018 3727//4018 
f 4062//4019 3894//4019 3895//4019 4063//4019 
f 4064//4020 3897//4020 3728//4020 3896//4020 
f 3729//4021 3897//4021 4065//4021 3898//4021 
f 3899//4022 3898//4022 4065//4022 4066//4022 
f 3731//4023 3899//4023 4067//4023 3900//4023 
f 3900//4024 4068//4024 3901//4024 3732//4024 
f 4069//4025 3902//4025 3733//4025 3901//4025 
f 3736//4026 3903//4026 4070//4026 3904//4026 
f 3905//4027 3737//4027 3904//4027 4071//4027 
f 3740//4028 3905//4028 4071//4028 3906//4028 
f 3906//4029 4072//4029 3907//4029 3741//4029 
f 3907//4030 4073//4030 3908//4030 3742//4030 
f 4074//4031 3909//4031 3743//4031 3908//4031 
f 3909//4032 4075//4032 3910//4032 3744//4032 
f 4076//4033 3911//4033 3745//4033 3910//4033 
f 3747//4034 3746//4034 3911//4034 4077//4034 
f 4078//4036 3913//4036 3747//4036 4077//4036 
f 3914//4037 3748//4037 3913//4037 4079//4037 
f 4080//4038 3915//4038 3749//4038 3914//4038 
f 3915//4039 4081//4039 3916//4039 3750//4039 
f 3751//4042 4083//4042 3918//4042 3752//4042 
f 3919//4043 3918//4043 4084//4043 4085//4043 
f 4086//4044 3920//4044 3754//4044 3923//4044 
f 3921//4045 3753//4045 3920//4045 4087//4045 
f 3921//4046 4088//4046 3926//4046 3756//4046 
f 4089//4048 4090//4048 3923//4048 3922//4048 
f 3928//4049 4091//4049 3924//4049 3758//4049 
f 4089//4050 3922//4050 3755//4050 3924//4050 
f 3926//4052 4092//4052 3929//4052 3759//4052 
f 4093//4053 4094//4053 3928//4053 3927//4053 
f 3931//4054 3761//4054 3929//4054 4095//4054 
f 4093//4055 3927//4055 3760//4055 3930//4055 
f 3762//4056 3933//4056 4096//4056 3930//4056 
f 3931//4057 4097//4057 3934//4057 3764//4057 
f 3932//4058 3942//4058 4098//4058 3933//4058 
f 3765//4059 3934//4059 4099//4059 3935//4059 
f 3936//4060 3766//4060 3935//4060 4100//4060 
f 3936//4061 4101//4061 3937//4061 3767//4061 
f 3938//4062 3937//4062 4102//4062 4103//4062 
f 3939//4063 3919//4063 4085//4063 4104//4063 
f 4105//4064 3940//4064 3939//4064 4104//4064 
f 3941//4065 4106//4065 3942//4065 3772//4065 
f 3941//4066 3775//4066 3945//4066 4107//4066 
f 3943//4067 4108//4067 3944//4067 3774//4067 
f 3944//4068 4109//4068 4110//4068 3945//4068 
f 3779//4069 3777//4069 3946//4069 3948//4069 
f 3946//4070 3947//4070 4111//4070 3948//4070 
f 3949//4071 3948//4071 4111//4071 4112//4071 
f 4113//4072 3950//4072 3780//4072 3949//4072 
f 4113//4073 4114//4073 3951//4073 3950//4073 
f 4115//4074 3953//4074 3783//4074 3952//4074 
f 3952//4075 3951//4075 4114//4075 4116//4075 
f 3785//4076 3953//4076 4115//4076 3954//4076 
f 4117//4077 3955//4077 3786//4077 3954//4077 
f 3956//4078 3787//4078 3955//4078 4118//4078 
f 3956//4079 4119//4079 3958//4079 3788//4079 
f 3957//4080 3958//4080 4120//4080 4121//4080 
f 3957//4081 4121//4081 3959//4081 3790//4081 
f 4122//4082 3960//4082 3791//4082 3959//4082 
f 3960//4083 4123//4083 3961//4083 3792//4083 
f 3962//4084 4124//4084 3963//4084 3795//4084 
f 4000//4085 4125//4085 3962//4085 3628//4085 
f 3963//4086 4126//4086 3965//4086 3796//4086 
f 4127//4087 3966//4087 3797//4087 3964//4087 
f 4128//4088 4129//4088 3964//4088 3965//4088 
f 3628//4089 3967//4089 3799//4089 4130//4089 
f 3967//4090 4131//4090 4132//4090 3968//4090 
f 3801//4091 3970//4091 4133//4091 3969//4091 
f 3969//4092 4134//4092 3971//4092 3802//4092 
f 3803//4093 3972//4093 4135//4093 3970//4093 
f 3971//4094 4136//4094 3975//4094 3806//4094 
f 3973//4095 4137//4095 3972//4095 3804//4095 
f 4138//4096 3973//4096 3805//4096 3974//4096 
f 4139//4097 3974//4097 3940//4097 4105//4097 
f 4140//4098 3976//4098 3807//4098 3975//4098 
f 3808//4099 3976//4099 4141//4099 3977//4099 
f 4142//4100 3978//4100 3809//4100 3977//4100 
f 3810//4101 3978//4101 4143//4101 3979//4101 
f 3980//4102 3811//4102 3979//4102 4144//4102 
f 3980//4103 4145//4103 4146//4103 3981//4103 
f 3982//4104 3813//4104 3981//4104 4146//4104 
f 3982//4105 4147//4105 3983//4105 3815//4105 
f 4148//4106 3984//4106 3983//4106 4149//4106 
f 4150//4107 3985//4107 3984//4107 4148//4107 
f 3831//4108 4001//4108 3986//4108 3818//4108 
f 3986//4109 4151//4109 3987//4109 3817//4109 
f 3987//4110 4152//4110 3988//4110 3819//4110 
f 4154//4112 3989//4112 3820//4112 4155//4112 
f 4154//4113 4111//4113 3947//4113 3989//4113 
f 3990//4114 3966//4114 4127//4114 4156//4114 
f 3990//4115 4157//4115 3991//4115 3821//4115 
f 3991//4116 4158//4116 3993//4116 3823//4116 
f 3822//4117 3994//4117 4159//4117 3992//4117 
f 4160//4118 4161//4118 3994//4118 3993//4118 
f 3996//4119 4162//4119 3995//4119 3825//4119 
f 3826//4120 3995//4120 4163//4120 3997//4120 
f 3996//4121 3828//4121 3961//4121 4123//4121 
f 3997//4122 4164//4122 3998//4122 3827//4122 
f 4165//4123 4002//4123 3830//4123 3998//4123 
f 3628//4124 4006//4124 3999//4124 3656//4124 
f 3829//4126 4002//4126 4167//4126 4001//4126 
f 4003//4127 4004//4127 4168//4127 4169//4127 
f 4003//4128 4169//4128 4005//4128 3834//4128 
f 4150//4132 4007//4132 3837//4132 3985//4132 
f 4008//4133 3838//4133 4007//4133 4172//4133 
f 4008//4134 4173//4134 4009//4134 3839//4134 
f 4009//4135 4174//4135 4010//4135 3840//4135 
f 4175//4136 4011//4136 3841//4136 4010//4136 
f 4004//4137 4011//4137 4176//4137 4168//4137 
f 4177//4138 4012//4138 3844//4138 4015//4138 
f 3842//4139 4012//4139 4178//4139 4013//4139 
f 4014//4140 3843//4140 4013//4140 4179//4140 
f 4180//4141 4016//4141 3845//4141 4014//4141 
f 4181//4142 4015//4142 3846//4142 4017//4142 
f 4182//4143 4018//4143 3848//4143 4016//4143 
f 4017//4144 3847//4144 3992//4144 4159//4144 
f 4018//4145 4183//4145 4019//4145 3849//4145 
f 4027//4146 4108//4146 3943//4146 3858//4146 
f 4184//4147 4020//4147 4019//4147 4183//4147 
f 3852//4148 4022//4148 4185//4148 4021//4148 
f 4024//4149 3854//4149 4021//4149 4186//4149 
f 4022//4150 3853//4150 4023//4150 4187//4150 
f 4025//4151 4188//4151 4023//4151 3855//4151 
f 4189//4152 4026//4152 3856//4152 4024//4152 
f 4025//4153 4020//4153 4184//4153 4190//4153 
f 4026//4154 4191//4154 4028//4154 3857//4154 
f 4192//4155 4193//4155 4027//4155 4028//4155 
f 3860//4156 3902//4156 4069//4156 4029//4156 
f 3861//4157 4029//4157 4194//4157 4030//4157 
f 4030//4158 4195//4158 4031//4158 3862//4158 
f 4032//4161 4197//4161 4198//4161 4033//4161 
f 4034//4162 4033//4162 4198//4162 4199//4162 
f 4034//4163 4199//4163 4035//4163 3868//4163 
f 3869//4164 4035//4164 4200//4164 4201//4164 
f 3903//4166 4036//4166 4203//4166 4070//4166 
f 4037//4167 3876//4167 4044//4167 4204//4167 
f 3870//4168 4037//4168 4205//4168 4038//4168 
f 4038//4169 4206//4169 4039//4169 3871//4169 
f 4039//4170 4207//4170 4040//4170 3872//4170 
f 4208//4171 4041//4171 3873//4171 4040//4171 
f 4042//4172 3874//4172 4041//4172 4209//4172 
f 4042//4173 4210//4173 4043//4173 3875//4173 
f 4045//4174 3877//4174 4043//4174 4211//4174 
f 3938//4175 4103//4175 4212//4175 4044//4175 
f 4045//4176 4213//4176 4214//4176 4046//4176 
f 4048//4177 4215//4177 4052//4177 3884//4177 
f 3883//4178 4216//4178 4217//4178 4050//4178 
f 4051//4179 4217//4179 4216//4179 3883//4179 
f 4218//4180 4219//4180 4051//4180 4052//4180 
f 4053//4181 4050//4181 4220//4181 4221//4181 
f 4222//4182 4054//4182 3888//4182 4055//4182 
f 4054//4183 4223//4183 4056//4183 3889//4183 
f 4053//4184 4221//4184 4224//4184 4055//4184 
f 3890//4185 4056//4185 4225//4185 4057//4185 
f 3891//4186 4057//4186 4226//4186 4058//4186 
f 3916//4187 4081//4187 4059//4187 4058//4187 
f 4080//4188 4060//4188 4059//4188 4081//4188 
f 3893//4189 4060//4189 4063//4189 3895//4189 
f 4062//4190 4227//4190 4061//4190 3894//4190 
f 4228//4191 4064//4191 3896//4191 4061//4191 
f 4062//4192 4063//4192 4229//4192 4230//4192 
f 4064//4193 4231//4193 4065//4193 3897//4193 
f 4066//4194 4065//4194 4231//4194 4232//4194 
f 3899//4195 4066//4195 4233//4195 4067//4195 
f 4234//4196 4068//4196 3900//4196 4067//4196 
f 4069//4197 3901//4197 4068//4197 4235//4197 
f 4070//4198 4236//4198 4071//4198 3904//4198 
f 3906//4199 4071//4199 4236//4199 4072//4199 
f 3907//4200 4072//4200 4237//4200 4073//4200 
f 4238//4201 4074//4201 3908//4201 4073//4201 
f 4074//4202 4239//4202 4075//4202 3909//4202 
f 4076//4203 3910//4203 4075//4203 4240//4203 
f 4077//4204 3911//4204 4076//4204 4241//4204 
f 4079//4205 3913//4205 4078//4205 4242//4205 
f 4078//4206 4077//4206 4241//4206 4243//4206 
f 4080//4207 3914//4207 4079//4207 4229//4207 
f 3751//4212 4245//4212 4226//4212 4083//4212 
f 4084//4213 3918//4213 4083//4213 4225//4213 
f 4246//4214 4085//4214 4084//4214 4223//4214 
f 4086//4215 4247//4215 4087//4215 3920//4215 
f 4086//4216 3923//4216 4090//4216 4248//4216 
f 3921//4217 4087//4217 4249//4217 4088//4217 
f 4088//4218 4250//4218 4092//4218 3926//4218 
f 4089//4219 4251//4219 4252//4219 4090//4219 
f 3928//4220 4094//4220 4253//4220 4091//4220 
f 4089//4221 3924//4221 4091//4221 4251//4221 
f 4254//4222 4095//4222 3929//4222 4092//4222 
f 4093//4223 4255//4223 4256//4223 4094//4223 
f 3931//4224 4095//4224 4257//4224 4097//4224 
f 4093//4225 3930//4225 4096//4225 4255//4225 
f 4096//4226 3933//4226 4098//4226 4258//4226 
f 4259//4227 4099//4227 3934//4227 4097//4227 
f 4106//4228 4260//4228 4098//4228 3942//4228 
f 4261//4229 4100//4229 3935//4229 4099//4229 
f 3936//4230 4100//4230 4262//4230 4101//4230 
f 4102//4231 3937//4231 4101//4231 4263//4231 
f 4103//4232 4102//4232 4264//4232 4265//4232 
f 4104//4233 4085//4233 4246//4233 4266//4233 
f 4104//4234 4266//4234 4267//4234 4105//4234 
f 3941//4235 4107//4235 4268//4235 4106//4235 
f 4110//4236 4269//4236 4107//4236 3945//4236 
f 4270//4237 4109//4237 3944//4237 4108//4237 
f 4271//4238 4272//4238 4110//4238 4109//4238 
f 4273//4239 4112//4239 4111//4239 4154//4239 
f 4274//4240 4113//4240 3949//4240 4112//4240 
f 4274//4241 4275//4241 4114//4241 4113//4241 
f 4115//4242 3952//4242 4116//4242 4276//4242 
f 4277//4243 4116//4243 4114//4243 4275//4243 
f 4117//4244 3954//4244 4115//4244 4276//4244 
f 4278//4245 4118//4245 3955//4245 4117//4245 
f 3956//4246 4118//4246 4279//4246 4119//4246 
f 4119//4247 4280//4247 4120//4247 3958//4247 
f 4281//4248 4121//4248 4120//4248 4282//4248 
f 4122//4249 3959//4249 4121//4249 4281//4249 
f 4122//4250 4283//4250 4123//4250 3960//4250 
f 3962//4251 4125//4251 4284//4251 4124//4251 
f 3963//4252 4124//4252 4285//4252 4126//4252 
f 4286//4253 4125//4253 4000//4253 4287//4253 
f 4128//4254 3965//4254 4126//4254 4288//4254 
f 4127//4255 3964//4255 4129//4255 4289//4255 
f 4290//4256 4129//4256 4128//4256 4291//4256 
f 4131//4257 4292//4257 4293//4257 4132//4257 
f 4294//4258 4133//4258 3970//4258 4135//4258 
f 4295//4259 4134//4259 3969//4259 4133//4259 
f 4134//4260 4296//4260 4136//4260 3971//4260 
f 4297//4261 4135//4261 3972//4261 4137//4261 
f 4136//4262 4298//4262 4140//4262 3975//4262 
f 4138//4263 4299//4263 4137//4263 3973//4263 
f 4138//4264 3974//4264 4139//4264 4300//4264 
f 4301//4265 4139//4265 4105//4265 4267//4265 
f 4140//4266 4302//4266 4141//4266 3976//4266 
f 4142//4267 3977//4267 4141//4267 4303//4267 
f 4304//4268 4143//4268 3978//4268 4142//4268 
f 4143//4269 4305//4269 4144//4269 3979//4269 
f 3980//4270 4144//4270 4306//4270 4145//4270 
f 4307//4271 4146//4271 4145//4271 4308//4271 
f 4310//4274 4149//4274 3983//4274 4147//4274 
f 4148//4275 4149//4275 4311//4275 4312//4275 
f 4150//4276 4148//4276 4312//4276 4313//4276 
f 3986//4277 4001//4277 4167//4277 4151//4277 
f 3987//4278 4151//4278 4314//4278 4152//4278 
f 4315//4279 4316//4279 3988//4279 4152//4279 
f 4273//4282 4154//4282 4155//4282 4317//4282 
f 4127//4283 4289//4283 4318//4283 4156//4283 
f 3990//4284 4156//4284 4319//4284 4157//4284 
f 3991//4285 4157//4285 4320//4285 4158//4285 
f 4160//4286 3993//4286 4158//4286 4321//4286 
f 3994//4287 4161//4287 4322//4287 4159//4287 
f 4323//4288 4324//4288 4161//4288 4160//4288 
f 3996//4289 4123//4289 4283//4289 4162//4289 
f 4162//4290 4325//4290 4163//4290 3995//4290 
f 3997//4291 4163//4291 4326//4291 4164//4291 
f 4327//4292 4165//4292 3998//4292 4164//4292 
f 4165//4293 4328//4293 4167//4293 4002//4293 
f 4330//4297 4169//4297 4168//4297 4331//4297 
f 4330//4298 4329//4298 4005//4298 4169//4298 
f 4150//4302 4313//4302 4172//4302 4007//4302 
f 4008//4303 4172//4303 4333//4303 4173//4303 
f 4009//4304 4173//4304 4334//4304 4174//4304 
f 4175//4305 4010//4305 4174//4305 4335//4305 
f 4175//4306 4336//4306 4176//4306 4011//4306 
f 4331//4307 4168//4307 4176//4307 4337//4307 
f 4338//4308 4178//4308 4012//4308 4177//4308 
f 4339//4309 4177//4309 4015//4309 4181//4309 
f 4013//4310 4178//4310 4340//4310 4179//4310 
f 4180//4311 4014//4311 4179//4311 4341//4311 
f 4342//4312 4182//4312 4016//4312 4180//4312 
f 4181//4313 4017//4313 4159//4313 4322//4313 
f 4182//4314 4343//4314 4183//4314 4018//4314 
f 4027//4315 4193//4315 4270//4315 4108//4315 
f 4344//4316 4184//4316 4183//4316 4343//4316 
f 4022//4317 4187//4317 4345//4317 4185//4317 
f 4021//4318 4185//4318 4346//4318 4186//4318 
f 4189//4319 4024//4319 4186//4319 4347//4319 
f 4348//4320 4187//4320 4023//4320 4188//4320 
f 4025//4321 4190//4321 4349//4321 4188//4321 
f 4189//4322 4350//4322 4191//4322 4026//4322 
f 4351//4323 4190//4323 4184//4323 4344//4323 
f 4192//4324 4028//4324 4191//4324 4352//4324 
f 4353//4325 4354//4325 4193//4325 4192//4325 
f 4069//4326 4235//4326 4194//4326 4029//4326 
f 4194//4327 4355//4327 4195//4327 4030//4327 
f 4195//4328 4356//4328 4032//4328 4031//4328 
f 4198//4331 4197//4331 4358//4331 4359//4331 
f 4199//4332 4198//4332 4359//4332 4360//4332 
f 4199//4333 4360//4333 4200//4333 4035//4333 
f 4201//4334 4200//4334 4361//4334 4362//4334 
f 4036//4337 4201//4337 4362//4337 4203//4337 
f 4070//4338 4203//4338 4363//4338 4236//4338 
f 4364//4339 4204//4339 4044//4339 4212//4339 
f 4037//4340 4204//4340 4365//4340 4205//4340 
f 4038//4341 4205//4341 4366//4341 4206//4341 
f 4039//4342 4206//4342 4367//4342 4207//4342 
f 4368//4343 4208//4343 4040//4343 4207//4343 
f 4208//4344 4369//4344 4209//4344 4041//4344 
f 4370//4345 4210//4345 4042//4345 4209//4345 
f 4211//4346 4043//4346 4210//4346 4371//4346 
f 4045//4347 4211//4347 4372//4347 4213//4347 
f 4103//4348 4265//4348 4373//4348 4212//4348 
f 4374//4349 4375//4349 4214//4349 4213//4349 
f 4218//4350 4052//4350 4215//4350 4376//4350 
f 4051//4351 4220//4351 4050//4351 4217//4351 
f 4377//4352 4219//4352 4218//4352 4378//4352 
f 4219//4353 4379//4353 4220//4353 4051//4353 
f 4222//4355 4246//4355 4223//4355 4054//4355 
f 4222//4356 4055//4356 4224//4356 4381//4356 
f 4223//4357 4084//4357 4225//4357 4056//4357 
f 4057//4359 4225//4359 4083//4359 4226//4359 
f 3916//4360 4058//4360 4226//4360 4245//4360 
f 4080//4361 4229//4361 4063//4361 4060//4361 
f 4062//4363 4230//4363 4382//4363 4227//4363 
f 4227//4364 4383//4364 4228//4364 4061//4364 
f 4228//4365 4384//4365 4231//4365 4064//4365 
f 4230//4366 4229//4366 4079//4366 4242//4366 
f 4384//4367 4385//4367 4232//4367 4231//4367 
f 4066//4368 4232//4368 4386//4368 4233//4368 
f 4234//4369 4067//4369 4233//4369 4387//4369 
f 4234//4370 4388//4370 4235//4370 4068//4370 
f 4072//4371 4236//4371 4363//4371 4237//4371 
f 4237//4372 4389//4372 4238//4372 4073//4372 
f 4238//4373 4390//4373 4239//4373 4074//4373 
f 4240//4374 4075//4374 4239//4374 4391//4374 
f 4241//4375 4076//4375 4240//4375 4392//4375 
f 4393//4376 4242//4376 4078//4376 4243//4376 
f 4243//4377 4241//4377 4392//4377 4394//4377 
f 4086//4378 4248//4378 4395//4378 4247//4378 
f 4249//4379 4087//4379 4247//4379 4396//4379 
f 4248//4380 4090//4380 4252//4380 4397//4380 
f 4398//4381 4250//4381 4088//4381 4249//4381 
f 4399//4382 4254//4382 4092//4382 4250//4382 
f 4251//4383 4400//4383 4401//4383 4252//4383 
f 4402//4384 4253//4384 4094//4384 4256//4384 
f 4251//4385 4091//4385 4253//4385 4400//4385 
f 4254//4386 4403//4386 4257//4386 4095//4386 
f 4404//4387 4256//4387 4255//4387 4405//4387 
f 4259//4388 4097//4388 4257//4388 4406//4388 
f 4096//4389 4258//4389 4405//4389 4255//4389 
f 4258//4390 4098//4390 4260//4390 4407//4390 
f 4259//4391 4408//4391 4261//4391 4099//4391 
f 4268//4392 4409//4392 4260//4392 4106//4392 
f 4261//4393 4410//4393 4262//4393 4100//4393 
f 4411//4394 4263//4394 4101//4394 4262//4394 
f 4412//4395 4264//4395 4102//4395 4263//4395 
f 4413//4396 4265//4396 4264//4396 4414//4396 
f 4222//4397 4381//4397 4266//4397 4246//4397 
f 4267//4398 4266//4398 4381//4398 4415//4398 
f 4268//4399 4107//4399 4269//4399 4416//4399 
f 4272//4400 4417//4400 4269//4400 4110//4400 
f 4418//4401 4271//4401 4109//4401 4270//4401 
f 4419//4402 4420//4402 4272//4402 4271//4402 
f 4274//4403 4112//4403 4273//4403 4421//4403 
f 4274//4404 4421//4404 4422//4404 4275//4404 
f 4423//4405 4276//4405 4116//4405 4277//4405 
f 4424//4406 4277//4406 4275//4406 4422//4406 
f 4278//4407 4117//4407 4276//4407 4423//4407 
f 4278//4408 4425//4408 4279//4408 4118//4408 
f 4426//4409 4280//4409 4119//4409 4279//4409 
f 4427//4410 4282//4410 4120//4410 4280//4410 
f 4122//4412 4281//4412 4429//4412 4283//4412 
f 4286//4413 4430//4413 4284//4413 4125//4413 
f 4431//4414 4285//4414 4124//4414 4284//4414 
f 4285//4415 4432//4415 4288//4415 4126//4415 
f 4000//4416 4329//4416 4330//4416 4287//4416 
f 4286//4417 4287//4417 4433//4417 4434//4417 
f 4435//4418 4291//4418 4128//4418 4288//4418 
f 4290//4419 4436//4419 4289//4419 4129//4419 
f 4437//4420 4290//4420 4291//4420 4438//4420 
f 4292//4421 4439//4421 4440//4421 4293//4421 
f 4294//4422 4441//4422 4295//4422 4133//4422 
f 4443//4424 4296//4424 4134//4424 4295//4424 
f 4136//4425 4296//4425 4444//4425 4298//4425 
f 4297//4427 4137//4427 4299//4427 4445//4427 
f 4140//4428 4298//4428 4446//4428 4302//4428 
f 4138//4429 4300//4429 4447//4429 4299//4429 
f 4448//4430 4300//4430 4139//4430 4301//4430 
f 4449//4431 4301//4431 4267//4431 4415//4431 
f 4303//4432 4141//4432 4302//4432 4450//4432 
f 4304//4433 4142//4433 4303//4433 4451//4433 
f 4304//4434 4452//4434 4305//4434 4143//4434 
f 4144//4435 4305//4435 4453//4435 4306//4435 
f 4308//4436 4145//4436 4306//4436 4454//4436 
f 4455//4438 4456//4438 4307//4438 4308//4438 
f 4310//4440 4458//4440 4311//4440 4149//4440 
f 4459//4441 4310//4441 4147//4441 4457//4441 
f 4460//4442 4312//4442 4311//4442 4461//4442 
f 4462//4443 4313//4443 4312//4443 4460//4443 
f 4328//4444 4314//4444 4151//4444 4167//4444 
f 4463//4445 4315//4445 4152//4445 4314//4445 
f 4315//4446 4464//4446 4317//4446 4316//4446 
f 3988//4447 4316//4447 4317//4447 4155//4447 
f 4465//4448 4421//4448 4273//4448 4317//4448 
f 4466//4449 4318//4449 4289//4449 4436//4449 
f 4467//4450 4319//4450 4156//4450 4318//4450 
f 4319//4451 4468//4451 4320//4451 4157//4451 
f 4469//4452 4321//4452 4158//4452 4320//4452 
f 4323//4453 4160//4453 4321//4453 4470//4453 
f 4471//4454 4322//4454 4161//4454 4324//4454 
f 4472//4455 4324//4455 4323//4455 4470//4455 
f 4162//4456 4283//4456 4429//4456 4325//4456 
f 4473//4457 4326//4457 4163//4457 4325//4457 
f 4327//4458 4164//4458 4326//4458 4474//4458 
f 4327//4459 4475//4459 4328//4459 4165//4459 
f 4433//4461 4287//4461 4330//4461 4331//4461 
f 4462//4462 4333//4462 4172//4462 4313//4462 
f 4476//4463 4334//4463 4173//4463 4333//4463 
f 4335//4464 4174//4464 4334//4464 4477//4464 
f 4175//4465 4335//4465 4478//4465 4336//4465 
f 4479//4466 4337//4466 4176//4466 4336//4466 
f 4433//4467 4331//4467 4337//4467 4480//4467 
f 4338//4468 4481//4468 4340//4468 4178//4468 
f 4338//4469 4177//4469 4339//4469 4482//4469 
f 4471//4470 4339//4470 4181//4470 4322//4470 
f 4483//4471 4341//4471 4179//4471 4340//4471 
f 4342//4472 4180//4472 4341//4472 4484//4472 
f 4342//4473 4485//4473 4343//4473 4182//4473 
f 4418//4474 4270//4474 4193//4474 4354//4474 
f 4486//4475 4344//4475 4343//4475 4485//4475 
f 4348//4476 4487//4476 4345//4476 4187//4476 
f 4345//4477 4488//4477 4346//4477 4185//4477 
f 4347//4478 4186//4478 4346//4478 4489//4478 
f 4189//4479 4347//4479 4490//4479 4350//4479 
f 4491//4480 4348//4480 4188//4480 4349//4480 
f 4351//4481 4492//4481 4349//4481 4190//4481 
f 4494//4483 4351//4483 4344//4483 4486//4483 
f 4495//4485 4353//4485 4192//4485 4352//4485 
f 4496//4486 4418//4486 4354//4486 4353//4486 
f 4194//4487 4235//4487 4388//4487 4355//4487 
f 4195//4488 4355//4488 4497//4488 4356//4488 
f 4356//4489 4498//4489 4499//4489 4032//4489 
f 4197//4492 4499//4492 4500//4492 4358//4492 
f 4359//4493 4358//4493 4501//4493 4502//4493 
f 4359//4494 4502//4494 4503//4494 4360//4494 
f 4360//4495 4503//4495 4361//4495 4200//4495 
f 4504//4496 4362//4496 4361//4496 4505//4496 
f 4504//4497 4363//4497 4203//4497 4362//4497 
f 4364//4498 4506//4498 4365//4498 4204//4498 
f 4364//4499 4212//4499 4373//4499 4507//4499 
f 4205//4500 4365//4500 4508//4500 4366//4500 
f 4367//4501 4206//4501 4366//4501 4509//4501 
f 4510//4502 4368//4502 4207//4502 4367//4502 
f 4368//4503 4511//4503 4369//4503 4208//4503 
f 4370//4504 4209//4504 4369//4504 4512//4504 
f 4370//4505 4513//4505 4371//4505 4210//4505 
f 4211//4506 4371//4506 4514//4506 4372//4506 
f 4374//4507 4213//4507 4372//4507 4515//4507 
f 4516//4508 4373//4508 4265//4508 4413//4508 
f 4517//4509 4518//4509 4375//4509 4374//4509 
f 4378//4510 4218//4510 4376//4510 4519//4510 
f 4377//4511 4520//4511 4379//4511 4219//4511 
f 4521//4512 4377//4512 4378//4512 4522//4512 
f 4379//4513 4523//4513 4524//4513 4220//4513 
f 4525//4515 4415//4515 4381//4515 4224//4515 
f 4382//4517 4230//4517 4242//4517 4393//4517 
f 4227//4518 4382//4518 4526//4518 4383//4518 
f 4383//4519 4527//4519 4384//4519 4228//4519 
f 4527//4520 4528//4520 4385//4520 4384//4520 
f 4386//4521 4232//4521 4385//4521 4529//4521 
f 4387//4522 4233//4522 4386//4522 4530//4522 
f 4234//4523 4387//4523 4531//4523 4388//4523 
f 4237//4524 4363//4524 4504//4524 4389//4524 
f 4238//4525 4389//4525 4532//4525 4390//4525 
f 4391//4526 4239//4526 4390//4526 4533//4526 
f 4240//4527 4391//4527 4534//4527 4392//4527 
f 4393//4528 4243//4528 4394//4528 4535//4528 
f 4394//4529 4392//4529 4534//4529 4536//4529 
f 4248//4530 4397//4530 4537//4530 4395//4530 
f 4538//4531 4396//4531 4247//4531 4395//4531 
f 4398//4532 4249//4532 4396//4532 4539//4532 
f 4401//4533 4540//4533 4397//4533 4252//4533 
f 4398//4534 4541//4534 4399//4534 4250//4534 
f 4399//4535 4542//4535 4403//4535 4254//4535 
f 4401//4536 4400//4536 4543//4536 4544//4536 
f 4400//4537 4253//4537 4402//4537 4543//4537 
f 4404//4538 4545//4538 4402//4538 4256//4538 
f 4546//4539 4406//4539 4257//4539 4403//4539 
f 4547//4540 4404//4540 4405//4540 4548//4540 
f 4549//4541 4408//4541 4259//4541 4406//4541 
f 4258//4542 4407//4542 4548//4542 4405//4542 
f 4409//4543 4550//4543 4407//4543 4260//4543 
f 4261//4544 4408//4544 4551//4544 4410//4544 
f 4268//4545 4416//4545 4552//4545 4409//4545 
f 4410//4546 4553//4546 4411//4546 4262//4546 
f 4554//4547 4412//4547 4263//4547 4411//4547 
f 4555//4548 4414//4548 4264//4548 4412//4548 
f 4413//4549 4414//4549 4556//4549 4557//4549 
f 4269//4550 4417//4550 4558//4550 4416//4550 
f 4418//4552 4560//4552 4419//4552 4271//4552 
f 4423//4556 4277//4556 4424//4556 4563//4556 
f 4424//4557 4422//4557 4465//4557 4564//4557 
f 4278//4558 4423//4558 4563//4558 4425//4558 
f 4426//4559 4279//4559 4425//4559 4565//4559 
f 4427//4560 4280//4560 4426//4560 4566//4560 
f 4427//4561 4567//4561 4473//4561 4282//4561 
f 4286//4564 4434//4564 4568//4564 4430//4564 
f 4431//4565 4284//4565 4430//4565 4569//4565 
f 4431//4566 4570//4566 4432//4566 4285//4566 
f 4435//4567 4288//4567 4432//4567 4571//4567 
f 4434//4568 4433//4568 4480//4568 4572//4568 
f 4435//4569 4573//4569 4438//4569 4291//4569 
f 4437//4570 4574//4570 4436//4570 4290//4570 
f 4437//4571 4438//4571 4575//4571 4576//4571 
f 4294//4573 4578//4573 4579//4573 4441//4573 
f 4441//4574 4580//4574 4443//4574 4295//4574 
f 4443//4576 4581//4576 4444//4576 4296//4576 
f 4582//4577 4446//4577 4298//4577 4444//4577 
f 4584//4579 4445//4579 4299//4579 4447//4579 
f 4297//4580 4445//4580 4585//4580 4586//4580 
f 4587//4581 4450//4581 4302//4581 4446//4581 
f 4448//4582 4588//4582 4447//4582 4300//4582 
f 4449//4583 4589//4583 4448//4583 4301//4583 
f 4590//4584 4449//4584 4415//4584 4525//4584 
f 4303//4585 4450//4585 4591//4585 4451//4585 
f 4304//4586 4451//4586 4592//4586 4452//4586 
f 4593//4587 4453//4587 4305//4587 4452//4587 
f 4594//4588 4454//4588 4306//4588 4453//4588 
f 4595//4589 4455//4589 4308//4589 4454//4589 
f 4455//4591 4596//4591 4597//4591 4456//4591 
f 4456//4592 4459//4592 4457//4592 4307//4592 
f 4459//4593 4598//4593 4458//4593 4310//4593 
f 4311//4594 4458//4594 4599//4594 4461//4594 
f 4600//4595 4460//4595 4461//4595 4601//4595 
f 4600//4596 4602//4596 4462//4596 4460//4596 
f 4463//4597 4314//4597 4328//4597 4475//4597 
f 4463//4598 4603//4598 4464//4598 4315//4598 
f 4604//4599 4465//4599 4317//4599 4464//4599 
f 4467//4601 4318//4601 4466//4601 4605//4601 
f 4574//4602 4606//4602 4466//4602 4436//4602 
f 4467//4603 4607//4603 4468//4603 4319//4603 
f 4608//4604 4469//4604 4320//4604 4468//4604 
f 4609//4605 4470//4605 4321//4605 4469//4605 
f 4472//4606 4610//4606 4471//4606 4324//4606 
f 4609//4607 4611//4607 4472//4607 4470//4607 
f 4282//4608 4473//4608 4325//4608 4429//4608 
f 4567//4609 4474//4609 4326//4609 4473//4609 
f 4327//4610 4474//4610 4612//4610 4475//4610 
f 4476//4611 4333//4611 4462//4611 4602//4611 
f 4476//4612 4613//4612 4477//4612 4334//4612 
f 4335//4613 4477//4613 4614//4613 4478//4613 
f 4615//4614 4479//4614 4336//4614 4478//4614 
f 4616//4615 4480//4615 4337//4615 4479//4615 
f 4338//4616 4482//4616 4617//4616 4481//4616 
f 4618//4617 4483//4617 4340//4617 4481//4617 
f 4610//4618 4482//4618 4339//4618 4471//4618 
f 4483//4619 4619//4619 4484//4619 4341//4619 
f 4342//4620 4484//4620 4620//4620 4485//4620 
f 4621//4621 4486//4621 4485//4621 4620//4621 
f 4491//4622 4622//4622 4487//4622 4348//4622 
f 4345//4623 4487//4623 4623//4623 4488//4623 
f 4624//4624 4489//4624 4346//4624 4488//4624 
f 4347//4625 4489//4625 4625//4625 4490//4625 
f 4492//4627 4626//4627 4491//4627 4349//4627 
f 4494//4628 4627//4628 4492//4628 4351//4628 
f 4621//4629 4628//4629 4494//4629 4486//4629 
f 4630//4631 4496//4631 4353//4631 4495//4631 
f 4495//4632 4352//4632 4629//4632 4631//4632 
f 4632//4633 4633//4633 4418//4633 4496//4633 
f 4497//4634 4355//4634 4388//4634 4531//4634 
f 4497//4635 4634//4635 4498//4635 4356//4635 
f 4498//4636 4635//4636 4500//4636 4499//4636 
f 4358//4637 4500//4637 4636//4637 4501//4637 
f 4502//4638 4501//4638 4637//4638 4638//4638 
f 4503//4639 4502//4639 4638//4639 4639//4639 
f 4503//4640 4639//4640 4505//4640 4361//4640 
f 4504//4641 4505//4641 4640//4641 4641//4641 
f 4364//4642 4507//4642 4642//4642 4506//4642 
f 4643//4643 4508//4643 4365//4643 4506//4643 
f 4516//4644 4644//4644 4507//4644 4373//4644 
f 4366//4645 4508//4645 4645//4645 4509//4645 
f 4509//4646 4646//4646 4510//4646 4367//4646 
f 4647//4647 4511//4647 4368//4647 4510//4647 
f 4648//4648 4512//4648 4369//4648 4511//4648 
f 4370//4649 4512//4649 4649//4649 4513//4649 
f 4371//4650 4513//4650 4650//4650 4514//4650 
f 4651//4651 4515//4651 4372//4651 4514//4651 
f 4652//4652 4517//4652 4374//4652 4515//4652 
f 4516//4653 4413//4653 4557//4653 4653//4653 
f 4517//4654 4654//4654 4655//4654 4518//4654 
f 4375//4655 4518//4655 4656//4655 4657//4655 
f 4378//4656 4519//4656 4658//4656 4522//4656 
f 4520//4657 4377//4657 4659//4657 4660//4657 
f 4661//4658 4523//4658 4379//4658 4520//4658 
f 4659//4659 4377//4659 4521//4659 4662//4659 
f 4521//4660 4522//4660 4663//4660 4664//4660 
f 4590//4661 4525//4661 4524//4661 4523//4661 
f 4526//4663 4382//4663 4393//4663 4535//4663 
f 4526//4664 4665//4664 4527//4664 4383//4664 
f 4527//4665 4665//4665 4666//4665 4528//4665 
f 4529//4666 4385//4666 4528//4666 4667//4666 
f 4530//4667 4386//4667 4529//4667 4668//4667 
f 4387//4668 4530//4668 4669//4668 4531//4668 
f 4532//4669 4389//4669 4504//4669 4641//4669 
f 4532//4670 4670//4670 4533//4670 4390//4670 
f 4391//4671 4533//4671 4671//4671 4534//4671 
f 4535//4672 4394//4672 4536//4672 4672//4672 
f 4536//4673 4534//4673 4671//4673 4673//4673 
f 4540//4674 4674//4674 4537//4674 4397//4674 
f 4538//4675 4395//4675 4537//4675 4675//4675 
f 4538//4676 4676//4676 4539//4676 4396//4676 
f 4398//4677 4539//4677 4677//4677 4541//4677 
f 4401//4678 4544//4678 4678//4678 4540//4678 
f 4541//4679 4679//4679 4680//4679 4399//4679 
f 4542//4681 4682//4681 4546//4681 4403//4681 
f 4683//4682 4684//4682 4544//4682 4543//4682 
f 4683//4683 4543//4683 4402//4683 4545//4683 
f 4547//4684 4685//4684 4545//4684 4404//4684 
f 4546//4685 4686//4685 4549//4685 4406//4685 
f 4687//4686 4688//4686 4547//4686 4548//4686 
f 4549//4687 4689//4687 4551//4687 4408//4687 
f 4687//4688 4548//4688 4407//4688 4550//4688 
f 4409//4689 4552//4689 4690//4689 4550//4689 
f 4691//4690 4553//4690 4410//4690 4551//4690 
f 4558//4691 4692//4691 4552//4691 4416//4691 
f 4693//4692 4554//4692 4411//4692 4553//4692 
f 4554//4693 4694//4693 4555//4693 4412//4693 
f 4555//4694 4695//4694 4556//4694 4414//4694 
f 4696//4695 4697//4695 4557//4695 4556//4695 
f 4420//4696 4698//4696 4558//4696 4417//4696 
f 4418//4698 4633//4698 4699//4698 4560//4698 
f 4560//4699 4699//4699 4700//4699 4419//4699 
f 4702//4703 4563//4703 4424//4703 4564//4703 
f 4604//4704 4703//4704 4564//4704 4465//4704 
f 4565//4705 4425//4705 4563//4705 4702//4705 
f 4566//4706 4426//4706 4565//4706 4704//4706 
f 4427//4707 4566//4707 4705//4707 4567//4707 
f 4434//4708 4572//4708 4706//4708 4568//4708 
f 4568//4709 4707//4709 4569//4709 4430//4709 
f 4708//4710 4570//4710 4431//4710 4569//4710 
f 4571//4711 4432//4711 4570//4711 4709//4711 
f 4435//4712 4571//4712 4710//4712 4573//4712 
f 4616//4713 4711//4713 4572//4713 4480//4713 
f 4573//4714 4712//4714 4575//4714 4438//4714 
f 4437//4715 4576//4715 4713//4715 4574//4715 
f 4714//4716 4576//4716 4575//4716 4715//4716 
f 4717//4719 4579//4719 4578//4719 4718//4719 
f 4441//4720 4579//4720 4719//4720 4580//4720 
f 4580//4721 4720//4721 4581//4721 4443//4721 
f 4582//4723 4444//4723 4581//4723 4721//4723 
f 4587//4724 4446//4724 4582//4724 4722//4724 
f 4724//4726 4585//4726 4445//4726 4584//4726 
f 4725//4727 4584//4727 4447//4727 4588//4727 
f 4726//4728 4718//4728 4586//4728 4585//4728 
f 4587//4730 4727//4730 4591//4730 4450//4730 
f 4448//4731 4589//4731 4728//4731 4588//4731 
f 4590//4732 4729//4732 4589//4732 4449//4732 
f 4730//4733 4592//4733 4451//4733 4591//4733 
f 4593//4734 4452//4734 4592//4734 4731//4734 
f 4732//4735 4594//4735 4453//4735 4593//4735 
f 4733//4736 4595//4736 4454//4736 4594//4736 
f 4595//4737 4734//4737 4596//4737 4455//4737 
f 4735//4738 4597//4738 4596//4738 4736//4738 
f 4456//4739 4597//4739 4598//4739 4459//4739 
f 4598//4740 4737//4740 4599//4740 4458//4740 
f 4461//4741 4599//4741 4738//4741 4601//4741 
f 4739//4742 4600//4742 4601//4742 4740//4742 
f 4739//4743 4741//4743 4602//4743 4600//4743 
f 4612//4744 4603//4744 4463//4744 4475//4744 
f 4742//4745 4604//4745 4464//4745 4603//4745 
f 4466//4746 4606//4746 4743//4746 4605//4746 
f 4467//4747 4605//4747 4744//4747 4607//4747 
f 4713//4748 4745//4748 4606//4748 4574//4748 
f 4608//4749 4468//4749 4607//4749 4746//4749 
f 4609//4750 4469//4750 4608//4750 4747//4750 
f 4748//4751 4610//4751 4472//4751 4611//4751 
f 4749//4752 4611//4752 4609//4752 4747//4752 
f 4567//4753 4705//4753 4612//4753 4474//4753 
f 4476//4754 4602//4754 4741//4754 4613//4754 
f 4614//4755 4477//4755 4613//4755 4750//4755 
f 4615//4756 4478//4756 4614//4756 4751//4756 
f 4616//4757 4479//4757 4615//4757 4752//4757 
f 4748//4758 4617//4758 4482//4758 4610//4758 
f 4618//4759 4481//4759 4617//4759 4753//4759 
f 4618//4760 4754//4760 4619//4760 4483//4760 
f 4484//4761 4619//4761 4755//4761 4620//4761 
f 4756//4762 4621//4762 4620//4762 4755//4762 
f 4757//4763 4622//4763 4491//4763 4626//4763 
f 4758//4764 4623//4764 4487//4764 4622//4764 
f 4624//4765 4488//4765 4623//4765 4759//4765 
f 4760//4766 4625//4766 4489//4766 4624//4766 
f 4629//4767 4490//4767 4625//4767 4761//4767 
f 4762//4769 4626//4769 4492//4769 4627//4769 
f 4494//4770 4628//4770 4763//4770 4627//4770 
f 4764//4771 4628//4771 4621//4771 4756//4771 
f 4630//4772 4765//4772 4632//4772 4496//4772 
f 4766//4773 4630//4773 4495//4773 4631//4773 
f 4629//4774 4761//4774 4767//4774 4631//4774 
f 4632//4775 4768//4775 4769//4775 4633//4775 
f 4497//4776 4531//4776 4669//4776 4634//4776 
f 4634//4777 4770//4777 4635//4777 4498//4777 
f 4635//4778 4771//4778 4636//4778 4500//4778 
f 4501//4779 4636//4779 4772//4779 4637//4779 
f 4640//4780 4638//4780 4637//4780 4772//4780 
f 4640//4781 4505//4781 4639//4781 4638//4781 
f 4641//4782 4640//4782 4772//4782 4773//4782 
f 4644//4783 4774//4783 4642//4783 4507//4783 
f 4643//4784 4506//4784 4642//4784 4775//4784 
f 4643//4785 4776//4785 4645//4785 4508//4785 
f 4516//4786 4653//4786 4777//4786 4644//4786 
f 4509//4787 4645//4787 4778//4787 4646//4787 
f 4647//4788 4510//4788 4646//4788 4779//4788 
f 4648//4789 4511//4789 4647//4789 4780//4789 
f 4648//4790 4781//4790 4649//4790 4512//4790 
f 4649//4791 4782//4791 4650//4791 4513//4791 
f 4651//4792 4514//4792 4650//4792 4783//4792 
f 4784//4793 4652//4793 4515//4793 4651//4793 
f 4652//4794 4785//4794 4654//4794 4517//4794 
f 4557//4795 4697//4795 4786//4795 4653//4795 
f 4787//4796 4788//4796 4655//4796 4654//4796 
f 4656//4797 4518//4797 4655//4797 4789//4797 
f 4663//4798 4522//4798 4658//4798 4790//4798 
f 4662//4799 4521//4799 4660//4799 4659//4799 
f 4660//4800 4791//4800 4661//4800 4520//4800 
f 4590//4801 4523//4801 4661//4801 4729//4801 
f 4521//4802 4664//4802 4792//4802 4660//4802 
f 4526//4803 4535//4803 4672//4803 4665//4803 
f 4665//4804 4672//4804 4793//4804 4666//4804 
f 4528//4805 4666//4805 4794//4805 4667//4805 
f 4668//4806 4529//4806 4667//4806 4795//4806 
f 4669//4807 4530//4807 4668//4807 4796//4807 
f 4532//4808 4641//4808 4773//4808 4670//4808 
f 4670//4809 4797//4809 4671//4809 4533//4809 
f 4536//4810 4673//4810 4793//4810 4672//4810 
f 4798//4811 4673//4811 4671//4811 4797//4811 
f 4799//4812 4674//4812 4540//4812 4678//4812 
f 4675//4813 4537//4813 4674//4813 4800//4813 
f 4538//4814 4675//4814 4801//4814 4676//4814 
f 4539//4815 4676//4815 4802//4815 4677//4815 
f 4541//4816 4677//4816 4803//4816 4679//4816 
f 4678//4817 4544//4817 4684//4817 4804//4817 
f 4680//4818 4679//4818 4805//4818 4806//4818 
f 4680//4821 4806//4821 4682//4821 4542//4821 
f 4682//4822 4807//4822 4686//4822 4546//4822 
f 4683//4824 4545//4824 4685//4824 4809//4824 
f 4688//4825 4810//4825 4685//4825 4547//4825 
f 4549//4826 4686//4826 4811//4826 4689//4826 
f 4812//4827 4813//4827 4688//4827 4687//4827 
f 4814//4828 4691//4828 4551//4828 4689//4828 
f 4812//4829 4687//4829 4550//4829 4690//4829 
f 4815//4830 4690//4830 4552//4830 4692//4830 
f 4816//4831 4693//4831 4553//4831 4691//4831 
f 4698//4832 4817//4832 4692//4832 4558//4832 
f 4818//4833 4694//4833 4554//4833 4693//4833 
f 4819//4834 4695//4834 4555//4834 4694//4834 
f 4695//4835 4820//4835 4696//4835 4556//4835 
f 4696//4836 4821//4836 4822//4836 4697//4836 
f 4420//4837 4701//4837 4823//4837 4698//4837 
f 4633//4838 4769//4838 4824//4838 4699//4838 
f 4699//4839 4824//4839 4825//4839 4700//4839 
f 4419//4840 4700//4840 4826//4840 4701//4840 
f 4704//4842 4703//4842 4604//4842 4742//4842 
f 4704//4844 4565//4844 4702//4844 4703//4844 
f 4566//4845 4704//4845 4742//4845 4705//4845 
f 4828//4846 4706//4846 4572//4846 4711//4846 
f 4568//4847 4706//4847 4829//4847 4707//4847 
f 4708//4848 4569//4848 4707//4848 4830//4848 
f 4709//4849 4570//4849 4708//4849 4831//4849 
f 4832//4850 4710//4850 4571//4850 4709//4850 
f 4833//4851 4712//4851 4573//4851 4710//4851 
f 4616//4852 4752//4852 4834//4852 4711//4852 
f 4715//4853 4575//4853 4712//4853 4835//4853 
f 4714//4854 4836//4854 4713//4854 4576//4854 
f 4714//4855 4715//4855 4837//4855 4838//4855 
f 4717//4856 4839//4856 4719//4856 4579//4856 
f 4718//4857 4578//4857 4583//4857 4586//4857 
f 4840//4858 4717//4858 4718//4858 4726//4858 
f 4580//4859 4719//4859 4841//4859 4720//4859 
f 4721//4860 4581//4860 4720//4860 4842//4860 
f 4582//4861 4721//4861 4843//4861 4722//4861 
f 4587//4862 4722//4862 4844//4862 4727//4862 
f 4726//4864 4585//4864 4724//4864 4845//4864 
f 4846//4865 4724//4865 4584//4865 4725//4865 
f 4847//4866 4725//4866 4588//4866 4728//4866 
f 4730//4867 4591//4867 4727//4867 4848//4867 
f 4849//4868 4728//4868 4589//4868 4729//4868 
f 4731//4869 4592//4869 4730//4869 4850//4869 
f 4732//4870 4593//4870 4731//4870 4851//4870 
f 4852//4871 4733//4871 4594//4871 4732//4871 
f 4853//4872 4734//4872 4595//4872 4733//4872 
f 4734//4873 4854//4873 4736//4873 4596//4873 
f 4598//4874 4597//4874 4735//4874 4737//4874 
f 4735//4875 4736//4875 4855//4875 4856//4875 
f 4737//4876 4857//4876 4738//4876 4599//4876 
f 4601//4877 4738//4877 4858//4877 4740//4877 
f 4859//4878 4739//4878 4740//4878 4860//4878 
f 4859//4879 4861//4879 4741//4879 4739//4879 
f 4612//4880 4705//4880 4742//4880 4603//4880 
f 4606//4881 4745//4881 4862//4881 4743//4881 
f 4744//4882 4605//4882 4743//4882 4863//4882 
f 4744//4883 4864//4883 4746//4883 4607//4883 
f 4713//4884 4836//4884 4865//4884 4745//4884 
f 4866//4885 4747//4885 4608//4885 4746//4885 
f 4749//4886 4867//4886 4748//4886 4611//4886 
f 4866//4887 4868//4887 4749//4887 4747//4887 
f 4741//4888 4861//4888 4750//4888 4613//4888 
f 4751//4889 4614//4889 4750//4889 4869//4889 
f 4752//4890 4615//4890 4751//4890 4870//4890 
f 4867//4891 4753//4891 4617//4891 4748//4891 
f 4618//4892 4753//4892 4871//4892 4754//4892 
f 4872//4893 4755//4893 4619//4893 4754//4893 
f 4872//4894 4873//4894 4756//4894 4755//4894 
f 4757//4895 4874//4895 4758//4895 4622//4895 
f 4875//4896 4757//4896 4626//4896 4762//4896 
f 4876//4897 4759//4897 4623//4897 4758//4897 
f 4877//4898 4760//4898 4624//4898 4759//4898 
f 4878//4899 4761//4899 4625//4899 4760//4899 
f 4762//4900 4627//4900 4763//4900 4879//4900 
f 4764//4901 4880//4901 4763//4901 4628//4901 
f 4764//4902 4756//4902 4873//4902 4881//4902 
f 4766//4903 4882//4903 4765//4903 4630//4903 
f 4632//4904 4765//4904 4883//4904 4768//4904 
f 4884//4905 4766//4905 4631//4905 4767//4905 
f 4885//4906 4767//4906 4761//4906 4878//4906 
f 4769//4907 4768//4907 4886//4907 4887//4907 
f 4669//4908 4796//4908 4770//4908 4634//4908 
f 4770//4909 4888//4909 4771//4909 4635//4909 
f 4889//4910 4772//4910 4636//4910 4771//4910 
f 4644//4912 4777//4912 4891//4912 4774//4912 
f 4774//4913 4892//4913 4775//4913 4642//4913 
f 4643//4914 4775//4914 4893//4914 4776//4914 
f 4894//4915 4778//4915 4645//4915 4776//4915 
f 4786//4916 4895//4916 4777//4916 4653//4916 
f 4646//4917 4778//4917 4896//4917 4779//4917 
f 4647//4918 4779//4918 4897//4918 4780//4918 
f 4648//4919 4780//4919 4898//4919 4781//4919 
f 4899//4920 4782//4920 4649//4920 4781//4920 
f 4783//4921 4650//4921 4782//4921 4900//4921 
f 4784//4922 4651//4922 4783//4922 4901//4922 
f 4784//4923 4902//4923 4785//4923 4652//4923 
f 4787//4924 4654//4924 4785//4924 4903//4924 
f 4697//4925 4822//4925 4904//4925 4786//4925 
f 4787//4926 4905//4926 4906//4926 4788//4926 
f 4655//4927 4788//4927 4907//4927 4789//4927 
f 4908//4928 4656//4928 4789//4928 4909//4928 
f 4792//4930 4911//4930 4791//4930 4660//4930 
f 4661//4931 4791//4931 4849//4931 4729//4931 
f 4666//4932 4793//4932 4912//4932 4794//4932 
f 4795//4933 4667//4933 4794//4933 4913//4933 
f 4668//4934 4795//4934 4914//4934 4796//4934 
f 4670//4935 4773//4935 4889//4935 4797//4935 
f 4798//4936 4912//4936 4793//4936 4673//4936 
f 4889//4937 4915//4937 4798//4937 4797//4937 
f 4799//4939 4678//4939 4804//4939 4917//4939 
f 4675//4941 4800//4941 4919//4941 4801//4941 
f 4920//4942 4802//4942 4676//4942 4801//4942 
f 4802//4943 4921//4943 4803//4943 4677//4943 
f 4679//4944 4803//4944 4922//4944 4805//4944 
f 4923//4945 4804//4945 4684//4945 4924//4945 
f 4925//4946 4806//4946 4805//4946 4926//4946 
f 4925//4947 4807//4947 4682//4947 4806//4947 
f 4927//4948 4811//4948 4686//4948 4807//4948 
f 4928//4951 4809//4951 4685//4951 4810//4951 
f 4929//4952 4924//4952 4683//4952 4809//4952 
f 4688//4953 4813//4953 4930//4953 4810//4953 
f 4811//4954 4931//4954 4814//4954 4689//4954 
f 4932//4955 4933//4955 4813//4955 4812//4955 
f 4814//4956 4934//4956 4816//4956 4691//4956 
f 4815//4957 4932//4957 4812//4957 4690//4957 
f 4817//4958 4935//4958 4815//4958 4692//4958 
f 4936//4959 4818//4959 4693//4959 4816//4959 
f 4823//4960 4937//4960 4817//4960 4698//4960 
f 4818//4961 4938//4961 4819//4961 4694//4961 
f 4819//4962 4939//4962 4820//4962 4695//4962 
f 4820//4963 4940//4963 4821//4963 4696//4963 
f 4941//4964 4942//4964 4822//4964 4821//4964 
f 4701//4965 4826//4965 4943//4965 4823//4965 
f 4945//4967 4825//4967 4824//4967 4946//4967 
f 4826//4968 4700//4968 4825//4968 4947//4968 
f 4828//4970 4948//4970 4829//4970 4706//4970 
f 4828//4971 4711//4971 4834//4971 4949//4971 
f 4830//4972 4707//4972 4829//4972 4950//4972 
f 4951//4973 4831//4973 4708//4973 4830//4973 
f 4952//4974 4832//4974 4709//4974 4831//4974 
f 4833//4975 4710//4975 4832//4975 4953//4975 
f 4833//4976 4954//4976 4835//4976 4712//4976 
f 4752//4977 4870//4977 4955//4977 4834//4977 
f 4956//4978 4837//4978 4715//4978 4835//4978 
f 4714//4979 4838//4979 4957//4979 4836//4979 
f 4958//4980 4838//4980 4837//4980 4959//4980 
f 4717//4981 4960//4981 4961//4981 4839//4981 
f 4839//4982 4962//4982 4841//4982 4719//4982 
f 4963//4983 4960//4983 4717//4983 4840//4983 
f 4964//4984 4840//4984 4726//4984 4845//4984 
f 4965//4985 4842//4985 4720//4985 4841//4985 
f 4721//4986 4842//4986 4966//4986 4843//4986 
f 4722//4987 4843//4987 4967//4987 4844//4987 
f 4848//4988 4727//4988 4844//4988 4968//4988 
f 4846//4989 4969//4989 4845//4989 4724//4989 
f 4846//4990 4725//4990 4847//4990 4970//4990 
f 4971//4991 4847//4991 4728//4991 4849//4991 
f 4850//4992 4730//4992 4848//4992 4972//4992 
f 4731//4993 4850//4993 4973//4993 4851//4993 
f 4852//4994 4732//4994 4851//4994 4974//4994 
f 4975//4995 4853//4995 4733//4995 4852//4995 
f 4853//4996 4976//4996 4854//4996 4734//4996 
f 4977//4997 4855//4997 4736//4997 4854//4997 
f 4737//4998 4735//4998 4856//4998 4857//4998 
f 4855//4999 4978//4999 4979//4999 4856//4999 
f 4738//5000 4857//5000 4980//5000 4858//5000 
f 4740//5001 4858//5001 4981//5001 4860//5001 
f 4859//5002 4860//5002 4982//5002 4983//5002 
f 4859//5003 4983//5003 4984//5003 4861//5003 
f 4862//5004 4745//5004 4865//5004 4985//5004 
f 4862//5005 4986//5005 4863//5005 4743//5005 
f 4744//5006 4863//5006 4987//5006 4864//5006 
f 4866//5007 4746//5007 4864//5007 4988//5007 
f 4957//5008 4989//5008 4865//5008 4836//5008 
f 4868//5009 4990//5009 4867//5009 4749//5009 
f 4991//5010 4868//5010 4866//5010 4988//5010 
f 4869//5011 4750//5011 4861//5011 4984//5011 
f 4751//5012 4869//5012 4992//5012 4870//5012 
f 4871//5013 4753//5013 4867//5013 4990//5013 
f 4872//5014 4754//5014 4871//5014 4993//5014 
f 4994//5015 4873//5015 4872//5015 4993//5015 
f 4875//5016 4995//5016 4874//5016 4757//5016 
f 4876//5017 4758//5017 4874//5017 4996//5017 
f 4997//5018 4875//5018 4762//5018 4879//5018 
f 4877//5019 4759//5019 4876//5019 4998//5019 
f 4877//5020 4999//5020 4878//5020 4760//5020 
f 4879//5021 4763//5021 4880//5021 5000//5021 
f 5001//5022 4880//5022 4764//5022 4881//5022 
f 4994//5023 5002//5023 4881//5023 4873//5023 
f 4884//5024 5003//5024 4882//5024 4766//5024 
f 5004//5025 4883//5025 4765//5025 4882//5025 
f 4886//5026 4768//5026 4883//5026 5005//5026 
f 5006//5027 4884//5027 4767//5027 4885//5027 
f 4885//5028 4878//5028 4999//5028 5007//5028 
f 4886//5029 5008//5029 5009//5029 4887//5029 
f 4770//5031 4796//5031 4914//5031 4888//5031 
f 4889//5032 4771//5032 4888//5032 4915//5032 
f 5010//5035 4891//5035 4777//5035 4895//5035 
f 4891//5036 5011//5036 4892//5036 4774//5036 
f 4892//5037 5012//5037 4893//5037 4775//5037 
f 5013//5038 4894//5038 4776//5038 4893//5038 
f 4894//5039 5014//5039 4896//5039 4778//5039 
f 4786//5040 4904//5040 5015//5040 4895//5040 
f 4897//5041 4779//5041 4896//5041 5016//5041 
f 4898//5042 4780//5042 4897//5042 5017//5042 
f 4899//5043 4781//5043 4898//5043 5018//5043 
f 4899//5044 5019//5044 4900//5044 4782//5044 
f 4783//5045 4900//5045 5020//5045 4901//5045 
f 4784//5046 4901//5046 5021//5046 4902//5046 
f 4785//5047 4902//5047 5022//5047 4903//5047 
f 4787//5048 4903//5048 5023//5048 4905//5048 
f 5024//5049 4904//5049 4822//5049 4942//5049 
f 5025//5050 4906//5050 4905//5050 5026//5050 
f 5027//5051 4907//5051 4788//5051 4906//5051 
f 4909//5052 4789//5052 4907//5052 5028//5052 
f 4792//5055 5031//5055 5032//5055 4911//5055 
f 4911//5056 4971//5056 4849//5056 4791//5056 
f 5033//5057 4913//5057 4794//5057 4912//5057 
f 4795//5058 4913//5058 5033//5058 4914//5058 
f 4798//5059 4915//5059 5033//5059 4912//5059 
f 4917//5062 4804//5062 4923//5062 5035//5062 
f 4799//5063 4917//5063 5036//5063 5034//5063 
f 4919//5066 4800//5066 5037//5066 5038//5066 
f 5039//5067 4920//5067 4801//5067 4919//5067 
f 5040//5068 4921//5068 4802//5068 4920//5068 
f 5041//5069 4922//5069 4803//5069 4921//5069 
f 4805//5070 4922//5070 5042//5070 4926//5070 
f 4929//5071 5043//5071 4923//5071 4924//5071 
f 4925//5072 4926//5072 5044//5072 4927//5072 
f 4927//5074 5044//5074 4931//5074 4811//5074 
f 4929//5076 4809//5076 4928//5076 5046//5076 
f 4928//5077 4810//5077 4930//5077 5047//5077 
f 4930//5078 4813//5078 4933//5078 5048//5078 
f 5049//5079 4934//5079 4814//5079 4931//5079 
f 4932//5080 5050//5080 5051//5080 4933//5080 
f 5052//5081 4936//5081 4816//5081 4934//5081 
f 4935//5082 5050//5082 4932//5082 4815//5082 
f 4937//5083 5053//5083 4935//5083 4817//5083 
f 4936//5084 5054//5084 4938//5084 4818//5084 
f 4823//5085 4943//5085 5055//5085 4937//5085 
f 4819//5086 4938//5086 5056//5086 4939//5086 
f 4820//5087 4939//5087 5057//5087 4940//5087 
f 5058//5088 4941//5088 4821//5088 4940//5088 
f 5059//5089 5060//5089 4942//5089 4941//5089 
f 4943//5090 4826//5090 4947//5090 5061//5090 
f 4945//5092 5062//5092 4947//5092 4825//5092 
f 4824//5093 4887//5093 5009//5093 4946//5093 
f 4945//5094 4946//5094 5063//5094 5064//5094 
f 4828//5095 4949//5095 5065//5095 4948//5095 
f 5066//5096 4950//5096 4829//5096 4948//5096 
f 5067//5097 4949//5097 4834//5097 4955//5097 
f 5068//5098 4951//5098 4830//5098 4950//5098 
f 4952//5099 4831//5099 4951//5099 5069//5099 
f 4952//5100 5070//5100 4953//5100 4832//5100 
f 4833//5101 4953//5101 5071//5101 4954//5101 
f 4956//5102 4835//5102 4954//5102 5072//5102 
f 4992//5103 5073//5103 4955//5103 4870//5103 
f 4956//5104 5074//5104 4959//5104 4837//5104 
f 4957//5105 4838//5105 4958//5105 5075//5105 
f 4958//5106 4959//5106 5076//5106 5077//5106 
f 4960//5107 4963//5107 5078//5107 4961//5107 
f 4961//5108 5079//5108 4962//5108 4839//5108 
f 4965//5109 4841//5109 4962//5109 5080//5109 
f 5081//5110 4963//5110 4840//5110 4964//5110 
f 5082//5111 4964//5111 4845//5111 4969//5111 
f 4965//5112 5083//5112 4966//5112 4842//5112 
f 5084//5113 4967//5113 4843//5113 4966//5113 
f 5085//5114 4968//5114 4844//5114 4967//5114 
f 4972//5115 4848//5115 4968//5115 5086//5115 
f 4846//5116 4970//5116 5087//5116 4969//5116 
f 4971//5117 5088//5117 4970//5117 4847//5117 
f 5089//5118 4973//5118 4850//5118 4972//5118 
f 4974//5119 4851//5119 4973//5119 5090//5119 
f 4975//5120 4852//5120 4974//5120 5091//5120 
f 5092//5121 4976//5121 4853//5121 4975//5121 
f 4976//5122 5093//5122 4977//5122 4854//5122 
f 4977//5123 5094//5123 4978//5123 4855//5123 
f 4980//5124 4857//5124 4856//5124 4979//5124 
f 5095//5125 5096//5125 4979//5125 4978//5125 
f 5097//5126 4981//5126 4858//5126 4980//5126 
f 5098//5127 4982//5127 4860//5127 4981//5127 
f 5099//5128 4983//5128 4982//5128 5100//5128 
f 5099//5129 5101//5129 4984//5129 4983//5129 
f 5102//5130 4985//5130 4865//5130 4989//5130 
f 5103//5131 4986//5131 4862//5131 4985//5131 
f 4987//5132 4863//5132 4986//5132 5104//5132 
f 5105//5133 4988//5133 4864//5133 4987//5133 
f 4957//5134 5075//5134 5106//5134 4989//5134 
f 4991//5135 5107//5135 4990//5135 4868//5135 
f 5105//5136 5108//5136 4991//5136 4988//5136 
f 4992//5137 4869//5137 4984//5137 5101//5137 
f 4871//5138 4990//5138 5107//5138 4993//5138 
f 4994//5139 4993//5139 5107//5139 5109//5139 
f 5111//5141 4996//5141 4874//5141 4995//5141 
f 5112//5142 4998//5142 4876//5142 4996//5142 
f 5113//5144 4997//5144 4879//5144 5000//5144 
f 4877//5145 4998//5145 5114//5145 4999//5145 
f 5115//5146 5000//5146 4880//5146 5001//5146 
f 5001//5147 4881//5147 5002//5147 5116//5147 
f 5117//5148 5002//5148 4994//5148 5109//5148 
f 5006//5149 5118//5149 5003//5149 4884//5149 
f 5119//5150 5004//5150 4882//5150 5003//5150 
f 5004//5151 5120//5151 5005//5151 4883//5151 
f 4886//5152 5005//5152 5121//5152 5008//5152 
f 5122//5153 5006//5153 4885//5153 5007//5153 
f 5007//5154 4999//5154 5114//5154 5123//5154 
f 5009//5155 5008//5155 5124//5155 5125//5155 
f 4914//5156 5033//5156 4915//5156 4888//5156 
f 5010//5157 5126//5157 5011//5157 4891//5157 
f 5015//5158 5127//5158 5010//5158 4895//5158 
f 5011//5159 5128//5159 5012//5159 4892//5159 
f 5013//5160 4893//5160 5012//5160 5129//5160 
f 5013//5161 5130//5161 5014//5161 4894//5161 
f 5016//5162 4896//5162 5014//5162 5131//5162 
f 5024//5163 5132//5163 5015//5163 4904//5163 
f 5017//5164 4897//5164 5016//5164 5133//5164 
f 4898//5165 5017//5165 5134//5165 5018//5165 
f 4899//5166 5018//5166 5135//5166 5019//5166 
f 4900//5167 5019//5167 5136//5167 5020//5167 
f 5021//5168 4901//5168 5020//5168 5137//5168 
f 5138//5169 5022//5169 4902//5169 5021//5169 
f 5023//5170 4903//5170 5022//5170 5139//5170 
f 5023//5171 5140//5171 5026//5171 4905//5171 
f 5024//5172 4942//5172 5060//5172 5141//5172 
f 5025//5173 5142//5173 5027//5173 4906//5173 
f 5025//5174 5026//5174 5143//5174 5144//5174 
f 5027//5175 5145//5175 5028//5175 4907//5175 
f 5146//5176 4909//5176 5028//5176 5147//5176 
f 5149//5179 5150//5179 5032//5179 5031//5179 
f 5032//5180 5088//5180 4971//5180 4911//5180 
f 5035//5181 4923//5181 5043//5181 5151//5181 
f 4917//5182 5035//5182 5152//5182 5036//5182 
f 5153//5183 5034//5183 5036//5183 5154//5183 
f 5153//5186 5155//5186 5038//5186 5037//5186 
f 5039//5187 4919//5187 5038//5187 5156//5187 
f 5039//5188 5157//5188 5040//5188 4920//5188 
f 5040//5189 5158//5189 5041//5189 4921//5189 
f 5159//5190 5042//5190 4922//5190 5041//5190 
f 5160//5191 5044//5191 4926//5191 5042//5191 
f 5161//5192 5043//5192 4929//5192 5046//5192 
f 5160//5194 5049//5194 4931//5194 5044//5194 
f 4928//5195 5047//5195 5162//5195 5046//5195 
f 5047//5196 4930//5196 5048//5196 5163//5196 
f 5164//5197 5048//5197 4933//5197 5051//5197 
f 5165//5198 5052//5198 4934//5198 5049//5198 
f 5166//5199 5167//5199 5051//5199 5050//5199 
f 5052//5200 5168//5200 5054//5200 4936//5200 
f 4935//5201 5053//5201 5166//5201 5050//5201 
f 4937//5202 5169//5202 5170//5202 5053//5202 
f 5054//5203 5171//5203 5056//5203 4938//5203 
f 4943//5204 5169//5204 4937//5204 5055//5204 
f 4939//5205 5056//5205 5172//5205 5057//5205 
f 5058//5206 4940//5206 5057//5206 5173//5206 
f 5058//5207 5174//5207 5059//5207 4941//5207 
f 5059//5208 5175//5208 5176//5208 5060//5208 
f 5062//5209 5177//5209 5061//5209 4947//5209 
f 4945//5211 5064//5211 5179//5211 5062//5211 
f 4946//5212 5009//5212 5125//5212 5063//5212 
f 5064//5213 5063//5213 5180//5213 5181//5213 
f 5067//5214 5182//5214 5065//5214 4949//5214 
f 5183//5215 5066//5215 4948//5215 5065//5215 
f 5068//5216 4950//5216 5066//5216 5184//5216 
f 5067//5217 4955//5217 5073//5217 5185//5217 
f 5068//5218 5186//5218 5069//5218 4951//5218 
f 4952//5219 5069//5219 5187//5219 5070//5219 
f 5188//5220 5071//5220 4953//5220 5070//5220 
f 4954//5221 5071//5221 5189//5221 5072//5221 
f 5190//5222 5074//5222 4956//5222 5072//5222 
f 4992//5223 5101//5223 5191//5223 5073//5223 
f 5076//5224 4959//5224 5074//5224 5192//5224 
f 5193//5225 5075//5225 4958//5225 5077//5225 
f 5194//5226 5077//5226 5076//5226 5195//5226 
f 5081//5227 5196//5227 5078//5227 4963//5227 
f 5078//5228 5197//5228 5198//5228 4961//5228 
f 5200//5230 5080//5230 4962//5230 5079//5230 
f 4965//5231 5080//5231 5201//5231 5083//5231 
f 5202//5232 5081//5232 4964//5232 5082//5232 
f 5203//5233 5082//5233 4969//5233 5087//5233 
f 5084//5234 4966//5234 5083//5234 5204//5234 
f 5084//5235 5205//5235 5085//5235 4967//5235 
f 5086//5236 4968//5236 5085//5236 5206//5236 
f 5089//5237 4972//5237 5086//5237 5207//5237 
f 5208//5238 5087//5238 4970//5238 5088//5238 
f 5090//5239 4973//5239 5089//5239 5209//5239 
f 5091//5240 4974//5240 5090//5240 5210//5240 
f 5092//5241 4975//5241 5091//5241 5211//5241 
f 5092//5242 5212//5242 5093//5242 4976//5242 
f 5093//5243 5213//5243 5094//5243 4977//5243 
f 5094//5244 5214//5244 5095//5244 4978//5244 
f 5096//5245 5097//5245 4980//5245 4979//5245 
f 5215//5246 5216//5246 5096//5246 5095//5246 
f 5098//5247 4981//5247 5097//5247 5217//5247 
f 5218//5248 5100//5248 4982//5248 5098//5248 
f 5099//5249 5100//5249 5191//5249 5101//5249 
f 5103//5250 4985//5250 5102//5250 5219//5250 
f 5220//5251 5102//5251 4989//5251 5106//5251 
f 5103//5252 5221//5252 5104//5252 4986//5252 
f 5222//5253 5105//5253 4987//5253 5104//5253 
f 5193//5254 5223//5254 5106//5254 5075//5254 
f 5108//5255 5109//5255 5107//5255 4991//5255 
f 5111//5258 5225//5258 5112//5258 4996//5258 
f 5111//5259 4995//5259 5226//5259 5227//5259 
f 5228//5260 5114//5260 4998//5260 5112//5260 
f 5113//5261 5226//5261 4995//5261 4997//5261 
f 5229//5262 5113//5262 5000//5262 5115//5262 
f 5230//5263 5115//5263 5001//5263 5116//5263 
f 5231//5264 5116//5264 5002//5264 5117//5264 
f 5222//5265 5117//5265 5109//5265 5108//5265 
f 5122//5266 5232//5266 5118//5266 5006//5266 
f 5119//5267 5003//5267 5118//5267 5233//5267 
f 5119//5268 5234//5268 5120//5268 5004//5268 
f 5121//5269 5005//5269 5120//5269 5235//5269 
f 5121//5270 5236//5270 5124//5270 5008//5270 
f 5122//5271 5007//5271 5123//5271 5237//5271 
f 5228//5272 5238//5272 5123//5272 5114//5272 
f 5125//5273 5124//5273 5239//5273 5240//5273 
f 5127//5274 5241//5274 5126//5274 5010//5274 
f 5126//5275 5242//5275 5128//5275 5011//5275 
f 5015//5276 5132//5276 5243//5276 5127//5276 
f 5244//5277 5129//5277 5012//5277 5128//5277 
f 5013//5278 5129//5278 5245//5278 5130//5278 
f 5131//5279 5014//5279 5130//5279 5246//5279 
f 5016//5280 5131//5280 5247//5280 5133//5280 
f 5024//5281 5141//5281 5248//5281 5132//5281 
f 5134//5282 5017//5282 5133//5282 5249//5282 
f 5018//5283 5134//5283 5250//5283 5135//5283 
f 5135//5284 5251//5284 5136//5284 5019//5284 
f 5252//5285 5137//5285 5020//5285 5136//5285 
f 5138//5286 5021//5286 5137//5286 5253//5286 
f 5138//5287 5254//5287 5139//5287 5022//5287 
f 5023//5288 5139//5288 5255//5288 5140//5288 
f 5256//5289 5143//5289 5026//5289 5140//5289 
f 5176//5290 5257//5290 5141//5290 5060//5290 
f 5025//5291 5144//5291 5258//5291 5142//5291 
f 5027//5292 5142//5292 5259//5292 5145//5292 
f 5260//5293 5144//5293 5143//5293 5261//5293 
f 5028//5294 5145//5294 5262//5294 5147//5294 
f 5263//5295 5264//5295 5146//5295 5147//5295 
f 5265//5296 5266//5296 5148//5296 5029//5296 
f 5032//5298 5150//5298 5208//5298 5088//5298 
f 5268//5299 5151//5299 5043//5299 5161//5299 
f 5269//5300 5152//5300 5035//5300 5151//5300 
f 5152//5301 5270//5301 5154//5301 5036//5301 
f 5153//5302 5154//5302 5271//5302 5155//5302 
f 5156//5303 5038//5303 5155//5303 5272//5303 
f 5039//5304 5156//5304 5273//5304 5157//5304 
f 5040//5305 5157//5305 5274//5305 5158//5305 
f 5159//5306 5041//5306 5158//5306 5275//5306 
f 5159//5307 5276//5307 5160//5307 5042//5307 
f 5161//5308 5046//5308 5162//5308 5277//5308 
f 5276//5309 5165//5309 5049//5309 5160//5309 
f 5047//5310 5163//5310 5278//5310 5162//5310 
f 5164//5311 5279//5311 5163//5311 5048//5311 
f 5280//5312 5164//5312 5051//5312 5167//5312 
f 5165//5313 5281//5313 5168//5313 5052//5313 
f 5166//5314 5282//5314 5283//5314 5167//5314 
f 5054//5315 5168//5315 5284//5315 5171//5315 
f 5166//5316 5053//5316 5170//5316 5282//5316 
f 5169//5317 5285//5317 5286//5317 5170//5317 
f 5287//5318 5172//5318 5056//5318 5171//5318 
f 4943//5319 5288//5319 5285//5319 5169//5319 
f 5289//5320 5173//5320 5057//5320 5172//5320 
f 5058//5321 5173//5321 5290//5321 5174//5321 
f 5291//5322 5175//5322 5059//5322 5174//5322 
f 5175//5323 5292//5323 5293//5323 5176//5323 
f 5062//5324 5179//5324 5294//5324 5177//5324 
f 5177//5325 5295//5325 5288//5325 5061//5325 
f 5064//5328 5181//5328 5296//5328 5179//5328 
f 5063//5329 5125//5329 5240//5329 5180//5329 
f 5181//5330 5180//5330 5297//5330 5298//5330 
f 5067//5331 5185//5331 5299//5331 5182//5331 
f 5182//5332 5300//5332 5183//5332 5065//5332 
f 5184//5333 5066//5333 5183//5333 5301//5333 
f 5068//5334 5184//5334 5302//5334 5186//5334 
f 5303//5335 5185//5335 5073//5335 5191//5335 
f 5186//5336 5304//5336 5187//5336 5069//5336 
f 5188//5337 5070//5337 5187//5337 5305//5337 
f 5188//5338 5306//5338 5189//5338 5071//5338 
f 5190//5339 5072//5339 5189//5339 5307//5339 
f 5190//5340 5308//5340 5192//5340 5074//5340 
f 5076//5341 5192//5341 5309//5341 5195//5341 
f 5193//5342 5077//5342 5194//5342 5310//5342 
f 5194//5343 5195//5343 5311//5343 5312//5343 
f 5202//5344 5313//5344 5196//5344 5081//5344 
f 5196//5345 5314//5345 5197//5345 5078//5345 
f 5197//5346 5315//5346 5316//5346 5198//5346 
f 5317//5349 5201//5349 5080//5349 5200//5349 
f 5198//5350 5316//5350 5200//5350 5079//5350 
f 5204//5351 5083//5351 5201//5351 5318//5351 
f 5319//5352 5202//5352 5082//5352 5203//5352 
f 5203//5353 5087//5353 5208//5353 5320//5353 
f 5084//5354 5204//5354 5321//5354 5205//5354 
f 5206//5355 5085//5355 5205//5355 5322//5355 
f 5086//5356 5206//5356 5323//5356 5207//5356 
f 5209//5357 5089//5357 5207//5357 5324//5357 
f 5325//5358 5210//5358 5090//5358 5209//5358 
f 5211//5359 5091//5359 5210//5359 5326//5359 
f 5092//5360 5211//5360 5327//5360 5212//5360 
f 5212//5361 5328//5361 5213//5361 5093//5361 
f 5213//5362 5329//5362 5214//5362 5094//5362 
f 5330//5363 5215//5363 5095//5363 5214//5363 
f 5216//5364 5217//5364 5097//5364 5096//5364 
f 5331//5365 5332//5365 5216//5365 5215//5365 
f 5333//5366 5218//5366 5098//5366 5217//5366 
f 5218//5367 5303//5367 5191//5367 5100//5367 
f 5219//5368 5102//5368 5220//5368 5334//5368 
f 5103//5369 5219//5369 5335//5369 5221//5369 
f 5220//5370 5106//5370 5223//5370 5336//5370 
f 5337//5371 5222//5371 5104//5371 5221//5371 
f 5193//5373 5310//5373 5338//5373 5223//5373 
f 5111//5375 5227//5375 5339//5375 5225//5375 
f 5225//5376 5340//5376 5228//5376 5112//5376 
f 5341//5377 5342//5377 5227//5377 5226//5377 
f 5229//5378 5341//5378 5226//5378 5113//5378 
f 5230//5379 5343//5379 5229//5379 5115//5379 
f 5231//5380 5344//5380 5230//5380 5116//5380 
f 5337//5381 5231//5381 5117//5381 5222//5381 
f 5122//5382 5237//5382 5345//5382 5232//5382 
f 5232//5383 5346//5383 5233//5383 5118//5383 
f 5119//5384 5233//5384 5347//5384 5234//5384 
f 5348//5385 5235//5385 5120//5385 5234//5385 
f 5121//5386 5235//5386 5349//5386 5236//5386 
f 5236//5387 5350//5387 5239//5387 5124//5387 
f 5238//5388 5351//5388 5237//5388 5123//5388 
f 5228//5389 5340//5389 5352//5389 5238//5389 
f 5240//5390 5239//5390 5353//5390 5354//5390 
f 5127//5391 5243//5391 5355//5391 5241//5391 
f 5356//5392 5242//5392 5126//5392 5241//5392 
f 5242//5393 5357//5393 5244//5393 5128//5393 
f 5132//5394 5248//5394 5358//5394 5243//5394 
f 5244//5395 5359//5395 5245//5395 5129//5395 
f 5360//5396 5246//5396 5130//5396 5245//5396 
f 5361//5397 5247//5397 5131//5397 5246//5397 
f 5247//5398 5362//5398 5249//5398 5133//5398 
f 5363//5399 5248//5399 5141//5399 5257//5399 
f 5134//5400 5249//5400 5364//5400 5250//5400 
f 5135//5401 5250//5401 5364//5401 5251//5401 
f 5251//5402 5365//5402 5252//5402 5136//5402 
f 5252//5403 5366//5403 5253//5403 5137//5403 
f 5138//5404 5253//5404 5367//5404 5254//5404 
f 5368//5405 5255//5405 5139//5405 5254//5405 
f 5369//5406 5256//5406 5140//5406 5255//5406 
f 5256//5407 5370//5407 5261//5407 5143//5407 
f 5176//5408 5293//5408 5371//5408 5257//5408 
f 5260//5409 5372//5409 5258//5409 5144//5409 
f 5258//5410 5373//5410 5259//5410 5142//5410 
f 5259//5411 5374//5411 5262//5411 5145//5411 
f 5260//5412 5261//5412 5375//5412 5376//5412 
f 5263//5413 5147//5413 5262//5413 5377//5413 
f 5378//5414 5266//5414 5265//5414 5379//5414 
f 5378//5415 5149//5415 5148//5415 5266//5415 
f 5379//5416 5265//5416 5029//5416 5380//5416 
f 5382//5419 5320//5419 5208//5419 5150//5419 
f 5269//5420 5151//5420 5268//5420 5383//5420 
f 5384//5421 5268//5421 5161//5421 5277//5421 
f 5385//5422 5270//5422 5152//5422 5269//5422 
f 5154//5423 5270//5423 5386//5423 5271//5423 
f 5387//5424 5272//5424 5155//5424 5271//5424 
f 5156//5425 5272//5425 5388//5425 5273//5425 
f 5273//5426 5389//5426 5274//5426 5157//5426 
f 5390//5427 5275//5427 5158//5427 5274//5427 
f 5159//5428 5275//5428 5391//5428 5276//5428 
f 5276//5430 5393//5430 5281//5430 5165//5430 
f 5279//5431 5394//5431 5278//5431 5163//5431 
f 5280//5433 5395//5433 5279//5433 5164//5433 
f 5283//5434 5396//5434 5280//5434 5167//5434 
f 5281//5435 5397//5435 5284//5435 5168//5435 
f 5282//5436 5398//5436 5399//5436 5283//5436 
f 5284//5437 5400//5437 5287//5437 5171//5437 
f 5286//5438 5398//5438 5282//5438 5170//5438 
f 5285//5439 5401//5439 5402//5439 5286//5439 
f 5403//5440 5289//5440 5172//5440 5287//5440 
f 5288//5441 5295//5441 5401//5441 5285//5441 
f 5289//5442 5404//5442 5290//5442 5173//5442 
f 5291//5443 5174//5443 5290//5443 5405//5443 
f 5291//5444 5406//5444 5292//5444 5175//5444 
f 5294//5445 5179//5445 5296//5445 5407//5445 
f 5177//5446 5294//5446 5408//5446 5295//5446 
f 5296//5447 5181//5447 5298//5447 5409//5447 
f 5180//5448 5240//5448 5354//5448 5297//5448 
f 5298//5449 5297//5449 5410//5449 5411//5449 
f 5303//5450 5412//5450 5299//5450 5185//5450 
f 5182//5451 5299//5451 5413//5451 5300//5451 
f 5414//5452 5301//5452 5183//5452 5300//5452 
f 5184//5453 5301//5453 5415//5453 5302//5453 
f 5186//5454 5302//5454 5416//5454 5304//5454 
f 5305//5455 5187//5455 5304//5455 5417//5455 
f 5188//5456 5305//5456 5418//5456 5306//5456 
f 5419//5457 5307//5457 5189//5457 5306//5457 
f 5190//5458 5307//5458 5420//5458 5308//5458 
f 5308//5459 5421//5459 5309//5459 5192//5459 
f 5311//5460 5195//5460 5309//5460 5422//5460 
f 5423//5461 5310//5461 5194//5461 5312//5461 
f 5424//5462 5312//5462 5311//5462 5425//5462 
f 5319//5463 5426//5463 5313//5463 5202//5463 
f 5196//5464 5313//5464 5427//5464 5314//5464 
f 5314//5465 5428//5465 5315//5465 5197//5465 
f 5315//5466 5429//5466 5430//5466 5316//5466 
f 5431//5467 5318//5467 5201//5467 5317//5467 
f 5316//5468 5430//5468 5317//5468 5200//5468 
f 5204//5469 5318//5469 5432//5469 5321//5469 
f 5433//5470 5319//5470 5203//5470 5320//5470 
f 5434//5471 5322//5471 5205//5471 5321//5471 
f 5323//5472 5206//5472 5322//5472 5435//5472 
f 5324//5473 5207//5473 5323//5473 5436//5473 
f 5325//5474 5209//5474 5324//5474 5437//5474 
f 5326//5475 5210//5475 5325//5475 5438//5475 
f 5211//5476 5326//5476 5439//5476 5327//5476 
f 5440//5477 5441//5477 5212//5477 5327//5477 
f 5328//5479 5443//5479 5329//5479 5213//5479 
f 5444//5480 5330//5480 5214//5480 5329//5480 
f 5331//5481 5215//5481 5330//5481 5445//5481 
f 5332//5482 5333//5482 5217//5482 5216//5482 
f 5331//5483 5446//5483 5447//5483 5332//5483 
f 5333//5484 5412//5484 5303//5484 5218//5484 
f 5334//5485 5220//5485 5336//5485 5448//5485 
f 5219//5486 5334//5486 5449//5486 5335//5486 
f 5450//5487 5337//5487 5221//5487 5335//5487 
f 5223//5488 5338//5488 5451//5488 5336//5488 
f 5423//5489 5452//5489 5338//5489 5310//5489 
f 5342//5490 5453//5490 5339//5490 5227//5490 
f 5225//5491 5339//5491 5454//5491 5340//5491 
f 5341//5492 5455//5492 5456//5492 5342//5492 
f 5229//5493 5343//5493 5455//5493 5341//5493 
f 5230//5494 5344//5494 5457//5494 5343//5494 
f 5450//5495 5344//5495 5231//5495 5337//5495 
f 5351//5496 5458//5496 5345//5496 5237//5496 
f 5345//5497 5459//5497 5346//5497 5232//5497 
f 5346//5498 5460//5498 5347//5498 5233//5498 
f 5347//5499 5461//5499 5348//5499 5234//5499 
f 5349//5500 5235//5500 5348//5500 5462//5500 
f 5349//5501 5463//5501 5350//5501 5236//5501 
f 5350//5502 5464//5502 5353//5502 5239//5502 
f 5238//5503 5352//5503 5465//5503 5351//5503 
f 5466//5504 5352//5504 5340//5504 5454//5504 
f 5354//5505 5353//5505 5467//5505 5468//5505 
f 5469//5506 5355//5506 5243//5506 5358//5506 
f 5356//5507 5241//5507 5355//5507 5470//5507 
f 5356//5508 5471//5508 5357//5508 5242//5508 
f 5357//5509 5472//5509 5359//5509 5244//5509 
f 5363//5510 5473//5510 5358//5510 5248//5510 
f 5359//5511 5474//5511 5360//5511 5245//5511 
f 5361//5512 5246//5512 5360//5512 5475//5512 
f 5476//5513 5362//5513 5247//5513 5361//5513 
f 5364//5514 5249//5514 5362//5514 5477//5514 
f 5371//5515 5478//5515 5363//5515 5257//5515 
f 5364//5516 5477//5516 5365//5516 5251//5516 
f 5252//5517 5365//5517 5479//5517 5366//5517 
f 5367//5518 5253//5518 5366//5518 5480//5518 
f 5481//5519 5368//5519 5254//5519 5367//5519 
f 5482//5520 5369//5520 5255//5520 5368//5520 
f 5369//5521 5483//5521 5370//5521 5256//5521 
f 5484//5522 5375//5522 5261//5522 5370//5522 
f 5260//5523 5376//5523 5485//5523 5372//5523 
f 5258//5524 5372//5524 5486//5524 5373//5524 
f 5487//5525 5374//5525 5259//5525 5373//5525 
f 5374//5526 5488//5526 5377//5526 5262//5526 
f 5489//5527 5376//5527 5375//5527 5490//5527 
f 5263//5528 5377//5528 5491//5528 5492//5528 
f 5379//5529 5493//5529 5494//5529 5378//5529 
f 5494//5530 5381//5530 5149//5530 5378//5530 
f 5380//5531 5029//5531 5495//5531 5496//5531 
f 5497//5532 5379//5532 5380//5532 5498//5532 
f 5382//5533 5150//5533 5381//5533 5494//5533 
f 5499//5534 5433//5534 5320//5534 5382//5534 
f 5384//5535 5500//5535 5383//5535 5268//5535 
f 5385//5536 5269//5536 5383//5536 5501//5536 
f 5384//5537 5277//5537 5502//5537 5503//5537 
f 5385//5538 5504//5538 5386//5538 5270//5538 
f 5387//5539 5271//5539 5386//5539 5505//5539 
f 5507//5541 5388//5541 5272//5541 5508//5541 
f 5388//5542 5509//5542 5389//5542 5273//5542 
f 5389//5543 5510//5543 5390//5543 5274//5543 
f 5511//5544 5391//5544 5275//5544 5390//5544 
f 5276//5545 5391//5545 5512//5545 5393//5545 
f 5393//5547 5512//5547 5397//5547 5281//5547 
f 5395//5548 5513//5548 5394//5548 5279//5548 
f 5514//5549 5515//5549 5278//5549 5394//5549 
f 5396//5551 5516//5551 5395//5551 5280//5551 
f 5283//5552 5399//5552 5517//5552 5396//5552 
f 5398//5554 5519//5554 5520//5554 5399//5554 
f 5521//5555 5522//5555 5400//5555 5284//5555 
f 5523//5556 5403//5556 5287//5556 5400//5556 
f 5286//5557 5402//5557 5519//5557 5398//5557 
f 5401//5558 5524//5558 5525//5558 5402//5558 
f 5403//5559 5526//5559 5404//5559 5289//5559 
f 5295//5560 5408//5560 5524//5560 5401//5560 
f 5290//5561 5404//5561 5527//5561 5405//5561 
f 5291//5562 5405//5562 5528//5562 5406//5562 
f 5407//5563 5296//5563 5409//5563 5529//5563 
f 5298//5566 5411//5566 5531//5566 5409//5566 
f 5297//5567 5354//5567 5532//5567 5410//5567 
f 5411//5568 5410//5568 5532//5568 5533//5568 
f 5413//5569 5299//5569 5412//5569 5447//5569 
f 5534//5570 5414//5570 5300//5570 5413//5570 
f 5535//5571 5415//5571 5301//5571 5414//5571 
f 5416//5572 5302//5572 5415//5572 5536//5572 
f 5416//5573 5537//5573 5417//5573 5304//5573 
f 5305//5574 5417//5574 5538//5574 5418//5574 
f 5539//5575 5419//5575 5306//5575 5418//5575 
f 5540//5576 5420//5576 5307//5576 5419//5576 
f 5308//5577 5420//5577 5541//5577 5421//5577 
f 5542//5578 5422//5578 5309//5578 5421//5578 
f 5543//5579 5425//5579 5311//5579 5422//5579 
f 5423//5580 5312//5580 5424//5580 5544//5580 
f 5424//5581 5425//5581 5545//5581 5546//5581 
f 5433//5582 5547//5582 5426//5582 5319//5582 
f 5427//5583 5313//5583 5426//5583 5548//5583 
f 5314//5584 5427//5584 5549//5584 5428//5584 
f 5315//5585 5428//5585 5550//5585 5429//5585 
f 5430//5586 5429//5586 5551//5586 5552//5586 
f 5553//5587 5432//5587 5318//5587 5431//5587 
f 5431//5588 5317//5588 5430//5588 5552//5588 
f 5434//5589 5321//5589 5432//5589 5554//5589 
f 5434//5590 5555//5590 5435//5590 5322//5590 
f 5436//5591 5323//5591 5435//5591 5556//5591 
f 5437//5592 5324//5592 5436//5592 5557//5592 
f 5438//5593 5325//5593 5437//5593 5558//5593 
f 5326//5594 5438//5594 5559//5594 5439//5594 
f 5560//5595 5440//5595 5327//5595 5439//5595 
f 5440//5596 5561//5596 5562//5596 5441//5596 
f 5441//5599 5562//5599 5443//5599 5328//5599 
f 5563//5600 5444//5600 5329//5600 5443//5600 
f 5564//5601 5445//5601 5330//5601 5444//5601 
f 5565//5602 5446//5602 5331//5602 5445//5602 
f 5332//5603 5447//5603 5412//5603 5333//5603 
f 5534//5604 5413//5604 5447//5604 5446//5604 
f 5566//5605 5448//5605 5336//5605 5451//5605 
f 5334//5606 5448//5606 5567//5606 5449//5606 
f 5568//5607 5450//5607 5335//5607 5449//5607 
f 5569//5608 5451//5608 5338//5608 5452//5608 
f 5423//5609 5544//5609 5570//5609 5452//5609 
f 5342//5610 5456//5610 5571//5610 5453//5610 
f 5453//5611 5572//5611 5454//5611 5339//5611 
f 5573//5612 5574//5612 5456//5612 5455//5612 
f 5573//5613 5455//5613 5343//5613 5457//5613 
f 5568//5614 5457//5614 5344//5614 5450//5614 
f 5351//5615 5465//5615 5575//5615 5458//5615 
f 5458//5616 5576//5616 5459//5616 5345//5616 
f 5459//5617 5577//5617 5460//5617 5346//5617 
f 5460//5618 5578//5618 5461//5618 5347//5618 
f 5461//5619 5579//5619 5462//5619 5348//5619 
f 5349//5620 5462//5620 5580//5620 5463//5620 
f 5350//5621 5463//5621 5581//5621 5464//5621 
f 5353//5622 5464//5622 5582//5622 5467//5622 
f 5583//5623 5465//5623 5352//5623 5466//5623 
f 5572//5624 5584//5624 5466//5624 5454//5624 
f 5467//5625 5585//5625 5586//5625 5468//5625 
f 5354//5626 5468//5626 5586//5626 5587//5626 
f 5469//5627 5588//5627 5470//5627 5355//5627 
f 5469//5628 5358//5628 5473//5628 5589//5628 
f 5356//5629 5470//5629 5590//5629 5471//5629 
f 5471//5630 5591//5630 5472//5630 5357//5630 
f 5359//5631 5472//5631 5592//5631 5474//5631 
f 5593//5632 5473//5632 5363//5632 5478//5632 
f 5594//5633 5475//5633 5360//5633 5474//5633 
f 5476//5634 5361//5634 5475//5634 5595//5634 
f 5476//5635 5596//5635 5477//5635 5362//5635 
f 5596//5636 5479//5636 5365//5636 5477//5636 
f 5597//5637 5480//5637 5366//5637 5479//5637 
f 5481//5638 5367//5638 5480//5638 5598//5638 
f 5481//5639 5599//5639 5482//5639 5368//5639 
f 5482//5640 5600//5640 5483//5640 5369//5640 
f 5601//5641 5484//5641 5370//5641 5483//5641 
f 5602//5642 5490//5642 5375//5642 5484//5642 
f 5489//5643 5603//5643 5485//5643 5376//5643 
f 5372//5644 5485//5644 5604//5644 5486//5644 
f 5487//5645 5373//5645 5486//5645 5605//5645 
f 5487//5646 5606//5646 5488//5646 5374//5646 
f 5491//5647 5377//5647 5488//5647 5607//5647 
f 5489//5648 5490//5648 5608//5648 5609//5648 
f 5493//5650 5499//5650 5382//5650 5494//5650 
f 5499//5651 5611//5651 5547//5651 5433//5651 
f 5384//5652 5503//5652 5612//5652 5500//5652 
f 5500//5653 5613//5653 5501//5653 5383//5653 
f 5385//5654 5501//5654 5614//5654 5504//5654 
f 5503//5655 5502//5655 5515//5655 5615//5655 
f 5504//5656 5616//5656 5505//5656 5386//5656 
f 5387//5657 5505//5657 5617//5657 5508//5657 
f 5507//5660 5618//5660 5509//5660 5388//5660 
f 5507//5661 5508//5661 5617//5661 5619//5661 
f 5389//5662 5509//5662 5620//5662 5510//5662 
f 5621//5663 5511//5663 5390//5663 5510//5663 
f 5622//5664 5512//5664 5391//5664 5511//5664 
f 5622//5666 5521//5666 5397//5666 5512//5666 
f 5623//5667 5513//5667 5395//5667 5516//5667 
f 5514//5668 5394//5668 5513//5668 5624//5668 
f 5514//5669 5625//5669 5615//5669 5515//5669 
f 5517//5670 5626//5670 5516//5670 5396//5670 
f 5520//5671 5627//5671 5517//5671 5399//5671 
f 5519//5674 5628//5674 5629//5674 5520//5674 
f 5622//5675 5630//5675 5522//5675 5521//5675 
f 5631//5676 5523//5676 5400//5676 5522//5676 
f 5632//5677 5526//5677 5403//5677 5523//5677 
f 5402//5678 5525//5678 5628//5678 5519//5678 
f 5524//5679 5633//5679 5634//5679 5525//5679 
f 5635//5680 5527//5680 5404//5680 5526//5680 
f 5407//5681 5633//5681 5524//5681 5408//5681 
f 5636//5682 5528//5682 5405//5682 5527//5682 
f 5409//5683 5637//5683 5638//5683 5529//5683 
f 5407//5684 5529//5684 5639//5684 5633//5684 
f 5411//5686 5640//5686 5637//5686 5531//5686 
f 5535//5691 5414//5691 5534//5691 5645//5691 
f 5535//5692 5646//5692 5536//5692 5415//5692 
f 5416//5693 5536//5693 5647//5693 5537//5693 
f 5538//5694 5417//5694 5537//5694 5648//5694 
f 5539//5695 5418//5695 5538//5695 5649//5695 
f 5540//5696 5419//5696 5539//5696 5650//5696 
f 5540//5697 5651//5697 5541//5697 5420//5697 
f 5542//5698 5421//5698 5541//5698 5652//5698 
f 5542//5699 5653//5699 5543//5699 5422//5699 
f 5543//5700 5654//5700 5545//5700 5425//5700 
f 5544//5701 5424//5701 5546//5701 5655//5701 
f 5546//5702 5545//5702 5656//5702 5657//5702 
f 5547//5703 5658//5703 5548//5703 5426//5703 
f 5427//5704 5548//5704 5659//5704 5549//5704 
f 5428//5705 5549//5705 5660//5705 5550//5705 
f 5550//5706 5661//5706 5551//5706 5429//5706 
f 5552//5707 5551//5707 5662//5707 5663//5707 
f 5664//5708 5554//5708 5432//5708 5553//5708 
f 5553//5709 5431//5709 5552//5709 5663//5709 
f 5434//5710 5554//5710 5665//5710 5555//5710 
f 5435//5711 5555//5711 5666//5711 5556//5711 
f 5557//5712 5436//5712 5556//5712 5667//5712 
f 5558//5713 5437//5713 5557//5713 5668//5713 
f 5438//5714 5558//5714 5669//5714 5559//5714 
f 5670//5715 5560//5715 5439//5715 5559//5715 
f 5560//5716 5671//5716 5561//5716 5440//5716 
f 5561//5717 5672//5717 5673//5717 5562//5717 
f 5562//5718 5673//5718 5563//5718 5443//5718 
f 5564//5719 5444//5719 5563//5719 5674//5719 
f 5675//5720 5565//5720 5445//5720 5564//5720 
f 5645//5721 5534//5721 5446//5721 5565//5721 
f 5567//5722 5448//5722 5566//5722 5676//5722 
f 5566//5723 5451//5723 5569//5723 5677//5723 
f 5568//5724 5449//5724 5567//5724 5678//5724 
f 5569//5725 5452//5725 5570//5725 5679//5725 
f 5544//5726 5655//5726 5680//5726 5570//5726 
f 5681//5727 5571//5727 5456//5727 5574//5727 
f 5453//5728 5571//5728 5682//5728 5572//5728 
f 5573//5729 5678//5729 5683//5729 5574//5729 
f 5568//5730 5678//5730 5573//5730 5457//5730 
f 5583//5731 5684//5731 5575//5731 5465//5731 
f 5458//5732 5575//5732 5685//5732 5576//5732 
f 5576//5733 5686//5733 5577//5733 5459//5733 
f 5460//5734 5577//5734 5687//5734 5578//5734 
f 5461//5735 5578//5735 5688//5735 5579//5735 
f 5689//5736 5580//5736 5462//5736 5579//5736 
f 5581//5737 5463//5737 5580//5737 5690//5737 
f 5581//5738 5691//5738 5582//5738 5464//5738 
f 5582//5739 5692//5739 5693//5739 5467//5739 
f 5694//5740 5583//5740 5466//5740 5584//5740 
f 5572//5741 5682//5741 5695//5741 5584//5741 
f 5467//5742 5696//5742 5697//5742 5585//5742 
f 5469//5746 5589//5746 5700//5746 5588//5746 
f 5470//5747 5588//5747 5701//5747 5590//5747 
f 5593//5748 5702//5748 5589//5748 5473//5748 
f 5471//5749 5590//5749 5703//5749 5591//5749 
f 5472//5750 5591//5750 5704//5750 5592//5750 
f 5594//5751 5474//5751 5592//5751 5705//5751 
f 5595//5752 5475//5752 5594//5752 5706//5752 
f 5476//5753 5595//5753 5707//5753 5596//5753 
f 5596//5754 5707//5754 5597//5754 5479//5754 
f 5597//5755 5708//5755 5598//5755 5480//5755 
f 5481//5756 5598//5756 5709//5756 5599//5756 
f 5482//5757 5599//5757 5710//5757 5600//5757 
f 5600//5758 5711//5758 5601//5758 5483//5758 
f 5602//5759 5484//5759 5601//5759 5712//5759 
f 5602//5760 5713//5760 5608//5760 5490//5760 
f 5489//5761 5609//5761 5714//5761 5603//5761 
f 5715//5762 5604//5762 5485//5762 5603//5762 
f 5716//5763 5605//5763 5486//5763 5604//5763 
f 5487//5764 5605//5764 5717//5764 5606//5764 
f 5606//5765 5718//5765 5607//5765 5488//5765 
f 5719//5766 5491//5766 5607//5766 5720//5766 
f 5721//5767 5609//5767 5608//5767 5722//5767 
f 5493//5770 5724//5770 5611//5770 5499//5770 
f 5611//5771 5725//5771 5658//5771 5547//5771 
f 5726//5772 5612//5772 5503//5772 5615//5772 
f 5612//5773 5727//5773 5613//5773 5500//5773 
f 5728//5774 5614//5774 5501//5774 5613//5774 
f 5504//5775 5614//5775 5729//5775 5616//5775 
f 5730//5776 5617//5776 5505//5776 5616//5776 
f 5507//5777 5619//5777 5731//5777 5618//5777 
f 5618//5778 5732//5778 5620//5778 5509//5778 
f 5619//5779 5617//5779 5730//5779 5733//5779 
f 5621//5780 5510//5780 5620//5780 5734//5780 
f 5621//5781 5630//5781 5622//5781 5511//5781 
f 5513//5782 5623//5782 5735//5782 5624//5782 
f 5514//5784 5624//5784 5737//5784 5625//5784 
f 5738//5785 5726//5785 5615//5785 5625//5785 
f 5627//5786 5739//5786 5626//5786 5517//5786 
f 5516//5787 5626//5787 5740//5787 5741//5787 
f 5520//5788 5629//5788 5742//5788 5627//5788 
f 5628//5789 5743//5789 5744//5789 5629//5789 
f 5621//5790 5631//5790 5522//5790 5630//5790 
f 5632//5791 5523//5791 5631//5791 5745//5791 
f 5632//5792 5746//5792 5635//5792 5526//5792 
f 5525//5793 5634//5793 5743//5793 5628//5793 
f 5634//5794 5633//5794 5639//5794 5747//5794 
f 5635//5795 5748//5795 5636//5795 5527//5795 
f 5639//5797 5529//5797 5638//5797 5749//5797 
f 5751//5804 5646//5804 5535//5804 5645//5804 
f 5647//5805 5536//5805 5646//5805 5752//5805 
f 5648//5806 5537//5806 5647//5806 5753//5806 
f 5538//5807 5648//5807 5754//5807 5649//5807 
f 5539//5808 5649//5808 5755//5808 5650//5808 
f 5540//5809 5650//5809 5756//5809 5651//5809 
f 5652//5810 5541//5810 5651//5810 5757//5810 
f 5542//5811 5652//5811 5758//5811 5653//5811 
f 5759//5812 5654//5812 5543//5812 5653//5812 
f 5760//5813 5656//5813 5545//5813 5654//5813 
f 5655//5814 5546//5814 5657//5814 5761//5814 
f 5762//5815 5763//5815 5657//5815 5656//5815 
f 5659//5816 5548//5816 5658//5816 5764//5816 
f 5659//5817 5765//5817 5660//5817 5549//5817 
f 5550//5818 5660//5818 5766//5818 5661//5818 
f 5767//5819 5662//5819 5551//5819 5661//5819 
f 5768//5820 5664//5820 5663//5820 5662//5820 
f 5769//5821 5665//5821 5554//5821 5664//5821 
f 5771//5824 5666//5824 5555//5824 5665//5824 
f 5667//5825 5556//5825 5666//5825 5772//5825 
f 5557//5826 5667//5826 5773//5826 5668//5826 
f 5558//5827 5668//5827 5774//5827 5669//5827 
f 5669//5828 5775//5828 5670//5828 5559//5828 
f 5561//5831 5671//5831 5777//5831 5672//5831 
f 5778//5832 5673//5832 5672//5832 5779//5832 
f 5674//5833 5563//5833 5673//5833 5778//5833 
f 5751//5835 5645//5835 5565//5835 5675//5835 
f 5781//5836 5675//5836 5564//5836 5782//5836 
f 5676//5837 5566//5837 5677//5837 5783//5837 
f 5567//5838 5676//5838 5683//5838 5678//5838 
f 5569//5839 5679//5839 5784//5839 5677//5839 
f 5785//5840 5679//5840 5570//5840 5680//5840 
f 5786//5841 5680//5841 5655//5841 5761//5841 
f 5681//5842 5787//5842 5682//5842 5571//5842 
f 5683//5844 5789//5844 5790//5844 5574//5844 
f 5694//5845 5791//5845 5684//5845 5583//5845 
f 5684//5846 5792//5846 5685//5846 5575//5846 
f 5576//5847 5685//5847 5793//5847 5686//5847 
f 5686//5848 5794//5848 5687//5848 5577//5848 
f 5795//5849 5688//5849 5578//5849 5687//5849 
f 5689//5850 5579//5850 5688//5850 5796//5850 
f 5797//5851 5690//5851 5580//5851 5689//5851 
f 5581//5852 5690//5852 5798//5852 5691//5852 
f 5799//5853 5692//5853 5582//5853 5691//5853 
f 5800//5854 5693//5854 5692//5854 5801//5854 
f 5467//5855 5693//5855 5802//5855 5696//5855 
f 5694//5856 5584//5856 5695//5856 5803//5856 
f 5695//5857 5682//5857 5787//5857 5804//5857 
f 5805//5858 5697//5858 5696//5858 5806//5858 
f 5807//5859 5808//5859 5585//5859 5697//5859 
f 5811//5864 5700//5864 5589//5864 5702//5864 
f 5812//5865 5701//5865 5588//5865 5700//5865 
f 5590//5866 5701//5866 5813//5866 5703//5866 
f 5703//5867 5814//5867 5704//5867 5591//5867 
f 5592//5868 5704//5868 5815//5868 5705//5868 
f 5706//5869 5594//5869 5705//5869 5816//5869 
f 5818//5872 5708//5872 5597//5872 5707//5872 
f 5709//5873 5598//5873 5708//5873 5819//5873 
f 5710//5874 5599//5874 5709//5874 5820//5874 
f 5600//5875 5710//5875 5821//5875 5711//5875 
f 5822//5876 5712//5876 5601//5876 5711//5876 
f 5602//5877 5712//5877 5823//5877 5713//5877 
f 5608//5878 5713//5878 5824//5878 5722//5878 
f 5714//5879 5609//5879 5721//5879 5825//5879 
f 5715//5880 5603//5880 5714//5880 5826//5880 
f 5715//5881 5827//5881 5716//5881 5604//5881 
f 5716//5882 5828//5882 5717//5882 5605//5882 
f 5829//5883 5718//5883 5606//5883 5717//5883 
f 5720//5884 5607//5884 5718//5884 5830//5884 
f 5721//5885 5722//5885 5831//5885 5832//5885 
f 5724//5888 5834//5888 5725//5888 5611//5888 
f 5764//5889 5658//5889 5725//5889 5835//5889 
f 5726//5890 5836//5890 5727//5890 5612//5890 
f 5837//5891 5728//5891 5613//5891 5727//5891 
f 5728//5892 5838//5892 5729//5892 5614//5892 
f 5730//5893 5616//5893 5729//5893 5839//5893 
f 5619//5894 5733//5894 5840//5894 5731//5894 
f 5618//5895 5731//5895 5841//5895 5732//5895 
f 5842//5896 5734//5896 5620//5896 5732//5896 
f 5621//5898 5734//5898 5745//5898 5631//5898 
f 5623//5899 5741//5899 5844//5899 5735//5899 
f 5624//5900 5735//5900 5845//5900 5737//5900 
f 5738//5903 5625//5903 5737//5903 5847//5903 
f 5738//5904 5848//5904 5836//5904 5726//5904 
f 5627//5905 5742//5905 5849//5905 5739//5905 
f 5626//5906 5739//5906 5850//5906 5740//5906 
f 5844//5907 5741//5907 5740//5907 5851//5907 
f 5629//5908 5744//5908 5852//5908 5742//5908 
f 5744//5909 5743//5909 5853//5909 5854//5909 
f 5855//5910 5746//5910 5632//5910 5745//5910 
f 5856//5911 5748//5911 5635//5911 5746//5911 
f 5634//5912 5747//5912 5853//5912 5743//5912 
f 5639//5913 5749//5913 5857//5913 5747//5913 
f 5749//5914 5638//5914 5858//5914 5859//5914 
f 5860//5915 5861//5915 5532//5915 5587//5915 
f 5862//5916 5863//5916 5750//5916 5532//5916 
f 5751//5918 5865//5918 5752//5918 5646//5918 
f 5753//5919 5647//5919 5752//5919 5866//5919 
f 5648//5920 5753//5920 5867//5920 5754//5920 
f 5868//5921 5755//5921 5649//5921 5754//5921 
f 5869//5922 5756//5922 5650//5922 5755//5922 
f 5756//5923 5870//5923 5757//5923 5651//5923 
f 5758//5924 5652//5924 5757//5924 5871//5924 
f 5759//5925 5653//5925 5758//5925 5872//5925 
f 5760//5926 5654//5926 5759//5926 5873//5926 
f 5874//5927 5762//5927 5656//5927 5760//5927 
f 5875//5928 5761//5928 5657//5928 5763//5928 
f 5762//5929 5876//5929 5875//5929 5763//5929 
f 5659//5930 5764//5930 5877//5930 5765//5930 
f 5765//5931 5878//5931 5766//5931 5660//5931 
f 5879//5932 5767//5932 5661//5932 5766//5932 
f 5768//5933 5662//5933 5767//5933 5880//5933 
f 5769//5934 5664//5934 5768//5934 5881//5934 
f 5882//5936 5771//5936 5665//5936 5769//5936 
f 5771//5937 5883//5937 5772//5937 5666//5937 
f 5884//5938 5773//5938 5667//5938 5772//5938 
f 5773//5939 5885//5939 5774//5939 5668//5939 
f 5774//5940 5886//5940 5775//5940 5669//5940 
f 5777//5943 5671//5943 5887//5943 5888//5943 
f 5889//5944 5779//5944 5672//5944 5777//5944 
f 5890//5945 5891//5945 5778//5945 5779//5945 
f 5782//5946 5674//5946 5778//5946 5891//5946 
f 5751//5949 5675//5949 5781//5949 5865//5949 
f 5781//5950 5782//5950 5891//5950 5892//5950 
f 5893//5951 5783//5951 5677//5951 5784//5951 
f 5676//5952 5783//5952 5789//5952 5683//5952 
f 5785//5953 5894//5953 5784//5953 5679//5953 
f 5895//5954 5785//5954 5680//5954 5786//5954 
f 5786//5955 5761//5955 5875//5955 5896//5955 
f 5681//5956 5790//5956 5897//5956 5787//5956 
f 5897//5959 5790//5959 5789//5959 5898//5959 
f 5694//5960 5803//5960 5899//5960 5791//5960 
f 5684//5961 5791//5961 5900//5961 5792//5961 
f 5793//5962 5685//5962 5792//5962 5901//5962 
f 5686//5963 5793//5963 5902//5963 5794//5963 
f 5903//5964 5795//5964 5687//5964 5794//5964 
f 5795//5965 5904//5965 5796//5965 5688//5965 
f 5797//5966 5689//5966 5796//5966 5905//5966 
f 5797//5967 5906//5967 5798//5967 5690//5967 
f 5798//5968 5907//5968 5799//5968 5691//5968 
f 5799//5969 5908//5969 5801//5969 5692//5969 
f 5800//5970 5909//5970 5802//5970 5693//5970 
f 5910//5971 5800//5971 5801//5971 5911//5971 
f 5912//5972 5806//5972 5696//5972 5802//5972 
f 5695//5973 5804//5973 5913//5973 5803//5973 
f 5804//5974 5787//5974 5897//5974 5914//5974 
f 5586//5980 5809//5980 5919//5980 5810//5980 
f 5587//5982 5810//5982 5919//5982 5920//5982 
f 5811//5983 5921//5983 5812//5983 5700//5983 
f 5812//5984 5922//5984 5813//5984 5701//5984 
f 5703//5985 5813//5985 5923//5985 5814//5985 
f 5814//5986 5924//5986 5815//5986 5704//5986 
f 5816//5987 5705//5987 5815//5987 5925//5987 
f 5926//5988 5706//5988 5816//5988 5927//5988 
f 5818//5991 5929//5991 5819//5991 5708//5991 
f 5818//5992 5707//5992 5928//5992 5926//5992 
f 5709//5993 5819//5993 5930//5993 5820//5993 
f 5710//5994 5820//5994 5931//5994 5821//5994 
f 5822//5995 5711//5995 5821//5995 5932//5995 
f 5822//5996 5933//5996 5823//5996 5712//5996 
f 5934//5997 5824//5997 5713//5997 5823//5997 
f 5831//5998 5722//5998 5824//5998 5935//5998 
f 5825//5999 5721//5999 5832//5999 5936//5999 
f 5714//6000 5825//6000 5937//6000 5938//6000 
f 5715//6002 5826//6002 5940//6002 5827//6002 
f 5941//6003 5828//6003 5716//6003 5827//6003 
f 5829//6004 5717//6004 5828//6004 5942//6004 
f 5829//6005 5943//6005 5830//6005 5718//6005 
f 5944//6006 5945//6006 5720//6006 5830//6006 
f 5946//6007 5832//6007 5831//6007 5947//6007 
f 5724//6009 5833//6009 5949//6009 5834//6009 
f 5725//6010 5834//6010 5950//6010 5835//6010 
f 5764//6011 5835//6011 5951//6011 5877//6011 
f 5836//6012 5952//6012 5837//6012 5727//6012 
f 5837//6013 5953//6013 5838//6013 5728//6013 
f 5954//6014 5839//6014 5729//6014 5838//6014 
f 5955//6016 5956//6016 5840//6016 5733//6016 
f 5840//6017 5957//6017 5841//6017 5731//6017 
f 5958//6018 5842//6018 5732//6018 5841//6018 
f 5842//6019 5855//6019 5745//6019 5734//6019 
f 5623//6021 5846//6021 5959//6021 5741//6021 
f 5735//6022 5844//6022 5960//6022 5961//6022 
f 5847//6024 5737//6024 5845//6024 5963//6024 
f 5738//6027 5847//6027 5964//6027 5848//6027 
f 5965//6028 5952//6028 5836//6028 5848//6028 
f 5742//6029 5852//6029 5966//6029 5849//6029 
f 5844//6034 5851//6034 5969//6034 5960//6034 
f 5744//6035 5854//6035 5970//6035 5852//6035 
f 5854//6036 5853//6036 5971//6036 5972//6036 
f 5973//6037 5856//6037 5746//6037 5855//6037 
f 5853//6038 5747//6038 5857//6038 5971//6038 
f 5857//6039 5749//6039 5974//6039 5975//6039 
f 5749//6040 5859//6040 5975//6040 5974//6040 
f 5860//6041 5862//6041 5532//6041 5861//6041 
f 5860//6042 5587//6042 5920//6042 5976//6042 
f 5978//6046 5866//6046 5752//6046 5865//6046 
f 5753//6047 5866//6047 5979//6047 5867//6047 
f 5868//6048 5754//6048 5867//6048 5980//6048 
f 5869//6049 5755//6049 5868//6049 5981//6049 
f 5982//6050 5870//6050 5756//6050 5869//6050 
f 5870//6051 5983//6051 5871//6051 5757//6051 
f 5872//6052 5758//6052 5871//6052 5984//6052 
f 5759//6053 5872//6053 5985//6053 5873//6053 
f 5874//6054 5760//6054 5873//6054 5986//6054 
f 5874//6055 5987//6055 5876//6055 5762//6055 
f 5875//6056 5876//6056 5988//6056 5989//6056 
f 5877//6057 5990//6057 5878//6057 5765//6057 
f 5878//6058 5991//6058 5879//6058 5766//6058 
f 5879//6059 5992//6059 5880//6059 5767//6059 
f 5768//6060 5880//6060 5993//6060 5881//6060 
f 5882//6061 5769//6061 5881//6061 5994//6061 
f 5882//6062 5995//6062 5883//6062 5771//6062 
f 5996//6063 5884//6063 5772//6063 5883//6063 
f 5997//6064 5885//6064 5773//6064 5884//6064 
f 5774//6065 5885//6065 5998//6065 5886//6065 
f 5887//6068 6000//6068 6001//6068 5888//6068 
f 5890//6069 5779//6069 5889//6069 6002//6069 
f 6003//6070 5889//6070 5777//6070 6004//6070 
f 6005//6071 5892//6071 5891//6071 5890//6071 
f 5978//6072 5865//6072 5781//6072 5892//6072 
f 5893//6073 6006//6073 5789//6073 5783//6073 
f 6007//6074 5893//6074 5784//6074 5894//6074 
f 6008//6075 5894//6075 5785//6075 5895//6075 
f 5895//6076 5786//6076 5896//6076 6009//6076 
f 5896//6077 5875//6077 5989//6077 6010//6077 
f 5897//6078 5898//6078 5789//6078 6006//6078 
f 5803//6079 5913//6079 6011//6079 5899//6079 
f 5899//6080 6012//6080 5900//6080 5791//6080 
f 5900//6081 6013//6081 5901//6081 5792//6081 
f 6014//6082 5902//6082 5793//6082 5901//6082 
f 5903//6083 5794//6083 5902//6083 6015//6083 
f 5903//6084 6016//6084 5904//6084 5795//6084 
f 5905//6085 5796//6085 5904//6085 6017//6085 
f 5797//6086 5905//6086 6018//6086 5906//6086 
f 5798//6087 5906//6087 6019//6087 5907//6087 
f 5907//6088 6020//6088 5908//6088 5799//6088 
f 6021//6089 5911//6089 5801//6089 5908//6089 
f 5909//6090 5800//6090 5910//6090 6022//6090 
f 6024//6092 5910//6092 5911//6092 6025//6092 
f 5804//6095 5914//6095 6026//6095 5913//6095 
f 6006//6096 6027//6096 5914//6096 5897//6096 
f 5805//6102 6030//6102 5918//6102 5808//6102 
f 5920//6103 5919//6103 5809//6103 6031//6103 
f 5918//6104 6032//6104 6033//6104 5809//6104 
f 6034//6105 5922//6105 5812//6105 5921//6105 
f 5922//6106 6035//6106 5923//6106 5813//6106 
f 5923//6107 6036//6107 5924//6107 5814//6107 
f 6037//6108 5925//6108 5815//6108 5924//6108 
f 5927//6109 5816//6109 5925//6109 6038//6109 
f 5818//6110 5926//6110 5927//6110 5929//6110 
f 6039//6112 5930//6112 5819//6112 5929//6112 
f 6040//6113 5931//6113 5820//6113 5930//6113 
f 5932//6114 5821//6114 5931//6114 6041//6114 
f 5822//6115 5932//6115 6042//6115 5933//6115 
f 6043//6116 5934//6116 5823//6116 5933//6116 
f 5934//6117 6044//6117 5935//6117 5824//6117 
f 6045//6118 5947//6118 5831//6118 5935//6118 
f 5946//6119 6046//6119 5936//6119 5832//6119 
f 6047//6120 5937//6120 5825//6120 5936//6120 
f 6048//6121 5938//6121 5937//6121 6049//6121 
f 6048//6124 5940//6124 5826//6124 5938//6124 
f 5941//6125 5827//6125 5940//6125 6050//6125 
f 5941//6126 6051//6126 5942//6126 5828//6126 
f 5829//6127 5942//6127 6052//6127 5943//6127 
f 5944//6128 5830//6128 5943//6128 6053//6128 
f 6054//6129 6055//6129 5945//6129 5944//6129 
f 6056//6130 6057//6130 5946//6130 5947//6130 
f 5949//6133 6060//6133 5950//6133 5834//6133 
f 5950//6134 6024//6134 5951//6134 5835//6134 
f 5951//6135 6061//6135 5990//6135 5877//6135 
f 6063//6137 6064//6137 5953//6137 5837//6137 
f 6065//6138 5954//6138 5838//6138 5953//6138 
f 5954//6139 6066//6139 6067//6139 5839//6139 
f 6068//6141 6069//6141 5956//6141 5955//6141 
f 5956//6142 6070//6142 5957//6142 5840//6142 
f 5958//6143 5841//6143 5957//6143 6071//6143 
f 5958//6144 5973//6144 5855//6144 5842//6144 
f 6072//6146 6073//6146 5961//6146 5960//6146 
f 6073//6149 5963//6149 5845//6149 5961//6149 
f 5964//6150 5847//6150 5963//6150 6074//6150 
f 5965//6152 6076//6152 6063//6152 5952//6152 
f 5970//6154 6077//6154 5966//6154 5852//6154 
f 5969//6160 5851//6160 6081//6160 6082//6160 
f 6083//6161 6072//6161 5960//6161 5969//6161 
f 5854//6162 5972//6162 6084//6162 5970//6162 
f 5976//6164 5920//6164 6086//6164 5860//6164 
f 5978//6166 6087//6166 5979//6166 5866//6166 
f 5867//6167 5979//6167 6088//6167 5980//6167 
f 5981//6168 5868//6168 5980//6168 6089//6168 
f 5982//6169 5869//6169 5981//6169 6090//6169 
f 5982//6170 6091//6170 5983//6170 5870//6170 
f 5871//6171 5983//6171 6092//6171 5984//6171 
f 5872//6172 5984//6172 6093//6172 5985//6172 
f 5986//6173 5873//6173 5985//6173 6094//6173 
f 5874//6174 5986//6174 6095//6174 5987//6174 
f 5876//6175 5987//6175 6096//6175 5988//6175 
f 6097//6176 6098//6176 5989//6176 5988//6176 
f 5990//6177 6099//6177 5991//6177 5878//6177 
f 5991//6178 6100//6178 5992//6178 5879//6178 
f 5880//6179 5992//6179 6101//6179 5993//6179 
f 5994//6180 5881//6180 5993//6180 6102//6180 
f 5882//6181 5994//6181 6103//6181 5995//6181 
f 6104//6182 5996//6182 5883//6182 5995//6182 
f 5996//6183 6105//6183 5997//6183 5884//6183 
f 5997//6184 6106//6184 5998//6184 5885//6184 
f 6107//6185 6108//6185 5886//6185 5998//6185 
f 6000//6188 6109//6188 6110//6188 6001//6188 
f 6111//6189 6002//6189 5889//6189 6003//6189 
f 6005//6190 5890//6190 6002//6190 6112//6190 
f 6113//6191 6003//6191 6004//6191 6114//6191 
f 5978//6192 5892//6192 6005//6192 6087//6192 
f 6007//6193 6027//6193 6006//6193 5893//6193 
f 6007//6194 5894//6194 6008//6194 6115//6194 
f 6008//6195 5895//6195 6009//6195 6116//6195 
f 6009//6196 5896//6196 6010//6196 6117//6196 
f 6098//6197 6118//6197 6010//6197 5989//6197 
f 5913//6198 6026//6198 6119//6198 6011//6198 
f 6011//6199 6120//6199 6012//6199 5899//6199 
f 5900//6200 6012//6200 6121//6200 6013//6200 
f 6014//6201 5901//6201 6013//6201 6122//6201 
f 6014//6202 6123//6202 6015//6202 5902//6202 
f 5903//6203 6015//6203 6124//6203 6016//6203 
f 6125//6204 6017//6204 5904//6204 6016//6204 
f 5905//6205 6017//6205 6126//6205 6018//6205 
f 6127//6206 6019//6206 5906//6206 6018//6206 
f 5907//6207 6019//6207 6128//6207 6020//6207 
f 6129//6208 6021//6208 5908//6208 6020//6208 
f 6025//6209 5911//6209 6021//6209 6130//6209 
f 5950//6210 6022//6210 5910//6210 6024//6210 
f 5951//6213 6024//6213 6025//6213 6061//6213 
f 5914//6215 6027//6215 6133//6215 6026//6215 
f 5805//6218 5807//6218 6134//6218 6135//6218 
f 5805//6219 6136//6219 6137//6219 6030//6219 
f 6138//6220 6031//6220 5809//6220 6139//6220 
f 5920//6221 6031//6221 6140//6221 6086//6221 
f 5918//6222 6141//6222 6142//6222 6032//6222 
f 5922//6225 6034//6225 6144//6225 6035//6225 
f 5923//6226 6035//6226 6145//6226 6036//6226 
f 6037//6227 5924//6227 6036//6227 6146//6227 
f 6038//6228 5925//6228 6037//6228 6039//6228 
f 5927//6229 6038//6229 6039//6229 5929//6229 
f 6147//6230 6040//6230 5930//6230 6039//6230 
f 6148//6231 6041//6231 5931//6231 6040//6231 
f 5932//6232 6041//6232 6149//6232 6042//6232 
f 6150//6233 6043//6233 5933//6233 6042//6233 
f 6043//6234 6151//6234 6044//6234 5934//6234 
f 6044//6235 6152//6235 6045//6235 5935//6235 
f 6057//6237 6154//6237 6046//6237 5946//6237 
f 6155//6238 6047//6238 5936//6238 6046//6238 
f 6047//6239 6156//6239 6049//6239 5937//6239 
f 6048//6240 6049//6240 6157//6240 6158//6240 
f 6048//6241 6158//6241 6050//6241 5940//6241 
f 5941//6242 6050//6242 6159//6242 6051//6242 
f 6160//6243 6052//6243 5942//6243 6051//6243 
f 5943//6244 6052//6244 6161//6244 6053//6244 
f 6054//6245 5944//6245 6053//6245 6162//6245 
f 6163//6246 6057//6246 6056//6246 6164//6246 
f 5990//6252 6061//6252 6168//6252 6099//6252 
f 6076//6255 6169//6255 6064//6255 6063//6255 
f 6065//6256 5953//6256 6064//6256 6170//6256 
f 6065//6257 6171//6257 6066//6257 5954//6257 
f 6068//6258 5955//6258 6067//6258 6066//6258 
f 6068//6259 6172//6259 6173//6259 6069//6259 
f 6069//6260 6174//6260 6070//6260 5956//6260 
f 6070//6261 6175//6261 6071//6261 5957//6261 
f 5958//6262 6071//6262 6176//6262 6177//6262 
f 6178//6263 6073//6263 6072//6263 6179//6263 
f 6074//6264 5963//6264 6073//6264 6178//6264 
f 5964//6265 6074//6265 6180//6265 6181//6265 
f 5965//6267 6182//6267 6183//6267 6076//6267 
f 5970//6269 6084//6269 6184//6269 6077//6269 
f 5966//6270 6077//6270 6185//6270 6186//6270 
f 6082//6275 6081//6275 6187//6275 6188//6275 
f 6083//6276 5969//6276 6082//6276 6189//6276 
f 6179//6277 6072//6277 6083//6277 6190//6277 
f 5860//6280 6086//6280 6192//6280 5977//6280 
f 6191//6281 6193//6281 5977//6281 5862//6281 
f 6194//6282 6088//6282 5979//6282 6087//6282 
f 6195//6283 6089//6283 5980//6283 6088//6283 
f 6090//6284 5981//6284 6089//6284 6196//6284 
f 5982//6285 6090//6285 6197//6285 6091//6285 
f 6198//6286 6092//6286 5983//6286 6091//6286 
f 6093//6287 5984//6287 6092//6287 6199//6287 
f 6094//6288 5985//6288 6093//6288 6200//6288 
f 5986//6289 6094//6289 6201//6289 6095//6289 
f 5987//6290 6095//6290 6202//6290 6096//6290 
f 6097//6291 5988//6291 6096//6291 6203//6291 
f 6204//6292 6098//6292 6097//6292 6205//6292 
f 5991//6293 6099//6293 6206//6293 6100//6293 
f 6207//6294 6101//6294 5992//6294 6100//6294 
f 6102//6295 5993//6295 6101//6295 6208//6295 
f 5994//6296 6102//6296 6209//6296 6103//6296 
f 6104//6297 5995//6297 6103//6297 6210//6297 
f 6211//6298 6105//6298 5996//6298 6104//6298 
f 6212//6299 6106//6299 5997//6299 6105//6299 
f 6213//6300 6107//6300 5998//6300 6106//6300 
f 6214//6301 6215//6301 6108//6301 6107//6301 
f 5775//6302 6108//6302 6215//6302 6216//6302 
f 6217//6303 6218//6303 6110//6303 6109//6303 
f 6219//6304 6112//6304 6002//6304 6111//6304 
f 6111//6305 6003//6305 6113//6305 6220//6305 
f 6194//6306 6087//6306 6005//6306 6112//6306 
f 6221//6307 6113//6307 6114//6307 6222//6307 
f 6008//6309 6116//6309 6224//6309 6115//6309 
f 6009//6311 6117//6311 6225//6311 6116//6311 
f 6118//6312 6226//6312 6117//6312 6010//6312 
f 6204//6313 6227//6313 6118//6313 6098//6313 
f 6026//6314 6133//6314 6224//6314 6119//6314 
f 6011//6315 6119//6315 6225//6315 6120//6315 
f 6012//6316 6120//6316 6226//6316 6121//6316 
f 6122//6317 6013//6317 6121//6317 6227//6317 
f 6014//6318 6122//6318 6228//6318 6123//6318 
f 6124//6319 6015//6319 6123//6319 6229//6319 
f 6124//6320 6230//6320 6125//6320 6016//6320 
f 6125//6321 6231//6321 6126//6321 6017//6321 
f 6127//6322 6018//6322 6126//6322 6232//6322 
f 6127//6323 6233//6323 6128//6323 6019//6323 
f 6128//6324 6234//6324 6129//6324 6020//6324 
f 6129//6325 6235//6325 6130//6325 6021//6325 
f 6025//6326 6130//6326 6168//6326 6061//6326 
f 6132//6330 5912//6330 6237//6330 6238//6330 
f 6135//6332 6134//6332 6136//6332 5805//6332 
f 6239//6333 6240//6333 6137//6333 6136//6333 
f 6138//6334 6241//6334 6140//6334 6031//6334 
f 6140//6337 6243//6337 6192//6337 6086//6337 
f 6244//6338 6142//6338 6141//6338 6245//6338 
f 6032//6339 6142//6339 6244//6339 6246//6339 
f 6145//6341 6248//6341 6146//6341 6036//6341 
f 6037//6342 6146//6342 6147//6342 6039//6342 
f 6148//6343 6040//6343 6147//6343 6249//6343 
f 6250//6344 6149//6344 6041//6344 6148//6344 
f 6150//6345 6042//6345 6149//6345 6251//6345 
f 6150//6346 6252//6346 6151//6346 6043//6346 
f 6151//6347 6253//6347 6152//6347 6044//6347 
f 6163//6349 6254//6349 6154//6349 6057//6349 
f 6154//6350 6255//6350 6155//6350 6046//6350 
f 6155//6351 6256//6351 6156//6351 6047//6351 
f 6156//6352 6257//6352 6157//6352 6049//6352 
f 6258//6353 6259//6353 6158//6353 6157//6353 
f 6259//6354 6159//6354 6050//6354 6158//6354 
f 6260//6355 6160//6355 6051//6355 6159//6355 
f 6160//6356 6261//6356 6161//6356 6052//6356 
f 6162//6357 6053//6357 6161//6357 6262//6357 
f 6263//6358 6264//6358 6054//6358 6162//6358 
f 6265//6359 6164//6359 6056//6359 6266//6359 
f 6267//6360 6163//6360 6164//6360 6268//6360 
f 6269//6365 6206//6365 6099//6365 6168//6365 
f 6076//6366 6183//6366 6270//6366 6169//6366 
f 6169//6367 6271//6367 6170//6367 6064//6367 
f 6272//6368 6171//6368 6065//6368 6170//6368 
f 6068//6369 6066//6369 6171//6369 6172//6369 
f 6173//6370 6172//6370 6273//6370 6274//6370 
f 6069//6371 6173//6371 6275//6371 6174//6371 
f 6174//6372 6276//6372 6175//6372 6070//6372 
f 6071//6373 6175//6373 6277//6373 6176//6373 
f 6176//6374 6278//6374 6279//6374 6177//6374 
f 6280//6375 6178//6375 6179//6375 6281//6375 
f 6280//6376 6180//6376 6074//6376 6178//6376 
f 6182//6377 6181//6377 6180//6377 6282//6377 
f 6182//6379 6282//6379 6283//6379 6183//6379 
f 6284//6380 6184//6380 6084//6380 6285//6380 
f 6286//6381 6287//6381 6186//6381 6185//6381 
f 6188//6387 6187//6387 6287//6387 6290//6387 
f 6082//6388 6188//6388 6291//6388 6189//6388 
f 6189//6389 6292//6389 6190//6389 6083//6389 
f 6195//6393 6088//6393 6194//6393 6294//6393 
f 6195//6394 6295//6394 6196//6394 6089//6394 
f 6090//6395 6196//6395 6296//6395 6197//6395 
f 6198//6396 6091//6396 6197//6396 6297//6396 
f 6199//6397 6092//6397 6198//6397 6298//6397 
f 6093//6398 6199//6398 6299//6398 6200//6398 
f 6094//6399 6200//6399 6300//6399 6201//6399 
f 6201//6400 6301//6400 6202//6400 6095//6400 
f 6302//6401 6203//6401 6096//6401 6202//6401 
f 6097//6402 6203//6402 6303//6402 6205//6402 
f 6204//6403 6205//6403 6304//6403 6228//6403 
f 6207//6404 6100//6404 6206//6404 6305//6404 
f 6207//6405 6306//6405 6208//6405 6101//6405 
f 6102//6406 6208//6406 6307//6406 6209//6406 
f 6209//6407 6308//6407 6210//6407 6103//6407 
f 6309//6408 6211//6408 6104//6408 6210//6408 
f 6310//6409 6212//6409 6105//6409 6211//6409 
f 6212//6410 6311//6410 6213//6410 6106//6410 
f 6312//6411 6214//6411 6107//6411 6213//6411 
f 6313//6412 6314//6412 6215//6412 6214//6412 
f 6314//6413 6315//6413 6216//6413 6215//6413 
f 6316//6414 5775//6414 6216//6414 6317//6414 
f 6318//6415 6218//6415 6217//6415 6311//6415 
f 6294//6416 6194//6416 6112//6416 6219//6416 
f 6219//6417 6111//6417 6220//6417 6319//6417 
f 6320//6418 6220//6418 6113//6418 6221//6418 
f 6224//6419 6116//6419 6225//6419 6119//6419 
f 6120//6421 6225//6421 6117//6421 6226//6421 
f 6118//6422 6227//6422 6121//6422 6226//6422 
f 6204//6423 6228//6423 6122//6423 6227//6423 
f 6229//6425 6123//6425 6228//6425 6304//6425 
f 6124//6426 6229//6426 6321//6426 6230//6426 
f 6125//6427 6230//6427 6322//6427 6231//6427 
f 6323//6428 6232//6428 6126//6428 6231//6428 
f 6127//6429 6232//6429 6324//6429 6233//6429 
f 6233//6430 6325//6430 6234//6430 6128//6430 
f 6234//6431 6326//6431 6235//6431 6129//6431 
f 6235//6432 6269//6432 6168//6432 6130//6432 
f 6022//6433 6060//6433 6327//6433 6236//6433 
f 6239//6438 6136//6438 6329//6438 6135//6438 
f 6334//6445 6246//6445 6244//6445 6335//6445 
f 6032//6446 6246//6446 6336//6446 6337//6446 
f 6146//6448 6248//6448 6249//6448 6147//6448 
f 6250//6449 6148//6449 6249//6449 6339//6449 
f 6251//6450 6149//6450 6250//6450 6340//6450 
f 6150//6451 6251//6451 6341//6451 6252//6451 
f 6151//6452 6252//6452 6342//6452 6253//6452 
f 6253//6453 6343//6453 6266//6453 6152//6453 
f 6267//6455 6344//6455 6254//6455 6163//6455 
f 6154//6456 6254//6456 6345//6456 6255//6456 
f 6155//6457 6255//6457 6346//6457 6256//6457 
f 6256//6458 6347//6458 6257//6458 6156//6458 
f 6258//6459 6157//6459 6257//6459 6348//6459 
f 6258//6460 6349//6460 6350//6460 6259//6460 
f 6259//6461 6350//6461 6260//6461 6159//6461 
f 6351//6462 6261//6462 6160//6462 6260//6462 
f 6261//6463 6352//6463 6262//6463 6161//6463 
f 6263//6464 6162//6464 6262//6464 6353//6464 
f 6265//6465 6354//6465 6268//6465 6164//6465 
f 6343//6466 6355//6466 6265//6466 6266//6466 
f 6356//6467 6357//6467 6267//6467 6268//6467 
f 6269//6469 6358//6469 6305//6469 6206//6469 
f 6183//6470 6283//6470 6359//6470 6270//6470 
f 6272//6473 6170//6473 6271//6473 6361//6473 
f 6272//6474 6273//6474 6172//6474 6171//6474 
f 6362//6475 6363//6475 6274//6475 6273//6475 
f 6173//6476 6274//6476 6364//6476 6275//6476 
f 6174//6477 6275//6477 6365//6477 6276//6477 
f 6277//6480 6367//6480 6278//6480 6176//6480 
f 6278//6481 6368//6481 6369//6481 6279//6481 
f 6179//6482 6370//6482 6371//6482 6281//6482 
f 6372//6483 6280//6483 6281//6483 6373//6483 
f 6372//6484 6282//6484 6180//6484 6280//6484 
f 6372//6485 6374//6485 6283//6485 6282//6485 
f 6284//6486 6375//6486 6376//6486 6184//6486 
f 6187//6488 6288//6488 6186//6488 6287//6488 
f 6286//6489 6185//6489 6378//6489 6379//6489 
f 6188//6493 6290//6493 6380//6493 6291//6493 
f 6189//6494 6291//6494 6380//6494 6381//6494 
f 6292//6495 6189//6495 6381//6495 6382//6495 
f 6370//6496 6190//6496 6292//6496 6383//6496 
f 6195//6499 6294//6499 6384//6499 6295//6499 
f 6296//6500 6196//6500 6295//6500 6385//6500 
f 6197//6501 6296//6501 6386//6501 6297//6501 
f 6198//6502 6297//6502 6387//6502 6298//6502 
f 6299//6503 6199//6503 6298//6503 6388//6503 
f 6200//6504 6299//6504 6389//6504 6300//6504 
f 6390//6505 6301//6505 6201//6505 6300//6505 
f 6302//6506 6202//6506 6301//6506 6391//6506 
f 6392//6507 6303//6507 6203//6507 6302//6507 
f 6393//6508 6304//6508 6205//6508 6303//6508 
f 6207//6509 6305//6509 6394//6509 6306//6509 
f 6307//6510 6208//6510 6306//6510 6395//6510 
f 6209//6511 6307//6511 6396//6511 6308//6511 
f 6309//6512 6210//6512 6308//6512 6397//6512 
f 6398//6513 6310//6513 6211//6513 6309//6513 
f 6310//6514 6399//6514 6311//6514 6212//6514 
f 6400//6515 6313//6515 6214//6515 6312//6515 
f 6401//6516 6317//6516 6216//6516 6315//6516 
f 6316//6517 6317//6517 6402//6517 6403//6517 
f 6404//6518 6318//6518 6311//6518 6399//6518 
f 6294//6519 6219//6519 6319//6519 6384//6519 
f 6405//6520 6319//6520 6220//6520 6320//6520 
f 6406//6521 6320//6521 6221//6521 6407//6521 
f 6229//6522 6304//6522 6393//6522 6321//6522 
f 6321//6523 6408//6523 6322//6523 6230//6523 
f 6323//6524 6231//6524 6322//6524 6409//6524 
f 6324//6525 6232//6525 6323//6525 6410//6525 
f 6233//6526 6324//6526 6411//6526 6325//6526 
f 6234//6527 6325//6527 6412//6527 6326//6527 
f 6235//6528 6326//6528 6358//6528 6269//6528 
f 6413//6529 6327//6529 6060//6529 6059//6529 
f 6247//6536 6417//6536 6332//6536 6139//6536 
f 6419//6540 6336//6540 6246//6540 6334//6540 
f 6334//6542 6335//6542 6415//6542 6421//6542 
f 6337//6543 6336//6543 6422//6543 6423//6543 
f 6250//6547 6339//6547 6425//6547 6340//6547 
f 6251//6548 6340//6548 6426//6548 6341//6548 
f 6427//6549 6342//6549 6252//6549 6341//6549 
f 6253//6550 6342//6550 6428//6550 6343//6550 
f 6344//6551 6267//6551 6357//6551 6429//6551 
f 6344//6552 6430//6552 6431//6552 6254//6552 
f 6255//6554 6345//6554 6433//6554 6346//6554 
f 6256//6555 6346//6555 6434//6555 6347//6555 
f 6347//6556 6435//6556 6348//6556 6257//6556 
f 6258//6557 6348//6557 6436//6557 6349//6557 
f 6437//6558 6350//6558 6349//6558 6438//6558 
f 6351//6559 6260//6559 6350//6559 6437//6559 
f 6351//6560 6439//6560 6352//6560 6261//6560 
f 6440//6561 6353//6561 6262//6561 6352//6561 
f 6441//6562 6263//6562 6353//6562 6442//6562 
f 6443//6563 6354//6563 6265//6563 6355//6563 
f 6444//6564 6356//6564 6268//6564 6354//6564 
f 6343//6565 6428//6565 6445//6565 6355//6565 
f 6356//6566 6446//6566 6447//6566 6357//6566 
f 6394//6567 6305//6567 6358//6567 6448//6567 
f 6449//6568 6359//6568 6283//6568 6374//6568 
f 6270//6569 6359//6569 6450//6569 6271//6569 
f 6361//6571 6271//6571 6450//6571 6451//6571 
f 6272//6572 6361//6572 6362//6572 6273//6572 
f 6362//6573 6452//6573 6453//6573 6363//6573 
f 6363//6574 6454//6574 6364//6574 6274//6574 
f 6275//6575 6364//6575 6455//6575 6365//6575 
f 6456//6576 6457//6576 6276//6576 6365//6576 
f 6276//6578 6457//6578 6367//6578 6277//6578 
f 6458//6579 6368//6579 6278//6579 6367//6579 
f 6368//6580 6459//6580 6460//6580 6369//6580 
f 6370//6581 6383//6581 6461//6581 6371//6581 
f 6281//6582 6371//6582 6462//6582 6373//6582 
f 6372//6583 6373//6583 6463//6583 6374//6583 
f 6284//6584 6464//6584 6465//6584 6375//6584 
f 6286//6586 6379//6586 6467//6586 6466//6586 
f 6380//6588 6290//6588 6468//6588 6469//6588 
f 6382//6589 6381//6589 6380//6589 6470//6589 
f 6292//6590 6382//6590 6471//6590 6383//6590 
f 6472//6591 6385//6591 6295//6591 6384//6591 
f 6296//6592 6385//6592 6473//6592 6386//6592 
f 6387//6593 6297//6593 6386//6593 6474//6593 
f 6388//6594 6298//6594 6387//6594 6475//6594 
f 6299//6595 6388//6595 6476//6595 6389//6595 
f 6390//6596 6300//6596 6389//6596 6477//6596 
f 6390//6597 6478//6597 6391//6597 6301//6597 
f 6392//6598 6302//6598 6391//6598 6479//6598 
f 6480//6599 6393//6599 6303//6599 6392//6599 
f 6394//6600 6481//6600 6395//6600 6306//6600 
f 6482//6601 6396//6601 6307//6601 6395//6601 
f 6483//6602 6397//6602 6308//6602 6396//6602 
f 6398//6603 6309//6603 6397//6603 6484//6603 
f 6398//6604 6485//6604 6399//6604 6310//6604 
f 6486//6605 6402//6605 6317//6605 6401//6605 
f 6487//6606 6407//6606 6318//6606 6404//6606 
f 6404//6607 6399//6607 6485//6607 6488//6607 
f 6472//6608 6384//6608 6319//6608 6405//6608 
f 6405//6609 6320//6609 6406//6609 6489//6609 
f 6487//6610 6490//6610 6406//6610 6407//6610 
f 6480//6611 6408//6611 6321//6611 6393//6611 
f 6491//6612 6409//6612 6322//6612 6408//6612 
f 6410//6613 6323//6613 6409//6613 6492//6613 
f 6324//6614 6410//6614 6493//6614 6411//6614 
f 6494//6615 6412//6615 6325//6615 6411//6615 
f 6412//6616 6448//6616 6358//6616 6326//6616 
f 6059//6618 6060//6618 6496//6618 6413//6618 
f 6247//6624 6337//6624 6423//6624 6417//6624 
f 6500//6625 6243//6625 6418//6625 6416//6625 
f 6419//6626 6334//6626 6421//6626 6501//6626 
f 6503//6629 6421//6629 6415//6629 6504//6629 
f 6505//6632 6506//6632 6425//6632 6339//6632 
f 6507//6633 6426//6633 6340//6633 6425//6633 
f 6426//6634 6508//6634 6427//6634 6341//6634 
f 6427//6635 6509//6635 6428//6635 6342//6635 
f 6357//6636 6447//6636 6510//6636 6429//6636 
f 6344//6637 6429//6637 6511//6637 6430//6637 
f 6345//6640 6431//6640 6512//6640 6433//6640 
f 6346//6641 6433//6641 6513//6641 6434//6641 
f 6347//6642 6434//6642 6514//6642 6435//6642 
f 6436//6643 6348//6643 6435//6643 6515//6643 
f 6516//6644 6438//6644 6349//6644 6436//6644 
f 6517//6645 6437//6645 6438//6645 6518//6645 
f 6517//6646 6439//6646 6351//6646 6437//6646 
f 6440//6647 6352//6647 6439//6647 6519//6647 
f 6440//6648 6520//6648 6442//6648 6353//6648 
f 6521//6649 6522//6649 6441//6649 6442//6649 
f 6443//6650 6523//6650 6444//6650 6354//6650 
f 6524//6651 6443//6651 6355//6651 6445//6651 
f 6444//6652 6525//6652 6446//6652 6356//6652 
f 6526//6653 6445//6653 6428//6653 6509//6653 
f 6527//6654 6481//6654 6394//6654 6448//6654 
f 6450//6655 6359//6655 6449//6655 6528//6655 
f 6463//6656 6529//6656 6449//6656 6374//6656 
f 6450//6657 6528//6657 6530//6657 6451//6657 
f 6361//6658 6451//6658 6452//6658 6362//6658 
f 6452//6659 6531//6659 6532//6659 6453//6659 
f 6363//6660 6453//6660 6533//6660 6454//6660 
f 6455//6661 6364//6661 6454//6661 6534//6661 
f 6456//6662 6365//6662 6455//6662 6535//6662 
f 6456//6663 6536//6663 6537//6663 6457//6663 
f 6457//6664 6537//6664 6458//6664 6367//6664 
f 6458//6665 6538//6665 6459//6665 6368//6665 
f 6539//6666 6540//6666 6460//6666 6459//6666 
f 6383//6667 6471//6667 6541//6667 6461//6667 
f 6462//6668 6371//6668 6461//6668 6542//6668 
f 6463//6669 6373//6669 6462//6669 6543//6669 
f 6465//6670 6464//6670 6544//6670 6545//6670 
f 6470//6674 6380//6674 6469//6674 6548//6674 
f 6549//6675 6471//6675 6382//6675 6470//6675 
f 6473//6676 6385//6676 6472//6676 6550//6676 
f 6474//6677 6386//6677 6473//6677 6551//6677 
f 6475//6678 6387//6678 6474//6678 6552//6678 
f 6388//6679 6475//6679 6553//6679 6476//6679 
f 6554//6680 6477//6680 6389//6680 6476//6680 
f 6390//6681 6477//6681 6555//6681 6478//6681 
f 6556//6682 6479//6682 6391//6682 6478//6682 
f 6480//6683 6392//6683 6479//6683 6557//6683 
f 6558//6684 6482//6684 6395//6684 6481//6684 
f 6483//6685 6396//6685 6482//6685 6559//6685 
f 6483//6686 6560//6686 6484//6686 6397//6686 
f 6398//6687 6484//6687 6561//6687 6485//6687 
f 6487//6688 6404//6688 6488//6688 6562//6688 
f 6563//6689 6488//6689 6485//6689 6561//6689 
f 6550//6690 6472//6690 6405//6690 6489//6690 
f 6564//6691 6489//6691 6406//6691 6490//6691 
f 6487//6692 6562//6692 6565//6692 6490//6692 
f 6480//6693 6557//6693 6491//6693 6408//6693 
f 6566//6694 6492//6694 6409//6694 6491//6694 
f 6567//6695 6493//6695 6410//6695 6492//6695 
f 6568//6696 6494//6696 6411//6696 6493//6696 
f 6494//6697 6527//6697 6448//6697 6412//6697 
f 6413//6702 6499//6702 6135//6702 6497//6702 
f 6501//6704 6421//6704 6503//6704 6570//6704 
f 6419//6705 6501//6705 6571//6705 6572//6705 
f 6574//6708 6506//6708 6505//6708 6575//6708 
f 6576//6709 6507//6709 6425//6709 6506//6709 
f 6507//6710 6577//6710 6508//6710 6426//6710 
f 6578//6711 6509//6711 6427//6711 6508//6711 
f 6433//6712 6512//6712 6579//6712 6513//6712 
f 6434//6713 6513//6713 6580//6713 6514//6713 
f 6515//6714 6435//6714 6514//6714 6581//6714 
f 6516//6715 6436//6715 6515//6715 6582//6715 
f 6583//6716 6518//6716 6438//6716 6516//6716 
f 6517//6717 6518//6717 6584//6717 6585//6717 
f 6517//6718 6585//6718 6519//6718 6439//6718 
f 6440//6719 6519//6719 6586//6719 6520//6719 
f 6521//6720 6442//6720 6520//6720 6587//6720 
f 6524//6721 6588//6721 6523//6721 6443//6721 
f 6444//6722 6523//6722 6589//6722 6525//6722 
f 6590//6723 6524//6723 6445//6723 6526//6723 
f 6591//6724 6526//6724 6509//6724 6578//6724 
f 6558//6725 6481//6725 6527//6725 6592//6725 
f 6529//6726 6593//6726 6528//6726 6449//6726 
f 6463//6727 6543//6727 6594//6727 6529//6727 
f 6593//6728 6595//6728 6530//6728 6528//6728 
f 6451//6729 6530//6729 6531//6729 6452//6729 
f 6596//6730 6597//6730 6532//6730 6531//6730 
f 6598//6731 6533//6731 6453//6731 6532//6731 
f 6599//6732 6534//6732 6454//6732 6533//6732 
f 6599//6733 6535//6733 6455//6733 6534//6733 
f 6600//6734 6536//6734 6456//6734 6535//6734 
f 6536//6735 6601//6735 6602//6735 6537//6735 
f 6602//6736 6538//6736 6458//6736 6537//6736 
f 6538//6737 6603//6737 6539//6737 6459//6737 
f 6604//6738 6605//6738 6540//6738 6539//6738 
f 6471//6739 6606//6739 6607//6739 6541//6739 
f 6542//6740 6461//6740 6541//6740 6607//6740 
f 6462//6741 6542//6741 6608//6741 6543//6741 
f 6609//6742 6465//6742 6545//6742 6610//6742 
f 6470//6747 6548//6747 6611//6747 6612//6747 
f 6549//6748 6613//6748 6606//6748 6471//6748 
f 6551//6750 6473//6750 6550//6750 6615//6750 
f 6552//6751 6474//6751 6551//6751 6616//6751 
f 6475//6752 6552//6752 6617//6752 6553//6752 
f 6554//6753 6476//6753 6553//6753 6618//6753 
f 6619//6754 6555//6754 6477//6754 6554//6754 
f 6556//6755 6478//6755 6555//6755 6620//6755 
f 6556//6756 6621//6756 6557//6756 6479//6756 
f 6558//6757 6622//6757 6559//6757 6482//6757 
f 6483//6758 6559//6758 6623//6758 6560//6758 
f 6561//6759 6484//6759 6560//6759 6624//6759 
f 6625//6760 6562//6760 6488//6760 6563//6760 
f 6563//6761 6561//6761 6624//6761 6626//6761 
f 6615//6762 6550//6762 6489//6762 6564//6762 
f 6628//6764 6565//6764 6562//6764 6625//6764 
f 6566//6766 6491//6766 6557//6766 6621//6766 
f 6567//6767 6492//6767 6566//6767 6629//6767 
f 6567//6768 6630//6768 6568//6768 6493//6768 
f 6568//6769 6592//6769 6527//6769 6494//6769 
f 6501//6773 6633//6773 6572//6773 6571//6773 
f 6574//6776 6635//6776 6576//6776 6506//6776 
f 6637//6778 6574//6778 6575//6778 6638//6778 
f 6635//6779 6639//6779 6507//6779 6576//6779 
f 6641//6781 6578//6781 6508//6781 6577//6781 
f 6513//6782 6579//6782 6642//6782 6580//6782 
f 6583//6783 6516//6783 6582//6783 6643//6783 
f 6644//6784 6584//6784 6518//6784 6583//6784 
f 6645//6785 6585//6785 6584//6785 6646//6785 
f 6645//6786 6586//6786 6519//6786 6585//6786 
f 6647//6787 6587//6787 6520//6787 6586//6787 
f 6521//6788 6587//6788 6648//6788 6649//6788 
f 6650//6789 6588//6789 6524//6789 6590//6789 
f 6588//6790 6651//6790 6589//6790 6523//6790 
f 6652//6791 6590//6791 6526//6791 6591//6791 
f 6591//6792 6578//6792 6641//6792 6653//6792 
f 6558//6793 6592//6793 6654//6793 6622//6793 
f 6529//6794 6594//6794 6655//6794 6593//6794 
f 6543//6795 6608//6795 6656//6795 6594//6795 
f 6593//6796 6655//6796 6657//6796 6595//6796 
f 6596//6797 6531//6797 6530//6797 6595//6797 
f 6596//6798 6658//6798 6659//6798 6597//6798 
f 6598//6799 6532//6799 6597//6799 6660//6799 
f 6599//6800 6533//6800 6598//6800 6661//6800 
f 6599//6801 6661//6801 6600//6801 6535//6801 
f 6600//6802 6662//6802 6601//6802 6536//6802 
f 6602//6803 6601//6803 6663//6803 6664//6803 
f 6602//6804 6664//6804 6603//6804 6538//6804 
f 6603//6805 6665//6805 6604//6805 6539//6805 
f 6604//6806 6666//6806 6667//6806 6605//6806 
f 6668//6807 6669//6807 6607//6807 6606//6807 
f 6542//6808 6607//6808 6669//6808 6608//6808 
f 6549//6810 6670//6810 6671//6810 6613//6810 
f 6551//6812 6615//6812 6628//6812 6616//6812 
f 6618//6815 6553//6815 6617//6815 6673//6815 
f 6619//6816 6554//6816 6618//6816 6674//6816 
f 6619//6817 6675//6817 6620//6817 6555//6817 
f 6556//6818 6620//6818 6676//6818 6621//6818 
f 6677//6819 6623//6819 6559//6819 6622//6819 
f 6623//6820 6678//6820 6624//6820 6560//6820 
f 6625//6821 6563//6821 6626//6821 6679//6821 
f 6680//6822 6626//6822 6624//6822 6678//6822 
f 6615//6823 6564//6823 6565//6823 6628//6823 
f 6616//6825 6628//6825 6625//6825 6679//6825 
f 6566//6826 6621//6826 6676//6826 6629//6826 
f 6567//6827 6629//6827 6681//6827 6630//6827 
f 6568//6828 6630//6828 6654//6828 6592//6828 
f 6683//6833 6635//6833 6574//6833 6637//6833 
f 6685//6836 6637//6836 6638//6836 6686//6836 
f 6683//6837 6687//6837 6639//6837 6635//6837 
f 6644//6840 6583//6840 6643//6840 6688//6840 
f 6644//6841 6689//6841 6646//6841 6584//6841 
f 6690//6842 6691//6842 6645//6842 6646//6842 
f 6647//6843 6586//6843 6645//6843 6691//6843 
f 6647//6844 6692//6844 6648//6844 6587//6844 
f 6650//6845 6693//6845 6651//6845 6588//6845 
f 6694//6846 6650//6846 6590//6846 6652//6846 
f 6652//6847 6591//6847 6695//6847 6696//6847 
f 6641//6848 6697//6848 6698//6848 6653//6848 
f 6677//6850 6622//6850 6654//6850 6700//6850 
f 6701//6851 6655//6851 6594//6851 6656//6851 
f 6702//6852 6656//6852 6608//6852 6669//6852 
f 6701//6853 6703//6853 6657//6853 6655//6853 
f 6657//6854 6658//6854 6596//6854 6595//6854 
f 6704//6855 6659//6855 6658//6855 6705//6855 
f 6706//6856 6660//6856 6597//6856 6659//6856 
f 6661//6857 6598//6857 6660//6857 6707//6857 
f 6661//6858 6707//6858 6662//6858 6600//6858 
f 6662//6859 6708//6859 6663//6859 6601//6859 
f 6709//6860 6710//6860 6664//6860 6663//6860 
f 6710//6861 6665//6861 6603//6861 6664//6861 
f 6604//6862 6665//6862 6711//6862 6666//6862 
f 6666//6863 6712//6863 6713//6863 6667//6863 
f 6668//6864 6714//6864 6702//6864 6669//6864 
f 6616//6866 6679//6866 6673//6866 6617//6866 
f 6674//6867 6618//6867 6673//6867 6680//6867 
f 6619//6868 6674//6868 6715//6868 6675//6868 
f 6717//6871 6678//6871 6623//6871 6677//6871 
f 6680//6872 6673//6872 6679//6872 6626//6872 
f 6681//6874 6629//6874 6676//6874 6675//6874 
f 6681//6875 6700//6875 6654//6875 6630//6875 
f 6682//6876 6719//6876 6720//6876 6570//6876 
f 6721//6877 6683//6877 6637//6877 6685//6877 
f 6722//6878 6685//6878 6686//6878 6723//6878 
f 6721//6879 6724//6879 6687//6879 6683//6879 
f 6725//6880 6697//6880 6639//6880 6687//6880 
f 6644//6883 6688//6883 6726//6883 6689//6883 
f 6690//6884 6646//6884 6689//6884 6727//6884 
f 6690//6885 6728//6885 6729//6885 6691//6885 
f 6729//6886 6692//6886 6647//6886 6691//6886 
f 6730//6887 6648//6887 6692//6887 6731//6887 
f 6732//6888 6693//6888 6650//6888 6694//6888 
f 6693//6889 6733//6889 6734//6889 6651//6889 
f 6735//6890 6694//6890 6652//6890 6696//6890 
f 6696//6892 6695//6892 6653//6892 6698//6892 
f 6736//6893 6698//6893 6697//6893 6725//6893 
f 6717//6895 6677//6895 6700//6895 6715//6895 
f 6701//6896 6656//6896 6702//6896 6737//6896 
f 6701//6897 6737//6897 6738//6897 6703//6897 
f 6657//6898 6703//6898 6705//6898 6658//6898 
f 6704//6899 6739//6899 6706//6899 6659//6899 
f 6704//6900 6705//6900 6740//6900 6741//6900 
f 6706//6901 6742//6901 6707//6901 6660//6901 
f 6662//6902 6707//6902 6742//6902 6708//6902 
f 6709//6903 6663//6903 6708//6903 6743//6903 
f 6709//6904 6744//6904 6745//6904 6710//6904 
f 6745//6905 6711//6905 6665//6905 6710//6905 
f 6711//6906 6746//6906 6712//6906 6666//6906 
f 6712//6907 6747//6907 6748//6907 6713//6907 
f 6668//6908 6749//6908 6750//6908 6714//6908 
f 6737//6909 6702//6909 6714//6909 6751//6909 
f 6674//6910 6680//6910 6717//6910 6715//6910 
f 6681//6911 6675//6911 6715//6911 6700//6911 
f 6682//6915 6752//6915 6753//6915 6719//6915 
f 6719//6916 6754//6916 6755//6916 6720//6916 
f 6756//6917 6721//6917 6685//6917 6722//6917 
f 6757//6918 6722//6918 6723//6918 6758//6918 
f 6759//6919 6724//6919 6721//6919 6756//6919 
f 6725//6920 6687//6920 6724//6920 6760//6920 
f 6726//6921 6761//6921 6727//6921 6689//6921 
f 6690//6922 6727//6922 6762//6922 6728//6922 
f 6729//6923 6728//6923 6763//6923 6764//6923 
f 6729//6924 6764//6924 6731//6924 6692//6924 
f 6765//6925 6766//6925 6730//6925 6731//6925 
f 6767//6926 6733//6926 6693//6926 6732//6926 
f 6768//6927 6732//6927 6694//6927 6735//6927 
f 6769//6928 6770//6928 6734//6928 6733//6928 
f 6735//6929 6696//6929 6698//6929 6736//6929 
f 6736//6930 6725//6930 6760//6930 6771//6930 
f 6738//6931 6737//6931 6751//6931 6772//6931 
f 6738//6932 6740//6932 6705//6932 6703//6932 
f 6704//6933 6741//6933 6773//6933 6739//6933 
f 6706//6934 6739//6934 6774//6934 6742//6934 
f 6740//6935 6775//6935 6776//6935 6741//6935 
f 6774//6936 6743//6936 6708//6936 6742//6936 
f 6709//6937 6743//6937 6777//6937 6744//6937 
f 6745//6938 6744//6938 6778//6938 6779//6938 
f 6745//6939 6779//6939 6746//6939 6711//6939 
f 6712//6940 6746//6940 6780//6940 6747//6940 
f 6781//6941 6782//6941 6748//6941 6747//6941 
f 6751//6942 6714//6942 6750//6942 6783//6942 
f 6784//6943 6752//6943 6682//6943 6785//6943 
f 6752//6944 6786//6944 6787//6944 6753//6944 
f 6754//6947 6789//6947 6790//6947 6755//6947 
f 6787//6948 6720//6948 6755//6948 6791//6948 
f 6756//6949 6722//6949 6757//6949 6792//6949 
f 6757//6950 6758//6950 6793//6950 6794//6950 
f 6795//6951 6760//6951 6724//6951 6759//6951 
f 6796//6952 6759//6952 6756//6952 6792//6952 
f 6726//6953 6797//6953 6798//6953 6761//6953 
f 6761//6954 6799//6954 6762//6954 6727//6954 
f 6800//6955 6763//6955 6728//6955 6762//6955 
f 6801//6956 6802//6956 6764//6956 6763//6956 
f 6765//6957 6731//6957 6764//6957 6802//6957 
f 6803//6958 6769//6958 6733//6958 6767//6958 
f 6767//6959 6732//6959 6768//6959 6804//6959 
f 6768//6960 6735//6960 6736//6960 6771//6960 
f 6805//6961 6806//6961 6770//6961 6769//6961 
f 6795//6962 6807//6962 6771//6962 6760//6962 
f 6751//6963 6783//6963 6808//6963 6772//6963 
f 6738//6964 6772//6964 6775//6964 6740//6964 
f 6809//6965 6773//6965 6741//6965 6776//6965 
f 6774//6966 6739//6966 6773//6966 6810//6966 
f 6811//6967 6776//6967 6775//6967 6812//6967 
f 6774//6968 6810//6968 6777//6968 6743//6968 
f 6813//6969 6778//6969 6744//6969 6777//6969 
f 6779//6970 6778//6970 6814//6970 6815//6970 
f 6779//6971 6815//6971 6780//6971 6746//6971 
f 6816//6972 6781//6972 6747//6972 6780//6972 
f 6817//6973 6818//6973 6782//6973 6781//6973 
f 6753//6977 6787//6977 6791//6977 6754//6977 
f 6754//6979 6791//6979 6821//6979 6789//6979 
f 6821//6982 6791//6982 6755//6982 6823//6982 
f 6824//6983 6792//6983 6757//6983 6794//6983 
f 6825//6984 6794//6984 6793//6984 6826//6984 
f 6796//6985 6827//6985 6795//6985 6759//6985 
f 6796//6986 6792//6986 6824//6986 6828//6986 
f 6798//6987 6829//6987 6799//6987 6761//6987 
f 6800//6988 6762//6988 6799//6988 6830//6988 
f 6800//6989 6831//6989 6801//6989 6763//6989 
f 6832//6990 6833//6990 6802//6990 6801//6990 
f 6834//6991 6765//6991 6802//6991 6833//6991 
f 6805//6992 6769//6992 6803//6992 6835//6992 
f 6836//6993 6803//6993 6767//6993 6804//6993 
f 6768//6994 6771//6994 6807//6994 6804//6994 
f 6837//6995 6838//6995 6806//6995 6805//6995 
f 6795//6996 6827//6996 6839//6996 6807//6996 
f 6772//6997 6808//6997 6812//6997 6775//6997 
f 6809//6998 6840//6998 6810//6998 6773//6998 
f 6809//6999 6776//6999 6811//6999 6841//6999 
f 6811//7000 6812//7000 6842//7000 6843//7000 
f 6810//7001 6840//7001 6813//7001 6777//7001 
f 6813//7002 6844//7002 6814//7002 6778//7002 
f 6815//7003 6814//7003 6845//7003 6846//7003 
f 6815//7004 6846//7004 6816//7004 6780//7004 
f 6816//7005 6847//7005 6817//7005 6781//7005 
f 6817//7006 6848//7006 6849//7006 6818//7006 
f 6821//7011 6851//7011 6852//7011 6789//7011 
f 6855//7015 6824//7015 6794//7015 6825//7015 
f 6848//7016 6825//7016 6826//7016 6849//7016 
f 6796//7017 6828//7017 6856//7017 6827//7017 
f 6857//7018 6828//7018 6824//7018 6855//7018 
f 6858//7019 6830//7019 6799//7019 6829//7019 
f 6859//7020 6831//7020 6800//7020 6830//7020 
f 6860//7021 6832//7021 6801//7021 6831//7021 
f 6861//7022 6833//7022 6832//7022 6862//7022 
f 6861//7023 6863//7023 6834//7023 6833//7023 
f 6864//7024 6835//7024 6803//7024 6836//7024 
f 6837//7025 6805//7025 6835//7025 6865//7025 
f 6836//7026 6804//7026 6807//7026 6839//7026 
f 6866//7027 6867//7027 6838//7027 6837//7027 
f 6868//7028 6839//7028 6827//7028 6856//7028 
f 6809//7029 6841//7029 6869//7029 6840//7029 
f 6841//7030 6811//7030 6843//7030 6870//7030 
f 6843//7031 6842//7031 6871//7031 6872//7031 
f 6840//7032 6869//7032 6844//7032 6813//7032 
f 6814//7033 6844//7033 6873//7033 6845//7033 
f 6846//7034 6845//7034 6874//7034 6875//7034 
f 6846//7035 6875//7035 6847//7035 6816//7035 
f 6876//7036 6848//7036 6817//7036 6847//7036 
f 6876//7044 6855//7044 6825//7044 6848//7044 
f 6878//7045 6856//7045 6828//7045 6857//7045 
f 6879//7046 6857//7046 6855//7046 6876//7046 
f 6860//7047 6831//7047 6859//7047 6880//7047 
f 6881//7048 6862//7048 6832//7048 6860//7048 
f 6882//7049 6883//7049 6861//7049 6862//7049 
f 6884//7050 6865//7050 6835//7050 6864//7050 
f 6864//7051 6836//7051 6839//7051 6868//7051 
f 6866//7052 6837//7052 6865//7052 6885//7052 
f 6872//7053 6871//7053 6867//7053 6866//7053 
f 6886//7054 6868//7054 6856//7054 6878//7054 
f 6841//7055 6870//7055 6887//7055 6869//7055 
f 6843//7056 6872//7056 6888//7056 6870//7056 
f 6887//7057 6873//7057 6844//7057 6869//7057 
f 6889//7058 6874//7058 6845//7058 6873//7058 
f 6875//7059 6874//7059 6890//7059 6879//7059 
f 6875//7060 6879//7060 6876//7060 6847//7060 
f 6878//7063 6857//7063 6879//7063 6890//7063 
f 6881//7064 6891//7064 6882//7064 6862//7064 
f 6892//7065 6885//7065 6865//7065 6884//7065 
f 6884//7066 6864//7066 6868//7066 6886//7066 
f 6872//7067 6866//7067 6885//7067 6888//7067 
f 6886//7068 6878//7068 6890//7068 6893//7068 
f 6887//7069 6870//7069 6888//7069 6894//7069 
f 6887//7070 6894//7070 6889//7070 6873//7070 
f 6889//7071 6893//7071 6890//7071 6874//7071 
f 6894//7072 6888//7072 6885//7072 6892//7072 
f 6892//7073 6884//7073 6886//7073 6893//7073 
f 6894//7074 6892//7074 6893//7074 6889//7074 
f 6895//7075 6896//7075 6897//7075 6898//7075 
f 6899//7076 6900//7076 6896//7076 6895//7076 
f 6901//7077 6897//7077 6896//7077 6902//7077 
f 6903//7078 6904//7078 6898//7078 6897//7078 
f 6895//7079 6898//7079 6905//7079 6906//7079 
f 6900//7081 6908//7081 6902//7081 6896//7081 
f 6899//7082 6895//7082 6906//7082 6909//7082 
f 6903//7083 6897//7083 6901//7083 6910//7083 
f 6911//7084 6912//7084 6901//7084 6902//7084 
f 6898//7085 6904//7085 6913//7085 6905//7085 
f 6906//7086 6905//7086 6914//7086 6915//7086 
f 6916//7089 6917//7089 6908//7089 6900//7089 
f 6918//7090 6911//7090 6902//7090 6908//7090 
f 6912//7093 6921//7093 6910//7093 6901//7093 
f 6903//7094 6910//7094 6922//7094 6923//7094 
f 6911//7095 6924//7095 6925//7095 6912//7095 
f 6913//7096 6926//7096 6914//7096 6905//7096 
f 6915//7097 6914//7097 6927//7097 6928//7097 
f 6916//7100 6929//7100 6930//7100 6917//7100 
f 6918//7101 6908//7101 6917//7101 6931//7101 
f 6918//7102 6932//7102 6924//7102 6911//7102 
f 6912//7105 6925//7105 6934//7105 6921//7105 
f 6922//7106 6910//7106 6921//7106 6935//7106 
f 6922//7107 6936//7107 6937//7107 6923//7107 
f 6938//7108 6925//7108 6924//7108 6939//7108 
f 6914//7109 6926//7109 6940//7109 6927//7109 
f 6909//7110 6915//7110 6928//7110 6941//7110 
f 6916//7112 6942//7112 6943//7112 6929//7112 
f 6930//7113 6929//7113 6943//7113 6944//7113 
f 6931//7114 6917//7114 6930//7114 6945//7114 
f 6918//7115 6931//7115 6946//7115 6932//7115 
f 6947//7116 6939//7116 6924//7116 6932//7116 
f 6909//7117 6941//7117 6942//7117 6933//7117 
f 6938//7119 6948//7119 6934//7119 6925//7119 
f 6949//7120 6935//7120 6921//7120 6934//7120 
f 6922//7121 6935//7121 6950//7121 6936//7121 
f 6944//7122 6943//7122 6951//7122 6952//7122 
f 6945//7123 6930//7123 6944//7123 6953//7123 
f 6947//7126 6932//7126 6946//7126 6955//7126 
f 6956//7127 6949//7127 6934//7127 6948//7127 
f 6949//7128 6957//7128 6950//7128 6935//7128 
f 6958//7129 6953//7129 6944//7129 6952//7129 
f 6946//7132 6959//7132 6960//7132 6955//7132 
f 6959//7133 6953//7133 6958//7133 6961//7133 
f 6958//7134 6952//7134 6962//7134 6963//7134 
f 6964//7136 6965//7136 6960//7136 6959//7136 
f 6960//7137 6965//7137 6964//7137 6955//7137 
f 6959//7139 6961//7139 6963//7139 6964//7139 
f 6963//7140 6962//7140 6967//7140 6964//7140 
f 6964//7142 6968//7142 6969//7142 6955//7142 
f 6980//7159 6981//7159 6982//7159 6975//7159 
f 6975//7160 6982//7160 6981//7160 6980//7160 
f 6983//7168 6988//7168 6990//7168 6991//7168 
f 6993//7171 6988//7171 6989//7171 6987//7171 
f 6993//7175 6994//7175 6995//7175 6988//7175 
f 6993//7177 6990//7177 6996//7177 6994//7177 
f 6997//7178 6995//7178 6994//7178 6998//7178 
f 6994//7179 6996//7179 6997//7179 6999//7179 
f 6999//7180 2922//7180 6998//7180 6994//7180 
f 6999//7181 6997//7181 6998//7181 2922//7181 
f 7005//7190 7002//7190 7001//7190 7006//7190 
f 7007//7192 7010//7192 7011//7192 7008//7192 
f 7008//7196 7011//7196 6980//7196 6975//7196 
f 7007//7197 6975//7197 6980//7197 7010//7197 
f 7014//7206 7019//7206 7020//7206 7017//7206 
f 7018//7208 7013//7208 7020//7208 7022//7208 
f 7014//7209 7018//7209 7023//7209 7024//7209 
f 7025//7210 7026//7210 7019//7210 7014//7210 
f 7022//7211 7020//7211 7019//7211 7027//7211 
f 7028//7212 1284//7212 7017//7212 7020//7212 
f 1284//7215 7028//7215 7020//7215 7013//7215 
f 7027//7216 7029//7216 7018//7216 7022//7216 
f 7027//7222 7019//7222 7033//7222 7034//7222 
f 7027//7223 7035//7223 7036//7223 7029//7223 
f 7027//7232 7039//7232 7040//7232 7035//7232 
f 7035//7233 7041//7233 7042//7233 7036//7233 
f 7025//7236 7043//7236 7033//7236 7026//7236 
f 7035//7240 7040//7240 7043//7240 7041//7240 
f 7044//7241 7042//7241 7041//7241 7045//7241 
f 7026//7242 7036//7242 7042//7242 7025//7242 
f 7044//7246 7045//7246 7047//7246 7048//7246 
f 7048//7247 7047//7247 7049//7247 7050//7247 
f 7044//7248 7048//7248 7051//7248 7052//7248 
f 7047//7249 7053//7249 7054//7249 7049//7249 
f 7048//7251 7050//7251 7056//7251 7051//7251 
f 7052//7253 1287//7253 7058//7253 7044//7253 
f 7049//7254 7054//7254 7059//7254 7060//7254 
f 7061//7257 7062//7257 7056//7257 7050//7257 
f 7063//7260 7058//7260 1287//7260 7052//7260 
f 7064//7261 7059//7261 7054//7261 7065//7261 
f 7062//7264 7063//7264 7066//7264 7056//7264 
f 7058//7267 7063//7267 7062//7267 7067//7267 
f 7044//7268 7064//7268 7065//7268 7068//7268 
f 7092//7296 7093//7296 7090//7296 7089//7296 
f 7093//7299 7095//7299 7096//7299 7090//7299 
f 7097//7300 7092//7300 7089//7300 7098//7300 
f 7096//7303 7095//7303 7100//7303 7101//7303 
f 7090//7304 7096//7304 1204//7304 7102//7304 
f 7089//7305 7103//7305 7104//7305 7098//7305 
f 7101//7308 7100//7308 7106//7308 7107//7308 
f 1204//7309 7096//7309 7101//7309 7108//7309 
f 7115//7318 7114//7318 7074//7318 7117//7318 
f 7117//7321 7119//7321 7120//7321 7115//7321 
f 7114//7322 7118//7322 7121//7322 7122//7322 
f 7119//7329 7128//7329 7129//7329 7125//7329 
f 7115//7333 7127//7333 7131//7333 7075//7333 
f 7128//7335 7126//7335 7132//7335 7129//7335 
f 7143//7353 7144//7353 7084//7353 7145//7353 
f 7144//7354 7143//7354 7145//7354 7084//7354 
f 7149//7356 7147//7356 7146//7356 7150//7356 
f 7151//7359 7147//7359 7149//7359 7152//7359 
f 6998//7363 7154//7363 7151//7363 7146//7363 
f 7155//7365 7156//7365 7152//7365 7149//7365 
f 7155//7366 7151//7366 7152//7366 7156//7366 
f 7157//7369 7146//7369 7151//7369 7155//7369 
f 7158//7371 7159//7371 7160//7371 7161//7371 
f 7162//7372 7163//7372 7159//7372 7158//7372 
f 7162//7373 7164//7373 7165//7373 7163//7373 
f 7159//7374 7163//7374 7166//7374 7167//7374 
f 7162//7375 7168//7375 7169//7375 7164//7375 
f 7170//7376 7165//7376 7164//7376 7169//7376 
f 7163//7377 7165//7377 7171//7377 7166//7377 
f 7167//7378 7166//7378 7172//7378 7173//7378 
f 7170//7379 7174//7379 7171//7379 7165//7379 
f 7170//7380 7169//7380 7175//7380 7176//7380 
f 7166//7381 7171//7381 7177//7381 7172//7381 
f 7170//7382 7176//7382 7178//7382 7174//7382 
f 7174//7383 7178//7383 7179//7383 7180//7383 
f 7181//7384 7182//7384 7183//7384 7005//7384 
f 7005//7385 7183//7385 7182//7385 7181//7385 
f 7184//7386 7185//7386 7186//7386 7187//7386 
f 7187//7387 7186//7387 7185//7387 7184//7387 
f 7188//7388 7189//7388 7190//7388 929//7388 
f 7191//7389 7192//7389 7189//7389 7188//7389 
f 7190//7390 7193//7390 7194//7390 929//7390 
f 766//7391 7195//7391 7192//7391 7191//7391 
f 4659//7392 7196//7392 7117//7392 7131//7392 
f 6958//7393 7197//7393 7079//7393 7198//7393 
f 7199//7394 708//7394 7200//7394 7201//7394 
f 7199//7395 7201//7395 7200//7395 708//7395 
f 7202//7396 7203//7396 6468//7396 7204//7396 
f 6468//7397 7203//7397 7202//7397 7205//7397 
f 6468//7398 7205//7398 7202//7398 7204//7398 
f 7206//7399 7207//7399 7208//7399 7209//7399 
f 7209//7400 7208//7400 7202//7400 7210//7400 
f 7209//7401 7210//7401 7211//7401 7212//7401 
f 5031//7402 7213//7402 4663//7402 7213//7402 
f 7214//7403 7215//7403 7216//7403 7217//7403 
f 7218//7404 7215//7404 7214//7404 7219//7404 
f 7220//7405 7221//7405 7216//7405 7215//7405 
f 7217//7406 7216//7406 7221//7406 7220//7406 
f 7219//7407 7214//7407 7217//7407 7218//7407 
f 7217//7408 7220//7408 7215//7408 7218//7408 
f 2425//7409 7109//7409 2597//7409 7222//7409 
f 2597//7410 7109//7410 2425//7410 7222//7410 
f 7223//7411 7224//7411 7225//7411 7226//7411 
f 7227//7412 7228//7412 7225//7412 7224//7412 
f 7229//7413 7230//7413 7228//7413 7227//7413 
f 7230//7414 7231//7414 7225//7414 7228//7414 
f 7230//7415 7232//7415 7233//7415 7231//7415 
f 7134//7416 7234//7416 7006//7416 7235//7416 
f 7134//7417 7235//7417 7236//7417 7237//7417 
f 7238//7418 2252//7418 2408//7418 7239//7418 
f 2252//7419 7238//7419 7239//7419 2408//7419 
f 7007//7420 7240//7420 7241//7420 7010//7420 
f 7010//7421 7241//7421 7240//7421 7007//7421 
f 7242//7422 7243//7422 7244//7422 7245//7422 
f 7245//7423 7244//7423 7243//7423 7242//7423 
f 7235//7424 7246//7424 7247//7424 7003//7424 
f 7246//7425 7235//7425 7003//7425 7247//7425 
f 7248//7426 7249//7426 7250//7426 7251//7426 
f 7248//7427 7251//7427 7250//7427 7249//7427 
f 1//4 2//4 6//4 
f 261//365 308//365 309//365 
f 545//621 633//621 546//621 
f 492//635 557//635 558//635 
f 545//778 614//778 687//778 845//778 766//778 
f 556//710 626//710 627//710 
f 561//717 632//717 699//717 
f 579//742 652//742 653//742 
f 580//828 653//828 809//828 895//828 810//828 
f 632//800 708//800 709//800 
f 700//876 779//876 778//876 
f 633//887 957//887 787//887 
f 710//978 788//978 870//978 960//978 789//978 
f 787//975 1049//975 869//975 
f 766//1136 934//1136 1118//1136 1214//1136 1049//1136 
f 918//1112 1007//1112 1003//1112 
f 920//1119 1104//1119 1008//1119 
f 1047//1163 1143//1163 1048//1163 
f 1002//1312 1093//1312 1287//1312 1397//1312 1189//1312 
f 1013//1330 1107//1330 1303//1330 1304//1330 1108//1330 
f 1034//1248 1129//1248 1130//1248 
f 1046//1365 1140//1365 1239//1365 1343//1365 1141//1365 
f 1144//1265 1154//1265 1145//1265 
f 1143//1371 1459//1371 1241//1371 
f 1145//1374 1354//1374 1244//1374 
f 1185//1540 1284//1540 1401//1540 1510//1540 1392//1540 
f 1190//1419 1401//1419 1284//1419 
f 1201//1556 1296//1556 1518//1556 1525//1556 1301//1556 
f 1302//1444 1304//1444 1303//1444 
f 1214//1457 1541//1457 1319//1457 
f 1318//1575 1319//1575 1542//1575 1655//1575 1537//1575 
f 1268//1523 1376//1523 1609//1523 
f 1189//1423 1397//1423 1347//1423 
f 1296//1683 1407//1683 1640//1683 1765//1683 1518//1683 
f 1301//1688 1525//1688 1769//1688 1530//1688 1413//1688 
f 1302//1563 1413//1563 1530//1563 
f 1239//1745 1693//1745 1828//1745 1572//1745 1343//1745 
f 1392//1672 1510//1672 1509//1672 1625//1672 1501//1672 
f 1407//1819 1516//1819 1764//1819 1903//1819 1640//1819 
f 1423//1700 1535//1700 1782//1700 
f 1448//1735 1685//1735 1567//1735 
f 1239//1751 1581//1751 1693//1751 
f 1468//1900 1590//1900 1844//1900 1845//1900 1591//1900 
f 1516//1963 1637//1963 1901//1963 2050//1963 1764//1963 
f 1518//1967 1765//1967 2051//1967 1769//1967 1525//1967 
f 1532//1831 1648//1831 1777//1831 
f 1677//2021 1678//2021 1812//2021 1951//2021 1810//2021 
f 1590//1919 1725//1919 1844//1919 
f 1607//1926 1729//1926 1730//1926 
f 1608//1930 1869//1930 1731//1930 
f 1640//2118 1903//2118 2202//2118 2051//2118 1765//2118 
f 1660//1996 1933//1996 1791//1996 
f 1808//2167 2099//2167 2249//2167 1953//2167 1809//2167 
f 1810//2170 2100//2170 2251//2170 2101//2170 1811//2170 
f 1711//2205 1846//2205 2134//2205 1990//2205 1847//2205 
f 1749//2101 1989//2101 1845//2101 
f 1807//2163 1945//2163 1947//2163 
f 1691//2185 1970//2185 1966//2185 
f 1985//2202 2284//2202 1986//2202 
f 1846//2208 1990//2208 2134//2208 
f 2004//2224 2155//2224 2005//2224 
f 1861//2226 2005//2226 2154//2226 
f 1866//2235 2012//2235 2310//2235 
f 1808//2485 2402//2485 2569//2485 2403//2485 2099//2485 
f 1967//2512 2425//2512 2592//2512 2426//2512 2115//2512 
f 1984//2363 2130//2363 2131//2363 
f 2013//2571 2478//2571 2313//2571 2479//2571 2163//2571 
f 2048//2283 2199//2283 2058//2283 2201//2283 2198//2283 
f 2073//2455 2377//2455 2224//2455 
f 2080//2472 2236//2472 2552//2472 2233//2472 2232//2472 
f 2105//2490 2257//2490 2253//2490 
f 2258//2501 2570//2501 2259//2501 
f 1691//2514 2595//2514 1970//2514 
f 1966//2683 1970//2683 2596//2683 2751//2683 2597//2683 
f 2127//2527 2439//2527 2278//2527 
f 2135//2706 2618//2706 2774//2706 2619//2706 2287//2706 
f 2005//2556 2155//2556 2302//2556 2467//2556 2154//2556 
f 2154//2726 2467//2726 2640//2726 2638//2726 2304//2726 
f 2013//2568 2314//2568 2313//2568 
f 2236//2801 2391//2801 2714//2801 2551//2801 2552//2801 
f 2406//2657 2408//2657 2407//2657 
f 2256//2665 2413//2665 2581//2665 
f 2303//2561 2469//2561 2467//2561 
f 2013//2732 2313//2732 2478//2732 
f 2404//2816 2576//2816 2570//2816 
f 2411//2973 2572//2973 2880//2973 2881//2973 2574//2973 
f 2617//3027 2927//3027 3083//3027 2774//3027 2618//3027 
f 2287//2862 2619//2862 2622//2862 
f 2684//2924 2984//2924 2685//2924 
f 2521//3084 2685//3084 2984//3084 2986//3084 2687//3084 
f 2529//2936 2842//2936 2693//2936 
f 2596//2840 2597//2840 2751//2840 
f 2616//3016 2769//3016 3072//3016 
f 2616//3186 3072//3186 2769//3186 3076//3186 2771//3186 
f 2639//3205 2791//3205 3097//3205 3249//3205 2943//3205 
f 2677//3160 2754//3160 2904//3160 3055//3160 2827//3160 
f 2701//3102 3002//3102 2853//3102 
f 2743//3312 2893//3312 3044//3312 3199//3312 2897//3312 
f 2617//3356 2926//3356 3081//3356 3083//3356 2927//3356 
f 2793//3207 2943//3207 3250//3207 
f 2863//3276 3324//3276 3016//3276 
f 2870//3444 3021//3444 3331//3444 3332//3444 3022//3444 
f 2872//3448 3023//3448 3334//3448 3336//3448 3024//3448 
f 2896//3321 3048//3321 3202//3321 3053//3321 2902//3321 
f 2921//3506 3071//3506 3388//3506 3389//3506 3074//3506 
f 3073//3347 3074//3347 3390//3347 
f 3041//3630 3193//3630 3514//3630 3353//3630 3192//3630 
f 3053//3479 3202//3479 3206//3479 
f 3065//3497 3540//3497 3219//3497 
f 3119//3548 3270//3548 3268//3548 
f 3216//3654 3375//3654 3376//3654 
f 3073//3672 3390//3672 3720//3672 3392//3672 3391//3672 
f 3234//3683 3399//3683 3562//3683 
f 3250//3694 3411//3694 3739//3694 
f 3289//3735 3611//3735 3450//3735 
f 3307//3756 3467//3756 3488//3756 
f 3442//3895 3604//3895 3603//3895 
f 3465//3917 3628//3917 3629//3917 
f 3390//4009 3719//4009 3886//4009 
f 3580//4035 3746//4035 3747//4035 
f 3585//4041 3751//4041 3752//4041 
f 3587//4051 3755//4051 3922//4051 
f 3751//4211 3916//4211 4245//4211 
f 3820//4281 3988//4281 4155//4281 
f 3999//4296 4329//4296 4000//4296 
f 3835//4460 4005//4460 4329//4460 3999//4460 4006//4460 
f 3836//4301 4006//4301 4332//4301 
f 3864//4329 4031//4329 4032//4329 
f 3869//4336 4201//4336 4036//4336 
f 3915//4362 4080//4362 4081//4362 
f 3982//4590 4146//4590 4307//4590 4457//4590 4147//4590 
f 4032//4491 4499//4491 4197//4491 
f 4220//4662 4524//4662 4525//4662 4224//4662 4221//4662 
f 4281//4563 4282//4563 4429//4563 
f 4135//4722 4297//4722 4583//4722 4578//4722 4294//4722 
f 4191//4768 4350//4768 4490//4768 4629//4768 4352//4768 
f 4272//4697 4420//4697 4417//4697 
f 4419//4701 4701//4701 4420//4701 
f 4421//4702 4465//4702 4422//4702 
f 4439//4718 4716//4718 4440//4718 
f 4399//4820 4680//4820 4542//4820 
f 4297//4863 4586//4863 4583//4863 
f 4683//4950 4924//4950 4684//4950 
f 4564//4969 4703//4969 4702//4969 
f 4772//5034 4889//5034 4773//5034 
f 4663//5178 4790//5178 5029//5178 5148//5178 5030//5178 
f 4674//5061 4799//5061 5034//5061 
f 4674//5185 5034//5185 5153//5185 5037//5185 4800//5185 
f 4769//5091 4887//5091 4824//5091 
f 4807//5193 4925//5193 4927//5193 
f 4875//5257 4997//5257 4995//5257 
f 4943//5327 5061//5327 5288//5327 
f 4961//5348 5198//5348 5079//5348 
f 5105//5374 5222//5374 5108//5374 
f 5149//5418 5381//5418 5150//5418 
f 5162//5665 5278//5665 5515//5665 5502//5665 5277//5665 
f 5212//5598 5441//5598 5328//5598 
f 5272//5659 5387//5659 5508//5659 
f 5284//5673 5397//5673 5521//5673 
f 5294//5685 5407//5685 5408//5685 
f 5379//5887 5723//5887 5833//5887 5724//5887 5493//5887 
f 5409//5799 5531//5799 5637//5799 
f 5354//5800 5587//5800 5532//5800 
f 5532//5802 5750//5802 5533//5802 
f 5411//5803 5533//5803 5640//5803 
f 5585//5981 5808//5981 5918//5981 5809//5981 5586//5981 
f 5586//5863 5810//5863 5587//5863 
f 5516//6026 5741//6026 5959//6026 5846//6026 5623//6026 
f 5553//5935 5663//5935 5664//5935 
f 5560//6067 5670//6067 5775//6067 5887//6067 5671//6067 
f 5564//5948 5674//5948 5782//5948 
f 5574//5958 5790//5958 5681//5958 
f 5595//6111 5706//6111 5926//6111 5928//6111 5707//6111 
f 5730//6145 5839//6145 6067//6145 5955//6145 5733//6145 
f 5533//6165 5750//6165 5863//6165 5862//6165 5977//6165 
f 5586//6216 6029//6216 5807//6216 5697//6216 5805//6216 
f 5805//6217 5806//6217 5912//6217 6132//6217 6028//6217 
f 5805//6100 5808//6100 5807//6100 
f 5714//6123 5938//6123 5826//6123 
f 5723//6250 6058//6250 6166//6250 6059//6250 5833//6250 
f 5735//6148 5961//6148 5845//6148 
f 5739//6273 5849//6273 6079//6273 6080//6273 5850//6273 
f 5740//6274 5850//6274 6080//6274 6081//6274 5851//6274 
f 5775//6187 5886//6187 6108//6187 
f 5802//6212 5909//6212 5912//6212 
f 5837//6254 5952//6254 6063//6254 
f 5848//6378 5964//6378 6181//6378 6182//6378 5965//6378 
f 5849//6383 5966//6383 6186//6383 6288//6383 6079//6383 
f 5860//6392 5977//6392 6193//6392 6191//6392 5862//6392 
f 5909//6435 6022//6435 6236//6435 6166//6435 5912//6435 
f 5809//6441 6033//6441 6032//6441 6247//6441 6139//6441 
f 5947//6454 6045//6454 6152//6454 6266//6454 6056//6454 
f 5723//6468 6237//6468 5912//6468 6166//6468 6058//6468 
f 5950//6364 6060//6364 6022//6364 
f 6007//6424 6115//6424 6224//6424 6133//6424 6027//6424 
f 6138//6538 6139//6538 6332//6538 6241//6538 6333//6538 
f 6079//6491 6288//6491 6187//6491 6081//6491 6080//6491 
f 6179//6498 6190//6498 6370//6498 
f 6135//6622 6499//6622 6415//6622 6240//6622 6239//6622 
f 6138//6534 6333//6534 6241//6534 
f 6140//6623 6241//6623 6416//6623 6418//6623 6243//6623 
f 6032//6545 6337//6545 6247//6545 
f 6169//6570 6270//6570 6271//6570 
f 6175//6577 6276//6577 6277//6577 
f 6286//6672 6466//6672 6468//6672 6290//6672 6287//6672 
f 6135//6701 6498//6701 6236//6701 6327//6701 6497//6701 
f 6244//6628 6502//6628 6335//6628 
f 6249//6631 6505//6631 6339//6631 
f 6254//6639 6431//6639 6345//6639 
f 6327//6699 6413//6699 6497//6699 
f 6375//6744 6465//6744 6609//6744 
f 6466//6746 6467//6746 6468//6746 
f 6415//6770 6499//6770 6504//6770 
f 6503//6775 6504//6775 6634//6775 
f 6470//6811 6612//6811 6549//6811 
f 6490//6824 6565//6824 6564//6824 
f 6503//6830 6682//6830 6570//6830 
f 6501//6832 6570//6832 6633//6832 
f 6505//6835 6684//6835 6575//6835 
f 6507//6882 6639//6882 6697//6882 6641//6882 6577//6882 
f 6552//6865 6616//6865 6617//6865 
f 6591//6894 6653//6894 6695//6894 
f 6620//6912 6675//6912 6676//6912 
f 6678//6914 6717//6914 6680//6914 
f 6719//6978 6753//6978 6754//6978 
f 6752//7037 6784//7037 6850//7037 6785//7037 6786//7037 
f 6784//7009 6785//7009 6850//7009 
f 6755//7042 6790//7042 6789//7042 6853//7042 6823//7042 
f 6821//7061 6823//7061 6853//7061 6852//7061 6851//7061 
f 6789//7062 6852//7062 6853//7062 
f 6899//7088 6916//7088 6900//7088 
f 6906//7103 6915//7103 6909//7103 
f 6899//7118 6909//7118 6933//7118 6942//7118 6916//7118 
f 6931//7135 6945//7135 6953//7135 6959//7135 6946//7135 
f 6958//7143 6963//7143 6961//7143 
f 6962//7146 6971//7146 6967//7146 
f 3072//7150 6972//7150 6975//7150 
f 3072//7152 6975//7152 6972//7152 
f 4509//7156 6976//7156 6979//7156 
f 4509//7158 6979//7158 6976//7158 
f 6983//7169 6984//7169 6987//7169 6989//7169 6988//7169 
f 6983//7166 6987//7166 6984//7166 
f 6983//7176 6991//7176 6990//7176 6993//7176 6987//7176 
f 6996//7186 7001//7186 7003//7186 7002//7186 6997//7186 
f 7001//7189 7002//7189 7003//7189 
f 6975//7194 7007//7194 7008//7194 
f 6980//7199 7011//7199 7010//7199 
f 7013//7203 7014//7203 7017//7203 
f 7013//7205 7018//7205 7014//7205 
f 1284//7214 7013//7214 7017//7214 
f 7018//7235 7029//7235 7036//7235 7026//7235 7023//7235 
f 7014//7229 7024//7229 7023//7229 7037//7229 7025//7229 
f 7019//7228 7026//7228 7033//7228 
f 7027//7239 7034//7239 7033//7239 7040//7239 7039//7239 
f 7033//7245 7043//7245 7040//7245 
f 7049//7263 7060//7263 7059//7263 7061//7263 7050//7263 
f 7051//7266 7056//7266 7066//7266 7063//7266 7052//7266 
f 7058//7276 7067//7276 7062//7276 7071//7276 7072//7276 
f 7065//7275 7073//7275 7068//7275 
f 4662//7279 7074//7279 7075//7279 
f 2407//7282 7077//7282 7079//7282 
f 1724//7286 7080//7286 7083//7286 
f 1724//7288 7083//7288 7080//7288 
f 7084//7292 7085//7292 7088//7292 
f 7084//7294 7088//7294 7085//7294 
f 7089//7298 7090//7298 7094//7298 
f 7089//7310 7094//7310 7090//7310 7105//7310 7103//7310 
f 7109//7314 7110//7314 7113//7314 
f 7109//7316 7113//7316 7110//7316 
f 7114//7320 7115//7320 7118//7320 
f 7119//7331 7125//7331 7130//7331 7126//7331 7120//7331 
f 7115//7334 7120//7334 7126//7334 7128//7334 7127//7334 
f 7125//7340 7129//7340 7132//7340 7126//7340 7130//7340 
f 7134//7344 7135//7344 7138//7344 
f 7134//7346 7138//7346 7135//7346 
f 6236//7350 7139//7350 7140//7350 
f 6236//7352 7140//7352 7139//7352 
f 6998//7364 7146//7364 7147//7364 7151//7364 7154//7364 
f 7146//7370 7157//7370 7155//7370 7149//7370 7150//7370 
