v -3.2272 2.00021 -2.16132
v -3.1697 2.13315 -2.15339
v -3.2267 2.08175 -2.16166
v -3.06338 2.00134 -2.1398
v -3.06402 2.13967 -2.13995
v -3.28321 2.11187 -2.17026
v -3.21812 1.85991 -2.15951
v -3.08303 1.86157 -2.13685
v -2.94756 1.87633 -2.10414
v -3.03821 2.30002 -2.1298
v -3.17651 2.30795 -2.16155
v -3.32318 2.2617 -2.1732
v -3.05992 1.71733 -2.13788
v -3.19057 1.73037 -2.13259
v -2.94442 1.74649 -2.10057
v -2.94788 2.00697 -2.10446
v -3.00595 2.07332 -2.12221
v -2.93416 2.1422 -2.12587
v -2.91889 2.2963 -2.11798
v -3.18803 1.57522 -2.14691
v -3.04921 1.57535 -2.13344
v -2.94733 1.60292 -2.1104
v -2.84617 1.84276 -2.08741
v -2.80536 1.96071 -2.07444
v -2.80021 2.02988 -2.0829
v -2.75699 2.26556 -2.08854
v -2.7881 2.19734 -2.09489
v -3.1724 1.4096 -2.15423
v -3.03826 1.43353 -2.13904
v -2.82243 1.6165 -2.08905
v -2.75387 1.76662 -2.08044
v -3.00446 1.55321 -2.03985
v -2.9351 1.46157 -2.11623
v -2.68509 2.00169 -2.06522
v -3.16281 1.26636 -2.15289
v -3.01341 1.29338 -2.13251
v -3.30002 1.39509 -2.17293
v -3.30082 1.54292 -2.17067
v -2.76446 1.67238 -2.08077
v -2.80452 1.47865 -2.09461
v -2.77961 1.86366 -2.07744
v -2.65747 1.95697 -2.06473
v -2.62742 2.04327 -2.06302
v -2.62242 2.1408 -2.01697
v -3.15427 1.11939 -2.154
v -3.00641 1.12203 -2.13628
v -2.91064 1.32454 -2.11423
v -3.29499 1.25452 -2.17289
v -3.42931 1.38529 -2.19208
v -3.43474 1.53212 -2.18989
v -2.71707 1.63403 -2.07283
v -2.68399 1.50178 -2.07382
v -2.79065 1.34568 -2.09146
v -2.72194 1.87023 -2.07163
v -2.535 2.01762 -2.041
v -3.28845 1.11169 -2.17535
v -3.14769 0.973536 -2.1549
v -3.01152 0.970892 -2.13731
v -2.94796 1.20556 -2.12115
v -3.42546 1.24445 -2.19609
v -3.5605 1.51714 -2.21346
v -3.55953 1.37527 -2.21493
v -2.58675 1.66294 -2.05258
v -2.61338 1.8032 -2.06109
v -2.66072 1.36897 -2.07002
v -2.56559 1.52452 -2.05408
v -2.9147 1.19645 -2.11481
v -2.77771 1.21702 -2.08763
v -2.48449 1.83466 -2.03645
v -3.2827 0.970506 -2.17831
v -3.42171 1.10535 -2.19645
v -3.14185 0.82999 -2.15439
v -3.00606 0.830293 -2.13618
v -2.88163 0.962541 -2.11609
v -2.89464 1.0914 -2.10792
v -3.55775 1.23624 -2.2151
v -3.69005 1.36516 -2.23842
v -3.68408 1.50519 -2.23354
v -3.4284 1.6691 -2.19337
v -3.55591 1.65462 -2.21244
v -2.46208 1.69099 -2.03164
v -2.63635 1.23777 -2.06612
v -2.56806 1.38443 -2.05597
v -2.45425 1.54939 -2.03605
v -2.76426 1.09172 -2.08551
v -2.43437 1.94453 -2.02034
v -3.41671 0.965281 -2.19689
v -3.27656 0.828124 -2.17672
v -3.55384 1.09788 -2.21806
v -3.13582 0.689984 -2.15668
v -2.99997 0.691388 -2.13595
v -2.87322 0.828359 -2.11304
v -2.74806 0.965305 -2.10004
v -3.68871 1.22751 -2.23825
v -3.67705 1.63528 -2.23238
v -3.82489 1.35589 -2.25861
v -3.8234 1.48843 -2.25697
v -2.33286 1.72934 -1.99394
v -2.34842 1.86872 -2.0063
v -2.6235 1.10532 -2.06096
v -2.55955 1.32983 -2.05201
v -2.47539 1.39988 -2.04192
v -2.3307 1.5697 -2.01331
v -2.44257 1.99198 -2.01897
v -3.41093 0.824602 -2.19708
v -3.55001 0.95943 -2.2168
v -3.27205 0.688446 -2.17479
v -3.68538 1.09023 -2.23868
v -3.13047 0.551244 -2.15441
v -2.99417 0.553794 -2.13373
v -2.86514 0.693428 -2.11233
v -2.73764 0.833021 -2.09736
v -2.61069 0.97522 -2.07957
v -3.82234 1.22066 -2.25737
v -3.58856 1.78263 -2.22306
v -3.69934 1.77248 -2.23172
v -3.90236 1.42726 -2.25145
v -2.20752 1.73253 -2.00995
v -2.21782 1.87528 -2.01479
v -2.47111 1.12945 -2.02551
v -2.45722 1.25811 -2.02601
v -2.3272 1.42776 -2.01672
v -2.19981 1.58913 -2.00476
v -2.36141 2.00967 -1.999
v -3.40597 0.685117 -2.19787
v -3.54557 0.820587 -2.21636
v -3.6824 0.952907 -2.23605
v -3.26787 0.549665 -2.17356
v -3.81899 1.08442 -2.25645
v -3.12553 0.41321 -2.154
v -2.98802 0.415895 -2.13246
v -2.85784 0.556886 -2.11318
v -2.72925 0.69804 -2.09541
v -2.60169 0.842181 -2.07534
v -2.46763 0.99318 -2.05881
v -3.90129 1.28883 -2.25888
v -3.95512 1.502 -2.24237
v -3.95105 1.36418 -2.24169
v -2.07572 1.74374 -2.01255
v -2.08169 1.88513 -2.01515
v -2.22728 2.01749 -2.02054
v -2.33284 1.14572 -2.00814
v -2.3247 1.28966 -2.01232
v -2.19403 1.44546 -2.00796
v -2.07041 1.60175 -2.0109
v -2.36466 2.1502 -2.03319
v -2.50353 2.14413 -2.0037
v -3.40263 0.546822 -2.19672
v -3.54161 0.681871 -2.21419
v -3.67867 0.8155 -2.23573
v -3.81557 0.947597 -2.25478
v -3.26307 0.41111 -2.1747
v -3.95076 1.07829 -2.27894
v -3.9551 1.21422 -2.27727
v -3.12052 0.275184 -2.15291
v -2.98188 0.277483 -2.13272
v -2.85141 0.419377 -2.11077
v -2.722 0.561966 -2.09131
v -2.59393 0.706899 -2.07376
v -2.46224 0.856861 -2.05586
v -2.32503 1.01129 -2.03504
v -3.9028 1.56695 -2.25106
v -3.95735 1.4258 -2.25764
v -1.9425 1.75561 -1.99687
v -1.94742 1.89605 -1.99831
v -2.08888 2.02716 -2.01667
v -2.30528 2.16183 -1.97837
v -2.18266 1.16537 -2.00623
v -2.18804 1.30429 -2.00718
v -2.06375 1.45973 -2.01028
v -1.93756 1.61576 -1.99506
v -2.39115 2.15205 -2.00508
v -3.53855 0.5441 -2.2156
v -3.39997 0.408937 -2.19638
v -3.67625 0.677937 -2.23631
v -3.81298 0.810614 -2.2524
v -3.94842 0.94291 -2.27705
v -3.25869 0.273028 -2.17411
v -4.08524 1.07426 -2.29748
v -4.08815 1.20927 -2.29735
v -3.11721 0.13708 -2.15101
v -2.97717 0.138561 -2.13275
v -2.84542 0.281265 -2.10857
v -2.71514 0.425009 -2.08952
v -2.58614 0.571147 -2.07054
v -2.45802 0.720891 -2.05042
v -2.31946 0.874732 -2.02979
v -2.17735 1.02902 -2.008
v -3.95307 1.2892 -2.25948
v -3.81429 1.63523 -2.25241
v -3.96063 1.56488 -2.25911
v -4.00956 1.42297 -2.26809
v -1.81511 1.90261 -1.98112
v -1.81209 1.76215 -1.98089
v -1.95324 2.03763 -1.99868
v -2.09757 2.17086 -2.01868
v -2.03634 1.17178 -2.01005
v -2.05523 1.31759 -2.00822
v -1.93148 1.47337 -1.99415
v -1.80014 1.62173 -1.98035
v -3.67442 0.540828 -2.23527
v -3.53629 0.40651 -2.21495
v -3.39727 0.271187 -2.19697
v -3.81109 0.674231 -2.25306
v -3.94727 0.807442 -2.27545
v -4.08412 0.939055 -2.29282
v -3.25704 0.13508 -2.17059
v -4.00769 1.28424 -2.2748
v -4.22293 1.20599 -2.31175
v -4.22217 1.0709 -2.3073
v -3.11811 0.0344273 -2.11101
v -2.9752 0.00466895 -2.11327
v -2.83902 0.141926 -2.10802
v -2.70831 0.287166 -2.08609
v -2.57916 0.435437 -2.06682
v -2.45882 0.585087 -2.049
v -2.31743 0.73773 -2.0256
v -2.17197 0.893004 -2.00677
v -2.01038 1.06093 -1.99838
v -3.96058 1.64421 -2.24441
v -4.01323 1.56036 -2.26928
v -4.09318 1.47853 -2.30052
v -4.09108 1.34432 -2.29822
v -1.81666 2.04505 -1.97915
v -1.68887 1.76441 -1.9644
v -1.68681 1.90287 -1.96857
v -1.96055 2.17888 -1.99992
v -2.26414 2.31857 -2.01741
v -2.11204 2.31837 -2.0155
v -1.90436 1.1789 -1.97487
v -1.92058 1.32875 -1.99245
v -1.80178 1.48264 -1.97493
v -1.70051 1.6273 -1.91791
v -2.38565 2.28606 -1.93917
v -2.52367 2.27665 -1.96185
v -3.81146 0.538491 -2.25157
v -3.67298 0.404406 -2.23634
v -3.53475 0.269186 -2.21724
v -3.39559 0.133199 -2.19552
v -3.94744 0.672649 -2.27329
v -4.08393 0.805535 -2.2945
v -4.22108 0.936102 -2.3145
v -3.25717 0.00156208 -2.15593
v -4.35748 1.06921 -2.33626
v -4.35853 1.20238 -2.33527
v -4.22586 1.34061 -2.31712
v -3.12721 -0.021252 -2.00534
v -2.98835 -0.0219912 -1.98607
v -2.83292 0.00396769 -2.10079
v -2.70095 0.148015 -2.08642
v -2.57147 0.298308 -2.06361
v -2.45556 0.458507 -2.03759
v -2.33505 0.59724 -2.02828
v -2.17295 0.754823 -2.00293
v -2.02156 0.921935 -2.00278
v -2.00271 1.10489 -1.82032
v -3.90205 1.70962 -2.25326
v -1.67458 2.04639 -1.95657
v -1.82238 2.1872 -1.97756
v -1.96889 2.32167 -1.99413
v -2.25613 2.41107 -1.94039
v -2.13017 2.42011 -1.94022
v -1.77105 1.1886 -1.97549
v -1.78696 1.33723 -1.97319
v -1.68886 1.48797 -1.95391
v -2.22652 2.29521 -1.91648
v -2.2465 2.14677 -1.89589
v -2.52983 2.41507 -1.98212
v -2.39503 2.42077 -1.96234
v -2.65837 2.2699 -1.98565
v -3.95239 0.522737 -2.24359
v -3.81026 0.403707 -2.25313
v -3.67194 0.268211 -2.23751
v -3.536 0.131597 -2.21215
v -3.39769 -0.0014938 -2.17834
v -4.08457 0.671449 -2.29065
v -4.2243 0.803551 -2.31344
v -4.35927 0.935828 -2.33549
v -3.27318 -0.0209578 -2.02326
v -4.36182 1.33669 -2.33504
v -4.4928 1.06576 -2.35716
v -4.49474 1.19955 -2.35816
v -4.22889 1.47444 -2.31806
v -3.13048 -0.00925767 -1.86483
v -2.99679 -0.00855302 -1.84718
v -2.85093 -0.0233889 -1.96703
v -2.69529 0.00857872 -2.07958
v -2.56447 0.15744 -2.05834
v -2.44066 0.315662 -2.03577
v -2.35827 0.477422 -2.00415
v -2.17136 0.614906 -2.00161
v -2.02804 0.771352 -1.99844
v -1.94397 0.99561 -1.88792
v -3.81146 1.77354 -2.26033
v -3.95936 1.7037 -2.25967
v -4.09662 1.61219 -2.29999
v -1.68531 2.20159 -1.96776
v -1.83016 2.32986 -1.96371
v -1.97066 2.46473 -1.94758
v -2.12246 2.55512 -1.8986
v -2.27456 2.54253 -1.88276
v -1.90619 1.06213 -1.85917
v -1.76474 1.05024 -1.94208
v -1.67042 1.20726 -1.8863
v -1.66245 1.35076 -1.92403
v -2.11665 2.16301 -1.84327
v -2.10843 2.29745 -1.85004
v -2.66364 2.40535 -2.00057
v -2.40862 2.56809 -1.91484
v -2.54781 2.57732 -1.95103
v -2.65226 2.01057 -1.93455
v -2.5248 2.01228 -1.91109
v -2.79269 2.26619 -2.00785
v -2.78636 2.13172 -1.98938
v -3.94973 0.401171 -2.2754
v -4.08202 0.537525 -2.29277
v -3.8101 0.268207 -2.25491
v -3.67233 0.131405 -2.23571
v -3.53778 -0.00162612 -2.19954
v -3.42231 -0.0204041 -2.04336
v -4.22879 0.6709 -2.3101
v -4.36864 0.802707 -2.33795
v -4.49395 0.933533 -2.35474
v -3.28748 -0.00933577 -1.88546
v -4.49793 1.33384 -2.35725
v -4.36503 1.47097 -2.33808
v -4.62754 1.06162 -2.37929
v -4.6299 1.19535 -2.38109
v -4.23255 1.60915 -2.31939
v -3.13352 -0.00544264 -1.72682
v -3.00654 -0.00560813 -1.71038
v -2.86235 -0.00949069 -1.82948
v -2.71512 -0.0235654 -1.94693
v -2.55818 0.0129776 -2.05755
v -2.42789 0.167513 -2.02287
v -2.38309 0.396642 -2.02145
v -2.16985 0.473612 -1.99822
v -2.0272 0.629529 -1.99531
v -1.88984 0.782917 -1.96216
v -1.88923 0.931201 -1.94671
v -1.90016 0.957895 -1.81062
v -3.96455 1.79144 -2.24949
v -4.01635 1.69938 -2.27127
v -1.69086 2.3424 -1.94039
v -1.81308 2.48467 -1.93649
v -1.97478 2.56152 -1.87008
v -1.74252 0.918205 -1.9143
v -1.66767 1.07296 -1.85105
v -2.27076 2.01968 -1.88777
v -2.11996 2.02439 -1.84171
v -1.97293 2.16167 -1.82943
v -1.96223 2.30351 -1.82691
v -2.79728 2.39938 -2.02206
v -2.67838 2.54179 -1.97167
v -2.78557 2.00378 -1.95872
v -2.51895 1.87731 -1.90947
v -2.64754 1.87436 -1.93083
v -2.40213 2.01472 -1.88905
v -2.40727 2.12326 -1.91252
v -2.92009 2.12973 -2.01745
v -2.92516 2.26267 -2.0335
v -4.08257 0.40367 -2.29886
v -3.94808 0.268567 -2.27686
v -4.22786 0.538917 -2.30914
v -3.81021 0.132523 -2.25505
v -3.67614 -0.00214933 -2.2201
v -3.5639 -0.0198404 -2.06569
v -3.45581 -0.0080804 -1.90875
v -4.40621 0.664526 -2.34359
v -4.50233 0.802417 -2.35403
v -4.62547 0.929228 -2.37757
v -3.2537 -0.0031042 -1.74261
v -4.63313 1.3307 -2.38407
v -4.50123 1.46873 -2.35874
v -4.36833 1.60672 -2.34007
v -4.76168 1.05667 -2.406
v -4.76483 1.19119 -2.4087
v -4.23544 1.74321 -2.32229
v -4.10064 1.74534 -2.30281
v -3.14478 -0.00121396 -1.59126
v -3.01811 -0.00199819 -1.57527
v -2.87409 -0.00559979 -1.69384
v -2.72713 -0.0109818 -1.81131
v -2.57952 -0.0221183 -1.92666
v -2.42156 0.0246662 -2.04097
v -2.29976 0.178686 -2.01645
v -2.3212 0.328605 -2.01842
v -2.33974 0.403014 -2.01129
v -2.27078 0.4022 -2.00518
v -2.02537 0.485437 -1.9919
v -1.88852 0.638936 -1.96289
v -1.76212 0.782526 -1.89317
v -1.82879 1.0377 -1.75286
v -1.84023 1.15777 -1.76559
v -1.7496 2.4759 -1.87347
v -2.27762 2.67932 -1.83102
v -2.40014 2.66438 -1.87353
v -2.27186 1.88194 -1.88674
v -2.11795 1.88441 -1.84268
v -1.97211 2.02436 -1.82341
v -2.92918 2.39495 -2.0488
v -2.80972 2.53302 -1.99313
v -2.92018 1.99917 -1.98464
v -2.7807 1.86897 -1.95487
v -2.39305 1.88136 -1.88571
v -2.51142 1.74153 -1.90579
v -2.64155 1.73817 -1.92747
v -2.31877 2.14667 -1.90922
v -3.05722 2.25902 -2.05964
v -3.05303 2.12589 -2.04368
v -4.22907 0.406897 -2.3081
v -4.08399 0.270228 -2.29745
v -3.94764 0.134965 -2.27429
v -4.40306 0.536076 -2.34074
v -3.81284 0.00203319 -2.2447
v -3.7014 -0.0209272 -2.08811
v -3.59287 -0.00734072 -1.9293
v -3.49152 -0.00178057 -1.77469
v -3.3651 -0.00214463 -1.757
v -4.4957 0.661218 -2.35905
v -4.62417 0.796021 -2.37541
v -4.75802 0.922335 -2.40157
v -3.30209 -0.00486153 -1.79502
v -3.26597 -0.00122418 -1.60623
v -4.7679 1.32648 -2.41145
v -4.63615 1.46589 -2.38685
v -4.50472 1.60424 -2.36027
v -4.37147 1.74145 -2.34078
v -4.23962 1.87805 -2.31921
v -4.10521 1.87866 -2.29992
v -3.15824 -0.0010667 -1.45613
v -3.02893 -0.00175972 -1.44048
v -2.88486 -0.00291565 -1.55914
v -2.73922 -0.00517396 -1.67697
v -2.59206 -0.0110278 -1.79336
v -2.44313 -0.0206711 -1.9068
v -2.29279 0.0202538 -2.02919
v -2.16195 0.178988 -1.99864
v -2.16485 0.328348 -1.99383
v -2.0235 0.339614 -1.98989
v -1.88459 0.498934 -1.95669
v -1.74916 0.644574 -1.88709
v -1.70342 0.918244 -1.79546
v -1.73694 1.04507 -1.77928
v -1.71841 1.16344 -1.79835
v -1.87091 1.21828 -1.81565
v -1.97761 1.20852 -1.83202
v -2.14438 2.50115 -1.84494
v -2.13543 2.68329 -1.80904
v -2.27383 1.74674 -1.87024
v -2.11734 1.74398 -1.84371
v -1.94074 1.88132 -1.81866
v -3.06184 2.38941 -2.06979
v -2.94249 2.52807 -2.01358
v -2.6997 2.5417 -1.83982
v -2.83456 2.54807 -1.85693
v -3.04891 1.99483 -2.02521
v -2.91646 1.86436 -1.97758
v -2.77536 1.73292 -1.95128
v -2.38357 1.74451 -1.88157
v -2.6359 1.60137 -1.92438
v -2.50328 1.60476 -1.90163
v -3.19019 2.2569 -2.0821
v -3.18738 2.12471 -2.06275
v -4.39692 0.40823 -2.3407
v -4.22848 0.27315 -2.30883
v -4.08497 0.136797 -2.29374
v -3.94914 0.00581384 -2.26569
v -4.48552 0.653956 -2.22812
v -4.46626 0.535592 -2.22078
v -3.83579 -0.0204978 -2.11151
v -3.72878 -0.00827563 -1.95008
v -3.62289 -0.00154899 -1.79358
v -3.51746 -0.00020459 -1.63915
v -3.38929 -0.000576257 -1.62185
v -4.51591 0.664216 -2.30384
v -4.5852 0.657909 -2.37451
v -4.7514 0.787164 -2.39827
v -3.28467 -0.00055452 -1.47134
v -4.77046 1.46204 -2.41487
v -4.63965 1.60197 -2.3878
v -4.50754 1.74004 -2.36171
v -4.37495 1.87686 -2.33834
v -3.9634 1.86699 -2.26328
v -4.10861 2.0125 -2.29855
v -4.24306 2.01354 -2.31632
v -3.17261 -0.00206549 -1.32149
v -3.04159 -0.00283246 -1.30595
v -2.8964 -0.00235512 -1.4246
v -2.75012 -0.00273099 -1.54273
v -2.60465 -0.00448459 -1.65968
v -2.45694 -0.0120023 -1.77585
v -2.30795 -0.0163917 -1.8915
v -2.15974 0.0217794 -2.01091
v -2.02335 0.186944 -1.9912
v -1.88489 0.363297 -1.94824
v -1.74249 0.509162 -1.88301
v -1.8043 0.863098 -1.79521
v -1.68235 1.30341 -1.79909
v -1.83959 1.30994 -1.79266
v -1.85024 1.22866 -1.7913
v -1.96848 1.33653 -1.82034
v -2.09276 1.21633 -1.85439
v -2.09816 1.05427 -1.84783
v -1.98523 2.53699 -1.81607
v -1.99049 2.69103 -1.81221
v -2.26595 1.59653 -1.87581
v -2.11803 1.60349 -1.84505
v -1.95619 1.73938 -1.81748
v -3.19349 2.38666 -2.09218
v -3.07443 2.52843 -2.03124
v -2.97077 2.51724 -1.87426
v -3.04301 1.85897 -2.02219
v -3.18442 1.99124 -2.04586
v -2.91177 1.72798 -1.97589
v -2.77042 1.59643 -1.94815
v -2.3716 1.60546 -1.87683
v -2.63055 1.46421 -1.92212
v -2.49701 1.46713 -1.89812
v -3.32387 2.25638 -2.10385
v -3.3216 2.12393 -2.08453
v -4.46604 0.407662 -2.22297
v -4.39411 0.276853 -2.34091
v -4.22582 0.140608 -2.31475
v -4.08427 0.00438363 -2.29245
v -3.96986 -0.0207521 -2.13415
v -4.60694 0.683471 -2.21396
v -4.60128 0.544711 -2.17116
v -3.86396 -0.0113014 -1.97174
v -3.75769 -0.00275707 -1.81342
v -3.65011 -0.000128266 -1.65793
v -3.54154 0.000800665 -1.50381
v -3.41189 0.000103746 -1.48709
v -4.73387 0.651201 -2.40945
v -3.30314 -0.00181266 -1.33724
v -4.77377 1.59851 -2.41654
v -4.6425 1.73858 -2.38945
v -4.5106 1.87674 -2.36064
v -4.37845 2.01453 -2.33573
v -3.97632 2.00706 -2.26789
v -4.24558 2.1509 -2.31381
v -4.11146 2.14639 -2.29378
v -3.18757 -0.00588961 -1.18775
v -3.05535 -0.00627983 -1.17235
v -2.90837 -0.00292087 -1.29035
v -2.76159 -0.00164946 -1.40844
v -2.61529 -0.00200167 -1.52619
v -2.46944 -0.00376211 -1.6428
v -2.32192 -0.0137365 -1.75862
v -2.17466 -0.0158445 -1.87513
v -2.02824 0.0153528 -1.99148
v -1.89068 0.228995 -1.93767
v -1.71913 0.374455 -1.88781
v -1.87407 0.868958 -1.79738
v -1.69587 0.790371 -1.78847
v -1.83622 1.45187 -1.795
v -1.68289 1.44182 -1.79584
v -1.97347 1.46694 -1.82215
v -2.10858 1.33183 -1.84577
v -2.20286 1.16217 -1.89799
v -2.2352 1.04542 -1.8612
v -2.11563 2.40792 -1.85625
v -1.98418 2.40238 -1.82429
v -1.83934 2.55899 -1.80006
v -1.851 2.72178 -1.79308
v -2.26173 1.45616 -1.87867
v -2.11586 1.4653 -1.8454
v -1.97138 1.60186 -1.82175
v -3.20546 2.52709 -2.05592
v -3.32544 2.38785 -2.11332
v -3.10367 2.51329 -1.90617
v -3.1787 1.85519 -2.04349
v -3.03775 1.72331 -2.01862
v -3.31817 1.98931 -2.07269
v -2.90759 1.59153 -1.97272
v -2.7656 1.45974 -1.94509
v -2.36067 1.46403 -1.87084
v -2.62584 1.32707 -1.92035
v -2.49097 1.32921 -1.89646
v -3.45728 2.2556 -2.12839
v -3.45666 2.12326 -2.10484
v -4.59944 0.408476 -2.17371
v -4.463 0.275911 -2.22514
v -4.38863 0.148716 -2.33749
v -4.22164 0.00969098 -2.31103
v -4.10233 -0.021153 -2.15883
v -3.99814 -0.0130883 -1.99514
v -4.74098 0.69293 -2.21488
v -4.73458 0.547679 -2.20163
v -3.89289 -0.0040967 -1.83467
v -3.78456 -0.000973063 -1.67735
v -3.67482 0.000719653 -1.52209
v -3.56415 -0.000779214 -1.36911
v -3.43338 -0.0014082 -1.35284
v -3.31981 -0.00500746 -1.20299
v -4.7771 1.7357 -2.41694
v -4.64548 1.87599 -2.38905
v -4.5137 2.01484 -2.35917
v -4.38059 2.15477 -2.33358
v -3.84672 1.85785 -2.19771
v -3.85336 1.99568 -2.19918
v -3.97682 2.14184 -2.26426
v -4.11586 2.27851 -2.28003
v -4.24881 2.28937 -2.30112
v -3.07013 -0.0135899 -1.03918
v -3.20361 -0.0131836 -1.05491
v -2.92223 -0.0056386 -1.15633
v -2.77513 -0.00235558 -1.27409
v -2.62731 -0.00102349 -1.39217
v -2.4799 -0.00093083 -1.5099
v -2.33474 -0.00359418 -1.62593
v -2.18762 -0.0131749 -1.74146
v -2.04234 -0.0145665 -1.85279
v -1.89147 0.0827137 -1.94793
v -1.71863 0.237794 -1.90268
v -1.92096 0.819876 -1.83192
v -1.84799 0.78002 -1.78414
v -1.84737 1.59204 -1.78563
v -1.67194 1.5813 -1.79547
v -2.25224 1.30854 -1.88306
v -2.33516 1.18972 -1.86883
v -2.3421 1.05191 -1.88035
v -2.2225 0.902672 -1.86287
v -2.08284 0.934873 -1.8608
v -1.83704 2.38692 -1.80525
v -1.7181 2.60197 -1.84509
v -1.71705 2.71666 -1.84277
v -1.85629 1.73053 -1.79771
v -3.23052 2.52174 -1.94388
v -3.33672 2.53053 -2.07676
v -3.45765 2.38764 -2.13671
v -3.3131 1.85314 -2.07015
v -3.17364 1.719 -2.0405
v -3.03413 1.58711 -2.01456
v -3.45229 1.98785 -2.09958
v -2.90197 1.45493 -1.97096
v -2.76099 1.3229 -1.94411
v -2.34375 1.32686 -1.87013
v -2.62065 1.19023 -1.91934
v -2.48516 1.19128 -1.89217
v -3.58996 2.25533 -2.1558
v -3.59019 2.1231 -2.13383
v -4.72951 0.409855 -2.20445
v -4.61196 0.276469 -2.15927
v -4.45669 0.145111 -2.22937
v -4.36705 0.0232641 -2.33206
v -4.233 -0.0207007 -2.18437
v -4.13048 -0.0150539 -2.02113
v -4.02814 -0.00589782 -1.8571
v -4.75436 0.676456 -2.36355
v -3.91934 -0.0024866 -1.69776
v -3.80954 3.02572e-05 -1.54087
v -3.69678 -0.00124597 -1.38602
v -3.58332 -0.0041226 -1.23393
v -3.45136 -0.00430821 -1.21818
v -3.33642 -0.0122082 -1.06945
v -4.78006 1.87357 -2.41712
v -4.64794 2.01452 -2.38904
v -4.51559 2.15481 -2.35746
v -4.38279 2.29849 -2.32558
v -3.7117 1.85386 -2.16817
v -3.71637 1.99005 -2.17005
v -3.85757 2.13182 -2.20002
v -3.9804 2.2737 -2.25063
v -4.25537 2.43319 -2.26986
v -4.12074 2.40313 -2.24914
v -2.9361 -0.0125327 -1.02232
v -3.22068 -0.0199867 -0.923093
v -3.08568 -0.0205592 -0.905847
v -2.78829 -0.00499685 -1.13997
v -2.64035 -0.00182247 -1.25797
v -2.49235 -0.000337727 -1.37599
v -2.3456 -0.00119672 -1.49358
v -2.20061 -0.006969 -1.60901
v -2.05438 -0.0116858 -1.72235
v -1.91009 -0.00784208 -1.82384
v -1.90274 -0.012896 -1.94459
v -1.94082 0.0283902 -1.96133
v -1.73835 0.108632 -1.91053
v -1.84243 0.648251 -1.79639
v -1.68663 0.657381 -1.78983
v -1.67118 1.71814 -1.80359
v -2.47856 1.05505 -1.90384
v -2.34714 0.911629 -1.88287
v -2.13953 0.837398 -1.86403
v -1.6655 2.41228 -1.81012
v -1.76902 2.54562 -1.83954
v -3.36181 2.53953 -1.97251
v -3.46688 2.5233 -2.09899
v -3.58972 2.38792 -2.15951
v -3.44756 1.85178 -2.09603
v -3.30845 1.71679 -2.06716
v -3.16938 1.58316 -2.03684
v -3.0298 1.45064 -2.01264
v -3.58745 1.98743 -2.12432
v -2.89703 1.31841 -1.9698
v -2.75697 1.18603 -1.94348
v -2.61638 1.05469 -1.92886
v -3.72333 2.26037 -2.1773
v -3.72116 2.12618 -2.17029
v -4.71472 0.276897 -2.22926
v -4.60924 0.141727 -2.14956
v -4.45262 0.0171007 -2.24045
v -4.35597 -0.0239075 -2.21342
v -4.25926 -0.0152672 -2.05171
v -4.16247 -0.00948449 -1.8844
v -4.05532 -0.00419058 -1.71927
v -3.94486 -0.000854417 -1.56011
v -3.83167 -0.00206928 -1.40355
v -3.71627 -0.00420796 -1.24993
v -3.46856 -0.0112616 -1.08392
v -3.60061 -0.0104901 -1.09866
v -3.35302 -0.0182064 -0.937947
v -4.7821 2.01316 -2.41776
v -4.64953 2.1539 -2.38732
v -4.51644 2.29875 -2.35121
v -4.38993 2.45874 -2.2878
v -3.58249 1.85139 -2.12265
v -3.84048 1.71893 -2.1957
v -3.70689 1.71638 -2.16479
v -3.85934 2.26653 -2.19996
v -3.986 2.3993 -2.23124
v -4.131 2.49583 -2.18736
v -4.26898 2.49566 -2.17332
v -2.95041 -0.0195748 -0.886807
v -2.80143 -0.0116525 -1.00571
v -3.09987 0.0166363 -0.780855
v -3.24541 0.0197863 -0.804494
v -2.65359 -0.00464238 -1.12346
v -2.50466 -0.000880439 -1.2418
v -2.35709 -0.0028266 -1.35955
v -2.21079 -0.00542514 -1.47703
v -2.06636 -0.00696412 -1.59139
v -1.92089 -0.00955274 -1.70264
v -1.78345 -0.00130269 -1.80261
v -1.75276 -0.0165294 -1.90454
v -1.82983 0.525999 -1.78464
v -1.678 0.525267 -1.79395
v -1.84786 1.86561 -1.79765
v -1.67503 1.85276 -1.80637
v -2.48035 0.917781 -1.90367
v -2.34681 0.773291 -1.88474
v -2.22036 0.760835 -1.86833
v -2.09264 0.848941 -1.85948
v -1.80125 2.26009 -1.79799
v -1.69155 2.26481 -1.82637
v -3.48965 2.52496 -1.97739
v -3.59153 2.51421 -2.12131
v -3.72237 2.39129 -2.18201
v -3.44309 1.71529 -2.09275
v -3.30421 1.5804 -2.06374
v -3.16569 1.44702 -2.0335
v -3.02549 1.31441 -2.01122
v -2.89307 1.18176 -1.969
v -2.75275 1.05094 -1.95198
v -2.61642 0.918318 -1.92974
v -4.69432 0.145295 -2.25036
v -4.59558 0.0277227 -2.23182
v -4.39188 0.00548578 -2.26198
v -4.38318 -0.0166334 -2.08623
v -4.2941 -0.0102705 -1.91861
v -4.1923 -0.00596577 -1.74485
v -4.08125 -0.00275981 -1.57984
v -3.96727 -0.00338352 -1.42129
v -3.8503 -0.00441274 -1.26622
v -3.73293 -0.0105789 -1.11361
v -3.61493 -0.0171409 -0.962646
v -3.48393 -0.0169263 -0.950192
v -3.36764 0.0192889 -0.812341
v -4.7837 2.15315 -2.41585
v -4.65126 2.29613 -2.37683
v -4.52388 2.45393 -2.30792
v -4.4052 2.50093 -2.17006
v -3.57822 1.71446 -2.11918
v -3.70155 1.57869 -2.16215
v -3.8332 1.58026 -2.19388
v -3.85557 2.39487 -2.20283
v -3.99524 2.49468 -2.1558
v -2.96371 0.0175436 -0.757519
v -2.81512 -0.0196882 -0.869604
v -2.66643 -0.0116871 -0.989509
v -3.24338 0.054012 -0.662865
v -3.10773 0.0548206 -0.651869
v -2.51715 -0.00535675 -1.10764
v -2.36725 -0.00363588 -1.22597
v -2.22038 -0.00335813 -1.34381
v -2.07564 -0.00422112 -1.46022
v -1.93206 0.000507587 -1.57411
v -1.7868 -0.00219782 -1.6867
v -1.80132 0.401052 -1.76663
v -1.68574 0.393346 -1.80834
v -1.7334 1.99146 -1.88704
v -1.73944 1.85776 -1.88087
v -2.48562 0.780526 -1.90472
v -2.34645 0.633272 -1.89114
v -2.24271 0.617675 -1.87823
v -2.07933 0.739668 -1.86866
v -1.8285 2.13251 -1.79942
v -1.6173 2.11479 -1.81569
v -1.6311 2.26876 -1.84691
v -1.61953 2.40382 -1.90338
v -3.72665 2.51503 -2.12571
v -3.43867 1.57841 -2.09001
v -3.30017 1.44396 -2.06098
v -3.16213 1.31058 -2.03165
v -3.0228 1.17796 -2.00868
v -2.8877 1.04613 -1.97738
v -2.75105 0.914373 -1.95305
v -2.61781 0.78176 -1.93095
v -4.80099 0.292374 -2.33591
v -4.79613 0.159114 -2.34999
v -4.72462 0.0228912 -2.21964
v -4.64087 -0.00631701 -2.08928
v -4.59813 0.0144214 -2.15244
v -4.49462 -0.00203861 -2.1193
v -4.42244 -0.0119575 -1.95735
v -4.32815 -0.00869665 -1.78063
v -4.22023 -0.00460321 -1.59816
v -4.10358 -0.00476164 -1.43825
v -3.98477 -0.00600424 -1.28233
v -3.86562 -0.0105583 -1.1286
v -3.74703 -0.0173028 -0.975219
v -3.62541 0.0167265 -0.829566
v -3.49669 0.0175971 -0.814526
v -3.37837 0.0536124 -0.672126
v -4.78583 2.30114 -2.40293
v -4.65679 2.43778 -2.32594
v -4.53469 2.52086 -2.18621
v -3.57387 1.57762 -2.11522
v -3.82755 1.4415 -2.19022
v -3.69716 1.4415 -2.16012
v -3.85476 2.50663 -2.14577
v -2.972 0.0551759 -0.636988
v -2.8273 0.0170275 -0.73846
v -2.67991 -0.0187394 -0.854038
v -2.5304 -0.0122086 -0.973509
v -3.25191 0.0535349 -0.523888
v -3.11582 0.0535248 -0.513598
v -2.37881 -0.00448937 -1.09194
v -2.22837 -0.00266982 -1.21098
v -2.08297 0.00170039 -1.32916
v -1.93934 0.00693351 -1.44573
v -1.79411 0.00153635 -1.56358
v -1.65273 0.000661292 -1.68338
v -1.64864 0.0135421 -1.7932
v -1.83003 0.282386 -1.78529
v -1.85357 0.405132 -1.79418
v -1.67762 0.2642 -1.80445
v -1.65986 1.98455 -1.8076
v -1.83696 2.00103 -1.79733
v -2.49384 0.642658 -1.90337
v -2.11949 0.597385 -1.85937
v -1.64665 2.21612 -1.82965
v -3.43452 1.44154 -2.08839
v -3.2962 1.30733 -2.0597
v -3.15823 1.17421 -2.03334
v -3.02131 1.04117 -2.00428
v -2.88509 0.909419 -1.97673
v -2.75042 0.777887 -1.95408
v -2.61915 0.644982 -1.93161
v -4.79573 0.0300713 -2.35362
v -4.54066 -0.0150709 -2.0045
v -4.46247 -0.00656937 -1.82626
v -4.36117 -0.00656982 -1.61321
v -4.24091 -0.00576162 -1.45115
v -4.11953 -0.00809809 -1.29731
v -3.99807 -0.011551 -1.14371
v -3.87974 -0.0183454 -0.988303
v -3.75837 0.0196669 -0.837935
v -3.64675 0.053772 -0.693316
v -3.51303 0.053532 -0.682431
v -3.3882 0.0549436 -0.532983
v -4.78387 2.4237 -2.29826
v -3.56931 1.44072 -2.11356
v -3.82339 1.30414 -2.1882
v -3.69348 1.30435 -2.15722
v -2.97982 0.0543168 -0.501875
v -2.83562 0.055845 -0.622141
v -2.69075 0.0202963 -0.725109
v -2.54446 -0.0195057 -0.837704
v -2.39303 -0.0123015 -0.957324
v -3.259 0.0541755 -0.385956
v -3.12233 0.0537998 -0.376718
v -2.23689 -0.00389841 -1.07777
v -2.08799 0.00429024 -1.19758
v -1.94375 0.00527698 -1.31678
v -1.79872 0.00512506 -1.43839
v -1.65488 0.00378242 -1.56241
v -1.5194 0.00301549 -1.69625
v -1.52453 0.00543595 -1.82712
v -1.67808 0.135285 -1.81911
v -1.80134 0.12759 -1.78664
v -1.72544 2.12599 -1.89415
v -2.50336 0.501528 -1.9121
v -2.38077 0.489914 -1.89463
v -3.4305 1.30504 -2.0878
v -3.29195 1.17134 -2.06319
v -3.1547 1.03737 -2.03203
v -3.01828 0.904269 -2.00252
v -2.8827 0.772587 -1.97668
v -2.7503 0.641291 -1.95466
v -2.61596 0.505567 -1.92824
v -4.7151 -0.0177755 -1.95053
v -4.59044 -0.0128125 -1.8817
v -4.49205 -0.0056726 -1.70529
v -4.38189 -0.00754465 -1.45381
v -4.25479 -0.0096153 -1.30869
v -4.1314 -0.012521 -1.15796
v -4.01103 -0.019579 -1.00275
v -3.88928 0.0219382 -0.860782
v -3.7805 0.0536276 -0.703818
v -3.66077 0.0538354 -0.552408
v -3.52486 0.0547842 -0.542512
v -3.39579 0.0539666 -0.394978
v -3.56497 1.30458 -2.1124
v -3.82005 1.16736 -2.18672
v -3.6903 1.16784 -2.1516
v -2.84335 0.0551318 -0.490261
v -2.98564 0.053424 -0.366953
v -2.69875 0.0537333 -0.609289
v -2.55462 0.014203 -0.709287
v -2.40905 -0.0194912 -0.820448
v -2.2464 0.00525279 -0.946486
v -3.26384 0.0535786 -0.248246
v -3.12687 0.053393 -0.240134
v -2.0929 0.00790501 -1.06518
v -1.94751 0.00763834 -1.18528
v -1.80313 0.00698687 -1.30821
v -1.65839 0.00695783 -1.43597
v -1.51849 0.00617621 -1.56875
v -1.39713 0.00254883 -1.83997
v -1.38723 0.00549804 -1.70679
v -3.42588 1.16924 -2.09007
v -3.28832 1.0344 -2.06109
v -3.15084 0.900326 -2.03083
v -3.01576 0.767397 -2.00085
v -2.88112 0.636076 -1.9778
v -2.75113 0.504272 -1.95554
v -4.75707 0.00561482 -2.17118
v -4.83628 -0.0262173 -2.02367
v -4.76162 -0.0167993 -1.80972
v -4.62779 -0.0102062 -1.75234
v -4.45517 -0.00674515 -1.63298
v -4.39167 -0.00947305 -1.31032
v -4.52877 -0.00966528 -1.43826
v -4.5123 -0.00799303 -1.58044
v -4.26328 -0.0131167 -1.17
v -4.1403 -0.021858 -1.01995
v -4.02404 0.0207645 -0.866565
v -3.91549 0.0530227 -0.714546
v -3.79632 0.0530436 -0.561822
v -3.66993 0.0532087 -0.413324
v -3.5328 0.0536001 -0.404136
v -3.40078 0.0525192 -0.256378
v -3.55966 1.16825 -2.11575
v -3.9482 1.16774 -2.21672
v -3.81627 1.03124 -2.18486
v -3.68441 1.03145 -2.15348
v -2.84859 0.0541015 -0.357851
v -2.7061 0.0557726 -0.479982
v -2.98965 0.0532625 -0.232029
v -2.56127 0.0544747 -0.597112
v -2.48046 0.0347133 -0.717077
v -2.38705 0.0126794 -0.833241
v -2.09807 0.00945299 -0.934123
v -3.26645 0.0525986 -0.108706
v -3.12948 0.0527795 -0.102445
v -1.95272 0.00958304 -1.05121
v -1.80731 0.00927241 -1.17578
v -1.66235 0.00859571 -1.30349
v -1.51969 0.00840718 -1.438
v -1.38306 0.00816979 -1.57574
v -1.25405 0.00696003 -1.71441
v -1.26612 0.00511678 -1.84652
v -3.42225 1.03259 -2.08774
v -3.285 0.897501 -2.0588
v -3.14722 0.763145 -2.02928
v -3.01293 0.630287 -2.00062
v -2.8796 0.499154 -1.9782
v -2.75192 0.366248 -1.95682
v -2.60919 0.364244 -1.92613
v -4.71773 -0.0140379 -1.7422
v -4.61748 0.003134 -1.55597
v -4.52592 -0.0172164 -1.30043
v -4.39405 -0.0130826 -1.17198
v -4.60963 0.0018102 -1.50206
v -4.26811 -0.0225952 -1.03318
v -4.14334 0.0101787 -0.909828
v -4.05171 0.055132 -0.724095
v -3.93302 0.0532719 -0.570015
v -3.80714 0.0522724 -0.422596
v -3.67475 0.0523932 -0.275877
v -3.53786 0.0519608 -0.26581
v -3.40348 0.0515321 -0.116023
v -3.55482 1.03177 -2.11531
v -3.94292 1.0329 -2.21333
v -3.81287 0.895611 -2.18326
v -3.67792 0.894875 -2.15547
v -2.8524 0.0533002 -0.224441
v -2.71139 0.0552279 -0.349253
v -2.56918 0.0542842 -0.468238
v -2.99227 0.052609 -0.0962191
v -2.48457 0.0422578 -0.66707
v -2.4063 0.0552235 -0.724868
v -2.24213 0.0146268 -0.828792
v -2.10513 0.0158031 -0.804959
v -1.95941 0.011129 -0.916468
v -3.26714 0.0515423 0.032372
v -3.13038 0.0522672 0.0363075
v -1.8115 0.00969641 -1.04132
v -1.66603 0.0105538 -1.17146
v -1.52202 0.0101309 -1.30417
v -1.38183 0.0105027 -1.44298
v -1.24694 0.00902362 -1.58256
v -1.13291 0.00530616 -1.85362
v -1.11928 0.00818405 -1.72228
v -3.41903 0.895698 -2.08617
v -3.28159 0.760142 -2.0578
v -3.14461 0.625863 -2.02711
v -3.01078 0.493022 -1.99981
v -2.87823 0.361758 -1.98243
v -2.75274 0.235935 -1.98069
v -2.63624 0.236587 -1.96911
v -4.76379 -0.015108 -1.66455
v -4.72266 0.014261 -1.53149
v -4.66692 0.00931429 -1.40416
v -4.63695 0.0045806 -1.2761
v -4.52165 -0.0273298 -1.16278
v -4.39298 -0.0225433 -1.03643
v -4.27442 -0.023126 -0.902246
v -4.18994 0.055207 -0.739563
v -4.06913 0.0542131 -0.575183
v -3.94322 0.0532826 -0.429481
v -3.81134 0.0514083 -0.285987
v -3.54027 0.0515474 -0.126223
v -3.67733 0.0516053 -0.140529
v -3.40408 0.0508816 0.0255469
v -3.55058 0.894548 -2.11439
v -3.92618 0.895902 -2.21746
v -3.81328 0.761334 -2.18361
v -3.67909 0.758736 -2.148
v -2.71512 0.0543572 -0.217311
v -2.85493 0.0528798 -0.0898522
v -2.57422 0.0544446 -0.340646
v -2.42018 0.0526746 -0.587009
v -2.43136 0.053287 -0.455862
v -2.99319 0.0519714 0.0404739
v -2.37638 0.0127402 -0.851598
v -2.11958 0.026458 -0.675822
v -2.25636 0.0514779 -0.709032
v -1.96728 0.0131968 -0.781327
v -1.81829 0.0111894 -0.902711
v -3.12935 0.0516168 0.176083
v -3.26616 0.0508601 0.174327
v -1.66965 0.00951416 -1.03717
v -1.52491 0.0110911 -1.1719
v -1.38231 0.01282 -1.30922
v -1.24431 0.0117312 -1.45045
v -1.11045 0.0102012 -1.59088
v -1.14829 -0.00131177 -1.98603
v -1.28103 0.00451138 -1.97952
v -0.983035 0.00827127 -1.73048
v -0.998888 0.00370823 -1.86195
v -3.41577 0.758584 -2.08568
v -3.27855 0.622689 -2.05752
v -3.14252 0.488063 -2.02567
v -3.00633 0.355441 -2.01088
v -2.86979 0.226584 -2.00711
v -4.51561 -0.0250175 -1.02361
v -4.39381 -0.0270578 -0.903131
v -4.24059 0.042825 -0.97486
v -4.32577 0.0535978 -0.864996
v -4.20572 0.0550916 -0.575587
v -4.07859 0.0547628 -0.432933
v -3.94816 0.0532082 -0.293268
v -3.81375 0.052132 -0.152567
v -3.67765 0.0517449 -0.00606001
v -3.54084 0.0511237 0.0151098
v -3.40288 0.0502442 0.172012
v -3.54766 0.757637 -2.11389
v -3.94751 0.766432 -2.22406
v -3.81361 0.627693 -2.18487
v -3.67081 0.62252 -2.1543
v -2.71732 0.0535153 -0.0843403
v -2.57798 0.054045 -0.210416
v -2.85583 0.0522154 0.0452811
v -2.43709 0.0530283 -0.332039
v -2.28027 0.0524978 -0.569905
v -2.29316 0.0530927 -0.441822
v -2.99242 0.0514141 0.178167
v -1.98161 0.0105075 -0.644577
v -2.1437 0.0529736 -0.541681
v -1.82963 0.0125157 -0.76203
v -1.67773 0.0108466 -0.895874
v -3.12711 0.0508856 0.315593
v -3.26383 0.0502638 0.316646
v -1.5281 0.0115916 -1.03785
v -1.3839 0.013487 -1.17568
v -1.24303 0.013244 -1.31683
v -1.10583 0.0123848 -1.45859
v -0.972266 0.0106336 -1.59934
v -1.01622 -0.00292242 -1.9962
v -0.845504 0.00845448 -1.73927
v -0.864791 0.00324085 -1.87167
v -3.41298 0.621086 -2.08499
v -3.27557 0.485216 -2.05701
v -3.13744 0.349681 -2.04018
v -2.99989 0.218091 -2.0253
v -2.84881 0.0959871 -2.04083
v -2.73598 0.104851 -1.99392
v -4.50585 -0.0081544 -0.888545
v -4.84022 0.0574339 -1.47783
v -4.7815 0.0584046 -1.35317
v -4.30051 0.0463167 -0.965819
v -4.28356 0.0544171 -0.772124
v -4.33498 0.0544467 -0.711812
v -4.33933 0.0534155 -0.566929
v -4.21413 0.0548193 -0.432599
v -4.08489 0.0558331 -0.295814
v -3.95043 0.0526383 -0.158685
v -3.81467 0.0525226 -0.0227067
v -3.62195 0.0512869 0.0940771
v -3.53926 0.0505791 0.1714
v -3.40005 0.0496088 0.320501
v -3.54425 0.620731 -2.11276
v -3.9451 0.632863 -2.223
v -3.81406 0.492018 -2.18639
v -3.66824 0.485227 -2.1552
v -2.71841 0.0519753 0.0499447
v -2.57987 0.0531364 -0.0791821
v -2.44083 0.0525138 -0.205176
v -2.85523 0.0513712 0.181149
v -2.29892 0.051898 -0.332267
v -2.15146 0.0521355 -0.450255
v -2.98978 0.0510617 0.315812
v -2.00518 0.0494858 -0.512844
v -1.84619 0.0151942 -0.621169
v -1.69054 0.0121072 -0.749164
v -1.53693 0.0103226 -0.892463
v -3.26033 0.0496782 0.458374
v -3.12362 0.0500451 0.455081
v -1.38627 0.0141276 -1.04196
v -1.24314 0.0141373 -1.18284
v -1.104 0.0138554 -1.32582
v -0.967341 0.0124662 -1.46855
v -0.833055 0.0106772 -1.60845
v -0.886354 -2.68725e-05 -2.00535
v -0.705769 0.00940805 -1.74845
v -0.731459 0.00245423 -1.8817
v -3.41071 0.483638 -2.08521
v -3.27282 0.347605 -2.06201
v -3.13047 0.208925 -2.05113
v -2.98432 0.0921396 -2.06483
v -4.72266 0.0607699 -1.23308
v -4.59201 0.0395091 -1.27426
v -4.33518 0.0425273 -1.0576
v -4.48028 0.0565322 -0.68001
v -4.46759 0.0570637 -0.554576
v -4.34516 0.0528777 -0.427336
v -4.22148 0.0544799 -0.293162
v -4.08743 0.0553392 -0.160171
v -3.95112 0.0522166 -0.0257937
v -3.8134 0.0525489 0.103854
v -3.67655 0.0515771 0.0946251
v -3.53591 0.0500249 0.330807
v -3.39618 0.0489838 0.465007
v -3.54242 0.483755 -2.11309
v -3.82286 0.356391 -2.18429
v -3.67074 0.349503 -2.15693
v -2.71766 0.0508455 0.183738
v -2.58051 0.0518149 0.0538151
v -2.44236 0.0517368 -0.0753352
v -2.30292 0.0510263 -0.206683
v -2.85241 0.0510863 0.316233
v -2.15923 0.0512974 -0.358829
v -2.0962 0.0516288 -0.444001
v -2.98645 0.0500741 0.453101
v -1.86762 0.0310738 -0.486535
v -1.70966 0.0150657 -0.601913
v -1.55127 0.0119149 -0.73841
v -1.39211 0.0119462 -0.898856
v -3.25565 0.048926 0.599033
v -3.11897 0.0491583 0.594181
v -1.24344 0.0146124 -1.05043
v -1.10302 0.0139906 -1.19304
v -0.96525 0.0131263 -1.33689
v -0.828752 0.0127865 -1.47798
v -0.692791 0.0104784 -1.61798
v -0.910159 -0.00834591 -2.13624
v -1.03786 -0.00339293 -2.1277
v -0.755916 -0.00312408 -2.01752
v -0.604191 0.0180553 -1.88926
v -0.555317 0.016759 -1.75692
v -3.4091 0.345863 -2.0844
v -3.26896 0.210794 -2.08042
v -4.67372 0.0620082 -1.10654
v -4.54045 0.0561281 -1.1343
v -4.49618 0.0549996 -0.993351
v -4.47598 0.0551382 -0.846988
v -4.48721 0.196488 -0.672781
v -4.4754 0.196918 -0.546593
v -4.4736 0.0572604 -0.420257
v -4.35579 0.0532619 -0.288254
v -4.22535 0.0542594 -0.156539
v -4.08713 0.0547469 -0.0257755
v -3.94898 0.0516961 0.105508
v -3.81056 0.050602 0.227616
v -3.67546 0.0514094 0.19531
v -3.67162 0.0508512 0.344998
v -3.53177 0.0495048 0.474154
v -3.39162 0.0483944 0.605916
v -3.54119 0.346113 -2.11298
v -3.95296 0.375211 -2.22111
v -3.838 0.220619 -2.18832
v -3.67258 0.214397 -2.15793
v -2.57994 0.050392 0.186538
v -2.7149 0.0509254 0.316612
v -2.44282 0.0505634 0.0571093
v -2.30467 0.0503386 -0.0728216
v -2.16476 0.0488844 -0.210556
v -2.84895 0.0502302 0.451668
v -2.98204 0.0492799 0.590273
v -2.02142 0.0522518 -0.356398
v -1.88405 0.0519108 -0.344235
v -1.73101 0.0113743 -0.459295
v -1.57477 0.014375 -0.584871
v -1.41454 0.0119271 -0.716988
v -1.24471 0.0159592 -0.917428
v -3.25028 0.0481306 0.738231
v -3.11362 0.0482907 0.732319
v -1.10199 0.0143469 -1.06043
v -0.963869 0.0137816 -1.20372
v -0.826718 0.0138645 -1.34685
v -0.689289 0.0162101 -1.49173
v -0.556149 0.0192638 -1.61936
v -0.782428 -0.0163612 -2.1486
v -0.628277 0.0119768 -2.02864
v -0.548165 0.161488 -1.74911
v -0.59442 0.160532 -1.88054
v -3.40655 0.208962 -2.1098
v -3.2798 0.0771966 -2.11165
v -4.63536 0.0578795 -0.975147
v -4.41865 0.0325059 -1.16232
v -4.46448 -0.0317893 -1.26383
v -4.61448 0.053198 -0.834367
v -4.59615 0.068432 -0.685394
v -4.4885 0.333612 -0.670652
v -4.47401 0.333709 -0.543504
v -4.47696 0.196707 -0.416325
v -4.52758 0.057855 -0.289672
v -4.36654 0.0533744 -0.148546
v -4.22492 0.0535906 -0.0214132
v -4.08475 0.0541033 0.108064
v -3.94549 0.0512778 0.236752
v -3.80695 0.0498509 0.35881
v -3.66698 0.0502356 0.484591
v -3.52708 0.0488854 0.614489
v -3.38654 0.0476938 0.745052
v -3.53614 0.206465 -2.13366
v -3.79584 0.0852786 -2.19116
v -3.70804 0.0862214 -2.18177
v -2.57752 0.0502797 0.317492
v -2.44215 0.0492154 0.189167
v -2.71142 0.0506423 0.450159
v -2.30494 0.0491428 0.0605774
v -2.16689 0.0478221 -0.0695453
v -2.027 0.048871 -0.207045
v -2.84484 0.0491989 0.587279
v -2.97671 0.0484609 0.727193
v -1.74678 0.0493195 -0.328147
v -1.88973 0.049273 -0.198716
v -1.59238 0.0134698 -0.443845
v -1.44125 0.0137612 -0.572256
v -1.247 0.011926 -0.688447
v -1.24648 0.0112127 -0.797444
v -1.29443 0.0130394 -0.871243
v -1.10106 0.0159864 -0.926339
v -3.24429 0.0472532 0.876439
v -3.1075 0.0474275 0.869892
v -0.962561 0.0139639 -1.06901
v -0.825544 0.0140123 -1.21294
v -0.68881 0.0179453 -1.35787
v -0.551611 0.0134967 -1.52745
v -0.560196 0.165057 -1.60366
v -0.65414 0.00248295 -2.16759
v -0.619805 0.154964 -2.02597
v -0.576975 0.299843 -1.87196
v -0.556145 0.302303 -1.7438
v -3.40332 0.0809039 -2.13415
v -4.80753 0.0676378 -1.07877
v -4.77307 0.0625043 -0.959432
v -4.75319 0.0587238 -0.833425
v -4.75055 0.0589375 -0.69402
v -4.4888 0.471352 -0.667937
v -4.47188 0.470552 -0.540537
v -4.47594 0.333209 -0.414808
v -4.50707 0.140421 -0.342493
v -4.51043 0.0499939 -0.133449
v -4.36473 0.0536141 -0.0122068
v -4.22094 0.0529388 0.113177
v -4.07996 0.0534333 0.242363
v -3.94105 0.0504842 0.369557
v -3.80195 0.0495385 0.495485
v -3.66203 0.049649 0.623653
v -3.52194 0.0482663 0.753286
v -3.38062 0.0469659 0.883494
v -2.57418 0.0491279 0.449399
v -2.44006 0.0479255 0.320099
v -2.30428 0.0475195 0.191599
v -2.70734 0.0495094 0.584529
v -2.16714 0.0466679 0.0663352
v -2.0294 0.0476154 -0.0642112
v -2.83975 0.048413 0.722796
v -2.97057 0.0476139 0.863761
v -1.75224 0.0484081 -0.187191
v -1.60839 0.0329984 -0.309258
v -1.89171 0.0472519 -0.0568255
v -1.45684 0.0140839 -0.432449
v -1.3132 0.0126785 -0.561748
v -1.09889 0.0157314 -0.796773
v -1.08607 0.0115994 -0.675296
v -0.960342 0.0143399 -0.935288
v -3.10076 0.0465927 1.007
v -3.23764 0.046375 1.01443
v -0.82387 0.0142488 -1.07768
v -0.688233 0.0190538 -1.22153
v -0.551386 0.0181274 -1.36854
v -0.555985 0.0659392 -1.58349
v -0.55884 0.305906 -1.60798
v -0.643463 0.149308 -2.16501
v -0.624201 0.295595 -2.02234
v -0.568096 0.44091 -1.74409
v -0.573221 0.438748 -1.87041
v -3.56156 0.077649 -2.16081
v -4.75706 0.203768 -0.690458
v -4.61216 0.201096 -0.688684
v -4.48946 0.609531 -0.663638
v -4.4727 0.607642 -0.535933
v -4.47539 0.46948 -0.412099
v -4.48169 0.331308 -0.284462
v -4.48311 0.195999 -0.283646
v -4.68799 0.0427771 -0.25127
v -4.65748 0.062286 -0.0927014
v -4.50452 0.0505937 0.00418493
v -4.57409 0.194284 -0.302565
v -4.35833 0.0536193 0.122967
v -4.21455 0.0530414 0.249356
v -4.07406 0.0527071 0.377945
v -3.93548 0.0496151 0.50584
v -3.79665 0.0491257 0.633873
v -3.65684 0.0489812 0.762537
v -3.51632 0.0476371 0.891869
v -3.37423 0.0461868 1.02222
v -2.56986 0.047786 0.581916
v -2.4367 0.0466585 0.449679
v -2.30196 0.0462529 0.320483
v -2.16592 0.0457443 0.198019
v -2.7023 0.0482664 0.71878
v -2.0295 0.046605 0.074245
v -2.83379 0.047627 0.858514
v -2.96375 0.0467844 1.00009
v -1.75366 0.0464084 -0.0473091
v -1.6138 0.0422172 -0.175287
v -1.46886 0.0153725 -0.295553
v -1.89178 0.0454774 0.0815893
v -1.32725 0.0138701 -0.423469
v -1.25106 0.0121843 -0.600971
v -1.19299 0.0119485 -0.552718
v -1.06884 0.0123636 -0.547014
v -0.948103 0.0122784 -0.672976
v -0.956358 0.0146843 -0.802375
v -0.821176 0.0147292 -0.942712
v -3.23047 0.044765 1.15212
v -3.09336 0.0450266 1.14396
v -0.685965 0.0192987 -1.08514
v -0.550842 0.0193695 -1.22927
v -0.413886 0.0176492 -1.53573
v -0.414244 0.0182517 -1.37381
v -0.433901 0.309978 -1.5561
v -0.428386 0.167992 -1.55012
v -0.559068 0.444199 -1.60848
v -0.651349 0.147173 -2.30262
v -0.684181 0.0103372 -2.30291
v -0.646904 0.291634 -2.16356
v -0.633367 0.434983 -2.02107
v -0.572145 0.579 -1.7407
v -0.58564 0.577425 -1.87419
v -4.75881 0.341711 -0.686287
v -4.61561 0.334191 -0.681799
v -4.48921 0.747639 -0.660368
v -4.47292 0.745045 -0.530898
v -4.47483 0.606156 -0.407977
v -4.47976 0.467909 -0.282181
v -4.58415 0.331112 -0.285884
v -4.6845 0.194513 -0.247476
v -4.65919 0.200381 -0.0874494
v -4.64417 0.0461282 0.0231581
v -4.49531 0.0506589 0.137012
v -4.34989 0.0533169 0.25839
v -4.20765 0.0527756 0.385907
v -4.06861 0.0518345 0.51497
v -3.93014 0.0489037 0.643892
v -3.79116 0.0487146 0.772514
v -3.65165 0.0477808 0.901642
v -3.51015 0.0462308 1.03077
v -3.36729 0.0449791 1.16051
v -2.56452 0.0462101 0.714451
v -2.43236 0.0454596 0.579601
v -2.29867 0.0450217 0.447902
v -2.16356 0.0448422 0.324372
v -2.02802 0.0447652 0.207915
v -2.69609 0.0471805 0.852951
v -2.82677 0.0466469 0.993926
v -2.95616 0.0453239 1.13633
v -1.75329 0.0445789 0.0908384
v -1.61584 0.0393582 -0.038391
v -1.47523 0.0381809 -0.166593
v -1.33202 0.0208812 -0.290936
v -1.89013 0.0438378 0.217871
v -1.19588 0.0149452 -0.418496
v -1.06226 0.0145555 -0.416108
v -0.936434 0.0114676 -0.544906
v -0.809978 0.0166393 -0.675478
v -0.816658 0.015332 -0.808513
v -0.683086 0.0207189 -0.949451
v -3.08543 0.0434723 1.28094
v -3.22277 0.0431665 1.28961
v -0.549221 0.0202459 -1.09144
v -0.410644 0.0193903 -1.23243
v -0.270023 0.0137201 -1.36892
v -0.274098 0.0192448 -1.51632
v -0.436964 0.449527 -1.55545
v -0.295758 0.171388 -1.52712
v -0.307569 0.314674 -1.53044
v -0.561242 0.580907 -1.60504
v -0.648702 0.290257 -2.30212
v -0.653128 0.43215 -2.16318
v -0.645372 0.574219 -2.02073
v -0.575442 0.716675 -1.73846
v -0.588713 0.715987 -1.87405
v -4.75672 0.478614 -0.682864
v -4.61753 0.469097 -0.679539
v -4.49021 0.885695 -0.653931
v -4.47265 0.882481 -0.52525
v -4.47437 0.743362 -0.403533
v -4.48006 0.604603 -0.278477
v -4.57976 0.469129 -0.283691
v -4.68409 0.333646 -0.246252
v -4.66294 0.335708 -0.0868875
v -4.79931 0.0482192 -0.107208
v -4.78227 0.0410361 0.0343192
v -4.63404 0.0472571 0.150746
v -4.4863 0.0505166 0.269909
v -4.34204 0.0530473 0.394746
v -4.20104 0.0521652 0.523644
v -4.06277 0.0504466 0.65343
v -3.92441 0.0485138 0.782456
v -3.78585 0.0478043 0.911497
v -3.64594 0.046294 1.04078
v -3.50373 0.0447311 1.16964
v -3.3598 0.0435845 1.2986
v -2.55825 0.0451325 0.847407
v -2.42704 0.0442037 0.710525
v -2.2945 0.0438386 0.576758
v -2.16037 0.0438091 0.448189
v -2.0255 0.0443716 0.333649
v -2.68914 0.0460826 0.987674
v -2.81892 0.045207 1.1294
v -2.94792 0.0438023 1.27257
v -1.75132 0.042188 0.22974
v -1.61543 0.0371991 0.097567
v -1.47644 0.034792 -0.0309279
v -1.33712 0.0231222 -0.15927
v -1.19643 0.013465 -0.286496
v -1.88703 0.043089 0.350881
v -1.05895 0.0138368 -0.284567
v -0.92738 0.0137184 -0.413226
v -0.799562 0.0146378 -0.545467
v -0.678332 0.0219489 -0.814367
v -0.670817 0.0234245 -0.681012
v -0.545526 0.0213816 -0.954392
v -3.07649 0.0428153 1.41824
v -3.21404 0.0429068 1.42727
v -0.408245 0.020173 -1.09448
v -0.267746 0.0141354 -1.23077
v -0.11337 0.00408307 -1.35761
v -0.13227 0.0379769 -1.50004
v -0.316151 0.455471 -1.53141
v -0.436743 0.587225 -1.55806
v -0.175281 0.181254 -1.5014
v -0.192433 0.322698 -1.46688
v -0.56767 0.717395 -1.59996
v -0.645641 0.430805 -2.30212
v -0.664759 0.572476 -2.16429
v -0.649341 0.713803 -2.02206
v -0.586936 0.85378 -1.73694
v -0.589571 0.853883 -1.87334
v -4.75183 0.615473 -0.67969
v -4.61574 0.605544 -0.672098
v -4.49148 1.02296 -0.649845
v -4.47237 1.02026 -0.521966
v -4.47434 0.880658 -0.398011
v -4.48268 0.741522 -0.272561
v -4.57141 0.606432 -0.278846
v -4.68183 0.471763 -0.245926
v -4.6696 0.472014 -0.0843304
v -4.77182 0.0446169 0.163554
v -4.62409 0.0472179 0.281726
v -4.47779 0.0502818 0.404453
v -4.33426 0.0527449 0.531827
v -4.19409 0.0524104 0.662336
v -4.05677 0.0491875 0.79235
v -3.91926 0.0478437 0.921199
v -3.7809 0.0463268 1.05072
v -3.63966 0.0448203 1.17948
v -3.49653 0.0436922 1.30825
v -3.35112 0.0428891 1.43656
v -2.55141 0.0441048 0.981488
v -2.42067 0.0431068 0.842126
v -2.2894 0.0428626 0.706486
v -2.15645 0.0428794 0.572587
v -2.02225 0.0441351 0.447738
v -2.68152 0.0449212 1.12281
v -2.81047 0.0436149 1.26504
v -2.93883 0.0425971 1.40936
v -1.74771 0.0406967 0.370486
v -1.61299 0.0334213 0.235476
v -1.47634 0.0347982 0.1019
v -1.33869 0.0220935 -0.0283474
v -1.19767 0.0122813 -0.15516
v -1.88393 0.0422871 0.440771
v -0.918932 0.0144022 -0.282021
v -1.05553 0.0131936 -0.151595
v -0.78835 0.0184019 -0.41384
v -0.661407 0.0240081 -0.548054
v -0.533505 0.0246453 -0.684653
v -0.540519 0.0231628 -0.818988
v -0.405708 0.0212482 -0.957964
v -3.204 0.0426022 1.56527
v -3.06627 0.0418478 1.55551
v -0.263787 0.0156391 -1.09546
v -0.113958 0.00451299 -1.22232
v -0.0237926 0.0830824 -1.35796
v -0.0225659 0.100797 -1.49243
v -0.19202 0.465466 -1.47579
v -0.314912 0.595338 -1.53223
v -0.437785 0.724031 -1.55788
v -0.0902835 0.188384 -1.59978
v -0.111447 0.334355 -1.59996
v -0.578491 0.853932 -1.59667
v -0.667833 0.569106 -2.30371
v -0.664826 0.713797 -2.16711
v -0.651996 0.853232 -2.02401
v -0.594598 0.991922 -1.87821
v -0.591372 0.991257 -1.73993
v -4.74901 0.752145 -0.675378
v -4.61267 0.742195 -0.662437
v -4.4919 1.16046 -0.64607
v -4.4716 1.15792 -0.517841
v -4.47421 1.01812 -0.392766
v -4.48748 0.878914 -0.267355
v -4.67792 0.609404 -0.245075
v -4.67392 0.608994 -0.081688
v -4.76311 0.0443466 0.292513
v -4.61524 0.0460866 0.414149
v -4.46992 0.0496605 0.540467
v -4.32701 0.0515252 0.6702
v -4.18857 0.051918 0.801489
v -4.05149 0.048073 0.931086
v -3.91469 0.0463466 1.06037
v -3.7753 0.0448588 1.18969
v -3.63267 0.0433171 1.31821
v -3.48793 0.0426171 1.44634
v -3.34138 0.0426343 1.5751
v -2.54389 0.0429275 1.11611
v -2.41347 0.0419878 0.974808
v -2.28297 0.0422967 0.83617
v -2.15147 0.0421147 0.699684
v -2.01843 0.0428509 0.561073
v -2.67271 0.0427785 1.25771
v -2.80108 0.0414554 1.40094
v -2.92844 0.0410348 1.54631
v -1.82837 0.0410442 0.441648
v -1.60935 0.0316901 0.373334
v -1.47419 0.0333901 0.236026
v -1.3386 0.0207861 0.103426
v -1.19889 0.0103319 -0.0261673
v -1.88082 0.0414852 0.530661
v -0.910089 0.0145797 -0.146896
v -0.778155 0.0221357 -0.281669
v -1.05251 0.0109827 -0.0204273
v -0.649452 0.0212187 -0.415319
v -0.523646 0.026997 -0.551292
v -0.395719 0.0243889 -0.689
v -0.401396 0.0221658 -0.822357
v -0.262767 0.0155671 -0.960045
v -3.19319 0.0420311 1.70354
v -3.05543 0.0412696 1.69322
v -0.110179 0.00623711 -1.09868
v -0.0178071 0.138974 -1.22264
v 0.129095 0.0489561 -1.34445
v 0.111018 0.0611092 -1.4948
v -0.125711 0.477334 -1.60118
v -0.308764 0.731749 -1.53477
v -0.441341 0.859342 -1.5529
v 0.0546227 0.229562 -1.64519
v 0.0372838 0.347855 -1.593
v -0.584601 0.991384 -1.59828
v -0.662753 0.855402 -2.17039
v -0.656965 0.992722 -2.02359
v -0.590518 1.12872 -1.74301
v -0.587765 1.12948 -1.88069
v -4.74487 0.8889 -0.672201
v -4.60968 0.879758 -0.65866
v -4.49112 1.29795 -0.641414
v -4.46888 1.29556 -0.51311
v -4.47356 1.15589 -0.388427
v -4.49034 1.01659 -0.2592
v -4.55684 0.743527 -0.275864
v -4.67228 0.746476 -0.246066
v -4.67479 0.746162 -0.0777864
v -4.75964 0.0440995 0.42345
v -4.60699 0.0441877 0.548853
v -4.4613 0.0495519 0.677544
v -4.31985 0.052264 0.809509
v -4.18337 0.0515132 0.940722
v -4.04728 0.0461048 1.07021
v -3.90939 0.0448752 1.19973
v -3.76842 0.0433906 1.32861
v -3.62453 0.0421864 1.45676
v -3.47846 0.0435432 1.58492
v -3.33065 0.0428073 1.71404
v -2.40549 0.040566 1.10827
v -2.53513 0.0410196 1.2505
v -2.27568 0.0410156 0.967755
v -2.14494 0.0415608 0.828411
v -2.01326 0.0411082 0.686013
v -2.66296 0.0406194 1.39266
v -2.79048 0.039555 1.53703
v -2.91731 0.0398515 1.68323
v -1.74236 0.0376628 0.51544
v -1.60432 0.0312042 0.511439
v -1.47086 0.0329538 0.371252
v -1.33679 0.0200555 0.235457
v -1.19949 0.00843142 0.102823
v -1.87495 0.0397299 0.669367
v -0.897142 0.0142698 -0.00852028
v -0.764118 0.0223685 -0.144242
v -0.636299 0.0240975 -0.281988
v -1.00841 0.0103249 0.147676
v -0.510147 0.0262775 -0.417362
v -0.386718 0.0268609 -0.555679
v -0.260193 0.0221054 -0.825023
v -0.256484 0.0234459 -0.69248
v -0.112361 0.0080923 -0.96314
v -3.18068 0.0374194 1.84267
v -3.04284 0.0378423 1.83169
v -0.0328994 0.0965486 -1.1705
v -0.0147715 0.134485 -1.28512
v 0.089724 0.121123 -1.57726
v 0.139626 0.0545526 -1.19154
v -0.0027149 0.181399 -1.27478
v 0.148156 0.0440599 -1.45099
v 0.0593921 0.0943428 -1.5215
v 0.0206791 0.492866 -1.59487
v -0.2045 0.612193 -1.47807
v -0.138658 0.621345 -1.59606
v -0.199211 0.744391 -1.50706
v -0.305017 0.866304 -1.53129
v -0.44462 0.994466 -1.55502
v 0.189137 0.271776 -1.63712
v 0.176721 0.371005 -1.55868
v -0.589593 1.12911 -1.60209
v -0.676319 0.996886 -2.17424
v -0.659372 1.13224 -2.02404
v -0.590872 1.26586 -1.74499
v -0.591181 1.26733 -1.88352
v -4.60566 1.01765 -0.653166
v -4.74213 1.02559 -0.669444
v -4.46164 1.4334 -0.509725
v -4.48325 1.43509 -0.637436
v -4.46965 1.2939 -0.383584
v -4.49193 1.15471 -0.256229
v -4.54396 0.880108 -0.273087
v -4.66807 0.882841 -0.243982
v -4.67475 0.883043 -0.0773815
v -4.74839 0.0446516 0.555445
v -4.59964 0.0423395 0.684207
v -4.45249 0.0491476 0.816487
v -4.31324 0.0510031 0.948788
v -4.1778 0.0500241 1.07991
v -4.04168 0.0446342 1.20971
v -3.90272 0.0434066 1.33889
v -3.76045 0.0418888 1.46734
v -3.61501 0.0421523 1.59511
v -3.46776 0.0423611 1.72419
v -3.31846 0.0385419 1.85361
v -2.39685 0.0387685 1.24248
v -2.26731 0.0392778 1.10046
v -2.52509 0.0387885 1.38455
v -2.13736 0.0400479 0.959515
v -2.00659 0.0405332 0.817711
v -2.65239 0.0384129 1.52787
v -2.77909 0.0387883 1.67337
v -2.90463 0.0376815 1.82078
v -1.59838 0.0312316 0.649264
v -1.73657 0.034474 0.656545
v -1.4662 0.0305239 0.506783
v -1.3344 0.0186062 0.367536
v -1.19978 0.00689683 0.231821
v -1.86807 0.0394001 0.806099
v -0.856257 0.0175458 0.152498
v -0.746055 0.0218992 -0.00427286
v -0.620219 0.0248388 -0.145585
v -0.494495 0.0218947 -0.284231
v -1.06451 0.00912643 0.224709
v -0.372091 0.0307812 -0.422735
v -0.251205 0.0252314 -0.561926
v -0.0680819 0.0508579 -0.707073
v -0.113471 0.0232601 -0.818883
v -0.0756632 0.0607102 -1.04981
v -3.16645 0.0361813 1.98309
v -3.02842 0.0363188 1.97099
v 0.00474379 0.18362 -1.19548
v 0.203352 0.131836 -1.5923
v 0.286472 0.0436208 -1.34241
v 0.297537 0.0436328 -1.1922
v 0.0578569 0.26904 -1.18995
v 0.0530113 0.0499576 -1.14943
v 0.204355 0.0221143 -1.51373
v 0.160178 0.510281 -1.56297
v 0.00870688 0.636709 -1.59986
v -0.212029 0.615562 -1.33179
v -0.209841 0.478744 -1.32298
v -0.15112 0.763046 -1.58614
v -0.164505 0.904796 -1.57553
v -0.301911 0.996443 -1.52518
v -0.448532 1.12965 -1.55554
v 0.326102 0.287371 -1.65582
v 0.322521 0.400445 -1.56978
v -0.589638 1.26621 -1.6056
v -0.684281 1.13809 -2.17667
v -0.658609 1.27184 -2.02569
v -0.588447 1.4026 -1.74604
v -0.594325 1.40451 -1.88227
v -4.74087 1.16245 -0.665497
v -4.60507 1.15633 -0.645975
v -4.46722 1.43219 -0.380834
v -4.48112 1.57249 -0.633568
v -4.46217 1.57143 -0.507772
v -4.4928 1.24395 -0.309402
v -4.5384 1.01656 -0.26961
v -4.66343 1.01835 -0.242121
v -4.67202 1.01935 -0.0749222
v -4.78248 0.192123 0.421535
v -4.75366 0.191232 0.555006
v -4.7449 0.0409268 0.691486
v -4.5901 0.0448752 0.820977
v -4.44511 0.0486068 0.954404
v -4.30759 0.0497503 1.08771
v -4.17252 0.0484893 1.21924
v -4.0357 0.0432823 1.3491
v -3.89501 0.0419433 1.47784
v -3.75122 0.040556 1.60604
v -3.60482 0.0413775 1.73428
v -3.4559 0.0383673 1.86361
v -3.30455 0.0357098 1.9944
v -2.38698 0.0368836 1.37624
v -2.25816 0.0376796 1.23415
v -2.12895 0.0384386 1.09236
v -2.51418 0.0363715 1.51892
v -1.99891 0.0391611 0.950374
v -2.64042 0.0380362 1.66336
v -2.76608 0.0377594 1.81007
v -2.89063 0.0366749 1.95871
v -1.46029 0.0296101 0.642621
v -1.72984 0.0334075 0.794897
v -1.59129 0.0303608 0.78637
v -1.32987 0.0185373 0.500803
v -1.19826 0.00636382 0.361647
v -1.86032 0.0386774 0.940775
v -0.71758 0.0237996 0.14384
v -0.819639 0.0209641 0.307915
v -0.941151 0.00927923 0.33071
v -0.60095 0.0248113 -0.00690136
v -0.476902 0.0233805 -0.149071
v -0.354107 0.0175718 -0.291384
v -1.06563 0.00826752 0.350475
v -0.238325 0.0272683 -0.430732
v -0.110865 0.0445028 -0.569228
v -0.0380179 0.160999 -0.734054
v -0.0889978 0.152961 -0.866465
v -0.0788993 0.128636 -1.00667
v -3.1504 0.0352146 2.124
v -3.01282 0.0364321 2.11026
v -0.0439777 0.0640368 -1.01006
v 0.0192835 0.232138 -1.11956
v 0.320079 0.160125 -1.57526
v 0.310904 0.049187 -1.48778
v 0.200821 0.0232107 -1.03073
v 0.331361 0.0482464 -1.05458
v 0.434656 0.0429874 -1.20025
v 0.418951 0.0379299 -1.33889
v 0.0447924 0.0748122 -0.993875
v 0.30737 0.530152 -1.53416
v 0.149613 0.65078 -1.57304
v -0.00265508 0.781503 -1.59528
v -0.201885 0.633765 -1.18057
v -0.20451 0.486413 -1.16019
v -0.171612 0.804078 -1.55624
v -0.167303 0.995651 -1.57915
v -0.302116 1.12596 -1.52963
v -0.450304 1.26515 -1.55789
v -0.590373 1.40315 -1.60599
v -0.683674 1.27769 -2.17096
v -0.657129 1.41156 -2.02808
v -0.591763 1.54061 -1.88616
v -0.58008 1.53843 -1.74682
v -4.74199 1.29932 -0.663314
v -4.60625 1.29494 -0.644264
v -4.46786 1.57046 -0.380056
v -4.51089 1.4281 -0.255919
v -4.52194 1.35858 -0.260436
v -4.47978 1.71004 -0.635276
v -4.46331 1.70961 -0.50802
v -4.50693 1.25665 -0.258332
v -4.53498 1.15322 -0.273756
v -4.66761 1.15424 -0.240441
v -4.67089 1.15575 -0.0740904
v -4.7863 0.333701 0.42248
v -4.75543 0.33351 0.555812
v -4.75007 0.188555 0.693472
v -4.73715 0.0423764 0.827753
v -4.57895 0.0427384 0.9563
v -4.43836 0.0465563 1.09094
v -4.3029 0.0482767 1.22652
v -4.16696 0.0469932 1.3591
v -4.02854 0.04192 1.48838
v -3.88633 0.0391751 1.61684
v -3.74125 0.0392122 1.7448
v -3.59316 0.0360803 1.87349
v -3.44233 0.0342422 2.00518
v -3.28824 0.0352198 2.13682
v -2.24827 0.0344862 1.36819
v -2.37612 0.0343483 1.51031
v -2.11957 0.037413 1.22574
v -1.99033 0.0377855 1.0837
v -2.50204 0.0373753 1.65357
v -2.62714 0.037998 1.79932
v -2.75214 0.0372018 1.94687
v -2.87497 0.0377259 2.09683
v -1.45307 0.0293198 0.778532
v -1.32386 0.0173352 0.635003
v -1.72185 0.0323453 0.931264
v -1.58308 0.0303902 0.922692
v -1.19513 0.0055233 0.492
v -1.8514 0.0371822 1.07491
v -0.688519 0.0250284 0.291817
v -0.577257 0.0258574 0.135848
v -0.928783 0.00872649 0.466199
v -0.800363 0.0208082 0.449155
v -0.456838 0.0254865 -0.0119211
v -0.335989 0.0245911 -0.157965
v -0.217063 0.0251207 -0.301033
v -1.06101 0.0076248 0.480461
v -0.110989 0.0194121 -0.441509
v -0.0767686 0.052038 -0.618176
v -0.0770309 0.168988 -0.767963
v -3.13108 0.0400439 2.26732
v -2.99428 0.0399469 2.25131
v 0.0068053 0.205136 -1.05968
v 0.446417 0.169402 -1.5507
v 0.4578 0.317899 -1.57699
v 0.436936 0.0520088 -1.48361
v 0.220414 0.0364213 -0.895783
v 0.360234 0.0543335 -0.922472
v 0.485461 0.0403276 -1.0616
v 0.53 0.0401878 -1.19869
v 0.546251 0.0526136 -1.33289
v -0.0481136 0.247254 -1.08266
v 0.00435466 0.250974 -0.967592
v 0.0783933 0.0571848 -0.865506
v 0.290805 0.666609 -1.54275
v 0.136694 0.793835 -1.57232
v -0.0116529 0.92905 -1.59413
v -0.170111 0.348332 -1.16071
v -0.194085 0.348754 -1.3345
v -0.10674 0.998662 -1.5856
v -0.1701 1.08651 -1.58278
v -0.302145 1.25768 -1.53191
v -0.450791 1.40344 -1.55908
v -0.547782 1.5391 -1.60093
v -0.674945 1.41793 -2.17113
v -0.64612 1.54822 -2.03549
v -0.575272 1.67398 -1.74894
v -0.594448 1.67601 -1.89011
v -4.6102 1.43364 -0.640637
v -4.7465 1.43565 -0.661092
v -4.46648 1.70906 -0.379856
v -4.50742 1.5651 -0.256268
v -4.57294 1.35196 -0.25216
v -4.48146 1.84791 -0.634873
v -4.46704 1.84782 -0.507847
v -4.61686 1.70899 -0.641923
v -4.61452 1.57155 -0.641684
v -4.66284 1.29021 -0.241453
v -4.65795 1.29045 -0.0744972
v -4.74992 0.331727 0.69537
v -4.74084 0.188442 0.832362
v -4.72805 0.0420356 0.957095
v -4.56853 0.0372588 1.09087
v -4.43439 0.0449143 1.22852
v -4.29861 0.0442467 1.36605
v -4.16093 0.0417353 1.49891
v -4.02061 0.0392293 1.62783
v -3.87679 0.0376958 1.75576
v -3.73021 0.0339996 1.8837
v -3.58012 0.0336845 2.01437
v -3.4265 0.0360578 2.14814
v -3.26813 0.037608 2.28397
v -2.10935 0.0357189 1.35965
v -2.23728 0.0309036 1.50168
v -2.36364 0.0360867 1.64384
v -1.98058 0.0373482 1.2177
v -2.48856 0.0373021 1.78834
v -2.61318 0.0378634 1.93501
v -2.73657 0.0387915 2.08396
v -2.85734 0.0401082 2.23595
v -1.4447 0.0287132 0.914585
v -1.31615 0.0160814 0.770003
v -1.18884 0.00542642 0.624801
v -1.71251 0.0313712 1.0666
v -1.57392 0.0304063 1.0589
v -1.84152 0.034458 1.2094
v -0.668949 0.0278548 0.432869
v -0.552781 0.0279963 0.278773
v -0.434534 0.0282219 0.12753
v -0.917743 0.00853554 0.601003
v -0.783516 0.0112381 0.587344
v -0.316568 0.0287345 -0.0228231
v -0.196841 0.0259249 -0.170326
v -0.0832974 0.0175516 -0.314918
v -1.05318 0.00719925 0.613363
v 0.00416838 0.0471803 -0.461154
v -0.0513586 0.0607534 -0.578227
v -0.104077 0.193004 -0.703372
v -3.10896 0.0396134 2.41126
v -2.97304 0.038977 2.39338
v -0.0334422 0.0495662 -0.861139
v -0.0870013 0.283031 -0.946902
v 0.57709 0.178016 -1.53475
v 0.624149 0.321381 -1.59347
v 0.563783 0.0564347 -1.47051
v 0.247341 0.0309657 -0.764439
v 0.375584 0.0354626 -0.781163
v 0.492347 0.0398486 -0.925548
v 0.483373 0.0411676 -1.15351
v 0.660951 0.0377676 -1.19223
v 0.677397 0.0500722 -1.32605
v -0.0306424 0.27208 -1.02275
v 0.103985 0.0500638 -0.737311
v 0.275221 0.807138 -1.55036
v 0.126331 0.937999 -1.57327
v -0.180328 0.334813 -1.0481
v -0.20474 0.48746 -1.0518
v -0.172163 1.23608 -1.58759
v -0.29839 1.39124 -1.53381
v -0.458359 1.54437 -1.57866
v -0.561706 1.67841 -1.60813
v -0.634631 1.5561 -2.18827
v -0.650648 1.41975 -2.30897
v -0.668662 1.27915 -2.3077
v -0.643229 1.68145 -2.05483
v -0.585408 1.81105 -1.75662
v -0.597534 1.81184 -1.89415
v -4.75212 1.57193 -0.659262
v -4.46757 1.84743 -0.378333
v -4.50473 1.70294 -0.256052
v -4.65904 1.56178 -0.249661
v -4.66209 1.42627 -0.24466
v -4.62021 1.84628 -0.643439
v -4.4678 1.98597 -0.507381
v -4.48225 1.98585 -0.633966
v -4.75541 1.70846 -0.659201
v -4.66092 1.42809 -0.0713679
v -4.75484 0.475687 0.557639
v -4.74822 0.473154 0.697444
v -4.74116 0.330118 0.835747
v -4.74618 0.19086 0.975258
v -4.67822 0.0597717 1.07189
v -4.56323 0.0354289 1.22632
v -4.42828 0.0409117 1.36886
v -4.29367 0.0410588 1.50837
v -4.1543 0.0380771 1.63918
v -4.0119 0.0346788 1.76711
v -3.86684 0.0318139 1.89476
v -3.7177 0.0322771 2.0229
v -3.56475 0.0342274 2.1568
v -3.40538 0.0335877 2.30173
v -3.24502 0.037415 2.43129
v -2.0977 0.0334948 1.49247
v -1.9697 0.0357266 1.3512
v -2.225 0.0324467 1.63463
v -2.34984 0.0360871 1.77783
v -2.47425 0.0381048 1.92292
v -2.59811 0.0401401 2.07087
v -2.71982 0.0421836 2.22173
v -2.83736 0.0321552 2.37555
v -1.3074 0.0139363 0.905819
v -1.43514 0.0271068 1.0509
v -1.18067 0.00522001 0.759372
v -1.70229 0.031212 1.20244
v -1.56346 0.0294052 1.19515
v -1.83025 0.0314003 1.34386
v -0.652797 0.0306075 0.571598
v -0.533979 0.0296896 0.418142
v -0.415037 0.0291067 0.265622
v -0.296446 0.0303136 0.114415
v -0.908479 0.00736486 0.735705
v -0.775081 0.0241784 0.722977
v -0.177933 0.0315982 -0.0364097
v -0.0568523 0.0271948 -0.186016
v 0.079163 0.0611121 -0.358597
v -1.04452 0.00683081 0.747798
v 0.162996 0.0324319 -0.483912
v 0.126016 0.0340284 -0.611207
v -0.0506628 0.221022 -0.729129
v -0.0922586 0.338934 -0.691659
v -0.131113 0.339353 -0.841487
v -3.08119 0.0341851 2.55621
v -2.94799 0.0366817 2.5353
v -0.0482225 0.388768 -0.95332
v -0.0481681 0.318011 -1.01799
v 0.707332 0.184286 -1.50779
v 0.711533 0.314218 -1.50624
v 0.698087 0.0522459 -1.46224
v 0.278993 0.0369971 -0.631764
v 0.423184 0.0338569 -0.648556
v 0.497628 0.0384996 -0.788514
v 0.644204 0.0441725 -1.05928
v 0.635957 0.0455025 -0.925169
v 0.79807 0.0495824 -1.1821
v 0.814692 0.0380512 -1.31191
v -0.102371 0.258448 -0.884951
v 0.454435 0.681989 -1.50161
v 0.415848 0.824443 -1.53161
v 0.264738 0.950071 -1.55831
v -0.0201413 1.07731 -1.5964
v 0.118173 1.08437 -1.57939
v -0.250213 0.614416 -1.1886
v -0.205179 0.632419 -1.06658
v -0.0271752 1.22518 -1.59711
v -0.174964 1.37473 -1.59331
v -0.30342 1.51611 -1.55494
v -0.513425 1.51613 -1.7564
v -0.51735 1.66765 -1.77899
v -0.545667 1.81278 -1.62822
v -0.626642 1.55517 -2.32823
v -0.645308 1.81421 -2.05978
v -0.581504 1.94773 -1.76363
v -0.600312 1.94713 -1.89814
v -4.50318 1.84099 -0.255674
v -4.46808 1.9856 -0.377972
v -4.65431 1.69783 -0.248302
v -4.68364 1.56129 -0.0717438
v -4.75879 1.84508 -0.659701
v -4.62242 1.98349 -0.643761
v -4.46857 2.12399 -0.506472
v -4.48377 2.12363 -0.633257
v -4.75433 0.616742 0.560398
v -4.74734 0.613841 0.700458
v -4.74173 0.471326 0.838973
v -4.74401 0.331047 0.982515
v -4.66846 0.196236 1.07932
v -4.68941 0.0392539 1.21749
v -4.55922 0.0345463 1.36508
v -4.42475 0.0387346 1.51351
v -4.28699 0.0357781 1.65009
v -4.14685 0.0331359 1.77887
v -4.00345 0.0294931 1.90597
v -3.8552 0.0307321 2.03221
v -3.70378 0.0317088 2.16064
v -3.54432 0.0310015 2.31172
v -3.38168 0.0352079 2.45612
v -3.21656 0.0354786 2.57931
v -2.08521 0.035326 1.62435
v -1.95819 0.0338049 1.4843
v -2.21067 0.0351873 1.76685
v -2.33526 0.037672 1.91137
v -2.45911 0.0400905 2.0576
v -2.58221 0.0416888 2.20678
v -2.70077 0.029905 2.35945
v -2.81387 0.0349336 2.51642
v -1.29795 0.0118981 1.0421
v -1.17122 0.00482475 0.895164
v -1.42482 0.0254003 1.18765
v -1.55243 0.0281822 1.33175
v -1.69132 0.0300849 1.33783
v -1.81854 0.0291713 1.47701
v -0.63935 0.031213 0.708827
v -0.517498 0.0312497 0.556393
v -0.397492 0.0310068 0.403452
v -0.277989 0.0308413 0.25122
v -0.158779 0.0317131 0.0994555
v -0.762585 0.0187011 0.858978
v -0.898275 0.00789888 0.87152
v -0.0387186 0.0308065 -0.0514387
v 0.0199139 0.204453 -0.374778
v -0.0190972 0.180205 -0.489951
v -1.03465 0.00675598 0.88357
v 0.0416657 0.0541462 -0.409875
v 0.315667 0.0313817 -0.499166
v -0.0364883 0.272403 -0.828385
v -0.0497291 0.175206 -0.648304
v -0.0327171 0.300499 -0.549062
v -0.13405 0.416433 -0.725718
v -3.04402 0.0512368 2.70114
v -2.92255 0.047212 2.67577
v -0.0136409 0.408494 -0.95494
v -0.0833364 0.448156 -0.89175
v 0.825427 0.188925 -1.51612
v 0.840329 0.313684 -1.50917
v 0.823075 0.0906208 -1.43235
v 0.477638 0.0384252 -0.513294
v 0.485432 0.0363024 -0.650988
v 0.632127 0.043214 -0.790757
v 0.780197 0.0475011 -0.922355
v 0.786904 0.0475767 -1.05259
v 0.936815 0.0539207 -1.16647
v 0.948519 0.065709 -1.29352
v 0.0207323 0.292892 -0.952422
v 0.577646 0.715953 -1.47325
v 0.561212 0.848041 -1.5199
v 0.403246 0.964753 -1.53899
v 0.255429 1.09244 -1.55923
v 0.110097 1.22867 -1.57906
v -0.0332565 1.3687 -1.5978
v -0.193774 1.5342 -1.57724
v -0.474345 1.66821 -1.82289
v -0.447104 1.53152 -1.84832
v -0.500728 1.80881 -1.79831
v -0.549498 1.94994 -1.63038
v -0.530256 1.66741 -2.20788
v -0.585308 1.68583 -2.33661
v -0.657716 1.57917 -2.46129
v -0.694606 1.42879 -2.4532
v -0.629938 1.94706 -2.05167
v -0.582607 2.08452 -1.76941
v -0.604116 2.08175 -1.9026
v -4.65652 1.83444 -0.254962
v -4.49996 1.97953 -0.257043
v -4.46884 2.1238 -0.377049
v -4.68223 1.69802 -0.0787006
v -4.76182 1.98188 -0.659812
v -4.62495 2.12054 -0.644693
v -4.48424 2.26157 -0.6311
v -4.46924 2.26223 -0.504745
v -4.75358 0.756576 0.563329
v -4.74645 0.753958 0.704091
v -4.74199 0.611589 0.841888
v -4.7469 0.470802 0.985554
v -4.67478 0.333437 1.08614
v -4.6892 0.187466 1.22175
v -4.68596 0.0392254 1.35987
v -4.55569 0.0322363 1.50955
v -4.41743 0.0313853 1.65833
v -4.28051 0.0310029 1.79015
v -4.13927 0.0273988 1.91744
v -3.9929 0.0290896 2.04338
v -3.84254 0.0300957 2.16672
v -3.68862 0.0298438 2.28705
v -3.51956 0.0321641 2.48584
v -3.36022 0.036158 2.60619
v -3.15795 0.0780291 2.73086
v -2.07174 0.0360793 1.7557
v -1.94581 0.0351175 1.6139
v -2.1964 0.037204 1.89939
v -2.3204 0.0396289 2.04512
v -2.4433 0.039439 2.19285
v -2.5638 0.033732 2.34338
v -2.67959 0.0273289 2.49846
v -2.78999 0.040061 2.65308
v -1.2871 0.00880385 1.17919
v -1.16088 0.00453767 1.03166
v -1.41337 0.0221573 1.32568
v -1.67897 0.030253 1.47482
v -1.54009 0.0290979 1.47007
v -1.80635 0.0308491 1.60849
v -0.626328 0.0286382 0.845264
v -0.503054 0.0324768 0.693248
v -0.3815 0.0323916 0.540813
v -0.260837 0.0322797 0.387973
v -0.140964 0.0317507 0.235693
v -0.0216464 0.0321091 0.0833376
v -0.749578 0.00973569 0.994364
v -0.88673 0.00818357 1.00778
v 0.0854484 0.0376407 -0.199358
v 0.0992761 0.0299487 -0.0664959
v 0.0455643 0.106715 -0.264274
v 0.00613681 0.343938 -0.39529
v 0.0755454 0.201928 -0.422505
v -1.02374 0.00632747 1.02017
v 0.0751371 0.116294 -0.350439
v 0.0823057 0.0493764 -0.278977
v 0.207238 0.0303136 -0.343533
v 0.343467 0.0295385 -0.362956
v -0.0250015 0.303499 -0.731531
v -0.0662129 0.390791 -0.589938
v -0.114747 0.451489 -0.617285
v -0.183171 0.484429 -0.779678
v -3.03486 0.0174823 2.8307
v -2.90768 -0.00959234 2.79712
v 0.064759 0.394539 -1.00209
v -0.111163 0.41982 -0.84345
v 0.967765 0.089885 -1.42125
v 0.489239 0.0282962 -0.374633
v 0.462085 0.0361948 -0.604279
v 0.630405 0.0398373 -0.655437
v 0.774986 0.0439422 -0.790579
v 0.921158 0.0646924 -0.917695
v 0.927257 0.0485328 -1.04168
v 1.08618 0.0633408 -1.27701
v 1.07636 0.0603836 -1.14459
v 0.0568774 0.183937 -0.917193
v 0.683703 0.859709 -1.51797
v 0.700275 0.728324 -1.45696
v 0.547635 0.98002 -1.51949
v 0.561121 0.731194 -1.31524
v 0.445207 0.704742 -1.33736
v 0.393834 1.10364 -1.54341
v 0.246569 1.23532 -1.55784
v 0.10281 1.37182 -1.57959
v -0.0397205 1.51193 -1.59836
v -0.497474 1.71489 -1.80006
v -0.417758 1.43697 -1.86585
v -0.436638 1.45681 -1.73333
v -0.334577 1.66273 -1.78961
v -0.318829 1.49092 -1.80203
v -0.49589 1.94873 -1.78739
v -0.549953 2.08817 -1.63278
v -0.557296 1.8103 -2.194
v -0.590123 1.82342 -2.33254
v -0.613078 1.6941 -2.47442
v -0.542956 1.65935 -2.06299
v -0.595149 1.55572 -2.0645
v -0.666803 1.6139 -2.59981
v -0.729072 1.43808 -2.5881
v -0.629363 2.0824 -2.04961
v -0.581206 2.2214 -1.77479
v -0.607877 2.21598 -1.90623
v -4.6574 1.97196 -0.256292
v -4.6765 1.83324 -0.0790899
v -4.4951 2.12052 -0.255584
v -4.46932 2.26219 -0.374542
v -4.76487 2.11884 -0.659854
v -4.62809 2.25774 -0.647317
v -4.48523 2.39912 -0.631022
v -4.4699 2.40036 -0.501576
v -4.74451 0.893602 0.707867
v -4.75381 0.895921 0.56724
v -4.74316 0.751374 0.845193
v -4.74768 0.610276 0.988183
v -4.68344 0.471198 1.09375
v -4.68918 0.328635 1.22684
v -4.68276 0.184761 1.36221
v -4.69388 0.0354285 1.49944
v -4.5475 0.0387225 1.66991
v -4.40973 0.0269308 1.80012
v -4.27464 0.0261212 1.9296
v -4.13064 0.0271311 2.05526
v -3.98073 0.0280943 2.17904
v -3.82885 0.0318532 2.29255
v -3.63707 0.0295618 2.32005
v -3.656 0.0334818 2.51037
v -3.67828 0.0278401 2.36138
v -3.44255 0.156386 2.60216
v -3.32226 0.0560362 2.75281
v -3.13001 0.106334 2.86886
v -2.05753 0.0372884 1.88572
v -1.93254 0.0354939 1.74389
v -2.18153 0.0401547 2.03225
v -2.30402 0.0416867 2.17915
v -2.42584 0.0335465 2.32852
v -2.54363 0.0261153 2.48349
v -2.65752 0.0449832 2.63699
v -2.76964 -0.00138973 2.77718
v -1.1494 0.00508894 1.16868
v -1.2753 0.00628787 1.31739
v -1.4007 0.0189832 1.46518
v -1.66611 0.028995 1.60915
v -1.52615 0.026611 1.61089
v -1.79342 0.0369474 1.73207
v -0.61255 0.0156905 0.980286
v -0.489334 0.0317645 0.829123
v -0.36648 0.0329385 0.677198
v -0.2447 0.033003 0.524761
v -0.123933 0.0325936 0.371672
v -0.0045118 0.0323392 0.21903
v 0.114472 0.0333443 0.0667839
v -0.874197 0.00858324 1.14417
v -0.73675 0.0100826 1.13065
v 0.223073 0.0398895 -0.210588
v 0.235593 0.0377981 -0.0801725
v 0.0970057 0.21491 -0.282242
v 0.0842032 0.330038 -0.440657
v 0.102598 0.357029 -0.307832
v -0.0155291 0.395683 -0.495037
v -1.01173 0.00692078 1.15695
v 0.360252 0.0299754 -0.225352
v 0.0258383 0.317 -0.857244
v -0.0144365 0.427964 -0.759494
v -0.0413531 0.387844 -0.546915
v -0.148959 0.467959 -0.698482
v -0.18633 0.49672 -0.915887
v -0.119039 0.471952 -0.797113
v 0.0467637 0.492997 -0.909549
v 1.10795 0.112431 -1.38188
v 0.499094 0.0262804 -0.236642
v 0.627941 0.0361525 -0.519096
v 0.632325 0.0353032 -0.38079
v 0.771118 0.0438051 -0.657729
v 0.916638 0.0500508 -0.790256
v 1.06077 0.0495671 -0.915973
v 1.06624 0.0610653 -1.01192
v 1.22876 0.030275 -1.27588
v 1.21504 0.0475444 -1.12142
v 0.65625 0.985633 -1.55441
v 0.691729 0.742182 -1.30109
v 0.825471 0.75292 -1.44486
v 0.81322 0.86203 -1.47522
v 0.533686 1.11333 -1.52404
v 0.407714 0.696819 -1.17604
v 0.539961 0.731131 -1.16296
v 0.383341 1.24312 -1.53878
v 0.238257 1.37742 -1.55941
v 0.0960835 1.51362 -1.57976
v -0.0444998 1.65205 -1.6033
v -0.184425 1.6642 -1.58978
v -0.394564 1.48647 -1.83873
v -0.339815 1.46175 -1.6772
v -0.342475 1.80501 -1.77566
v -0.189857 1.51719 -1.77204
v -0.191577 1.66229 -1.76309
v -0.340101 1.94535 -1.76332
v -0.490389 2.0881 -1.7746
v -0.55188 2.22747 -1.63242
v -0.552223 1.9544 -2.20104
v -0.60104 1.95986 -2.33211
v -0.624752 1.82761 -2.47207
v -0.550497 1.80827 -2.05955
v -0.645866 1.62905 -2.51184
v -0.63705 2.21505 -2.05955
v -0.579432 2.3557 -1.78238
v -0.61491 2.34334 -1.91005
v -4.65528 2.10972 -0.257266
v -4.67362 1.9697 -0.0782385
v -4.49308 2.2626 -0.257064
v -4.47013 2.40123 -0.370664
v -4.76865 2.25581 -0.659656
v -4.6312 2.39458 -0.64992
v -4.48683 2.53693 -0.627542
v -4.47188 2.53819 -0.49786
v -4.74011 0.891064 0.849028
v -4.74867 1.0375 0.570677
v -4.73906 1.03345 0.710738
v -4.74708 0.749617 0.989987
v -4.68767 0.609466 1.09789
v -4.6902 0.467914 1.23167
v -4.6807 0.325532 1.36609
v -4.69948 0.184463 1.50022
v -4.68803 0.0419602 1.63965
v -4.51539 0.0567841 1.81479
v -4.4076 0.0245893 1.9414
v -4.26876 0.0239956 2.06772
v -4.11962 0.0262124 2.19218
v -3.96649 0.0288242 2.31091
v -3.81218 0.0269566 2.41118
v -3.63009 0.029576 2.64943
v -3.49653 0.0727184 2.61979
v -3.79186 0.0311033 2.54151
v -3.46039 0.0656095 2.76884
v -3.34182 0.214135 2.7046
v -3.19725 0.221859 2.6771
v -3.01889 0.155007 2.66892
v -2.98765 0.205042 2.79127
v -2.04239 0.0405284 2.01803
v -1.91847 0.0372916 1.87174
v -2.16479 0.0407477 2.16574
v -2.28666 0.0412094 2.31451
v -2.40635 0.0379757 2.46604
v -2.52323 0.0420849 2.61968
v -2.64092 0.0440838 2.77468
v -2.88497 -0.0101719 2.93684
v -2.75261 0.00322951 2.92076
v -1.13667 0.00453932 1.30687
v -1.26214 0.00560585 1.45704
v -1.38674 0.0161373 1.60816
v -1.50948 0.0280236 1.76531
v -1.65327 0.0318001 1.73429
v -1.77964 0.0373511 1.85413
v -0.59918 0.0120925 1.11633
v -0.47557 0.0272525 0.964844
v -0.352235 0.0334704 0.813164
v -0.229468 0.0335803 0.660777
v -0.107804 0.0328248 0.507862
v 0.0124955 0.0321084 0.354957
v 0.131293 0.0334951 0.202184
v 0.249712 0.0324865 0.0518552
v -0.860982 0.00752339 1.28148
v -0.723366 0.00899842 1.26759
v 0.372324 0.0371471 -0.0915089
v 0.0402768 0.470944 -0.439148
v -0.998721 0.00604204 1.29458
v 0.0451508 0.194708 -0.756116
v 0.0751492 0.289121 -0.652095
v 0.0234061 0.422639 -0.592466
v -0.049989 0.475189 -0.544768
v -0.00922981 0.472657 -0.574862
v -0.00951079 0.496177 -0.681188
v -0.161948 0.630531 -0.918865
v -0.13066 0.624277 -0.787146
v -0.179748 0.628489 -0.773479
v -0.21265 0.631827 -0.910826
v -0.11004 0.612015 -0.655003
v 0.0284333 0.559271 -0.797042
v 1.24019 0.103192 -1.41038
v 0.637626 0.0231457 -0.243389
v 0.508253 0.0284949 -0.100133
v 0.771938 0.0394621 -0.384177
v 0.770903 0.039883 -0.521344
v 0.912816 0.0462683 -0.658631
v 1.05629 0.0463128 -0.793944
v 1.11007 0.0549805 -0.964088
v 1.20318 0.0543092 -0.964374
v 1.34907 0.0398895 -1.09718
v 1.37972 0.0333778 -1.2755
v 0.812731 1.00026 -1.4831
v 0.64121 1.10957 -1.53499
v 0.672895 0.723629 -1.15279
v 0.821589 0.714002 -1.29475
v 0.818117 0.825831 -1.41886
v 0.518518 1.25077 -1.51775
v 0.372526 0.691408 -1.0238
v 0.522316 0.723585 -1.00648
v 0.375287 1.38253 -1.53904
v 0.231532 1.51679 -1.55967
v 0.0914612 1.6528 -1.58429
v -0.0478844 1.79034 -1.60548
v -0.232769 1.81527 -1.56716
v -0.197263 1.80415 -1.7486
v -0.0479725 1.66111 -1.74126
v -0.0489058 1.50388 -1.75633
v -0.198729 1.94691 -1.73671
v -0.337864 2.08338 -1.75018
v -0.484364 2.22862 -1.75802
v -0.551244 2.37031 -1.64105
v -0.618302 2.09649 -2.3285
v -0.580927 2.0921 -2.19609
v -0.643052 1.96402 -2.46577
v -0.552815 1.94986 -2.05882
v -0.667796 1.82504 -2.60453
v -0.636969 2.34006 -2.04597
v -0.580612 2.48749 -1.82013
v -0.631214 2.46621 -1.90606
v -4.49129 2.39759 -0.235972
v -4.66994 2.11057 -0.0780162
v -4.47242 2.53988 -0.365832
v -4.77271 2.39306 -0.659518
v -4.63578 2.53077 -0.654972
v -4.55354 2.65562 -0.599685
v -4.47491 2.67571 -0.494343
v -4.73413 1.02999 0.853058
v -4.73824 0.889069 0.993127
v -4.7491 1.17712 0.572446
v -4.74159 1.17241 0.713991
v -4.68942 0.746987 1.10177
v -4.69128 0.606712 1.23561
v -4.67984 0.465309 1.3695
v -4.69733 0.324806 1.50297
v -4.68626 0.184899 1.64206
v -4.54043 0.18476 1.67888
v -4.54113 0.187303 1.81919
v -4.5419 0.0488624 1.94779
v -4.40792 0.0219023 2.07956
v -4.25812 0.024229 2.20563
v -4.10428 0.0281875 2.32722
v -3.94929 0.0307708 2.43907
v -3.76922 0.0319258 2.6753
v -3.60702 0.0342259 2.78597
v -3.92929 0.0271967 2.56802
v -3.45998 0.176154 2.71412
v -3.12043 0.169353 2.67163
v -1.90318 0.0401067 2.00248
v -2.02526 0.0416603 2.15048
v -2.14733 0.0412281 2.30017
v -2.26762 0.0378144 2.45059
v -2.38623 0.0363454 2.60243
v -2.50541 0.0398196 2.75657
v -2.62509 0.0444313 2.90965
v -2.86056 -0.00958347 3.07192
v -2.73323 0.0218858 3.05489
v -1.1235 0.00496764 1.44579
v -1.2484 0.00331571 1.59855
v -1.37109 0.0139511 1.75559
v -1.60165 0.0323519 1.77587
v -1.64221 0.0372318 1.82803
v -1.76475 0.0401216 1.98251
v -0.585774 0.0103325 1.2531
v -0.461866 0.0212057 1.10101
v -0.338212 0.0303712 0.948708
v -0.214954 0.0341129 0.796733
v -0.0923936 0.0332682 0.644087
v 0.0287455 0.0325751 0.491085
v 0.148285 0.0331386 0.338123
v 0.265613 0.0345368 0.186465
v 0.383629 0.0381897 0.0399291
v -0.709459 0.00833863 1.4051
v -0.847343 0.00686446 1.41943
v 0.0984824 0.499581 -0.314319
v -0.985268 0.00562152 1.43309
v 0.0756589 0.312545 -0.756722
v 0.0825588 0.378413 -0.560599
v -0.0579885 0.466445 -0.578972
v 0.105088 0.586376 -0.550683
v 0.0490961 0.577261 -0.691597
v -0.158605 0.768449 -0.91456
v -0.126777 0.765539 -0.778046
v -0.174695 0.768047 -0.767695
v -0.214648 0.7707 -0.905406
v -0.103367 0.754471 -0.635152
v 0.127245 0.509028 -0.758701
v 0.177678 0.493545 -0.871691
v 1.40418 0.143652 -1.4395
v 0.642868 0.0391642 -0.104924
v 0.774297 0.0376749 -0.245291
v 0.516591 0.0404366 0.0339727
v 0.910543 0.0393601 -0.523028
v 0.909471 0.0415987 -0.385093
v 1.05228 0.048256 -0.659467
v 1.19563 0.0515824 -0.802276
v 1.3395 0.0456495 -0.944806
v 1.47984 0.0481154 -1.07832
v 1.49224 0.0689524 -1.22192
v 0.80557 1.13656 -1.47285
v 0.653535 1.25794 -1.49813
v 0.663229 0.739157 -0.995208
v 0.808545 0.72294 -1.14625
v 0.953887 0.749632 -1.29865
v 0.965836 0.74907 -1.46964
v 0.81566 0.862542 -1.33651
v 0.510584 1.38821 -1.51836
v 0.367988 0.665269 -0.876827
v 0.508017 0.694255 -0.843963
v 0.36734 1.52068 -1.53979
v 0.227109 1.65458 -1.56477
v 0.0874154 1.79078 -1.58482
v -0.052545 1.92788 -1.61301
v -0.196244 1.93042 -1.61051
v -0.0605109 1.80562 -1.72735
v 0.112275 1.50684 -1.75053
v 0.0948558 1.66493 -1.71705
v -0.071914 1.9474 -1.71213
v -0.165174 2.10739 -1.71507
v -0.338828 2.21935 -1.7364
v -0.481501 2.384 -1.7534
v -0.541616 2.52032 -1.64226
v -0.659797 2.10151 -2.46003
v -0.572661 2.08839 -2.06923
v -0.643396 2.23391 -2.32214
v -0.615656 2.22314 -2.19226
v -0.685628 1.96552 -2.59786
v -0.644237 2.46087 -2.04023
v -0.655395 2.34711 -2.17877
v -0.615231 2.63289 -1.80293
v -0.755843 2.56107 -1.85601
v -4.63391 2.37347 -0.255986
v -4.63738 2.24251 -0.291716
v -4.66675 2.25511 -0.101959
v -4.47537 2.54396 -0.230133
v -4.47436 2.67821 -0.362331
v -4.77787 2.53068 -0.659968
v -4.64608 2.6668 -0.662393
v -4.48881 2.81091 -0.6228
v -4.47636 2.81279 -0.493451
v -4.73451 1.16854 0.85626
v -4.73085 1.02731 0.99789
v -4.67238 0.883558 1.09798
v -4.7498 1.31596 0.574814
v -4.74303 1.31108 0.717001
v -4.77319 1.04329 0.434103
v -4.77083 1.18203 0.435846
v -4.68972 0.745264 1.23866
v -4.68006 0.604207 1.37252
v -4.69407 0.464139 1.50531
v -4.68647 0.324375 1.6435
v -4.54079 0.323573 1.67931
v -4.55405 0.321491 1.80886
v -4.56633 0.185419 1.98643
v -4.56539 0.0199032 2.077
v -4.39745 0.0217378 2.21902
v -4.24297 0.0266304 2.34258
v -4.08698 0.0294476 2.45948
v -3.90737 0.0311472 2.7003
v -3.74678 0.0335596 2.81053
v -3.58637 0.0403517 2.92187
v -3.44144 0.065932 2.899
v -4.06726 0.0277493 2.59087
v -3.42919 0.224721 2.90448
v -3.36887 0.283468 2.57426
v -3.48673 0.228894 2.62257
v -3.14176 0.204576 2.65279
v -3.08628 0.187293 2.62849
v -1.88666 0.0417384 2.13393
v -2.00812 0.0401789 2.2848
v -2.12907 0.0389923 2.43578
v -2.24823 0.0321104 2.5875
v -2.36833 0.0262562 2.73895
v -2.48783 0.0398349 2.89318
v -2.60657 0.0457902 3.04617
v -3.01909 0.00115702 2.95475
v -2.98567 -0.00473937 3.0968
v -2.70388 0.0118111 3.17759
v -2.83014 -0.00239844 3.20506
v -1.10923 0.00412295 1.58602
v -1.23289 0.00257959 1.74094
v -1.48992 0.0371472 1.92512
v -1.35405 0.0155995 1.90203
v -1.62688 0.0393534 1.95659
v -1.74805 0.0412428 2.11369
v -0.571622 0.00977794 1.39
v -0.448064 0.0145468 1.23775
v -0.324277 0.0285144 1.0849
v -0.200774 0.0323104 0.932424
v -0.0775299 0.033778 0.780062
v 0.0446594 0.033041 0.627092
v 0.164922 0.0322823 0.474081
v 0.282769 0.0343206 0.321886
v 0.397457 0.033164 0.173772
v -0.832741 0.006565 1.55785
v -0.694709 0.00817269 1.54282
v 0.113597 0.648027 -0.331321
v 0.0227791 0.637267 -0.361627
v -0.00366325 0.614003 -0.437919
v -0.0224562 0.612658 -0.512213
v -0.970885 0.00511994 1.57214
v 0.0859982 0.359632 -0.791799
v 0.146158 0.402264 -0.726355
v 0.0487472 0.423999 -0.530738
v 0.147074 0.494808 -0.610404
v 0.100419 0.552815 -0.617562
v -0.208657 0.768089 -1.05154
v -0.16333 0.910036 -0.911656
v -0.129774 0.904879 -0.774774
v -0.0345613 0.729479 -0.487702
v -0.173696 0.9071 -0.76413
v -0.220589 0.910359 -0.897546
v -0.105917 0.897417 -0.634205
v 0.262517 0.491726 -0.712731
v 0.314701 0.439342 -0.850901
v 1.54191 0.0708412 -1.30694
v 1.4891 0.223457 -1.33632
v 1.37928 0.268861 -1.45403
v 1.24227 0.238011 -1.43145
v 0.648388 0.0363235 0.0344185
v 0.776994 0.0316384 -0.104313
v 0.909889 0.041775 -0.245464
v 0.526886 0.0332652 0.16559
v 1.04662 0.0420771 -0.385082
v 1.04897 0.0421173 -0.523431
v 1.19181 0.0524046 -0.659368
v 1.33634 0.0547397 -0.797739
v 1.47501 0.0520315 -0.931386
v 1.6093 0.0642758 -1.06124
v 1.61177 0.107843 -1.21377
v 0.788697 1.26256 -1.47384
v 0.645248 1.39322 -1.49529
v 0.650723 0.709301 -0.821721
v 0.799985 0.718971 -0.995173
v 0.945055 0.725605 -1.14486
v 1.09132 0.742714 -1.2915
v 1.1072 0.76063 -1.46087
v 0.503628 1.52379 -1.51884
v 0.362801 1.65657 -1.54406
v 0.223388 1.79153 -1.56566
v 0.0845912 1.92836 -1.59042
v -0.0568394 2.06561 -1.61607
v -0.214796 2.06646 -1.63137
v 0.0715518 1.80919 -1.69644
v 0.0432362 1.95377 -1.68792
v -0.0793088 2.09719 -1.69059
v -0.213361 2.20863 -1.67447
v -0.336725 2.36707 -1.71549
v -0.476096 2.53936 -1.72655
v -0.570362 2.6766 -1.63018
v -0.705287 2.1043 -2.5903
v -0.685583 2.24097 -2.45141
v -0.689751 2.3668 -2.30774
v -0.692955 2.4609 -2.15896
v -0.659159 2.76087 -1.81216
v -0.830631 2.70054 -1.84289
v -4.48385 2.41194 -0.0956821
v -4.63573 2.38428 -0.106873
v -4.67035 2.27084 0.0393829
v -4.72865 2.18462 0.0461312
v -4.47531 2.68121 -0.226966
v -4.47456 2.54679 -0.0915261
v -4.47542 2.81548 -0.361375
v -4.78222 2.66947 -0.66173
v -4.65524 2.80579 -0.665171
v -4.56881 2.80238 -0.616787
v -4.49323 2.9461 -0.622275
v -4.47765 2.94824 -0.495067
v -4.73518 1.30668 0.859466
v -4.73253 1.16475 1.00398
v -4.65714 1.02154 1.09217
v -4.66844 0.882535 1.23828
v -4.77071 1.32058 0.43836
v -4.74954 1.45456 0.578593
v -4.74151 1.4496 0.719535
v -4.67407 0.742359 1.37496
v -4.69319 0.603085 1.50792
v -4.68218 0.463534 1.64498
v -4.53915 0.46062 1.68069
v -4.54669 0.478946 1.81418
v -4.581 0.319386 2.00858
v -4.53689 0.0188537 2.23372
v -4.38122 0.0256129 2.35851
v -4.22456 0.026399 2.47824
v -4.0456 0.0307106 2.72429
v -3.88536 0.0321706 2.83522
v -3.72591 0.0399459 2.94664
v -3.42688 0.0657012 3.03242
v -3.56596 0.0447401 3.0578
v -4.20522 0.0274948 2.6119
v -3.49285 0.308542 2.69866
v -3.40122 0.212118 3.03535
v -3.35142 0.357319 2.67053
v -3.02375 0.185932 2.64178
v -1.86921 0.0391952 2.26752
v -1.99003 0.0363046 2.42013
v -2.11009 0.0342718 2.57272
v -2.23023 0.00913912 2.72379
v -2.35037 0.0273184 2.8767
v -2.47037 0.0409674 3.03161
v -3.09056 0.0774082 3.00021
v -3.01196 0.0897281 3.09963
v -1.09377 0.00366002 1.72704
v -1.21589 0.00341781 1.88467
v -1.47228 0.038337 2.06762
v -1.33433 0.0289755 2.04505
v -1.60995 0.0399877 2.09042
v -1.73034 0.0386479 2.24775
v -0.556832 0.00977604 1.52713
v -0.433828 0.0113781 1.37431
v -0.310265 0.0214495 1.22153
v -0.186632 0.0293249 1.06847
v -0.063047 0.0332297 0.915647
v 0.059885 0.0335323 0.763062
v 0.181401 0.0328063 0.609955
v 0.300276 0.0325276 0.457328
v 0.414461 0.0352414 0.30762
v -0.817437 0.00668937 1.69635
v -0.679517 0.00828256 1.68033
v 0.0593877 0.691404 -0.341922
v 0.100352 0.476581 -0.467299
v 0.148031 0.66616 -0.472792
v 0.00521293 0.731041 -0.388032
v -0.955493 0.00512643 1.71189
v 0.176326 0.452904 -0.73607
v 0.128673 0.810871 -0.433406
v -0.190069 0.910597 -1.04762
v -0.130019 1.04689 -0.7788
v -0.165511 1.05248 -0.912613
v -0.177656 1.0488 -0.764867
v -0.218667 1.05172 -0.896667
v -0.107197 1.04136 -0.643847
v 0.201113 0.449327 -0.991234
v 0.3291 0.453545 -0.964428
v 1.74293 0.0692932 -1.21236
v 1.42419 0.21199 -1.40995
v 0.653411 0.0468976 0.168932
v 0.781014 0.0424471 0.0365172
v 0.911076 0.0373948 -0.103376
v 1.04544 0.0425012 -0.244887
v 0.542694 0.034167 0.298026
v 1.18376 0.0429109 -0.383694
v 1.18761 0.0432872 -0.521962
v 1.33283 0.0532582 -0.657022
v 1.48135 0.0665409 -0.787685
v 1.60989 0.0452211 -0.91767
v 1.73929 0.0675226 -1.05393
v 0.780461 1.39824 -1.47445
v 0.930198 1.15703 -1.43769
v 0.92388 1.26914 -1.44732
v 0.638884 1.52723 -1.49591
v 0.804948 0.710505 -0.819236
v 0.936953 0.723471 -0.997109
v 1.08079 0.73547 -1.14428
v 1.24542 0.755551 -1.41693
v 1.23034 0.728546 -1.27018
v 1.09164 0.848477 -1.34693
v 0.959774 0.855337 -1.38109
v 0.498796 1.6582 -1.52435
v 0.358524 1.79153 -1.54617
v 0.219293 1.92712 -1.57132
v 0.0811524 2.06814 -1.59055
v -0.0555558 2.20531 -1.65703
v 0.00589118 2.09947 -1.67803
v -0.194139 2.35163 -1.69032
v -0.283577 2.45735 -1.81302
v -0.367996 2.48352 -1.91109
v -0.462399 2.49243 -1.83631
v -0.433608 2.70775 -1.61979
v -0.446781 2.53707 -1.58747
v -0.581444 2.81151 -1.6732
v -0.732452 2.24361 -2.57995
v -0.725176 2.38289 -2.43581
v -0.72714 2.48546 -2.28276
v -0.499737 2.48221 -2.11693
v -0.573328 2.49287 -2.22595
v -0.859225 2.84638 -1.84512
v -0.723437 2.88426 -1.81021
v -0.813426 2.60363 -1.85689
v -4.48276 2.41359 0.0434733
v -4.63227 2.38875 0.037619
v -4.66825 2.28288 0.180081
v -4.73171 2.18796 0.184425
v -4.47464 2.81827 -0.225421
v -4.47422 2.68357 -0.0893579
v -4.47407 2.54889 0.0463086
v -4.47658 2.95055 -0.364484
v -4.78691 2.81006 -0.66484
v -4.65552 2.94588 -0.67208
v -4.5596 2.93837 -0.623393
v -4.57188 2.7972 -0.506727
v -4.54814 2.67387 -0.487382
v -4.51623 3.07115 -0.632535
v -4.47867 3.07799 -0.495256
v -4.73427 1.4447 0.862617
v -4.73502 1.30224 1.00917
v -4.65313 1.16058 1.08744
v -4.65675 1.02016 1.23706
v -4.66083 0.880309 1.37663
v -4.77062 1.4596 0.441307
v -4.74023 1.58796 0.722072
v -4.74914 1.59381 0.581795
v -4.68332 0.741369 1.51092
v -4.67466 0.602463 1.64903
v -4.53169 0.600019 1.70057
v -4.5418 0.588654 1.82939
v -4.58765 0.461991 2.00071
v -4.49157 0.315387 2.04709
v -4.47966 0.1702 2.04045
v -4.51894 0.0226391 2.37539
v -4.69469 0.0234073 2.10973
v -4.67406 0.0170371 2.25274
v -4.36246 0.0238589 2.49619
v -4.02342 0.0324524 2.85935
v -4.18403 0.0310847 2.74708
v -3.86412 0.0368407 2.97176
v -3.70414 0.0438785 3.0839
v -3.39691 0.0637854 3.16388
v -3.54269 0.045743 3.19415
v -4.34262 0.0270188 2.63262
v -3.41217 0.353547 2.92813
v -3.47236 0.358603 2.81603
v -3.38649 0.358811 3.05385
v -3.41009 0.216913 3.17378
v -3.31463 0.365608 2.78204
v -3.21174 0.366238 2.63642
v -3.22885 0.30461 2.55036
v -2.96609 0.215497 2.62794
v -1.85081 0.0326361 2.403
v -1.97116 0.0337273 2.55687
v -2.09135 0.0296831 2.71036
v -2.21207 0.0164718 2.8622
v -2.33379 0.0281327 3.01575
v -2.45927 0.0450137 3.18265
v -2.58565 0.0688771 3.18051
v -1.07729 0.00607889 1.86846
v -1.19848 0.00374711 2.02661
v -1.45491 0.0315356 2.20588
v -1.31727 0.0280995 2.18586
v -1.59252 0.0343609 2.22719
v -1.71234 0.0328603 2.38439
v -0.418954 0.011434 1.5109
v -0.541554 0.0100115 1.66408
v -0.295871 0.0156046 1.35781
v -0.172348 0.026077 1.20459
v -0.0488817 0.0306063 1.05176
v 0.0749168 0.0332997 0.898284
v 0.197344 0.0332658 0.745792
v 0.317976 0.0325458 0.592932
v 0.434368 0.0334415 0.441815
v -0.801383 0.00895587 1.83509
v -0.663521 0.0093069 1.81802
v 0.0417866 0.788916 -0.332818
v 0.0487383 0.710311 -0.44397
v -0.939134 0.0079585 1.85207
v 0.224601 0.350846 -0.801094
v 0.127264 0.687803 -0.485627
v -0.206171 0.772423 -1.2102
v -0.207256 0.908722 -1.19154
v -0.193828 1.05254 -1.04539
v -0.0629061 1.02474 -0.53126
v -0.165502 1.19478 -0.913471
v -0.130757 1.18863 -0.777555
v -0.216352 1.19854 -0.901188
v -0.181068 1.19167 -0.764967
v -0.10579 1.18378 -0.641138
v 1.65309 0.222174 -1.26022
v 1.77785 0.188091 -1.31586
v 0.66678 0.0367627 0.296768
v 0.783828 0.0514183 0.175709
v 0.913478 0.037222 0.0399452
v 1.04481 0.0415051 -0.103306
v 1.18072 0.042891 -0.244005
v 0.56821 0.0338182 0.428863
v 1.32743 0.046521 -0.518842
v 1.321 0.0448647 -0.380378
v 1.4832 0.0586527 -0.65152
v 1.61736 0.063285 -0.777659
v 1.74199 0.0755394 -0.906413
v 1.8706 0.0668791 -1.03503
v 1.88284 0.0525106 -1.17997
v 0.916367 1.40135 -1.45242
v 0.773924 1.53056 -1.47532
v 1.06973 1.14598 -1.40358
v 1.06206 1.27135 -1.41997
v 0.634359 1.66031 -1.50157
v 0.937478 0.719961 -0.852043
v 1.07143 0.727806 -0.999935
v 1.21772 0.729632 -1.132
v 1.23207 0.859085 -1.31033
v 1.3894 0.720371 -1.38098
v 1.37285 0.728815 -1.24829
v 0.494274 1.79166 -1.5258
v 0.354442 1.92506 -1.55133
v 0.214352 2.06309 -1.5712
v 0.0733312 2.21932 -1.57628
v -0.0504133 2.33683 -1.66347
v -0.155154 2.46134 -1.7577
v -0.368035 2.5359 -1.82755
v -0.471081 2.55953 -1.86383
v -0.492132 2.75445 -1.76592
v -0.319123 2.55059 -1.58482
v -0.305632 2.67366 -1.58073
v -0.601878 2.92948 -1.73616
v -0.772273 2.38177 -2.56703
v -0.998594 2.72805 -1.87491
v -0.978597 2.85396 -1.87759
v -0.853805 2.54927 -1.87179
v -4.48224 2.41437 0.182081
v -4.63025 2.39239 0.17984
v -4.66662 2.285 0.320429
v -4.72312 2.18024 0.323663
v -4.47473 2.95499 -0.226224
v -4.473 2.82068 -0.0875832
v -4.47335 2.68531 0.0483737
v -4.47367 2.55002 0.18387
v -4.47763 3.07831 -0.367692
v -4.78762 2.95142 -0.668993
v -4.64961 3.08563 -0.666734
v -4.57687 2.94305 -0.510577
v -4.73399 1.4399 1.01184
v -4.73321 1.58274 0.86458
v -4.65352 1.29819 1.08668
v -4.65292 1.15772 1.23782
v -4.6525 1.01823 1.37799
v -4.66826 0.878877 1.51455
v -4.76903 1.59914 0.444403
v -4.74871 1.7329 0.585376
v -4.739 1.72614 0.725142
v -4.66752 0.740185 1.64933
v -4.51368 0.731824 1.69298
v -4.58296 0.602235 2.00197
v -4.54479 0.732978 1.83422
v -4.50408 0.453036 2.0657
v -4.49957 0.0226499 2.51484
v -4.65564 0.018284 2.39351
v -4.8286 0.0182387 2.13567
v -4.80991 0.026043 2.27047
v -4.16184 0.0306911 2.88291
v -4.00183 0.0363191 2.99614
v -4.32152 0.0315436 2.76894
v -3.84172 0.0417457 3.10919
v -3.68076 0.0456762 3.22169
v -3.36494 0.0720814 3.29149
v -3.51543 0.0494695 3.33296
v -4.47937 0.0265748 2.65307
v -3.28037 0.370084 2.90542
v -3.24551 0.358211 3.03078
v -3.37504 0.374192 3.19174
v -3.3989 0.210877 3.30369
v -3.29675 0.507152 2.78161
v -3.35191 0.507729 2.68492
v -3.20806 0.509928 2.63302
v -3.07442 0.374744 2.60892
v -3.08612 0.294856 2.53493
v -1.83232 0.0313402 2.53981
v -1.95207 0.032688 2.69425
v -2.07237 0.0263021 2.84744
v -2.1948 0.0214393 2.99996
v -2.31943 0.0283952 3.15701
v -1.06003 0.00608784 2.00882
v -1.17971 0.0202595 2.1662
v -1.43665 0.0292054 2.3446
v -1.29904 0.0254292 2.32484
v -1.57415 0.032016 2.36454
v -1.69376 0.031013 2.52153
v -0.403608 0.0115236 1.64753
v -0.281046 0.0125485 1.49418
v -0.525771 0.0105888 1.80129
v -0.157888 0.0211083 1.34084
v -0.0345877 0.0278849 1.18787
v 0.0892427 0.0315402 1.03449
v 0.21294 0.0330657 0.88113
v 0.33515 0.0329757 0.728595
v 0.455121 0.0326197 0.576333
v -0.784433 0.00942502 1.97355
v -0.646725 0.00995989 1.95594
v -0.921918 0.00822125 1.99131
v -0.220861 1.04867 -1.18471
v -0.19694 1.19528 -1.04978
v -0.166172 1.33648 -0.912791
v -0.13076 1.33011 -0.773778
v -0.173752 1.33336 -0.762377
v -0.213013 1.34052 -0.90352
v -0.102834 1.32436 -0.63382
v 1.62333 0.365333 -1.31844
v 1.50408 0.379798 -1.37759
v 1.8932 0.187199 -1.25118
v 1.76169 0.344255 -1.32042
v 1.37993 0.393153 -1.40571
v 0.744779 0.0358246 0.416624
v 0.786254 0.0379015 0.305904
v 0.914991 0.0523371 0.184607
v 1.04667 0.0417274 0.0407311
v 1.17928 0.0416267 -0.102835
v 1.31628 0.0443814 -0.240652
v 0.597411 0.0332178 0.5595
v 1.45911 0.04618 -0.375228
v 1.46862 0.0476595 -0.513296
v 1.61768 0.0537176 -0.64274
v 1.75122 0.0283982 -0.818231
v 1.81512 0.101216 -0.959678
v 1.05337 1.40177 -1.4296
v 0.907726 1.53246 -1.453
v 0.769615 1.6623 -1.47995
v 1.21089 1.14484 -1.38111
v 1.20369 1.26754 -1.40782
v 0.630124 1.79225 -1.5052
v 0.847618 0.71344 -0.724749
v 0.958152 0.751813 -0.739556
v 1.06756 0.71952 -0.860657
v 1.20581 0.727607 -0.994186
v 1.35636 0.729218 -1.11481
v 1.32399 0.88166 -1.40586
v 1.51398 0.728555 -1.22997
v 1.52986 0.700954 -1.35341
v 0.489627 1.92198 -1.5308
v 0.349565 2.05794 -1.55148
v 0.208365 2.20699 -1.55211
v 0.107428 2.22629 -1.70014
v 0.103282 2.30823 -1.6989
v -0.0263838 2.45029 -1.70798
v -0.168787 2.58138 -1.68065
v -0.32132 2.59957 -1.74527
v -0.51532 2.49574 -1.92667
v -0.496813 2.67472 -1.849
v -0.474184 2.71231 -1.7449
v -0.176623 2.54558 -1.55904
v -0.166236 2.675 -1.55026
v -0.995709 2.54818 -1.90199
v -4.6309 2.39373 0.319672
v -4.48372 2.41415 0.320041
v -4.66608 2.27867 0.458491
v -4.71942 2.17514 0.46214
v -4.47246 2.9577 -0.0865903
v -4.47473 3.08962 -0.232181
v -4.47134 2.82179 0.0503842
v -4.47279 2.6857 0.185929
v -4.47275 2.5498 0.32177
v -4.48279 3.20426 -0.493415
v -4.47882 3.21006 -0.362584
v -4.78381 3.09372 -0.673134
v -4.63927 3.23032 -0.685228
v -4.50197 3.20736 -0.622729
v -4.56279 3.07668 -0.518053
v -4.55473 2.93915 -0.357411
v -4.55162 2.79837 -0.353291
v -4.73389 1.57755 1.01311
v -4.65306 1.43544 1.09262
v -4.73194 1.72051 0.86663
v -4.65258 1.29501 1.23939
v -4.65084 1.1557 1.37973
v -4.66219 1.01636 1.51768
v -4.6556 0.877043 1.65545
v -4.7673 1.73959 0.447762
v -4.74789 1.87239 0.589234
v -4.73777 1.86441 0.728441
v -4.49257 0.865139 1.69156
v -4.57884 0.74203 2.00956
v -4.48699 0.588792 2.08114
v -4.48179 0.864154 1.83613
v -4.63638 0.0217081 2.53397
v -4.79211 0.0181144 2.41162
v -4.2993 0.0314921 2.90587
v -4.13937 0.035299 3.01976
v -3.97955 0.0409926 3.13396
v -4.45843 0.0288761 2.79114
v -3.81808 0.0444479 3.24738
v -3.65526 0.0487932 3.36139
v -3.48285 0.0546858 3.48402
v -3.33468 0.0716969 3.41922
v -4.61598 0.0217447 2.67356
v -3.26723 0.505156 2.91016
v -3.22794 0.494229 3.03787
v -3.22073 0.331846 3.16685
v -3.36242 0.333001 3.32937
v -3.36569 0.219919 3.43317
v -3.29213 0.647836 2.78939
v -3.33633 0.648731 2.67398
v -3.20662 0.650621 2.63245
v -3.07296 0.513895 2.6047
v -2.93483 0.377516 2.58464
v -2.94301 0.275524 2.52281
v -1.81318 0.0298952 2.67731
v -1.93279 0.0284409 2.83208
v -2.05359 0.0306083 2.98568
v -2.1788 0.0265314 3.13868
v -2.32127 0.0492499 3.31444
v -2.45353 0.0353059 3.34463
v -1.04226 0.00787041 2.14759
v -1.16179 0.0212374 2.30476
v -1.41778 0.028387 2.48249
v -1.28016 0.025794 2.46276
v -1.55545 0.0305963 2.50215
v -1.67427 0.0283427 2.65931
v -0.387914 0.0117856 1.78429
v -0.265841 0.0128193 1.63065
v -0.143257 0.0158472 1.47729
v -0.508929 0.0105732 1.93827
v -0.0202115 0.0245865 1.32416
v 0.103314 0.0289596 1.17108
v 0.227229 0.03197 1.01776
v 0.35143 0.0326914 0.863953
v 0.474406 0.0326584 0.711204
v -0.62958 0.00750115 2.09384
v -0.76707 0.00685389 2.11158
v -0.904571 0.00698429 2.12936
v -0.226956 1.1891 -1.19779
v -0.194509 1.3367 -1.05295
v -0.166987 1.4819 -0.908719
v -0.128385 1.47376 -0.769779
v -0.209462 1.48337 -0.903662
v -0.173713 1.47641 -0.758956
v -0.246512 1.34118 -1.04781
v -0.241357 1.20268 -1.04121
v -0.104228 1.46941 -0.665181
v 1.64224 0.510626 -1.33476
v 1.53269 0.526154 -1.36124
v 1.89138 0.325838 -1.32144
v 1.76898 0.48841 -1.33299
v 0.754583 0.0339795 0.541173
v 0.914275 0.0384551 0.334534
v 1.04653 0.0586536 0.190109
v 1.17898 0.0410111 0.0409503
v 1.3136 0.0433436 -0.100516
v 1.45187 0.0456989 -0.236295
v 0.616844 0.0330275 0.693579
v 1.59753 0.0488221 -0.368554
v 1.60902 0.0497833 -0.506654
v 1.7583 0.0308321 -0.767964
v 1.76064 0.042999 -0.6364
v 1.85894 0.175134 -0.856996
v 1.87568 0.0467908 -0.877824
v 1.70896 0.0408384 -0.787951
v 1.86477 0.121007 -0.946015
v 1.20518 1.40065 -1.41335
v 1.04129 1.53351 -1.43226
v 0.901761 1.66306 -1.45831
v 0.765281 1.79383 -1.48447
v 1.13293 1.04994 -1.28335
v 1.17714 1.04558 -1.30072
v 1.34597 1.26753 -1.41131
v 1.32417 1.13918 -1.41182
v 0.625218 1.92051 -1.51008
v 0.880154 0.600724 -0.854389
v 0.871166 0.540449 -0.722188
v 0.912217 0.771271 -0.666789
v 1.06516 0.696416 -0.72283
v 1.19505 0.722481 -0.858946
v 1.34006 0.729579 -0.98146
v 1.49488 0.725285 -1.09643
v 1.29373 1.01177 -1.39568
v 1.28864 0.992812 -1.25279
v 1.37657 0.823492 -1.39208
v 1.66311 0.665354 -1.33866
v 1.65425 0.715398 -1.21268
v 1.41631 0.868446 -1.38941
v 1.56125 0.848976 -1.37127
v 0.485569 2.05192 -1.53188
v 0.340072 2.18631 -1.53785
v 0.170257 2.19568 -1.42511
v -0.0181231 2.1923 -1.468
v 0.157628 2.27121 -1.71973
v 0.107956 2.42985 -1.6863
v -0.0218544 2.56727 -1.65311
v -0.396201 2.57955 -1.80455
v -0.475306 2.53214 -1.92995
v -0.403756 2.63015 -1.81425
v -0.0132788 2.57734 -1.52616
v -0.000639953 2.66619 -1.52849
v -1.09781 2.76446 -1.88831
v -1.14228 2.61049 -1.9223
v -4.48312 2.41215 0.457446
v -4.63343 2.3941 0.458212
v -4.66567 2.27376 0.595731
v -4.70909 2.15872 0.597486
v -4.75982 2.0301 0.456604
v -4.77393 2.04189 0.320263
v -4.47137 3.09518 -0.0866854
v -4.47001 2.95881 0.0521599
v -4.47281 3.2257 -0.245976
v -4.47119 2.82213 0.187916
v -4.472 2.68566 0.323547
v -4.47172 2.5488 0.459156
v -4.3357 3.23862 -0.486357
v -4.33336 3.23967 -0.351129
v -4.77687 3.24496 -0.692261
v -4.62885 3.25046 -0.80709
v -4.4856 3.24024 -0.784786
v -4.5585 3.21739 -0.503895
v -4.5734 3.07722 -0.357676
v -4.57436 2.97171 -0.215393
v -4.55505 2.81692 -0.19854
v -4.73413 1.71509 1.01372
v -4.65279 1.5726 1.09521
v -4.65146 1.43175 1.24246
v -4.73079 1.85862 0.868369
v -4.65075 1.29281 1.38237
v -4.65605 1.15342 1.52035
v -4.648 1.01337 1.66077
v -4.76533 1.88254 0.451291
v -4.74693 2.01422 0.593772
v -4.73702 2.00403 0.731839
v -4.48562 1.00281 1.68721
v -4.55553 0.877909 1.88221
v -4.55154 0.875661 2.02009
v -4.47568 0.732899 2.09547
v -4.47772 1.00561 1.82406
v -4.77288 0.0221291 2.55273
v -4.43595 0.0344479 2.92882
v -4.27663 0.0330289 3.04312
v -4.11662 0.0386165 3.1576
v -3.95601 0.0446309 3.27239
v -4.5947 0.0268503 2.81283
v -3.79401 0.0484896 3.38788
v -3.62818 0.0594545 3.50598
v -3.49442 0.207227 3.49515
v -4.7521 0.0214121 2.69403
v -3.2587 0.64275 2.9174
v -3.20177 0.472229 3.1753
v -3.22391 0.630383 3.04914
v -3.2824 0.320474 3.25077
v -3.37567 0.254599 3.35541
v -3.33356 0.790872 2.66905
v -3.28655 0.788713 2.79436
v -3.2077 0.792187 2.63047
v -3.07448 0.654984 2.60068
v -2.93576 0.518471 2.57824
v -2.79744 0.379983 2.55442
v -2.7991 0.27291 2.49542
v -1.79398 0.0283882 2.81499
v -1.9136 0.0255767 2.97082
v -2.03564 0.0284398 3.12583
v -2.16354 0.0400914 3.27513
v -2.45356 0.149822 3.39129
v -2.32654 0.160492 3.35528
v -1.0242 0.018104 2.28529
v -1.14279 0.0240282 2.44269
v -1.39845 0.0282896 2.62018
v -1.26073 0.0264163 2.60004
v -1.53609 0.0280778 2.63992
v -1.65521 0.026938 2.79668
v -0.371277 0.0108702 1.9209
v -0.249912 0.0130799 1.76693
v -0.128197 0.014407 1.61377
v -0.00564318 0.0243425 1.46056
v -0.492045 0.00936609 2.07578
v 0.117602 0.0269416 1.30738
v 0.241381 0.0294161 1.15409
v 0.36557 0.0321702 1.0008
v 0.490511 0.0323661 0.847143
v -0.748771 0.0088868 2.24912
v -0.611249 0.00884233 2.23127
v -0.886547 0.0106125 2.26719
v -0.23004 1.31741 -1.2191
v -0.19306 1.48331 -1.04537
v -0.151906 1.62102 -0.759738
v -0.167221 1.62989 -0.902499
v -0.251364 1.48543 -1.04618
v -0.211644 1.6323 -0.897495
v -0.10494 1.61385 -0.624822
v 1.87793 0.465759 -1.30152
v 1.80102 0.632391 -1.32836
v 0.763805 0.0345117 0.675416
v 0.909689 0.0368325 0.513496
v 1.0476 0.0398185 0.3399
v 1.17947 0.0640407 0.191425
v 1.31209 0.0412619 0.0430003
v 1.44738 0.0452784 -0.0959542
v 1.58811 0.0478321 -0.229833
v 0.630837 0.0323838 0.830237
v 1.75034 0.0440851 -0.499824
v 1.73513 0.0486545 -0.360751
v 1.92479 0.0544995 -0.769725
v 1.91397 0.0458807 -0.63084
v 1.88647 0.0921415 -0.834849
v 1.96514 0.0372156 -0.902674
v 1.98483 0.0485261 -1.03333
v 1.36566 1.39795 -1.40946
v 1.16582 1.5321 -1.41071
v 1.0312 1.6617 -1.43786
v 0.897878 1.79341 -1.46244
v 0.761275 1.92193 -1.48989
v 1.27626 1.0986 -1.3962
v 1.46829 1.13155 -1.39308
v 1.48498 1.26286 -1.39146
v 0.621772 2.04918 -1.51078
v 0.956776 0.563878 -0.617443
v 0.934788 0.704277 -0.612834
v 0.892149 0.846421 -0.647537
v 1.13874 0.871789 -0.601744
v 1.18925 0.746685 -0.599251
v 1.18801 0.682572 -0.738499
v 1.32332 0.720413 -0.847789
v 1.47504 0.728103 -0.963006
v 1.63629 0.705734 -1.07805
v 1.45227 1.00004 -1.39294
v 1.69893 0.819657 -1.35292
v 1.58811 0.984633 -1.37406
v 0.480177 2.1811 -1.5223
v 0.314959 2.19908 -1.40732
v 0.148618 2.22555 -1.29051
v -0.0261615 2.2263 -1.3091
v 0.262172 2.2791 -1.76017
v 0.250187 2.41011 -1.67148
v 0.117526 2.54182 -1.62538
v -0.43518 2.51648 -2.03839
v -0.333367 2.73738 -1.80862
v -0.586952 2.60544 -1.90978
v 0.117616 2.54917 -1.48885
v 0.115572 2.67553 -1.49933
v -1.26018 2.73271 -1.91133
v -1.29458 2.59657 -1.93765
v -4.48316 2.41182 0.594431
v -4.63372 2.39094 0.595495
v -4.66428 2.26499 0.731462
v -4.71071 2.14586 0.733211
v -4.77419 1.89429 0.312866
v -4.46545 3.23673 -0.0842536
v -4.46931 3.09658 0.0538352
v -4.46938 2.9593 0.189886
v -4.32989 3.239 -0.215875
v -4.46939 2.82199 0.325245
v -4.47106 2.68476 0.461037
v -4.47168 2.54774 0.595951
v -4.33982 3.23661 -0.624503
v -4.19906 3.22889 -0.478581
v -4.19695 3.22947 -0.342797
v -4.76738 3.24412 -0.824066
v -4.61884 3.23419 -0.945886
v -4.47925 3.23338 -0.925018
v -4.34239 3.23326 -0.765737
v -4.56529 3.222 -0.378953
v -4.58539 3.08364 -0.239301
v -4.56794 2.88573 -0.0595552
v -4.55847 2.99711 -0.0738816
v -4.73285 1.85279 1.01308
v -4.65501 1.70943 1.09747
v -4.65056 1.56844 1.24446
v -4.65031 1.42976 1.38454
v -4.72829 1.998 0.870107
v -4.65275 1.29034 1.52285
v -4.64429 1.14991 1.66405
v -4.48273 1.14128 1.68271
v -4.55531 1.15796 1.87498
v -4.54128 1.01446 1.89156
v -4.54678 1.01311 2.04468
v -4.46224 0.868859 2.07274
v -4.47116 1.14376 1.81511
v -4.48533 1.01418 1.96054
v -4.49729 0.879187 1.97253
v -4.57249 0.0311658 2.95136
v -4.41316 0.0319113 3.06616
v -4.25353 0.0360967 3.18098
v -4.0931 0.0406088 3.29641
v -3.93212 0.048127 3.41262
v -4.73053 0.0216879 2.83417
v -3.76901 0.0623279 3.53227
v -3.63362 0.206878 3.5162
v -3.50296 0.353108 3.49247
v -3.36708 0.359803 3.47264
v -3.2549 0.780957 2.92518
v -3.19453 0.611003 3.18556
v -3.22392 0.768716 3.05926
v -3.19654 0.248736 3.26199
v -3.25725 0.314597 3.30388
v -3.28396 0.929727 2.7992
v -3.33208 0.931955 2.66777
v -3.21281 0.933792 2.63158
v -3.0786 0.795802 2.60149
v -2.93862 0.659806 2.57603
v -2.7975 0.523911 2.54694
v -2.66309 0.395601 2.60289
v -2.64282 0.269196 2.48711
v -1.7745 0.0272645 2.95323
v -1.89416 0.0238227 3.1099
v -2.01006 0.041179 3.28422
v -2.30784 0.179961 3.30066
v -2.16277 0.181084 3.28336
v -2.59167 0.0104541 3.37122
v -2.57526 0.136118 3.39653
v -2.45495 0.287113 3.3984
v -2.36864 0.27828 3.31804
v -1.00534 0.0228876 2.42314
v -1.12314 0.0247802 2.58022
v -1.37853 0.0268743 2.75724
v -1.24079 0.0258151 2.73727
v -1.51672 0.0274289 2.77731
v -1.63562 0.0258957 2.93377
v -0.354417 0.0113668 2.05763
v -0.233539 0.0117953 1.90316
v -0.112126 0.0142141 1.74959
v 0.00972552 0.0179625 1.59648
v 0.132413 0.0249883 1.44343
v -0.473965 0.00941764 2.2132
v 0.255457 0.0277362 1.29061
v 0.379443 0.0298713 1.13739
v 0.504218 0.0322164 0.984101
v -0.730088 0.0133009 2.38632
v -0.59258 0.00629739 2.36898
v -0.86772 0.0203502 2.40443
v -0.236044 1.48795 -1.13548
v -0.195184 1.63398 -1.03849
v -0.19031 1.80382 -0.887973
v -0.252812 1.63396 -1.03801
v 1.92984 0.570965 -1.3263
v 1.83555 0.771153 -1.32992
v 0.772072 0.0332808 0.813523
v 0.908388 0.0357441 0.657153
v 1.04665 0.0392168 0.495108
v 1.18112 0.0416637 0.336346
v 1.31258 0.0616874 0.188085
v 1.44577 0.0426021 0.044317
v 1.58276 0.0469332 -0.0904295
v 1.72471 0.0503497 -0.221296
v 0.643095 0.0322475 0.967814
v 1.89102 0.0479008 -0.491517
v 1.871 0.0419088 -0.3507
v 2.05108 0.0587619 -0.619839
v 2.07284 0.0518076 -0.751957
v 1.90966 0.160453 -0.944228
v 2.09902 0.0473677 -0.879309
v 2.12172 0.0556394 -1.00542
v 1.26437 1.53148 -1.41388
v 1.38562 1.52868 -1.40748
v 1.50294 1.39372 -1.38904
v 1.21179 1.48808 -1.41265
v 1.15575 1.66066 -1.41619
v 1.02863 1.79258 -1.44287
v 0.895353 1.92219 -1.46959
v 0.75798 2.04956 -1.49056
v 1.6069 1.11814 -1.37259
v 1.62486 1.25209 -1.37016
v 0.61747 2.17779 -1.50164
v 1.0789 0.592208 -0.602202
v 1.06252 0.720997 -0.595951
v 0.93608 0.422971 -0.742732
v 1.01803 0.426903 -0.666364
v 0.928377 0.840403 -0.609268
v 1.06182 0.960067 -0.601998
v 1.03248 0.839169 -0.592438
v 1.30689 0.67455 -0.723119
v 1.45362 0.724327 -0.830024
v 1.61167 0.709455 -0.943039
v 1.54757 0.617613 -1.08377
v 1.57105 0.589287 -1.21705
v 1.72489 0.964649 -1.35331
v 0.457146 2.20064 -1.39062
v 0.295511 2.22641 -1.27683
v 0.142835 2.23308 -1.15144
v -0.0354585 2.22752 -1.1653
v -0.132882 2.20645 -1.32679
v -0.129965 2.21155 -1.42812
v 0.410012 2.29405 -1.69353
v 0.386651 2.41223 -1.63183
v 0.244455 2.51394 -1.58732
v -0.353569 2.84477 -1.81031
v -0.479553 2.81514 -1.85882
v 0.235556 2.54759 -1.48063
v 0.232339 2.66605 -1.50858
v -1.39561 2.74022 -1.92216
v -1.41295 2.63032 -1.94566
v -1.21856 2.58286 -1.94065
v -4.48283 2.4123 0.73095
v -4.63536 2.38979 0.731859
v -4.66436 2.25927 0.865769
v -4.70527 2.13949 0.869112
v -4.46294 3.23894 0.056428
v -4.32591 3.23838 -0.0790082
v -4.46806 3.09717 0.191808
v -4.4664 2.95901 0.326941
v -4.1932 3.22957 -0.208206
v -4.46882 2.82134 0.462787
v -4.47021 2.68381 0.598009
v -4.47029 2.5472 0.732599
v -4.20051 3.22794 -0.614642
v -4.06087 3.21782 -0.472628
v -4.05893 3.21868 -0.338188
v -4.7573 3.23387 -0.966828
v -4.60902 3.22672 -1.08965
v -4.46963 3.22681 -1.06447
v -4.33839 3.22656 -0.905213
v -4.20113 3.22641 -0.752556
v -4.56344 3.23184 -0.246325
v -4.58124 3.10374 -0.116486
v -4.53236 2.71988 -0.0436741
v -4.52087 2.68287 -0.177343
v -4.56424 3.02385 0.0805713
v -4.55083 2.88029 0.0726978
v -4.72737 1.99265 1.01238
v -4.6544 1.84614 1.09975
v -4.65049 1.70479 1.24759
v -4.64976 1.56598 1.38732
v -4.65282 1.42733 1.52487
v -4.64386 1.28688 1.66389
v -4.47874 1.27954 1.67457
v -4.54708 1.15268 2.05305
v -4.56949 0.878454 1.80538
v -4.5676 1.01946 1.83997
v -4.45909 1.00729 2.06235
v -4.45577 1.28036 1.80875
v -4.47335 1.14717 1.94484
v -4.70856 0.0248288 2.9729
v -4.54953 0.0360404 3.08906
v -4.3897 0.0347443 3.20396
v -4.22989 0.0359948 3.31942
v -4.06959 0.0455256 3.43571
v -3.90805 0.0597039 3.55637
v -3.77303 0.207 3.53822
v -3.63904 0.350275 3.51596
v -3.50605 0.498308 3.49264
v -3.36788 0.501438 3.47056
v -3.23187 0.35762 3.45382
v -3.24003 0.227393 3.39984
v -3.25518 0.921626 2.93299
v -3.19103 0.751232 3.19587
v -3.22456 0.908802 3.06765
v -3.28313 1.07131 2.80405
v -3.33333 1.07412 2.66957
v -3.22082 1.07743 2.63237
v -3.08467 0.936775 2.60333
v -2.94431 0.799365 2.57643
v -2.79996 0.664431 2.54851
v -2.66476 0.534059 2.60094
v -2.62056 0.294251 2.64465
v -2.4805 0.258606 2.56082
v -1.7545 0.0246343 3.09083
v -1.87248 0.0309712 3.2503
v -2.00445 0.184072 3.32102
v -2.30082 0.317429 3.31255
v -2.16399 0.319679 3.2893
v -2.71678 -0.00903137 3.38876
v -2.67593 0.165461 3.39194
v -2.52806 0.220051 3.37676
v -0.985582 0.0244594 2.56066
v -1.10288 0.0248181 2.71742
v -1.21985 0.0256369 2.87367
v -1.35843 0.0258885 2.89357
v -1.49701 0.0255368 2.91412
v -1.61547 0.0246408 3.07074
v -0.336961 0.00971681 2.1952
v -0.216659 0.0125603 2.03957
v -0.0956843 0.0153081 1.88551
v 0.0258818 0.0160076 1.732
v 0.147494 0.0278997 1.57925
v 0.270495 0.0275152 1.42608
v -0.455352 0.00743947 2.35107
v 0.393498 0.0290456 1.27381
v 0.517623 0.0303815 1.12091
v -0.710242 0.0206679 2.52335
v -0.572821 0.0175637 2.50589
v -0.847854 0.024059 2.54172
v -0.208423 1.63453 -1.16808
v -0.206545 1.82761 -1.02794
v -0.248402 1.77032 -1.02817
v 1.80512 0.504508 -1.18337
v 1.89129 0.617204 -1.18111
v 1.95661 0.714132 -1.34793
v 1.86663 0.915786 -1.33019
v 0.913463 0.0348742 0.797207
v 0.782537 0.0323341 0.951715
v 1.04851 0.0375938 0.64072
v 1.18404 0.0410375 0.48226
v 1.31563 0.0442516 0.33075
v 1.44666 0.0541518 0.18455
v 1.57934 0.0522962 0.0462136
v 1.71903 0.0467927 -0.0826198
v 1.8585 0.0403917 -0.209382
v 0.655732 0.0310151 1.10505
v 2.00227 0.0479226 -0.339183
v 2.02596 0.053578 -0.481253
v 2.21236 0.0422657 -0.72412
v 2.1826 0.0532381 -0.59375
v 2.25893 0.0429526 -0.971694
v 2.2374 0.0603314 -0.848982
v 2.1494 0.0441982 -1.13405
v 2.01688 0.0539267 -1.1658
v 1.51921 1.52377 -1.38742
v 1.40075 1.65903 -1.40513
v 1.2751 1.66149 -1.41467
v 1.64136 1.3846 -1.36815
v 1.15683 1.79192 -1.42179
v 1.02765 1.92143 -1.44935
v 0.893247 2.05079 -1.47172
v 0.75328 2.1768 -1.47878
v 1.74568 1.10337 -1.35163
v 1.76257 1.23976 -1.34937
v 0.597075 2.20145 -1.37191
v 1.1287 0.456249 -0.637859
v 1.16771 0.599019 -0.646603
v 1.07768 0.890342 -0.598727
v 0.855922 0.85244 -0.685807
v 0.92454 0.976595 -0.633655
v 1.42758 0.683865 -0.705065
v 1.58863 0.705168 -0.809279
v 1.53795 0.605025 -0.971172
v 0.440436 2.22376 -1.25973
v 0.288481 2.23458 -1.14411
v 0.0128996 2.21609 -0.995615
v 0.150794 2.23967 -1.01277
v 0.546277 2.31894 -1.61386
v 0.497666 2.44066 -1.56163
v 0.362042 2.51279 -1.56055
v -0.208862 2.74668 -1.8148
v -0.237466 2.68438 -1.64264
v -0.219162 2.85082 -1.7567
v -0.383597 2.97656 -1.77627
v -0.497966 2.89546 -1.81837
v -0.55596 2.71182 -1.89087
v 0.347786 2.50064 -1.47371
v 0.352383 2.65879 -1.46004
v -1.21884 2.54153 -1.96201
v -4.48353 2.41236 0.866807
v -4.63548 2.38887 0.867556
v -4.6612 2.25732 0.998978
v -4.70966 2.14085 1.00798
v -4.32248 3.23761 0.0578936
v -4.46119 3.23916 0.194195
v -4.18953 3.22813 -0.0744314
v -4.46606 3.09684 0.328923
v -4.466 2.95862 0.464546
v -4.05577 3.21704 -0.204303
v -4.46747 2.82063 0.599839
v -4.46887 2.68286 0.73476
v -4.47123 2.54616 0.868986
v -4.06187 3.21601 -0.606378
v -3.92215 3.20116 -0.466104
v -3.91986 3.20554 -0.334016
v -4.74522 3.23582 -1.11416
v -4.59119 3.22202 -1.23194
v -4.45575 3.22019 -1.20493
v -4.33225 3.22726 -1.04554
v -4.1982 3.21972 -0.889325
v -4.06079 3.21588 -0.741332
v -4.56733 3.23057 -0.108069
v -4.57276 3.15128 0.0461868
v -4.54106 2.73724 0.0728478
v -4.56776 3.04621 0.197362
v -4.55113 2.89853 0.201678
v -4.65683 1.98121 1.11021
v -4.65081 1.84086 1.25069
v -4.65019 1.70194 1.38979
v -4.65402 1.56397 1.52685
v -4.64542 1.4239 1.66518
v -4.47605 1.41785 1.67458
v -4.52734 1.29514 1.88354
v -4.54375 1.29246 2.05878
v -4.46073 1.14433 2.03937
v -4.54277 1.02267 1.71798
v -4.57365 1.15932 1.73471
v -4.55865 1.01371 2.1604
v -4.56454 0.875575 2.17942
v -4.4555 1.41829 1.80711
v -4.45649 1.28255 1.93428
v -4.68558 0.0340499 3.11151
v -4.52581 0.0328413 3.2268
v -4.36643 0.0350352 3.3424
v -4.20656 0.0399045 3.45802
v -4.04599 0.0573828 3.57906
v -3.91114 0.205796 3.56493
v -3.77664 0.349227 3.54065
v -3.6428 0.494503 3.51518
v -3.36831 0.642662 3.47133
v -3.5071 0.640156 3.49326
v -3.22961 0.501305 3.4502
v -3.10375 0.353146 3.41385
v -3.11445 0.216399 3.38827
v -3.2569 1.06401 2.94068
v -3.18684 0.892874 3.19991
v -3.22533 1.05027 3.07696
v -3.23128 0.263575 3.3219
v -3.28433 1.21735 2.80653
v -3.34749 1.21534 2.67655
v -3.09362 1.0787 2.60509
v -3.23084 1.22152 2.63644
v -2.95158 0.938912 2.57692
v -2.80409 0.803321 2.54874
v -2.66814 0.669568 2.60059
v -2.6845 0.546731 2.74548
v -2.68786 0.41869 2.75209
v -2.63545 0.327721 2.75974
v -2.52723 0.28143 2.67753
v -2.57973 0.229153 2.53076
v -1.73535 0.0210152 3.22737
v -1.99236 0.0258109 3.40351
v -1.85583 0.0209445 3.38421
v -2.01096 0.321842 3.31958
v -2.30303 0.454601 3.31642
v -2.16706 0.45791 3.29594
v -2.61884 -0.00669889 3.23214
v -2.75267 -0.0152766 3.2581
v -2.86933 -0.00539341 3.41718
v -2.79877 0.156645 3.42588
v -2.60537 0.19326 3.35854
v -2.5234 0.235241 3.30932
v -2.63311 0.291963 3.38827
v -0.964726 0.0245132 2.698
v -1.08209 0.0250438 2.8538
v -1.33702 0.0263077 3.02863
v -1.19815 0.0257603 3.00877
v -1.47615 0.0260821 3.04945
v -1.59614 0.0232623 3.20573
v -0.31859 0.0113297 2.33314
v -0.199678 0.013662 2.17664
v -0.078283 0.0124982 2.02147
v 0.0422264 0.0158663 1.8679
v 0.163685 0.025099 1.71464
v 0.285787 0.0320132 1.56161
v 0.408423 0.0297567 1.4092
v -0.435611 0.0148034 2.48919
v 0.531639 0.0297529 1.25711
v -0.688968 0.0215887 2.66079
v -0.551322 0.0197676 2.64388
v -0.826758 0.0239975 2.6789
v -0.224561 1.57467 -1.292
v -0.218069 1.65026 -1.29851
v -0.208476 1.79602 -1.16838
v -0.215086 1.80058 -0.981361
v -0.263851 1.79112 -1.17141
v -0.25709 1.6357 -1.1751
v 2.0552 0.644824 -1.2922
v 2.02464 0.669426 -1.22408
v 1.98055 0.643307 -1.32214
v 1.99009 0.827779 -1.31381
v 1.88659 1.08441 -1.33034
v 0.9215 0.0335633 0.93663
v 1.05337 0.0363213 0.782155
v 0.793939 0.0316995 1.08946
v 1.18701 0.0394521 0.626856
v 1.32007 0.0425726 0.472613
v 1.45064 0.0451429 0.324277
v 1.58177 0.0463576 0.18099
v 1.7155 0.0560548 0.0478998
v 1.86074 0.0493214 -0.0648498
v 1.98469 0.041616 -0.187042
v 0.669581 0.0303444 1.24095
v 2.1225 0.0479559 -0.323669
v 2.15333 0.0498912 -0.460392
v 2.31231 0.0448245 -0.564266
v 2.35511 0.0620959 -0.686049
v 2.28211 0.0517401 -1.10284
v 2.39642 0.0469996 -0.929831
v 2.40278 0.0523377 -0.801704
v 1.65553 1.51672 -1.36573
v 1.5322 1.65493 -1.38608
v 1.28178 1.79287 -1.41853
v 1.40956 1.79063 -1.40403
v 1.77705 1.37443 -1.34675
v 1.15827 1.92236 -1.42816
v 1.02677 2.05181 -1.45122
v 0.889067 2.17986 -1.46178
v 0.735109 2.20245 -1.35342
v 1.89473 1.22705 -1.32906
v 0.581114 2.21945 -1.24167
v 1.21891 0.502945 -0.648887
v 1.55083 0.698698 -0.681198
v 0.43269 2.23933 -1.13136
v 0.290476 2.24196 -1.00865
v 0.0364907 2.22059 -0.866546
v 0.166423 2.24152 -0.873978
v 0.651128 2.42898 -1.51872
v 0.642879 2.3394 -1.51939
v 0.413925 2.47924 -1.5425
v -0.0903257 2.74952 -1.85596
v -0.115735 2.87424 -1.81606
v -0.244943 2.98163 -1.75239
v -0.402224 3.07973 -1.69797
v -0.528245 3.06991 -1.7374
v -0.521465 2.88653 -1.83507
v -0.615339 2.77404 -1.92124
v 0.475478 2.52987 -1.48476
v 0.453408 2.65818 -1.45789
v -1.2827 2.62843 -2.06455
v -1.16726 2.69104 -2.02196
v -4.632 2.3848 1.00229
v -4.48274 2.41 1.00231
v -4.65777 2.11701 1.1211
v -4.66128 2.25035 1.13109
v -4.18571 3.22777 0.0590434
v -4.31953 3.23701 0.193854
v -4.45693 3.23879 0.331335
v -4.05203 3.21564 -0.072021
v -4.46298 3.09641 0.466191
v -4.46429 2.958 0.601588
v -3.91715 3.20464 -0.202501
v -4.46614 2.81958 0.736798
v -4.46959 2.68132 0.871603
v -4.47055 2.54371 1.00544
v -3.92312 3.19425 -0.597793
v -3.78109 3.19111 -0.328955
v -3.78347 3.18647 -0.460126
v -4.72885 3.22246 -1.26994
v -4.56842 3.21328 -1.38302
v -4.43598 3.20948 -1.34765
v -4.31851 3.21658 -1.18332
v -4.20085 3.23286 -1.03747
v -4.05892 3.20983 -0.877147
v -3.92344 3.18866 -0.732142
v -4.57207 3.22579 0.0374154
v -4.57364 3.21806 0.180732
v -4.54324 2.75692 0.1945
v -4.57625 3.05377 0.330019
v -4.55195 2.91191 0.330898
v -4.6527 1.97541 1.25571
v -4.65 1.83751 1.39219
v -4.65505 1.69995 1.52906
v -4.64236 1.56051 1.66801
v -4.47642 1.55603 1.67423
v -4.52461 1.4378 1.87085
v -4.54426 1.43074 2.06058
v -4.56025 1.15027 2.15253
v -4.58043 1.29667 1.73838
v -4.59251 1.29912 1.88265
v -4.45576 1.5562 1.80727
v -4.45769 1.42039 1.93102
v -4.66179 0.0341613 3.24965
v -4.50258 0.0359707 3.36494
v -4.34329 0.0367447 3.48013
v -4.18343 0.0522831 3.60265
v -4.04923 0.203576 3.58764
v -3.91484 0.348015 3.56541
v -3.78039 0.492313 3.53919
v -3.64552 0.636886 3.51591
v -3.228 0.645239 3.44978
v -3.50934 0.780516 3.49523
v -3.3683 0.784083 3.4731
v -3.09825 0.497543 3.41143
v -2.99172 0.346912 3.36075
v -2.99593 0.186957 3.35594
v -3.11274 0.221278 3.26197
v -3.2559 1.20964 2.95027
v -3.18288 1.03485 3.20667
v -3.22113 1.19999 3.08922
v -3.36909 1.35357 2.69998
v -3.31541 1.3664 2.82332
v -3.10569 1.22079 2.60692
v -2.95895 1.0796 2.57861
v -3.24051 1.36864 2.64424
v -2.81088 0.942206 2.55154
v -2.66342 0.805425 2.59781
v -2.68377 0.676858 2.73552
v -2.66936 0.558197 2.87554
v -2.66983 0.430115 2.88472
v -2.62529 0.326577 2.88974
v -2.46004 0.261726 2.66108
v -2.61588 0.159657 2.54434
v -1.71736 0.0175922 3.36003
v -1.97441 0.0532485 3.526
v -1.83968 0.034033 3.51341
v -2.01831 0.459931 3.30709
v -2.3045 0.593148 3.31303
v -2.16968 0.596386 3.29898
v -2.4318 0.311834 3.32219
v -2.43352 0.452025 3.32687
v -2.86172 0.0471249 3.276
v -2.91689 0.162518 3.36782
v -2.76975 0.326066 3.39191
v -2.61916 0.137519 3.30665
v -2.57261 0.169626 3.3375
v -2.62063 0.446266 3.38411
v -2.44172 0.432247 3.39668
v -0.943465 0.0242354 2.83447
v -1.05974 0.0245445 2.98915
v -1.31558 0.0254352 3.16182
v -1.17559 0.0252762 3.1427
v -1.45606 0.0242522 3.18329
v -1.57712 0.0202758 3.3376
v -0.181758 0.0195371 2.31474
v -0.298997 0.01698 2.47177
v -0.0615412 0.0234306 2.15772
v 0.0594761 0.0129045 2.00381
v 0.180227 0.0180462 1.85015
v 0.301681 0.0296645 1.69725
v 0.423794 0.0356732 1.54445
v 0.546332 0.0328493 1.39242
v -0.414335 0.0187517 2.62793
v -0.528473 0.0184344 2.78083
v -0.666238 0.0202649 2.79771
v -0.804813 0.0225206 2.81548
v -0.2272 1.58173 -1.34953
v -0.21909 1.78762 -1.30779
v -0.220723 1.49047 -1.22478
v -0.218384 1.86102 -1.12488
v -0.24013 1.95942 -1.17831
v 2.04409 0.727357 -1.21924
v 2.12116 0.800816 -1.25796
v 1.96399 0.889781 -1.31644
v 1.97396 1.00955 -1.31577
v 0.932202 0.0323958 1.07437
v 1.06029 0.0350766 0.922231
v 1.1919 0.0376433 0.768555
v 0.807213 0.0314016 1.22558
v 1.32439 0.0408386 0.615046
v 1.45597 0.0432272 0.464445
v 1.58622 0.0454356 0.317835
v 1.7177 0.0452835 0.176725
v 1.85139 0.0424373 0.0506403
v 1.98107 0.084224 -0.044583
v 2.09759 0.0600304 -0.174545
v 0.683752 0.0348413 1.37664
v 2.24442 0.0312343 -0.301358
v 2.26867 0.0304373 -0.435755
v 2.42156 0.012616 -0.5321
v 2.45727 -0.0292043 -0.729477
v 2.30571 0.0698411 -1.2382
v 2.16283 0.0704749 -1.23936
v 2.42351 0.043686 -1.06208
v 1.79145 1.50835 -1.34406
v 1.66712 1.64876 -1.36473
v 1.54251 1.78619 -1.3849
v 1.4176 1.92169 -1.40352
v 1.28749 1.92309 -1.42318
v 1.91158 1.36466 -1.32592
v 1.15958 2.05168 -1.43076
v 1.02383 2.18089 -1.44125
v 0.872503 2.20437 -1.33671
v 0.720502 2.22227 -1.22559
v 1.98931 1.06873 -1.31444
v 2.01912 1.20986 -1.31059
v 0.571853 2.24293 -1.11648
v 1.23317 0.535676 -0.799666
v 1.08391 0.576655 -0.797934
v 1.22982 0.47386 -0.706842
v 0.430827 2.24417 -0.998886
v 0.296954 2.24369 -0.872044
v -0.0962626 2.22075 -0.866044
v -0.119974 2.19898 -1.00432
v 0.0644719 2.24758 -0.758195
v 0.161195 2.23503 -0.722765
v 0.496995 2.4823 -1.59597
v 0.48859 2.26527 -1.50501
v 0.625823 2.27365 -1.41413
v 0.68107 2.38504 -1.48871
v 0.0406702 2.75567 -1.83537
v 0.0226855 2.84875 -1.75006
v -0.113576 2.96883 -1.72181
v -0.268316 3.06523 -1.66721
v -0.657171 3.05128 -1.80723
v -0.586875 2.94898 -1.82802
v -0.661677 2.90156 -1.92392
v -0.601145 2.68974 -1.91551
v -4.47997 2.40617 1.13791
v -4.6307 2.37873 1.13586
v -4.65517 2.10958 1.26076
v -4.65807 2.24288 1.26512
v -4.04857 3.21301 0.0601447
v -4.1821 3.22848 0.193273
v -4.31655 3.23649 0.329689
v -4.45458 3.23795 0.468043
v -3.91397 3.20619 -0.0718132
v -4.46143 3.09588 0.603392
v -4.46304 2.95692 0.739016
v -3.77803 3.19802 -0.198833
v -4.46638 2.81788 0.874109
v -4.46796 2.67888 1.00845
v -4.46903 2.54029 1.14192
v -3.78438 3.18578 -0.59276
v -3.64455 3.18589 -0.456543
v -3.64205 3.18713 -0.322656
v -4.69934 3.22835 -1.42255
v -4.55744 3.14151 -1.45382
v -4.42118 3.14414 -1.44099
v -4.30293 3.2069 -1.31796
v -4.18072 3.21282 -1.16608
v -4.05429 3.20925 -1.01345
v -3.92158 3.19016 -0.867333
v -3.78458 3.18524 -0.727081
v -4.57282 3.19838 0.0881112
v -4.57591 3.215 0.324234
v -4.5468 2.78208 0.328408
v -4.55467 3.05563 0.46566
v -4.55093 2.91162 0.464493
v -4.65084 1.97236 1.39492
v -4.65461 1.83568 1.53101
v -4.63883 1.69696 1.67142
v -4.47425 1.69385 1.67507
v -4.52983 1.57217 1.89516
v -4.54403 1.56813 2.0508
v -4.4568 1.28257 2.05888
v -4.57458 1.28546 2.13572
v -4.5781 1.43439 1.7372
v -4.58518 1.43997 1.86787
v -4.4552 1.69406 1.80794
v -4.46065 1.55746 1.93223
v -4.4582 1.42058 2.04785
v -4.63846 0.0335761 3.38735
v -4.82088 0.0255785 3.13463
v -4.79748 0.0324036 3.27277
v -4.4797 0.0365873 3.50232
v -4.32073 0.0478277 3.62227
v -4.18651 0.2004 3.611
v -4.05269 0.345798 3.58806
v -3.91859 0.490083 3.56497
v -3.78357 0.634164 3.54004
v -3.64845 0.777628 3.51765
v -3.22635 0.788025 3.45069
v -3.09364 0.643149 3.41124
v -3.51201 0.9197 3.49747
v -3.37056 0.924133 3.47506
v -2.98412 0.488857 3.35628
v -3.27977 1.3482 2.96349
v -3.18764 1.18462 3.22071
v -3.25467 1.3456 3.10966
v -3.14324 1.37096 2.764
v -3.12975 1.3691 2.6098
v -2.96731 1.2201 2.58011
v -2.81728 1.08169 2.55758
v -2.66193 0.942979 2.59353
v -2.69236 0.809074 2.71764
v -2.66743 0.687937 2.86351
v -2.64632 0.56837 3.00661
v -2.66991 0.433297 3.01845
v -2.61394 0.335109 3.01587
v -2.43958 0.264846 2.76134
v -2.48782 0.303159 2.89697
v -1.69893 0.0290264 3.48953
v -2.1197 0.0438959 3.4056
v -2.09756 0.0565121 3.54658
v -1.98493 0.183145 3.55094
v -1.83668 0.177492 3.52582
v -2.02531 0.60035 3.30644
v -2.43506 0.591282 3.32528
v -2.16851 0.735725 3.29651
v -2.30511 0.733238 3.31304
v -2.88114 0.34918 3.37907
v -2.75192 0.468535 3.39401
v -2.59065 0.578568 3.37103
v -2.43839 0.57453 3.40042
v -0.921328 0.0225699 2.96965
v -1.03626 0.0267246 3.12337
v -1.29469 0.0297253 3.29264
v -1.1536 0.0318888 3.27084
v -1.43588 0.0223863 3.31452
v -1.55724 0.0299078 3.46403
v -0.0434194 0.0239126 2.29587
v -0.162515 0.0208079 2.45343
v -0.278763 0.021336 2.61156
v 0.076638 0.0264459 2.13869
v 0.197272 0.0152043 1.98597
v 0.318379 0.0218336 1.83252
v 0.439669 0.0315224 1.68011
v 0.561451 0.0363499 1.52817
v -0.391565 0.0186207 2.76479
v -0.642764 0.0174514 2.93468
v -0.504469 0.0169901 2.91785
v -0.782096 0.0188066 2.95153
v -0.231054 1.49909 -1.2855
v -0.23477 1.62657 -1.43001
v -0.219196 1.71896 -1.38381
v -0.221699 1.91766 -1.32994
v 1.99408 0.694027 -1.15596
v 2.17606 0.891656 -1.28079
v 2.03525 0.92578 -1.30533
v 0.944697 0.0320242 1.21076
v 1.07005 0.0334763 1.06035
v 1.1985 0.0366067 0.908976
v 1.32975 0.0395473 0.756634
v 0.821084 0.0365714 1.36113
v 1.46104 0.0415231 0.604884
v 1.59159 0.0439615 0.456312
v 1.72217 0.0444827 0.310622
v 1.85393 0.0445607 0.16911
v 1.98551 0.0627773 0.0518087
v 1.94472 0.131294 -0.0304854
v 2.11441 0.0351692 -0.0278307
v 2.23851 0.0299096 -0.162959
v 0.698824 0.0361641 1.51241
v 2.39576 0.0155487 -0.409178
v 2.37942 0.0181673 -0.285045
v 2.47584 0.148697 -0.686325
v 2.54042 0.00904793 -0.447713
v 2.56205 -0.0427162 -0.675184
v 2.43714 0.0815397 -1.17963
v 1.9259 1.50073 -1.32179
v 1.80298 1.64175 -1.34453
v 1.67661 1.78119 -1.364
v 1.5509 1.9166 -1.38331
v 1.29075 2.05306 -1.42235
v 1.42277 2.05183 -1.40195
v 2.04325 1.35335 -1.30554
v 1.15813 2.18032 -1.42481
v 1.00856 2.20476 -1.31684
v 0.858761 2.22727 -1.20887
v 0.711373 2.24522 -1.10072
v 2.14892 1.19949 -1.29028
v 2.09203 1.05305 -1.29853
v 0.568319 2.24587 -0.985327
v 1.33644 0.479602 -0.76006
v 1.27768 0.491274 -0.704474
v 1.17667 0.545544 -0.960474
v 1.05844 0.578361 -0.935345
v 1.04236 0.578032 -0.731539
v 1.18738 0.439228 -0.782929
v 0.431091 2.24708 -0.864061
v 0.300522 2.24644 -0.736531
v -0.0883972 2.22516 -0.742098
v 0.0110843 2.23572 -0.685205
v 0.156617 2.30711 -0.706987
v 0.128537 2.31742 -0.842381
v 0.680021 2.52172 -1.4685
v 0.749202 2.38673 -1.42801
v 0.158303 2.74881 -1.77971
v 0.147593 2.83949 -1.71342
v 0.0162103 2.96714 -1.69029
v -0.13304 3.06008 -1.64327
v -0.710218 3.03434 -1.93696
v -0.769215 2.86095 -2.00021
v -0.715506 2.73112 -2.01201
v -4.47871 2.40228 1.27309
v -4.63178 2.37271 1.26953
v -4.66017 2.23841 1.40026
v -4.65571 2.10645 1.39778
v -3.91036 3.2076 0.0600645
v -4.04497 3.21343 0.192948
v -4.17898 3.22712 0.328336
v -4.31387 3.23608 0.465978
v -4.45142 3.23927 0.605265
v -3.77507 3.20129 -0.0706131
v -4.46034 3.09492 0.741295
v -4.46262 2.95515 0.876786
v -3.63892 3.18785 -0.189574
v -4.46555 2.8152 1.01183
v -4.46635 2.67577 1.14528
v -4.46849 2.53599 1.27783
v -3.64608 3.18466 -0.590088
v -3.50295 3.18622 -0.314983
v -3.50538 3.18503 -0.449681
v -4.68523 3.14143 -1.50146
v -4.5216 3.13908 -1.62916
v -4.39399 3.14177 -1.59806
v -4.28733 3.14527 -1.42846
v -4.16727 3.19334 -1.30497
v -4.04565 3.20191 -1.1505
v -3.91643 3.19204 -1.00353
v -3.78337 3.18609 -0.86111
v -3.6462 3.18352 -0.723535
v -4.5708 3.21811 0.464178
v -4.5461 2.77101 0.450315
v -4.56953 3.05319 0.611202
v -4.55068 2.9153 0.608371
v -4.65469 1.97091 1.53271
v -4.63959 1.83366 1.67133
v -4.47574 1.83154 1.67478
v -4.55358 1.70348 2.05074
v -4.53102 1.70823 1.89822
v -4.58754 1.57458 1.83614
v -4.56172 1.56828 1.7309
v -4.59098 1.43766 1.96311
v -4.59353 1.30278 1.95779
v -4.45453 1.83208 1.81006
v -4.45885 1.69479 1.93608
v -4.45451 1.55766 2.04866
v -4.77408 0.0333849 3.41033
v -4.61567 0.0350553 3.52474
v -4.45776 0.0453889 3.64116
v -4.32367 0.196889 3.63021
v -4.19026 0.343012 3.6101
v -4.05661 0.488415 3.58884
v -3.9217 0.631567 3.56451
v -3.78661 0.774908 3.54329
v -3.65059 0.91675 3.52858
v -3.2274 0.930445 3.45101
v -3.09372 0.791325 3.41018
v -2.96431 0.64035 3.37156
v -3.37666 1.06346 3.47858
v -3.51879 1.059 3.4997
v -3.10423 1.37372 2.91028
v -3.22289 1.3401 3.25901
v -3.0525 1.36139 3.05429
v -3.11349 1.50568 2.76337
v -3.13875 1.51017 2.61589
v -3.16967 1.41597 2.62331
v -2.97601 1.35774 2.58322
v -2.82034 1.22132 2.56681
v -2.67464 1.07874 2.5986
v -2.71352 0.938637 2.69369
v -2.67433 0.820641 2.84853
v -2.63965 0.702388 2.99225
v -2.58739 0.452966 3.13251
v -2.62817 0.583987 3.13568
v -2.58621 0.367912 3.1398
v -2.46835 0.318689 3.02864
v -2.43279 0.274928 2.85258
v -1.69724 0.175881 3.5003
v -2.16286 0.154339 3.53328
v -2.07863 0.180212 3.41322
v -2.00009 0.307597 3.52443
v -1.83945 0.317832 3.5274
v -2.02865 0.73916 3.31932
v -2.03838 0.599348 3.41603
v -2.03802 0.459989 3.40778
v -2.4466 0.733411 3.32149
v -2.3035 0.87445 3.31018
v -2.16702 0.875128 3.29761
v -2.89828 0.49818 3.37548
v -2.72573 0.597428 3.39821
v -2.581 0.723433 3.36284
v -2.45104 0.720815 3.40122
v -0.898376 0.0215098 3.10375
v -1.01213 0.027845 3.24966
v -1.27336 0.0348767 3.41897
v -1.13201 0.0369136 3.39625
v -1.41469 0.031179 3.44209
v -1.55553 0.175997 3.47916
v -0.0251056 0.0237105 2.4346
v 0.0948381 0.0252885 2.27653
v -0.144493 0.0223209 2.595
v -0.256786 0.0203353 2.75035
v 0.215307 0.0272969 2.1206
v 0.335644 0.0215652 1.96783
v 0.456363 0.0281611 1.81537
v 0.5771 0.0337056 1.66388
v -0.367376 0.0175269 2.9024
v -0.478685 0.0165591 3.05846
v -0.61757 0.0159552 3.07808
v -0.75774 0.0168298 3.09126
v -0.227544 1.55805 -1.4416
v -0.204443 1.81136 -1.44516
v -0.208429 1.91085 -1.46836
v -0.23434 1.9774 -1.27871
v 2.02538 0.827691 -1.16599
v 2.3153 0.832359 -1.25889
v 2.28526 0.690899 -1.25606
v 2.21353 1.01458 -1.28134
v 1.08205 0.0328992 1.19671
v 0.958167 0.0370376 1.34621
v 1.20781 0.0346877 1.04725
v 1.33667 0.0380573 0.896606
v 1.46679 0.040144 0.746007
v 0.835993 0.0361675 1.49661
v 1.5972 0.0422649 0.595374
v 1.72743 0.0444147 0.447765
v 1.85833 0.0444207 0.300883
v 1.98994 0.0413305 0.1482
v 2.0391 0.052503 0.0511702
v 2.24782 0.0380281 -0.020547
v 2.37396 0.0324703 -0.152102
v 0.714497 0.0344001 1.64791
v 2.51439 0.0305226 -0.27805
v 2.45258 0.0124042 -0.462997
v 2.6314 0.112973 -0.671943
v 2.41325 0.140173 -0.862829
v 2.52884 0.214137 -0.825449
v 2.75084 0.00209707 -0.671093
v 2.72532 -0.083049 -0.71508
v 2.4508 0.131359 -1.10523
v 2.45183 0.227489 -1.17035
v 2.30718 0.229196 -1.23981
v 2.05942 1.49323 -1.30424
v 1.93731 1.63596 -1.32105
v 1.81152 1.77644 -1.34431
v 1.684 1.91387 -1.3632
v 1.55651 2.04819 -1.38213
v 1.42635 2.18201 -1.39202
v 1.29215 2.18235 -1.41051
v 2.17976 1.34678 -1.28674
v 1.14409 2.20064 -1.2985
v 0.995664 2.2295 -1.19176
v 0.84906 2.24551 -1.08251
v 0.704639 2.24901 -0.968384
v 2.31382 1.2079 -1.26614
v 0.565067 2.25004 -0.850802
v 1.27901 0.543199 -0.931368
v 1.38503 0.449605 -0.896257
v 1.22961 0.541473 -0.897169
v 1.10569 0.597985 -0.982693
v 0.957683 0.578913 -0.911704
v 1.03784 0.667466 -0.934747
v 0.923326 0.547035 -0.794738
v 1.05012 0.595955 -0.680702
v 0.429176 2.24849 -0.728322
v 0.195724 2.25855 -0.585942
v 0.288143 2.24528 -0.600578
v 0.171178 2.2669 -0.671898
v 0.279826 2.34474 -0.740105
v 0.294823 2.35525 -0.892181
v 0.812139 2.52242 -1.45596
v 0.271995 2.71371 -1.7166
v 0.277584 2.83131 -1.69708
v 0.145261 2.96347 -1.67057
v 0.00425759 3.07972 -1.62853
v -0.815246 2.9936 -1.99128
v -0.904764 2.82275 -2.03524
v -0.876631 2.69963 -2.09533
v -4.4804 2.39811 1.40597
v -4.6358 2.36904 1.40207
v -4.6595 2.23935 1.53533
v -4.65647 2.10579 1.53425
v -3.77191 3.20221 0.0580503
v -3.90693 3.20664 0.191581
v -4.04117 3.21476 0.326512
v -4.17593 3.22705 0.463794
v -4.31164 3.23991 0.602493
v -4.44918 3.23678 0.743263
v -3.63636 3.18931 -0.0669918
v -4.45977 3.09338 0.880173
v -4.46231 2.95231 1.01585
v -3.49995 3.18681 -0.180079
v -4.46302 2.81159 1.14907
v -4.46417 2.67164 1.28167
v -4.46684 2.53206 1.41312
v -3.50703 3.18366 -0.584631
v -3.36406 3.18528 -0.30589
v -3.36639 3.18415 -0.442531
v -4.83079 3.23117 -1.47397
v -4.80289 3.15112 -1.5699
v -4.648 3.14408 -1.67161
v -4.4922 3.16696 -1.7688
v -4.37106 3.16287 -1.73832
v -4.26321 3.14793 -1.58032
v -4.15265 3.15311 -1.42596
v -4.03374 3.1735 -1.28936
v -3.90919 3.19364 -1.14035
v -3.77908 3.18603 -0.995902
v -3.64467 3.18401 -0.856534
v -3.50774 3.18215 -0.71966
v -4.56908 3.22009 0.601969
v -4.56618 3.05838 0.743638
v -4.55016 2.91883 0.744925
v -4.63878 1.97011 1.67082
v -4.47475 1.96862 1.6752
v -4.5275 1.71026 1.76693
v -4.53905 1.58175 1.77505
v -4.56882 1.82971 2.02592
v -4.53292 1.84597 1.89429
v -4.45427 1.96987 1.81114
v -4.45812 1.83268 1.93984
v -4.45683 1.69471 2.06643
v -4.75121 0.0328459 3.54687
v -4.59391 0.0423354 3.66414
v -4.46013 0.193612 3.64988
v -4.32763 0.341059 3.63118
v -4.19383 0.485574 3.61309
v -4.05983 0.629083 3.58953
v -3.92453 0.772417 3.56768
v -3.78972 0.914276 3.55218
v -3.65794 1.05607 3.52465
v -3.09368 0.939639 3.40909
v -3.23391 1.07015 3.45083
v -3.01753 0.722546 3.38115
v -3.52485 1.19705 3.50149
v -3.38531 1.2011 3.48079
v -3.07507 1.49526 2.89971
v -2.96734 1.35674 3.17297
v -3.05093 1.48655 3.04716
v -3.0823 1.63395 2.75332
v -3.12675 1.639 2.63323
v -2.8065 1.37678 2.60842
v -2.98411 1.49345 2.58285
v -2.6763 1.21492 2.60519
v -2.76973 1.05711 2.66751
v -2.67559 0.954245 2.83033
v -2.6447 0.839373 2.97639
v -2.63437 0.71878 3.11784
v -2.72511 0.511117 3.22977
v -2.69643 0.618169 3.20999
v -2.4633 0.31786 3.16511
v -2.61725 0.387516 3.15269
v -2.37097 0.256779 2.89944
v -2.40125 0.227828 3.04717
v -1.69823 0.316094 3.50236
v -2.16201 0.243436 3.42868
v -2.1811 0.158914 3.44379
v -1.98787 0.461767 3.51878
v -1.8425 0.457233 3.52969
v -2.02662 0.87591 3.33173
v -2.03825 0.737774 3.42317
v -1.9813 0.600798 3.52816
v -2.43373 0.888229 3.32763
v -2.30436 1.01332 3.31987
v -2.1643 1.01349 3.30111
v -2.85514 0.648495 3.39619
v -2.71282 0.710848 3.39407
v -2.52226 0.891899 3.37343
v -2.6178 0.864427 3.37853
v -0.857557 0.062865 3.21211
v -0.990424 0.0403746 3.37449
v -1.27387 0.179203 3.43413
v -1.13377 0.181338 3.41166
v -1.41421 0.177069 3.45688
v -1.55733 0.316625 3.48139
v -0.00759266 0.022235 2.57281
v 0.113643 0.0245334 2.41459
v 0.233931 0.0272399 2.25688
v -0.125937 0.0185077 2.73675
v -0.2318 0.0167336 2.88604
v 0.35378 0.02906 2.10259
v 0.474329 0.0256043 1.94998
v 0.594104 0.0294202 1.79879
v -0.339552 0.0105829 3.04441
v -0.611848 0.147904 3.09071
v -0.471039 0.147255 3.06591
v -0.759271 0.145531 3.1094
v -0.219607 1.71897 -1.43759
v -0.204426 2.0516 -1.45949
v -0.157133 2.18701 -1.51449
v -0.241192 2.05512 -1.32789
v 2.32871 0.967795 -1.26228
v 2.45803 0.660424 -1.19949
v 2.45878 0.8014 -1.19397
v 1.21931 0.033377 1.18375
v 1.09493 0.0357305 1.33153
v 0.972707 0.0358107 1.48142
v 1.34546 0.0359699 1.03519
v 1.47418 0.0390654 0.885584
v 1.6036 0.040862 0.73581
v 0.85197 0.0352507 1.63165
v 1.73323 0.0430425 0.586405
v 1.86377 0.0443661 0.438334
v 1.99487 0.041007 0.288982
v 2.12458 0.0390142 0.128256
v 2.25907 0.0355291 0.12321
v 2.38359 0.0312018 -0.0159498
v 2.51038 0.0322887 -0.146344
v 0.731618 0.0310056 1.78272
v 2.65231 0.033649 -0.27082
v 2.67412 0.0287757 -0.402153
v 2.68765 0.213293 -0.789811
v 2.47836 0.178817 -0.917871
v 2.62851 -0.0370431 -0.554558
v 2.70521 0.00979544 -0.544683
v 2.44221 0.176421 -1.00208
v 2.4529 0.377729 -1.18874
v 2.30975 0.385589 -1.24557
v 2.19364 1.48907 -1.28522
v 2.07045 1.63114 -1.30401
v 1.94608 1.77116 -1.32077
v 1.8192 1.9094 -1.34287
v 1.69078 2.04503 -1.36248
v 1.56048 2.17971 -1.37307
v 1.41396 2.19894 -1.2659
v 1.27937 2.19932 -1.28356
v 2.31993 1.34704 -1.26534
v 1.13204 2.23304 -1.1758
v 0.985643 2.2473 -1.06525
v 0.840524 2.25023 -0.950726
v 0.699093 2.25391 -0.83414
v 2.33185 1.09313 -1.26246
v 0.559504 2.25317 -0.714441
v 1.34461 0.434238 -1.02244
v 1.29421 0.5605 -1.05019
v 1.21837 0.649528 -0.971541
v 1.00917 0.558966 -1.03983
v 0.92407 0.53253 -0.923963
v 1.0658 0.657526 -1.00627
v 0.986721 0.571495 -0.73772
v 0.41785 2.25037 -0.593612
v 0.238847 2.24723 -0.547202
v 0.215889 2.35772 -0.588387
v 0.17499 2.36602 -0.731182
v 0.153947 2.3698 -0.870095
v 0.112348 2.32053 -0.957824
v 0.730515 2.52175 -1.28996
v 0.849418 2.50283 -1.35432
v 0.780526 2.51566 -1.42626
v 0.401902 2.81627 -1.67461
v 0.398843 2.69521 -1.68651
v 0.271752 2.95112 -1.63895
v 0.13345 3.07191 -1.59759
v -0.941744 2.96446 -2.0301
v -0.780594 3.14325 -1.89135
v -0.861861 3.11774 -1.96188
v -4.47881 2.39186 1.53867
v -4.63336 2.36882 1.533
v -4.64022 2.24155 1.67222
v -4.63727 2.10609 1.67018
v -3.6334 3.19306 0.0541926
v -3.76859 3.20157 0.18819
v -3.90353 3.20472 0.324662
v -4.03776 3.2134 0.461126
v -4.17354 3.23023 0.599001
v -4.30986 3.23858 0.740023
v -4.44805 3.23484 0.882963
v -3.49685 3.18784 -0.0529827
v -4.4599 3.09051 1.02252
v -4.45884 2.94802 1.15423
v -3.36114 3.18592 -0.16624
v -4.45981 2.80784 1.28466
v -4.4628 2.66837 1.41671
v -4.46397 2.52874 1.54706
v -3.36818 3.1828 -0.57812
v -3.2279 3.18335 -0.435895
v -3.22566 3.18428 -0.29845
v -4.77949 3.14438 -1.7019
v -4.61833 3.1917 -1.79453
v -4.24102 3.15949 -1.71866
v -4.13835 3.13371 -1.56613
v -4.01935 3.14672 -1.41975
v -3.89981 3.16882 -1.2766
v -3.77392 3.17909 -1.13172
v -3.64178 3.17982 -0.991313
v -3.50658 3.18148 -0.851997
v -3.36949 3.18212 -0.713757
v -4.57299 3.21903 0.738266
v -4.55252 3.04779 0.878108
v -4.54836 2.9055 0.873506
v -4.54539 2.77991 0.745542
v -4.54559 2.77542 0.619554
v -4.47506 2.10489 1.67295
v -4.53128 1.85204 1.76036
v -4.55103 1.98411 2.04263
v -4.53297 1.98484 1.89166
v -4.4539 2.10775 1.8126
v -4.45842 1.97098 1.94493
v -4.4583 1.83209 2.07411
v -4.72981 0.0397694 3.68452
v -4.59561 0.190023 3.67393
v -4.46349 0.338281 3.65547
v -4.33062 0.482457 3.63535
v -4.19728 0.626026 3.61484
v -4.06206 0.769642 3.59528
v -3.92793 0.911915 3.57569
v -3.79406 1.05336 3.55624
v -3.66204 1.19398 3.52979
v -3.0957 1.0877 3.412
v -2.96921 0.81182 3.35134
v -2.96986 0.96017 3.34973
v -3.24545 1.20733 3.45555
v -2.96676 0.726085 3.36145
v -3.5311 1.33438 3.51653
v -3.39588 1.33905 3.4851
v -3.05371 1.62291 2.88998
v -3.14384 1.3531 3.40871
v -2.98434 1.34062 3.37473
v -2.96343 1.48461 3.18836
v -3.02567 1.61504 3.02658
v -3.07161 1.76729 2.74261
v -3.16199 1.75287 2.6519
v -2.9897 1.627 2.58647
v -2.8385 1.48417 2.63661
v -2.67783 1.35291 2.61298
v -2.80824 1.19858 2.67147
v -2.73875 1.08206 2.82068
v -2.65241 0.978102 2.96311
v -2.58655 0.867777 3.09389
v -2.72103 0.729854 3.20729
v -2.76364 0.391444 3.27242
v -2.67816 0.34167 3.18578
v -2.52793 0.330385 3.18641
v -2.40728 0.271539 3.20061
v -2.32873 0.238144 3.08214
v -2.39944 0.261554 3.05265
v -2.52837 0.209783 2.90117
v -2.55507 0.214667 2.77895
v -1.70102 0.456481 3.50182
v -2.192 0.303843 3.57318
v -2.08185 0.302146 3.39864
v -1.84529 0.596695 3.5344
v -2.02195 1.01356 3.34085
v -2.04482 0.876269 3.42238
v -1.98851 0.740651 3.53385
v -2.43991 1.01921 3.35558
v -2.30921 1.14643 3.31923
v -2.16275 1.15006 3.2959
v -2.76457 0.652257 3.39616
v -2.71335 0.836955 3.38363
v -2.42874 0.834944 3.36646
v -2.6269 0.918906 3.3805
v -0.846441 0.0445794 3.35714
v -0.992782 0.183899 3.39053
v -1.13794 0.322731 3.41463
v -1.277 0.320377 3.43715
v -1.4165 0.318496 3.46015
v -1.55992 0.457354 3.4831
v -0.00791731 0.0580227 2.7168
v 0.132623 0.0231629 2.55024
v 0.253074 0.026065 2.39423
v 0.373479 0.0282835 2.23767
v -0.0997469 0.0171261 2.87189
v -0.20244 0.0110098 3.02412
v 0.493879 0.0296364 2.08406
v 0.612725 0.0283517 1.93312
v -0.329699 0.146196 3.05107
v -0.610232 0.281879 3.09378
v -0.467632 0.281395 3.06953
v -0.762801 0.280914 3.11467
v -0.813069 0.274284 3.22613
v -0.228475 2.20355 -1.35347
v 2.45825 0.93749 -1.21157
v 2.30014 0.535894 -1.25228
v 2.45616 0.520642 -1.19499
v 2.59982 0.660166 -1.20104
v 2.60203 0.798956 -1.20026
v 1.35625 0.0333978 1.17182
v 1.2318 0.0353959 1.31838
v 1.10922 0.035507 1.46662
v 0.988553 0.0351607 1.61615
v 1.48299 0.0371444 1.02423
v 1.61115 0.039502 0.875522
v 1.74024 0.0415777 0.726353
v 0.86908 0.0334935 1.76654
v 1.86979 0.0435152 0.577469
v 2.00044 0.0425677 0.428268
v 2.13163 0.0395432 0.276446
v 2.26756 0.0428887 0.266413
v 2.39576 0.02791 0.120532
v 2.52123 0.01713 -0.0143694
v 2.6474 0.0255387 -0.145475
v 0.75083 0.0308898 1.91661
v 2.80405 0.0408929 -0.389767
v 2.78677 0.037854 -0.266124
v 2.77826 0.151393 -0.793223
v 2.57977 0.205059 -0.966544
v 2.73288 0.220495 -0.947869
v 2.42773 0.158297 -0.932453
v 2.74493 -0.0107745 -0.591425
v 2.4993 0.127658 -1.11204
v 2.60129 0.257632 -1.14273
v 2.59123 0.377554 -1.17323
v 2.32454 1.48727 -1.26484
v 2.202 1.62758 -1.28494
v 2.07781 1.76856 -1.30484
v 1.9536 1.9056 -1.32025
v 1.82588 2.04121 -1.34114
v 1.69523 2.17686 -1.35333
v 1.54838 2.19993 -1.24814
v 1.2678 2.23858 -1.16092
v 1.40205 2.23631 -1.14262
v 2.46324 1.35087 -1.21401
v 2.45772 1.21013 -1.19424
v 1.12165 2.24679 -1.04818
v 0.975903 2.25174 -0.932918
v 0.833351 2.2555 -0.817469
v 0.692677 2.25464 -0.69859
v 2.45686 1.07311 -1.20412
v 0.550229 2.25472 -0.579892
v 0.388868 2.25184 -0.458272
v 0.232675 2.23786 -0.455085
v 0.223302 2.35673 -0.444131
v 0.223569 2.35616 -0.686558
v 0.0342003 2.38039 -0.840685
v 0.0561685 2.40567 -0.727625
v 0.134546 2.37884 -1.00295
v 0.259549 2.37904 -1.04832
v 0.652711 2.60907 -1.323
v 0.775765 2.63668 -1.34369
v 0.401613 2.94931 -1.64047
v 0.526368 2.79475 -1.68428
v 0.514806 2.67379 -1.64224
v 0.262495 3.06027 -1.56919
v -1.04336 2.82394 -2.09649
v -1.07838 2.95132 -2.07172
v -0.980614 3.09566 -2.0173
v -4.46815 2.37674 1.669
v -4.62263 2.37126 1.65618
v -4.47481 2.24025 1.67091
v -3.49494 3.18833 0.047934
v -3.63027 3.19428 0.183052
v -3.76547 3.19913 0.320912
v -3.89988 3.20724 0.458873
v -4.03331 3.221 0.596055
v -4.17171 3.23314 0.735852
v -4.30806 3.23694 0.878183
v -4.45393 3.22996 1.04112
v -3.35759 3.18661 -0.012998
v -4.45671 3.08534 1.16264
v -4.45667 2.9443 1.28838
v -3.22266 3.18511 -0.155863
v -4.45842 2.80494 1.41961
v -4.46027 2.66563 1.55063
v -4.45615 2.52437 1.68091
v -3.23007 3.18258 -0.57344
v -3.08934 3.18313 -0.432919
v -3.0869 3.1845 -0.29402
v -4.12157 3.13948 -1.70103
v -4.0047 3.14172 -1.55706
v -3.88679 3.14687 -1.41013
v -3.76563 3.16282 -1.26712
v -3.63736 3.17614 -1.12648
v -3.5043 3.17789 -0.98716
v -3.36909 3.17924 -0.848469
v -3.23138 3.1813 -0.709812
v -4.57412 3.20941 0.879227
v -4.5504 3.03991 1.01723
v -4.54516 2.8941 1.01248
v -4.52747 1.98957 1.75732
v -4.54776 2.12375 2.04459
v -4.53274 2.12484 1.88385
v -4.45404 2.24619 1.81565
v -4.45524 2.10929 1.95151
v -4.46615 1.96969 2.07995
v -4.73125 0.187938 3.69615
v -4.59838 0.334358 3.68131
v -4.46671 0.479558 3.65832
v -4.33365 0.622823 3.63792
v -4.19956 0.766316 3.62108
v -4.06564 0.909442 3.60002
v -3.93226 1.05124 3.5785
v -3.79929 1.19189 3.55939
v -3.66784 1.3319 3.53974
v -2.97417 1.09285 3.35862
v -3.11725 1.22884 3.38948
v -2.86047 0.957515 3.42763
v -2.85664 0.816673 3.4072
v -3.26148 1.34312 3.45843
v -3.54112 1.47459 3.51394
v -3.4042 1.47785 3.49246
v -3.02742 1.74741 2.87967
v -3.1296 1.48928 3.44486
v -2.99019 1.48682 3.40651
v -2.95354 1.33796 3.27397
v -2.94731 1.41884 3.10685
v -2.94779 1.61366 3.17024
v -2.99669 1.74124 3.0147
v -3.13476 1.77125 2.6185
v -2.9924 1.75859 2.58616
v -2.88046 1.59432 2.66894
v -2.92452 1.45341 2.69705
v -2.84859 1.33727 2.6791
v -2.77764 1.35566 2.6335
v -2.78477 1.21269 2.81509
v -2.67993 1.12784 2.9405
v -2.63014 0.993615 3.10106
v -2.71785 0.866892 3.20698
v -2.53428 0.305384 3.25432
v -2.46829 0.174583 3.17122
v -1.70332 0.596153 3.50232
v -1.84724 0.735946 3.53286
v -2.01119 1.15233 3.35005
v -2.04119 1.01444 3.42503
v -1.97334 0.87569 3.49965
v -2.4712 1.1466 3.35673
v -2.16025 1.28774 3.3044
v -2.3089 1.27642 3.31873
v -2.43894 0.887311 3.3715
v -2.37583 0.791972 3.31655
v -2.5762 1.02828 3.37356
v -0.849783 0.191641 3.3653
v -0.997692 0.326103 3.39315
v -1.28064 0.46161 3.43938
v -1.14171 0.464014 3.41641
v -1.41931 0.458956 3.46227
v -1.56191 0.59677 3.48411
v 0.150569 0.0614829 2.70866
v 0.00510506 0.0505525 2.86874
v 0.272943 0.0226844 2.53038
v 0.39349 0.0258821 2.37314
v 0.513769 0.0290077 2.21851
v -0.0689129 0.0108611 3.00599
v -0.18712 0.147012 3.03004
v 0.633149 0.0298146 2.06672
v -0.323808 0.280195 3.05235
v -0.607826 0.41366 3.09355
v -0.464873 0.413365 3.06965
v -0.763344 0.414571 3.11693
v 2.60503 0.937807 -1.19865
v 2.59923 0.519233 -1.20242
v 2.7346 0.797566 -1.17411
v 2.73197 0.658714 -1.17253
v 1.49327 0.0345694 1.16149
v 1.36877 0.0348015 1.30613
v 1.24554 0.0348477 1.45238
v 1.12455 0.0347489 1.60088
v 1.00544 0.0336139 1.75059
v 1.62013 0.0379339 1.01439
v 1.74803 0.0402503 0.866158
v 1.87661 0.0422775 0.717273
v 0.888371 0.0319985 1.9007
v 2.00645 0.0432569 0.567993
v 2.13748 0.0398543 0.417701
v 2.27399 0.0452098 0.408652
v 2.40417 0.0487537 0.25818
v 2.54023 0.0397537 0.111233
v 2.66069 0.0107078 -0.0176344
v 2.7827 0.0160028 -0.154728
v 0.771889 0.0308567 2.05009
v 2.83224 0.0456084 -0.509015
v 2.60548 0.157973 -1.10613
v 2.72118 0.15069 -1.09837
v 2.41686 0.180438 -0.892457
v 2.77873 -0.044216 -0.5585
v 2.72621 0.256648 -1.16117
v 2.72289 0.375554 -1.16483
v 2.44193 1.48757 -1.22221
v 2.32887 1.62701 -1.26613
v 2.20809 1.76622 -1.28563
v 2.08554 1.90433 -1.30557
v 1.96024 2.03942 -1.31926
v 1.83048 2.1747 -1.33306
v 1.68252 2.20082 -1.22872
v 1.5364 2.23694 -1.12473
v 1.39098 2.25109 -1.01253
v 1.25668 2.25115 -1.03091
v 2.61009 1.21495 -1.19356
v 2.61326 1.35384 -1.19234
v 1.11086 2.25222 -0.9157
v 0.967729 2.25784 -0.799884
v 0.825663 2.26013 -0.68148
v 0.684075 2.25961 -0.562668
v 2.60753 1.07642 -1.19557
v 0.530779 2.25788 -0.448886
v 0.313324 2.23856 -0.419612
v 0.31843 2.226 -0.345479
v 0.29131 2.34959 -0.293085
v 0.0452009 2.37251 -0.448479
v 0.05569 2.37935 -0.588102
v 0.0189257 2.41584 -0.961216
v -0.0828841 2.38575 -0.700879
v -0.0951061 2.38455 -0.814754
v 0.688433 2.66068 -1.4149
v 0.529367 2.9337 -1.61678
v 0.395619 3.0611 -1.55578
v -1.11206 3.07815 -2.05024
v -1.18551 2.82319 -2.15083
v -1.21478 2.94145 -2.12816
v -3.4498 3.18759 -0.00601556
v -3.49201 3.18851 0.172479
v -3.62724 3.19209 0.315647
v -3.7622 3.20028 0.455157
v -3.90003 3.18223 0.592666
v -4.034 3.21328 0.73172
v -4.16984 3.2311 0.873421
v -4.30572 3.2356 1.01649
v -4.45091 3.22669 1.17726
v -3.21922 3.18642 -0.00708663
v -4.45441 3.08213 1.29328
v -4.45482 2.94204 1.42192
v -3.08393 3.18591 -0.153558
v -4.4561 2.80344 1.55336
v -4.45209 2.66283 1.68344
v -4.4521 2.52429 1.8175
v -4.45307 2.38493 1.81713
v -3.09162 3.1824 -0.570582
v -2.95069 3.18296 -0.432076
v -2.94792 3.1846 -0.293242
v -3.98917 3.1494 -1.68916
v -3.8721 3.13884 -1.54587
v -3.75438 3.14534 -1.40161
v -3.63097 3.15992 -1.26095
v -3.50027 3.17496 -1.12271
v -3.36693 3.17692 -0.984286
v -3.23166 3.17966 -0.845997
v -3.09336 3.18112 -0.707697
v -4.57083 3.20607 1.02079
v -4.54422 2.87924 1.15329
v -4.54922 3.02757 1.15672
v -4.5375 2.75062 1.00189
v -4.54745 2.74937 0.875675
v -4.52431 2.12792 1.75083
v -4.53517 2.26432 1.87124
v -4.54927 2.26214 2.04265
v -4.45348 2.24831 1.95757
v -4.46221 2.10644 2.10053
v -4.60232 0.477473 3.68379
v -4.46968 0.619659 3.66084
v -4.33643 0.763535 3.64348
v -4.20272 0.906498 3.62415
v -4.07008 1.0489 3.60241
v -3.93739 1.1901 3.58125
v -3.80842 1.33056 3.55265
v -3.6774 1.47143 3.53594
v -2.85739 1.10698 3.42095
v -2.70489 0.972969 3.39336
v -3.26823 1.48325 3.46422
v -3.54963 1.61369 3.51246
v -3.41393 1.61696 3.48503
v -3.09483 1.81777 2.90328
v -3.14342 1.84598 2.78031
v -3.13814 1.62563 3.44844
v -3.00608 1.62886 3.40586
v -2.85383 1.50004 3.36723
v -2.82056 1.33874 3.40446
v -2.90893 1.3165 3.27421
v -2.97214 1.32887 3.02332
v -2.85559 1.45248 3.11181
v -2.97803 1.47149 3.03778
v -2.95919 1.60424 3.02421
v -2.96855 1.733 3.13763
v -3.08209 1.80701 3.0376
v -3.12516 1.91097 2.6243
v -2.98344 1.88911 2.59974
v -2.85172 1.75358 2.61398
v -2.88116 1.51064 2.66753
v -2.81884 1.33926 2.81381
v -2.73082 1.22822 2.94407
v -2.64163 1.12554 3.08765
v -2.72561 1.00337 3.19617
v -1.70532 0.735282 3.503
v -1.84624 0.874184 3.53077
v -2.01567 1.29131 3.35038
v -2.04001 1.1556 3.42197
v -1.97224 1.01877 3.5044
v -2.46313 1.22456 3.37089
v -2.57409 1.136 3.40845
v -2.30038 1.40909 3.33178
v -2.15667 1.42917 3.30938
v -2.35562 0.882723 3.36958
v -0.851015 0.331563 3.3679
v -1.00254 0.467992 3.39422
v -1.28356 0.60152 3.43978
v -1.14515 0.604821 3.41632
v -1.42223 0.598868 3.46265
v -1.56387 0.7358 3.4855
v 0.0419018 0.156198 2.86062
v 0.182619 0.187369 2.77977
v 0.302977 0.0650815 2.7044
v -0.0171924 0.0181745 3.00374
v 0.0130298 0.0882578 2.81538
v 0.413346 0.0210951 2.50838
v 0.535009 0.0243054 2.35224
v 0.653927 0.0293565 2.20024
v -0.0148987 0.151088 3.00527
v -0.180521 0.281832 3.03068
v -0.322659 0.413436 3.0507
v -0.603631 0.547362 3.09522
v -0.462578 0.546507 3.06932
v -0.756483 0.547129 3.11595
v 2.73823 0.93602 -1.17479
v 2.73012 0.519172 -1.17082
v 2.86822 0.655481 -1.15519
v 2.87053 0.793993 -1.15698
v 1.50547 0.0349546 1.29504
v 1.63054 0.0360245 1.15289
v 1.38183 0.034764 1.43861
v 1.2602 0.0344402 1.58499
v 1.14079 0.0338566 1.73529
v 1.02402 0.0336131 1.88502
v 1.75699 0.0383442 1.00572
v 1.88473 0.0409245 0.857329
v 2.01323 0.0413405 0.708052
v 0.910034 0.0314057 2.03475
v 2.14335 0.0406387 0.558186
v 2.28048 0.0406694 0.548575
v 2.41007 0.0414962 0.399532
v 2.54857 0.0419987 0.246187
v 2.68355 0.0207242 0.0699345
v 2.80717 0.0185941 -0.0119317
v 0.794685 0.0295379 2.18236
v 2.78729 0.0141777 -0.582979
v 2.77516 0.0580135 -0.945203
v 2.822 0.100295 -1.07986
v 2.40959 0.242843 -0.882089
v 2.42332 0.287266 -0.969315
v 2.86566 0.244082 -1.13691
v 2.86476 0.377315 -1.15008
v 2.43711 1.48989 -1.08788
v 2.48516 1.49278 -1.20756
v 2.46289 1.63062 -1.21371
v 2.33532 1.76553 -1.26702
v 2.21584 1.90385 -1.28677
v 2.09339 2.04017 -1.3054
v 1.96455 2.1721 -1.31065
v 1.81731 2.20184 -1.20864
v 1.67031 2.23609 -1.10596
v 1.52488 2.25103 -0.994263
v 1.38277 2.25979 -0.880734
v 1.24677 2.25802 -0.899259
v 2.74455 1.2132 -1.17547
v 2.74748 1.35177 -1.17821
v 2.61617 1.49299 -1.19371
v 1.1 2.25947 -0.782439
v 0.958579 2.26341 -0.664732
v 0.816646 2.2638 -0.543677
v 0.667459 2.26215 -0.430579
v 2.74138 1.07459 -1.174
v 0.476019 2.25506 -0.427995
v 0.440066 2.22192 -0.268881
v 0.372789 2.29756 -0.195754
v 0.224771 2.35521 -0.343774
v -0.0894241 2.37883 -0.591465
v -0.102584 2.37493 -0.463218
v 0.159701 2.3593 -0.294107
v 0.0288213 2.37698 -0.304327
v 0.093632 2.41461 -0.994281
v -0.101884 2.40137 -0.933631
v -0.235804 2.38092 -0.627834
v -0.228952 2.38448 -0.791149
v 0.65955 2.77931 -1.65125
v 0.655861 2.9118 -1.58094
v 0.523283 3.04493 -1.52331
v -1.26247 3.05547 -2.10453
v -1.34789 2.9189 -2.15468
v -1.30265 2.77327 -2.11762
v -3.48859 3.18905 0.304917
v -3.35365 3.18736 0.153403
v -3.62433 3.19065 0.448586
v -3.76117 3.18744 0.590337
v -3.90184 3.16708 0.72963
v -4.03175 3.21573 0.86898
v -4.16672 3.22966 1.01087
v -4.30259 3.23261 1.15422
v -4.45207 3.22181 1.29916
v -3.21543 3.18735 0.140817
v -3.08048 3.18738 -0.00877988
v -4.45205 3.07971 1.42521
v -4.44979 2.94138 1.55529
v -2.94467 3.18597 -0.154254
v -4.44866 2.80215 1.68656
v -4.45115 2.66368 1.8186
v -4.45112 2.52715 1.95619
v -4.45493 2.38836 1.95872
v -2.95326 3.18187 -0.570006
v -2.80923 3.18467 -0.293941
v -2.81232 3.18279 -0.432221
v -3.85945 3.15063 -1.67974
v -3.7427 3.13153 -1.5381
v -3.62231 3.14853 -1.39669
v -3.49531 3.15877 -1.25729
v -3.36419 3.1739 -1.12006
v -3.23051 3.17703 -0.982014
v -3.09414 3.17953 -0.845121
v -2.9556 3.18129 -0.707299
v -4.55729 3.21575 1.1606
v -4.53121 2.74043 1.14132
v -4.54544 2.9963 1.29635
v -4.54316 2.85919 1.29386
v -4.51251 2.26777 1.7486
v -4.5367 2.40232 1.85916
v -4.54726 2.40117 1.98151
v -4.46073 2.2468 2.11168
v -4.73814 0.47544 3.70604
v -4.73576 0.336529 3.7027
v -4.60527 0.617336 3.68647
v -4.47296 0.760739 3.6662
v -4.33979 0.903401 3.64651
v -4.20729 1.04593 3.62566
v -4.07496 1.18809 3.60467
v -3.94613 1.32867 3.57207
v -3.81657 1.46953 3.54711
v -3.68553 1.61046 3.53506
v -2.89254 1.19301 3.32681
v -2.92542 1.22042 3.43844
v -2.70281 1.11189 3.39404
v -3.27592 1.62048 3.46795
v -3.55646 1.7515 3.51698
v -3.41978 1.75405 3.49893
v -3.07775 1.92582 2.90737
v -3.1091 1.91035 2.77286
v -3.15403 1.85234 2.73201
v -3.15023 1.76183 3.4464
v -3.01726 1.76682 3.4133
v -2.86437 1.63963 3.37203
v -2.73835 1.50988 3.42223
v -2.71029 1.36555 3.40039
v -2.83342 1.22603 3.43091
v -2.8154 1.28349 3.20641
v -2.72703 1.2378 3.1294
v -2.82899 1.35396 3.12364
v -2.89668 1.34558 3.01938
v -2.93235 1.46953 3.11265
v -3.01757 1.48259 2.88777
v -2.99248 1.60602 2.87903
v -2.87625 1.7359 3.16189
v -2.91703 1.75374 3.01756
v -2.93087 1.69418 3.15659
v -3.06037 1.79317 3.17241
v -3.05569 1.9235 3.04384
v -3.25707 1.78398 2.69777
v -3.25421 1.91661 2.67575
v -2.98091 1.85568 2.74684
v -2.86148 1.84731 2.59048
v -2.86533 1.68108 2.6612
v -2.76261 1.34205 2.94681
v -2.66579 1.24976 3.06443
v -2.71713 1.13686 3.18437
v -1.70539 0.87427 3.50517
v -1.84535 1.01382 3.52879
v -2.00733 1.4291 3.34936
v -2.05006 1.29495 3.42433
v -1.9589 1.15543 3.50274
v -2.39334 1.32119 3.34621
v -2.5863 1.30137 3.40118
v -2.23838 1.50828 3.32342
v -0.857042 0.471911 3.37147
v -1.00616 0.608705 3.39433
v -1.14811 0.745003 3.41603
v -1.28666 0.741192 3.44004
v -1.42496 0.738254 3.46324
v -1.56585 0.875131 3.48738
v 0.0610396 0.30493 2.88336
v 0.180392 0.334601 2.79081
v 0.246861 0.0860954 2.88812
v 0.437522 0.071454 2.64682
v -0.033668 0.0600412 3.005
v 0.556891 0.0224088 2.48436
v 0.676319 0.0230493 2.33226
v -0.0137616 0.287655 3.00631
v -0.178761 0.416342 3.03142
v -0.32244 0.546158 3.04451
v -0.598209 0.680349 3.09438
v -0.461327 0.6803 3.06861
v -0.738002 0.680943 3.11595
v -0.77653 0.501488 3.13382
v 2.87416 0.932431 -1.15826
v 2.86679 0.516192 -1.15208
v 1.51803 0.0348679 1.4246
v 1.6426 0.0354994 1.28809
v 1.76784 0.0371913 1.14501
v 1.39561 0.0344158 1.56773
v 1.27601 0.0340034 1.71781
v 1.15905 0.0340255 1.86937
v 1.0458 0.0319571 2.01971
v 1.89396 0.0384426 0.997309
v 2.02116 0.0373285 0.848747
v 2.15031 0.038764 0.697973
v 0.935948 0.0248946 2.16434
v 2.28778 0.0382659 0.687771
v 2.41711 0.0375956 0.539358
v 2.71714 0.0166754 0.0134561
v 0.821562 0.0242025 2.31225
v 2.86943 0.0576034 -0.631602
v 2.35391 0.229805 -0.718904
v 2.39146 0.32739 -0.831725
v 2.40812 0.285833 -0.894376
v 2.46317 1.77088 -1.21152
v 2.34304 1.90417 -1.26719
v 2.22457 2.04103 -1.28641
v 2.10116 2.17725 -1.29853
v 1.9538 2.20408 -1.18988
v 1.80289 2.23567 -1.08563
v 1.65746 2.25211 -0.975987
v 1.51968 2.25767 -0.861471
v 1.23738 2.26306 -0.766135
v 1.37713 2.26505 -0.746096
v 2.75012 1.49048 -1.18137
v 2.61786 1.63233 -1.19454
v 1.08741 2.26534 -0.649508
v 0.948608 2.26862 -0.52688
v 0.803893 2.26459 -0.404758
v 0.636946 2.26276 -0.308717
v 0.508411 2.25546 -0.376826
v 0.55721 2.24663 -0.191096
v 0.504132 2.29583 -0.107455
v 0.434521 2.38845 -0.263432
v 0.315191 2.3997 -0.356781
v -0.115206 2.37849 -0.326058
v -0.251055 2.37616 -0.482437
v 0.127424 2.44914 -1.01868
v -0.227054 2.38837 -0.926706
v -0.114571 2.42259 -1.03686
v 0.0181523 2.44048 -1.07904
v -0.136037 2.38183 -0.640059
v -0.380627 2.38339 -0.645844
v -0.366925 2.38533 -0.791174
v 0.782794 2.8933 -1.54465
v 0.78981 2.77081 -1.61824
v 0.652148 3.0348 -1.49859
v -1.14645 3.19247 -2.02252
v -1.28401 3.15447 -2.04127
v -1.41015 3.02362 -2.24799
v -1.4783 2.84539 -2.19098
v -1.40778 2.72615 -2.16361
v -3.34985 3.1884 0.292212
v -3.48511 3.18971 0.439692
v -3.62192 3.1924 0.583451
v -3.75883 3.16812 0.725709
v -3.8952 3.19159 0.865508
v -4.02798 3.21942 1.00611
v -4.16289 3.22826 1.14765
v -4.29835 3.23108 1.28971
v -4.44727 3.21496 1.43105
v -3.21106 3.18853 0.282187
v -3.07658 3.18806 0.134349
v -2.94118 3.18753 -0.0121838
v -4.44443 3.07989 1.55753
v -4.44404 2.9413 1.6898
v -2.80579 3.18607 -0.155168
v -4.44722 2.80224 1.82121
v -4.44925 2.6651 1.95372
v -4.46201 2.52881 2.09906
v -4.46399 2.38894 2.11032
v -2.81517 3.18221 -0.570613
v -2.67415 3.18288 -0.433703
v -2.67095 3.18461 -0.29622
v -3.73513 3.16203 -1.66901
v -3.61161 3.13471 -1.53191
v -3.48822 3.15143 -1.39328
v -3.36018 3.15683 -1.25474
v -3.22833 3.17292 -1.11815
v -3.09404 3.17789 -0.981085
v -2.95674 3.17939 -0.844623
v -2.818 3.18142 -0.708299
v -4.55532 3.12988 1.29956
v -4.5303 2.72216 1.28319
v -4.54406 2.97347 1.43521
v -4.54373 2.84058 1.43139
v -4.52488 2.41189 1.69379
v -4.5489 2.53894 1.96979
v -4.53747 2.53937 1.84941
v -4.54246 2.35675 2.03421
v -4.74092 0.61513 3.70971
v -4.60863 0.758269 3.69161
v -4.47634 0.900558 3.66916
v -4.34408 1.04307 3.6485
v -4.21207 1.18535 3.62764
v -4.08239 1.32655 3.59633
v -3.95368 1.46771 3.56873
v -3.82347 1.6087 3.5469
v -3.69266 1.74868 3.53832
v -2.87208 1.18447 3.4301
v -2.70104 1.25093 3.42771
v -3.2853 1.75753 3.46976
v -3.56304 1.88881 3.51667
v -3.42723 1.89153 3.49888
v -2.96838 1.84715 2.88504
v -3.23292 1.79638 2.67525
v -3.16024 1.89876 3.45194
v -3.02768 1.90374 3.42339
v -2.8862 1.77511 3.37819
v -2.70688 1.64289 3.36698
v -2.57223 1.51231 3.36357
v -2.58228 1.38091 3.36225
v -2.8202 1.16463 3.25331
v -2.72186 1.33445 3.08879
v -3.02103 1.35431 2.87762
v -3.05902 1.48004 2.73305
v -3.02945 1.61674 2.73001
v -2.95218 1.72607 2.88184
v -2.92735 1.79267 3.11411
v -2.95678 1.84401 3.21569
v -3.05248 1.9208 3.16645
v -2.95326 1.85896 3.05253
v -2.85715 1.81789 2.72839
v -2.86379 1.69532 2.70068
v -2.85743 1.03091 3.25186
v -1.70647 1.01335 3.50404
v -1.84598 1.15312 3.52824
v -2.14916 1.58282 3.31538
v -1.99938 1.56783 3.34952
v -2.05937 1.4323 3.43256
v -1.97252 1.29537 3.50838
v -2.45248 1.30682 3.36019
v -2.50064 1.27758 3.37742
v -2.29536 1.5098 3.33078
v -2.44182 1.38908 3.34948
v -0.866546 0.61225 3.37012
v -1.00927 0.749022 3.39405
v -1.2898 0.880185 3.44036
v -1.15165 0.88434 3.41609
v -1.4278 0.877183 3.46317
v -1.56817 1.01454 3.48754
v 0.117032 0.360465 2.86152
v 0.185236 0.315563 2.91042
v 0.208654 0.17412 2.91176
v 0.331052 0.196958 2.87038
v 0.314609 0.206609 2.71667
v 0.45445 0.216365 2.67653
v 0.573979 0.0329833 2.61454
v 0.701483 0.0233935 2.46319
v -0.0240729 0.422433 3.00749
v -0.181559 0.549819 3.03282
v -0.323916 0.680775 3.04474
v -0.59474 0.814292 3.09257
v -0.461067 0.81439 3.0668
v -0.81189 0.678608 3.18382
v -0.809763 0.542765 3.16858
v -0.722517 0.814606 3.11867
v 1.53094 0.0345506 1.5477
v 1.65466 0.0349562 1.41413
v 1.7802 0.0361248 1.28643
v 1.90495 0.0363074 1.13804
v 1.41033 0.0338502 1.69701
v 1.29356 0.0340859 1.85211
v 1.18058 0.0349414 2.00754
v 1.07868 0.0212987 2.14665
v 2.03085 0.0365556 0.988769
v 2.15832 0.0364004 0.838761
v 0.969031 0.0181191 2.2906
v 2.2958 0.0335428 0.827653
v 2.42473 0.0390969 0.678553
v 2.55326 0.0396919 0.531267
v 2.54549 0.0440359 0.39265
v 0.849266 0.0219588 2.44192
v 2.37424 0.38041 -0.815672
v 2.33992 0.373956 -0.685817
v 2.46219 1.91431 -1.20302
v 2.61891 1.7722 -1.19506
v 2.35389 2.04341 -1.26579
v 2.24058 2.18086 -1.27564
v 2.09191 2.19518 -1.1646
v 1.93605 2.23484 -1.06504
v 1.7842 2.25174 -0.9575
v 1.65792 2.25999 -0.842516
v 1.52143 2.26564 -0.723633
v 1.3757 2.27045 -0.621602
v 1.22816 2.26819 -0.635109
v 2.75241 1.62905 -1.18476
v 1.0775 2.26973 -0.513628
v 0.939524 2.26945 -0.386386
v 0.776974 2.27144 -0.2666
v 0.593669 2.29457 -7.07783e-05
v 0.653673 2.16812 -0.135746
v 0.544453 2.39694 -0.168687
v 0.266042 2.39749 -0.368123
v -0.264465 2.38603 -0.345843
v -0.401175 2.38083 -0.504253
v 0.0911742 2.4195 -0.847686
v 0.166072 2.50844 -0.893666
v -0.356693 2.38872 -0.933845
v -0.218619 2.39729 -1.06179
v -0.50322 2.38612 -0.808351
v -0.522268 2.38514 -0.66935
v 0.777599 3.0097 -1.48382
v 0.918769 2.76622 -1.62019
v 0.91063 2.92783 -1.54913
v 0.647981 3.15081 -1.46441
v 0.530059 3.14706 -1.47365
v -1.40017 3.14417 -2.13084
v -1.55411 2.94379 -2.23224
v -3.34578 3.18944 0.430205
v -3.48199 3.19238 0.576562
v -3.62012 3.19032 0.719389
v -3.75537 3.19368 0.860218
v -3.88913 3.20689 1.00136
v -4.02291 3.22094 1.14258
v -4.1573 3.22608 1.28384
v -4.29366 3.228 1.42403
v -4.43316 3.22275 1.56317
v -3.07211 3.18882 0.275264
v -3.20631 3.18956 0.421728
v -2.93727 3.18866 0.129446
v -2.80225 3.18764 -0.0151467
v -4.43907 3.08051 1.69363
v -4.44185 2.94152 1.82646
v -2.66727 3.18601 -0.156998
v -4.44686 2.80316 1.9557
v -4.4745 2.66348 2.07624
v -2.67731 3.1823 -0.572072
v -2.5362 3.1842 -0.436392
v -2.53267 3.18644 -0.298551
v -3.60475 3.16697 -1.66282
v -3.48109 3.13698 -1.52805
v -3.35456 3.15296 -1.39085
v -3.22521 3.1597 -1.25381
v -3.09217 3.17209 -1.11705
v -2.95721 3.17755 -0.980896
v -2.81947 3.18003 -0.845219
v -2.68025 3.18189 -0.709669
v -4.54864 3.19825 1.25526
v -4.54932 3.10307 1.43846
v -4.53233 2.70721 1.41866
v -4.54175 2.96078 1.57283
v -4.54119 2.82635 1.56915
v -4.5357 2.5444 1.70703
v -4.53455 2.53483 2.08345
v -4.53086 2.40695 2.07848
v -4.5477 2.67602 1.96554
v -4.53525 2.67662 1.84484
v -4.74431 0.755618 3.71429
v -4.61207 0.897922 3.69487
v -4.48049 1.04037 3.67205
v -4.34903 1.18257 3.64989
v -4.21914 1.32418 3.61971
v -4.08946 1.46529 3.59283
v -3.96045 1.60704 3.56903
v -3.83003 1.74788 3.54685
v -3.69832 1.88662 3.53986
v -3.2938 1.8947 3.47323
v -3.57038 2.02574 3.51843
v -3.43609 2.02812 3.49788
v -2.83936 1.79698 2.8662
v -3.21307 1.94172 2.68901
v -3.1707 2.03426 3.44958
v -3.04006 2.03823 3.42339
v -2.90601 1.90863 3.38334
v -2.71948 1.77181 3.40053
v -2.5643 1.64017 3.36788
v -2.43514 1.51356 3.34999
v -2.70489 1.274 3.09421
v -3.07414 1.34606 2.73047
v -2.94375 1.72463 2.74964
v -2.93345 1.77073 3.12287
v -2.94168 1.89859 3.1999
v -2.81333 1.68612 2.85026
v -1.70969 1.15325 3.50011
v -1.84542 1.29212 3.5325
v -2.13903 1.72937 3.31957
v -1.98807 1.70864 3.34333
v -1.96675 1.43378 3.505
v -2.29035 1.61051 3.32979
v -0.870749 0.752915 3.36985
v -1.01225 0.88877 3.39419
v -1.29342 1.0194 3.44059
v -1.15551 1.02317 3.41616
v -1.43093 1.0162 3.46338
v -1.57128 1.15405 3.48816
v 0.109664 0.441865 2.9104
v 0.147404 0.431487 2.77664
v 0.321156 0.327628 2.88287
v 0.322799 0.34835 2.73498
v 0.451333 0.355239 2.7027
v 0.470606 0.0957692 2.77731
v 0.518792 0.202151 2.79527
v 0.594458 0.0429995 2.74472
v 0.72482 0.022529 2.59552
v -0.0376088 0.557092 3.00811
v -0.185453 0.684711 3.03146
v -0.325887 0.816015 3.04508
v -0.59385 0.949021 3.08984
v -0.461463 0.948726 3.06692
v -0.812577 0.814283 3.18278
v -0.721544 0.950224 3.11485
v 1.54555 0.0338344 1.67285
v 1.66629 0.034688 1.52416
v 1.79474 0.0350464 1.43618
v 1.91777 0.0350262 1.28257
v 2.04205 0.0348114 1.12953
v 1.42763 0.0337934 1.83002
v 1.31478 0.0379075 1.98916
v 1.22377 0.0507643 2.17606
v 1.12729 0.0193155 2.26294
v 2.16788 0.0334766 0.978723
v 1.00496 0.0198716 2.41665
v 2.30548 0.0316893 0.96732
v 2.43304 0.0325928 0.817071
v 2.56153 0.0386553 0.669281
v 2.68959 0.0420048 0.522555
v 2.68095 0.0425162 0.385222
v 0.876096 0.0190313 2.57095
v 2.41174 0.395751 -0.963478
v 2.45837 2.0527 -1.19596
v 2.62001 1.91228 -1.19725
v 2.75542 1.76751 -1.18609
v 2.38713 2.1848 -1.24933
v 2.2356 2.18931 -1.13449
v 2.07315 2.22481 -1.03717
v 1.90804 2.25161 -0.937932
v 1.79475 2.26194 -0.823021
v 1.66474 2.26894 -0.702652
v 1.54679 2.268 -0.563011
v 1.35461 2.26759 -0.508516
v 1.21713 2.26866 -0.505922
v 1.07359 2.27271 -0.376637
v 0.927729 2.27229 -0.24502
v 0.746845 2.2828 -0.131278
v 0.660312 2.3654 -0.0966732
v 0.860404 2.26999 0.0613536
v 0.772421 2.18172 -0.0829962
v 0.733571 2.28179 0.0188485
v 0.339072 2.44982 -0.420476
v 0.224938 2.42903 -0.476164
v -0.430253 2.39098 -0.36493
v -0.545704 2.3853 -0.533801
v -0.00759192 2.54474 -0.935077
v 0.0446859 2.50379 -0.812626
v 0.150775 2.44639 -0.664878
v 0.226008 2.45794 -0.781127
v -0.488006 2.38556 -0.947804
v -0.34597 2.39275 -1.07291
v -0.659341 2.38486 -0.694968
v -0.636921 2.38574 -0.831724
v 0.902416 2.98391 -1.44913
v 0.778286 3.13032 -1.45245
v 1.02148 2.87558 -1.47685
v 1.04265 2.75053 -1.51863
v -1.42782 3.09153 -2.20192
v -1.47314 3.1068 -2.22693
v -1.57916 3.03373 -2.18811
v -3.34216 3.18844 0.568754
v -3.47891 3.19075 0.713011
v -3.61491 3.19191 0.854949
v -3.75 3.19874 0.99623
v -3.88309 3.21678 1.13751
v -4.01641 3.22163 1.27916
v -4.1515 3.22557 1.41964
v -4.28734 3.22799 1.55939
v -4.43078 3.22107 1.69807
v -3.06723 3.19004 0.415005
v -2.93279 3.18941 0.269709
v -3.20226 3.18935 0.561055
v -2.79819 3.18902 0.124944
v -2.66349 3.18784 -0.0179609
v -4.43556 3.0797 1.83133
v -4.44273 2.94053 1.96471
v -2.52866 3.18867 -0.159601
v -4.47746 2.80593 2.07342
v -2.5394 3.18312 -0.574164
v -2.3982 3.18717 -0.439307
v -2.39478 3.18909 -0.301365
v -3.34917 3.14303 -1.52537
v -3.22053 3.15669 -1.39018
v -3.08935 3.16325 -1.25299
v -2.95585 3.17142 -1.11621
v -2.82087 3.17674 -0.980396
v -2.6822 3.1801 -0.846243
v -2.54232 3.18271 -0.711868
v -4.53332 3.24911 1.30562
v -4.52551 3.24868 1.43581
v -4.54618 3.09446 1.57585
v -4.53175 2.69305 1.56093
v -4.53332 2.57033 1.4015
v -4.53316 2.58443 1.29291
v -4.54063 2.95385 1.70989
v -4.54022 2.81738 1.70826
v -4.52819 2.56262 1.52334
v -4.53203 2.43024 1.5389
v -4.53349 2.68135 1.70768
v -4.5467 2.67959 2.07203
v -4.5372 2.81392 1.84419
v -4.5471 2.81465 1.96693
v -4.7482 0.895553 3.7172
v -4.6162 1.03754 3.69748
v -4.48524 1.17973 3.67376
v -4.35569 1.32145 3.64312
v -4.22594 1.46275 3.6158
v -4.09601 1.60432 3.59343
v -3.96697 1.74614 3.56587
v -3.83644 1.88755 3.53897
v -3.7049 2.02389 3.54119
v -3.30301 2.03091 3.47186
v -3.57751 2.16242 3.51953
v -3.44377 2.16454 3.49759
v -3.04796 2.1718 3.43065
v -3.17908 2.16912 3.45025
v -2.91153 2.04157 3.39831
v -2.82196 1.82934 3.40396
v -2.55599 1.76891 3.36539
v -2.42802 1.63592 3.34959
v -2.93458 1.79447 3.06432
v -2.95057 1.86719 3.15604
v -2.77405 1.78326 3.00849
v -2.79153 1.67329 2.98657
v -1.71199 1.29245 3.50442
v -1.84894 1.43155 3.53355
v -2.13346 1.86818 3.30202
v -1.9167 1.83384 3.29546
v -2.28093 1.7495 3.32905
v -2.01637 1.48101 3.46757
v -0.872854 0.893957 3.36917
v -1.01584 1.02826 3.39444
v -1.16026 1.16266 3.41642
v -1.29733 1.15827 3.44137
v -1.43451 1.15561 3.46463
v -1.57508 1.29348 3.48862
v 0.0928295 0.57666 2.93296
v 0.14582 0.402651 2.82595
v 0.308628 0.472277 2.88765
v 0.364128 0.482965 2.75038
v 0.416177 0.481847 2.73153
v 0.521817 0.329622 2.81362
v 0.527952 0.11364 2.77243
v 0.74844 0.0143649 2.72932
v -0.04523 0.693335 3.01124
v -0.189121 0.81896 3.02409
v -0.327843 0.950508 3.0438
v -0.595286 1.08547 3.08719
v -0.463297 1.08496 3.06421
v -0.816231 0.951064 3.1798
v -0.726556 1.08711 3.11129
v 1.56221 0.0337933 1.80443
v 1.68001 0.0336934 1.64269
v 1.72212 0.0342621 1.52563
v 1.9332 0.0348716 1.43537
v 2.05509 0.0322262 1.27285
v 2.17932 0.0290827 1.11873
v 1.44871 0.0407286 1.96586
v 1.34984 0.0437456 2.14154
v 1.14325 0.0304595 2.19522
v 1.16984 0.0249755 2.38625
v 1.0323 0.0184754 2.5461
v 2.31677 0.0289053 1.10666
v 2.4429 0.0305109 0.955699
v 2.57034 0.0350383 0.806786
v 2.69835 0.0379122 0.659699
v 2.82614 0.0423213 0.513107
v 2.81506 0.0301639 0.376806
v 0.897398 0.0140569 2.70197
v 2.75911 1.90621 -1.18745
v 2.62439 2.05311 -1.19867
v 2.39636 2.18487 -1.08786
v 2.21701 2.2121 -1.00574
v 2.04288 2.25082 -0.912937
v 1.86151 2.26222 -0.81197
v 1.81178 2.26939 -0.684233
v 1.68066 2.26873 -0.553298
v 1.44596 2.26814 -0.537636
v 1.33689 2.27017 -0.376693
v 1.20759 2.27274 -0.373039
v 1.06854 2.27729 -0.239056
v 0.918565 2.28017 -0.0970924
v 0.703419 2.28303 0.113828
v 0.779967 2.34986 -0.0353434
v 0.974972 2.25796 0.0894486
v 0.890241 2.18684 -0.0411832
v -0.599892 2.32089 -0.425665
v -0.684527 2.385 -0.562173
v -0.618666 2.38577 -0.970421
v -0.474924 2.38662 -1.08655
v -0.342158 2.40353 -1.21246
v -0.187527 2.40743 -1.17905
v -0.795208 2.38631 -0.720503
v -0.770841 2.38727 -0.857992
v 0.902762 3.14343 -1.4521
v 1.02267 2.99214 -1.42928
v -3.33822 3.18902 0.70604
v -3.47465 3.19037 0.848991
v -3.61012 3.19496 0.990559
v -3.74431 3.19999 1.13268
v -3.87617 3.21934 1.2743
v -4.01043 3.22415 1.41477
v -4.14591 3.22402 1.55507
v -4.28331 3.22605 1.69507
v -4.42725 3.22031 1.8369
v -2.92787 3.1904 0.408985
v -3.06275 3.19019 0.554355
v -2.79368 3.18992 0.26444
v -3.19795 3.18624 0.698988
v -2.65935 3.18998 0.121357
v -2.52466 3.19137 -0.0208523
v -4.44222 3.0762 1.98623
v -4.49874 2.94119 2.06712
v -2.39057 3.1911 -0.162743
v -2.40155 3.18591 -0.576975
v -2.2606 3.18726 -0.442121
v -2.25679 3.18934 -0.304162
v -3.21585 3.14657 -1.52507
v -3.08524 3.16166 -1.38946
v -2.95328 3.16633 -1.25166
v -2.82176 3.16797 -1.11417
v -2.6841 3.17609 -0.981158
v -2.54446 3.17976 -0.848162
v -2.40419 3.1778 -0.714061
v -4.52898 3.24655 1.58304
v -4.54512 3.09033 1.71305
v -4.53812 2.95093 1.84525
v -4.55121 2.81872 2.07544
v -4.55401 2.95346 1.98238
v -4.75192 1.03459 3.7202
v -4.62072 1.17654 3.69813
v -4.49165 1.31879 3.66858
v -4.36247 1.46014 3.63905
v -4.2323 1.60163 3.61629
v -4.10248 1.74351 3.59217
v -3.97296 1.88581 3.5618
v -3.83963 2.02108 3.5649
v -3.71126 2.16076 3.54287
v -3.31066 2.16662 3.47454
v -3.45046 2.30036 3.49882
v -3.58394 2.29958 3.52033
v -2.91622 2.17446 3.41385
v -3.18637 2.30374 3.4546
v -3.05442 2.30715 3.43364
v -2.78544 2.04134 3.37328
v -2.78557 1.90834 3.41554
v -2.81254 1.78282 3.4422
v -2.54323 1.90167 3.36503
v -2.67867 1.89419 3.39935
v -2.41805 1.7633 3.35133
v -2.6669 1.73748 3.08885
v -2.73111 1.68341 3.08517
v -2.79523 1.5654 2.96268
v -2.83291 1.58187 2.83139
v -1.71652 1.43195 3.5077
v -2.023 1.57696 3.46514
v -1.85693 1.57178 3.54194
v -2.1306 2.00412 3.30163
v -2.00333 1.98513 3.28272
v -2.27297 1.88593 3.32004
v -0.872989 1.03412 3.37265
v -1.02081 1.16764 3.39602
v -1.30227 1.29784 3.44336
v -1.16611 1.30197 3.4185
v -1.43871 1.29465 3.46622
v -1.58007 1.43345 3.49218
v 0.0831636 0.720689 2.95162
v 0.249586 0.595661 2.91625
v 0.492904 0.457684 2.84871
v 0.611876 0.168918 2.89133
v 0.62922 0.309688 2.89027
v 0.770285 0.0120122 2.86611
v 0.608043 0.0239528 2.8784
v -0.0541092 0.82671 2.99982
v -0.192748 0.954041 3.01819
v -0.330006 1.08604 3.04165
v -0.596146 1.22295 3.08903
v -0.464742 1.21968 3.0663
v -0.817182 1.08905 3.18393
v -0.730512 1.22643 3.10969
v 1.58255 0.0388877 1.9403
v 1.69717 0.0332871 1.77846
v 1.81491 0.0329264 1.61097
v 1.95053 0.0324324 1.58584
v 2.07004 0.0306508 1.41868
v 2.19201 0.0232739 1.25969
v 1.47618 0.0428739 2.10964
v 1.30209 0.0797926 2.32714
v 1.40258 0.0642647 2.28972
v 1.19554 0.0292679 2.51983
v 1.05327 0.0147134 2.67377
v 2.3294 0.0219147 1.24578
v 2.45398 0.0283704 1.09426
v 2.58009 0.0290617 0.944279
v 2.70747 0.0359842 0.796569
v 2.83525 0.0359837 0.650095
v 0.925216 0.0126054 2.83872
v 2.76518 2.04499 -1.18831
v 2.6348 2.1945 -1.19679
v 2.46484 2.1995 -1.20881
v 2.42755 2.03642 -1.053
v 2.43154 1.90433 -1.04535
v 2.41611 2.18972 -1.182
v 2.39834 2.18224 -0.965423
v 2.18643 2.24239 -0.882348
v 2.00148 2.26255 -0.786752
v 1.82268 2.26452 -0.773074
v 1.82015 2.27422 -0.547232
v 1.70933 2.26963 -0.405084
v 1.57972 2.2684 -0.392851
v 1.45856 2.26873 -0.383665
v 1.33708 2.27145 -0.251683
v 1.20481 2.27324 -0.239802
v 1.06966 2.26348 -0.0963831
v 0.693652 2.16108 0.12723
v 0.564727 2.17033 0.0667872
v 0.832527 2.27576 0.158276
v 0.849609 2.35629 -0.0139715
v 1.09042 2.2493 0.08331
v 0.969533 2.13701 0.094179
v 0.841407 2.14114 0.0684901
v -0.57067 2.39254 -0.391896
v -0.534256 2.29431 -0.386061
v -0.706499 2.3858 -0.417145
v -0.820613 2.38647 -0.582026
v -0.746476 2.38709 -0.99587
v -0.599966 2.38589 -1.10676
v -0.468012 2.39677 -1.23707
v -0.93051 2.3881 -0.744704
v -0.904303 2.38812 -0.884089
v 1.02875 3.13731 -1.38811
v 1.17924 2.86751 -1.41845
v 1.17361 2.99873 -1.40037
v -3.33373 3.1893 0.842674
v -3.46951 3.19071 0.985103
v -3.60423 3.19401 1.12688
v -3.7366 3.21347 1.26893
v -3.86991 3.2203 1.4097
v -4.00375 3.22311 1.55078
v -4.13911 3.2235 1.69173
v -4.27575 3.22335 1.83372
v -4.41822 3.21587 1.97854
v -2.78871 3.19077 0.403508
v -2.92324 3.18993 0.548084
v -3.05801 3.18446 0.692414
v -2.65441 3.1914 0.260257
v -3.19307 3.18953 0.836277
v -2.51996 3.19358 0.117823
v -2.38624 3.19343 -0.0244232
v -2.25226 3.19142 -0.166012
v -2.26371 3.18421 -0.579752
v -2.12253 3.18778 -0.444842
v -2.11842 3.18863 -0.307328
v -3.07911 3.15053 -1.52607
v -2.94935 3.16386 -1.38671
v -2.8153 3.1612 -1.24748
v -2.68565 3.1717 -1.11503
v -2.54662 3.17426 -0.983261
v -2.4066 3.17449 -0.850597
v -2.26625 3.17814 -0.716672
v -4.52718 3.24548 1.71976
v -4.54226 3.08872 1.84973
v -4.53994 2.95723 2.06514
v -4.53554 3.0914 2.01815
v -4.75605 1.17329 3.72183
v -4.62745 1.31555 3.69213
v -4.4987 1.45754 3.66357
v -4.36857 1.5989 3.63939
v -4.23882 1.74073 3.61539
v -4.10921 1.88313 3.58739
v -3.97564 2.01807 3.58813
v -3.84625 2.15934 3.56442
v -3.7173 2.2989 3.54306
v -3.31774 2.30161 3.47712
v -3.59744 2.44253 3.48776
v -3.46492 2.4397 3.46596
v -2.92263 2.31087 3.4141
v -2.78595 2.17769 3.39384
v -3.20265 2.44281 3.42023
v -3.06965 2.4406 3.40945
v -2.65888 2.04092 3.36227
v -2.40792 1.89644 3.34908
v -2.53158 2.04064 3.35597
v -2.69193 1.66313 3.08453
v -2.67779 1.56851 3.07956
v -1.72229 1.57208 3.51237
v -1.98801 1.71328 3.46678
v -1.86818 1.71234 3.544
v -2.26678 2.0235 3.31858
v -2.13011 2.1353 3.29772
v -1.99747 2.11806 3.27989
v -1.93426 1.92911 3.28434
v -0.877771 1.17515 3.37223
v -1.02815 1.3075 3.39816
v -1.30808 1.4395 3.44552
v -1.1751 1.44257 3.41623
v -1.44453 1.4356 3.46842
v -1.58519 1.57373 3.49563
v 0.0821158 0.840244 2.97419
v 0.230161 0.731355 2.92582
v 0.311761 0.556923 2.90126
v 0.377069 0.602831 2.89988
v 0.505829 0.590584 2.85291
v 0.635972 0.442691 2.87389
v 0.773928 0.299216 2.88061
v 0.772696 0.158505 2.88068
v -0.0584995 0.960975 2.996
v -0.196183 1.08944 3.01642
v -0.331636 1.22131 3.04324
v -0.595336 1.36153 3.09905
v -0.466388 1.35524 3.06775
v -0.818339 1.22735 3.18306
v -0.724234 1.37858 3.12762
v 1.60854 0.0438969 2.07781
v 1.71774 0.0367201 1.91422
v 1.83314 0.0317738 1.75225
v 1.97005 0.0295628 1.72733
v 2.08695 0.0297536 1.5634
v 2.2067 0.0234054 1.40214
v 1.50307 0.0487368 2.25231
v 1.43738 0.0679746 2.33666
v 1.21662 0.0192333 2.65612
v 1.3204 0.0935118 2.50143
v 1.06935 0.0317277 2.76745
v 2.34377 0.0182585 1.38528
v 2.46682 0.0280243 1.23241
v 2.59179 0.027691 1.0814
v 2.71747 0.0275867 0.932853
v 2.84432 0.0334845 0.78596
v 0.921697 0.160096 2.84842
v 2.77691 2.18293 -1.18788
v 2.65318 2.33443 -1.19358
v 2.51291 2.35838 -1.21649
v 2.45512 2.18778 -1.06918
v 2.36302 2.18332 -0.824183
v 2.14377 2.25916 -0.754661
v 1.96334 2.2732 -0.65616
v 1.97833 2.26834 -0.545077
v 1.8487 2.27494 -0.415368
v 1.61883 2.27009 -0.231499
v 1.74923 2.26966 -0.263717
v 1.48342 2.27331 -0.195392
v 1.34876 2.26635 -0.126798
v 1.21092 2.25959 -0.10057
v 0.826833 2.15463 0.159198
v 0.453051 2.29934 -0.0371651
v 0.439748 2.17785 -0.00877384
v 0.694829 2.02879 0.103866
v 0.56578 2.03497 0.043267
v 0.913533 2.31846 0.0841618
v 1.23448 2.29196 0.0439551
v 1.09992 2.14169 0.100609
v 0.956011 2.01272 0.0931553
v 0.832542 2.01682 0.0674047
v -0.84234 2.39629 -0.434185
v -0.955246 2.38794 -0.602698
v -0.876612 2.38809 -1.02354
v -0.720348 2.38709 -1.1334
v -0.586939 2.39433 -1.24196
v -1.06539 2.38975 -0.767803
v -1.03839 2.38859 -0.908344
v 1.16662 3.14793 -1.36437
v 1.191 2.74848 -1.46979
v 1.32197 2.87947 -1.4043
v 1.31439 3.00922 -1.37815
v -3.3286 3.19102 0.979096
v -3.46348 3.18899 1.12133
v -3.59791 3.19214 1.26396
v -3.72926 3.21879 1.40453
v -3.86326 3.22439 1.54539
v -3.99684 3.22268 1.68651
v -4.13118 3.2211 1.82848
v -4.26574 3.22059 1.97304
v -2.64936 3.19293 0.398878
v -2.78363 3.19095 0.542222
v -2.91818 3.18822 0.686228
v -3.05296 3.18972 0.830067
v -2.51493 3.19418 0.256643
v -3.18761 3.19096 0.973246
v -2.38136 3.19475 0.114017
v -2.24766 3.19315 -0.0281191
v -2.11393 3.18977 -0.16959
v -2.12558 3.18152 -0.582025
v -1.9839 3.1853 -0.447628
v -1.98003 3.18708 -0.310804
v -2.94155 3.14913 -1.52136
v -2.81424 3.15421 -1.3823
v -2.68563 3.17382 -1.2472
v -2.54844 3.17316 -1.11708
v -2.409 3.17362 -0.986805
v -2.26897 3.17557 -0.853958
v -2.1286 3.17957 -0.71937
v -4.52354 3.24701 1.85794
v -4.54317 3.0007 2.02189
v -4.50744 3.22714 2.00057
v -4.76196 1.31229 3.71913
v -4.63458 1.45459 3.687
v -4.50441 1.59618 3.66435
v -4.37475 1.73779 3.63846
v -4.24494 1.87986 3.61126
v -4.11169 2.01646 3.60928
v -3.98159 2.15714 3.5875
v -3.85168 2.29769 3.56528
v -3.72979 2.44077 3.51223
v -3.33351 2.44214 3.4421
v -3.47377 2.56208 3.45905
v -3.58835 2.57987 3.5177
v -2.93577 2.44263 3.39432
v -2.79139 2.31539 3.39392
v -2.65711 2.18134 3.37307
v -3.20824 2.54182 3.43797
v -3.08645 2.55274 3.40126
v -2.40027 2.03614 3.33717
v -2.52922 2.18388 3.35214
v -1.72896 1.71253 3.51732
v -2.01077 1.85343 3.47376
v -1.87637 1.85204 3.54363
v -2.26512 2.16762 3.31494
v -2.1323 2.25503 3.2928
v -1.99923 2.2484 3.27278
v -1.87463 2.10387 3.26406
v -1.88274 1.96835 3.27484
v -0.879882 1.31472 3.37781
v -1.04035 1.4475 3.38918
v -1.31224 1.58417 3.45025
v -1.18973 1.58343 3.39922
v -1.45105 1.57599 3.47177
v -1.58548 1.7149 3.50325
v 0.223286 0.851741 2.95276
v 0.0775101 0.970446 2.97218
v 0.368618 0.733362 2.90153
v 0.50185 0.731184 2.85735
v 0.637053 0.57775 2.87326
v 0.777058 0.437239 2.87409
v 0.918012 0.300046 2.84966
v -0.0620299 1.09566 2.99452
v -0.198996 1.2252 3.01755
v -0.333633 1.3569 3.04632
v -0.598056 1.48136 3.12256
v -0.470367 1.48819 3.05852
v -0.81968 1.36227 3.18846
v 1.63937 0.0445203 2.21235
v 1.74361 0.0360849 2.04817
v 1.85489 0.0335053 1.88933
v 2.10629 0.0254251 1.70509
v 1.99223 0.0300139 1.86608
v 2.22357 0.0228628 1.54408
v 1.4308 0.0870236 2.42482
v 1.25324 0.0150048 2.79919
v 1.32717 0.0934935 2.66166
v 1.23087 0.193976 2.50586
v 1.22031 0.208087 2.36533
v 1.0649 0.169902 2.79298
v 2.48117 0.0166763 1.36958
v 2.35987 0.0176438 1.52537
v 2.60442 0.0261159 1.21829
v 2.72894 0.0274033 1.0688
v 2.8544 0.0262317 0.921261
v 2.79325 2.32056 -1.18583
v 2.67999 2.4734 -1.18795
v 2.54578 2.50327 -1.19406
v 2.36335 2.40358 -1.23177
v 2.38232 2.33346 -1.16284
v 2.3996 2.31382 -1.06793
v 2.40297 2.29993 -0.951874
v 2.28781 2.25804 -0.721654
v 2.08474 2.30387 -0.582158
v 2.02488 2.28217 -0.543897
v 1.99333 2.26348 -0.433994
v 1.87911 2.27123 -0.299719
v 1.67914 2.28387 -0.0624711
v 1.80381 2.25884 -0.122458
v 1.5127 2.27766 -0.0656748
v 1.38975 2.27037 -0.191291
v 1.39062 2.26216 0.0172466
v 0.825137 2.02113 0.139058
v 0.959626 2.14882 0.177158
v 0.963101 2.27614 0.183394
v 0.317965 2.17584 -0.0933669
v 0.326375 2.29511 -0.0886075
v 0.437537 2.04484 -0.0262338
v 0.555187 1.88948 0.0407051
v 0.684974 1.85382 0.0836571
v 0.924011 2.3468 0.0263799
v 1.33846 2.33731 0.0825419
v 1.21609 2.27374 0.0919301
v 1.23133 2.17961 0.11365
v 1.09176 2.00204 0.152939
v 0.941675 1.88223 0.0978189
v 0.81843 1.89168 0.068956
v 0.703619 2.02875 0.0259304
v 0.710195 2.16103 0.0321007
v -0.97953 2.40358 -0.454232
v -1.09074 2.38919 -0.625777
v -0.843627 2.38982 -1.16664
v -1.00957 2.38891 -1.04871
v -0.690133 2.39028 -1.29702
v -1.20063 2.39045 -0.789489
v -1.17371 2.39205 -0.930256
v 1.29993 3.1424 -1.37856
v 1.32933 2.75681 -1.45231
v 1.45717 2.88257 -1.37004
v 1.45018 3.01769 -1.34315
v -3.32252 3.19087 1.11546
v -3.45694 3.18857 1.25781
v -3.589 3.20591 1.39953
v -3.72249 3.22195 1.5402
v -3.85556 3.22308 1.68161
v -3.98879 3.22087 1.82199
v -4.12173 3.21918 1.96496
v -4.25219 3.22249 2.1122
v -4.39562 3.22006 2.12196
v -2.50975 3.19497 0.394822
v -2.6442 3.19446 0.537132
v -2.77867 3.19124 0.680422
v -2.91317 3.19054 0.824102
v -3.04713 3.19209 0.967393
v -2.37605 3.19541 0.252387
v -3.18171 3.19102 1.10985
v -2.24276 3.19496 0.109763
v -2.10931 3.19069 -0.0321947
v -1.97576 3.18886 -0.173554
v -1.98736 3.18393 -0.584475
v -1.84182 3.18685 -0.314345
v -1.84557 3.18513 -0.450765
v -2.80687 3.16382 -1.51128
v -2.68622 3.12873 -1.37896
v -2.55016 3.16882 -1.24785
v -2.41153 3.17667 -1.12233
v -2.27155 3.17606 -0.991073
v -2.13135 3.17681 -0.857148
v -1.99073 3.18186 -0.72197
v -4.76939 1.45188 3.71581
v -4.63973 1.59317 3.6885
v -4.50976 1.73473 3.6641
v -4.38043 1.8768 3.63428
v -4.24684 2.01437 3.63273
v -4.1169 2.15515 3.60945
v -3.98631 2.29648 3.58864
v -3.86267 2.44008 3.53971
v -3.72482 2.54751 3.5584
v -3.33216 2.55072 3.44703
v -3.55933 2.56633 3.46758
v -2.95506 2.5712 3.36434
v -2.80257 2.44805 3.372
v -2.6608 2.32101 3.37365
v -3.1658 2.52644 3.33717
v -2.3978 2.18268 3.33422
v -2.53126 2.32746 3.35201
v -2.78308 1.71863 3.18151
v -2.76665 1.57463 3.19245
v -1.73577 1.85223 3.51949
v -1.99818 1.97524 3.46502
v -1.8879 1.9943 3.54498
v -2.26672 2.33994 3.31269
v -2.13486 2.37386 3.29012
v -2.00474 2.37235 3.27173
v -1.87589 2.23753 3.25761
v -1.75651 2.09939 3.28214
v -1.76055 1.96347 3.28573
v -1.7608 1.84366 3.29516
v -0.904622 1.45261 3.36001
v -1.05398 1.58784 3.37291
v -1.33479 1.71983 3.41703
v -1.20218 1.72381 3.38288
v -1.46208 1.71552 3.45209
v -1.58969 1.8543 3.49828
v 0.216892 0.979792 2.94848
v 0.36282 0.854427 2.92397
v 0.0735526 1.10313 2.96903
v 0.637063 0.712729 2.87414
v 0.498709 0.851985 2.89862
v 0.77895 0.573837 2.87003
v 0.918812 0.438791 2.85235
v 1.05703 0.308789 2.79844
v -0.0657786 1.23111 2.99434
v -0.2017 1.36115 3.01825
v -0.337701 1.49181 3.03698
v -0.595143 1.61293 3.12397
v -0.474502 1.622 3.05777
v -0.776677 1.39931 3.17516
v 1.54835 0.0600556 2.3893
v 1.67785 0.0523425 2.35105
v 1.77362 0.0422195 2.17997
v 1.88279 0.0354692 2.02197
v 2.12865 0.026249 1.84519
v 2.24252 0.0199953 1.68475
v 2.02028 0.0354046 2.00215
v 1.17144 0.0998428 2.79686
v 1.24098 0.099195 2.80796
v 1.23313 0.186638 2.65172
v 1.22347 0.371353 2.38056
v 1.22808 0.358279 2.51296
v 1.20246 0.220212 2.21812
v 1.22724 0.163003 2.19815
v 2.49695 0.01734 1.50797
v 2.61829 0.0243331 1.3548
v 2.37807 0.0110065 1.6657
v 2.74158 0.0256081 1.20433
v 2.86587 0.0266687 1.05599
v 2.81386 2.46118 -1.18254
v 2.71818 2.51205 -1.09169
v 2.59874 2.51457 -1.05627
v 2.40614 2.53129 -1.17498
v 2.38616 2.29116 -0.822431
v 2.33254 2.19263 -0.749271
v 2.21196 2.3127 -0.597133
v 1.99138 2.30373 -0.3292
v 1.91709 2.26426 -0.176165
v 1.88641 2.16667 -0.0445281
v 1.75193 2.18953 0.033488
v 1.65505 2.39973 -0.12071
v 1.53899 2.40437 -0.0387958
v 1.48091 2.25556 0.0381659
v 1.36329 2.24151 0.110958
v 0.814596 1.89289 0.135314
v 0.955986 2.01254 0.162465
v 1.09241 2.15122 0.166169
v 1.09585 2.27641 0.193898
v 0.322938 2.05382 -0.111443
v 0.215319 2.17651 -0.179106
v 0.239179 2.29391 -0.193043
v 0.423134 1.91004 -0.0372152
v 0.53582 1.74732 0.0338821
v 0.687231 1.69579 0.0485709
v 0.998413 2.33731 0.0667313
v 1.27673 2.26482 0.0886069
v 1.24528 2.05703 0.139362
v 1.23301 2.16265 0.191228
v 1.09291 1.89674 0.146513
v 0.928412 1.74527 0.0908159
v 0.802373 1.75596 0.0710816
v 0.688657 1.90195 0.0318657
v -1.1158 2.40118 -0.478595
v -1.22633 2.39014 -0.648761
v -0.979364 2.39289 -1.19364
v -0.785853 2.40471 -1.31014
v -1.14549 2.3915 -1.07153
v -1.33646 2.39381 -0.812527
v -1.30959 2.39354 -0.953049
v 1.44371 3.14583 -1.38122
v 1.46485 2.75575 -1.41399
v 1.59268 2.88867 -1.34698
v 1.58591 3.02322 -1.32498
v -3.31637 3.19056 1.25178
v -3.4503 3.188 1.3941
v -3.58145 3.21514 1.53524
v -3.71519 3.22308 1.67611
v -3.84761 3.22176 1.81646
v -3.98006 3.22011 1.95552
v -4.11091 3.22279 2.10029
v -4.37368 3.22237 2.26393
v -4.23473 3.22211 2.25004
v -4.52664 3.229 2.13317
v -2.37056 3.19602 0.390434
v -2.5043 3.19582 0.532673
v -2.63886 3.19538 0.675209
v -2.7734 3.19082 0.81835
v -2.90735 3.19247 0.961566
v -3.04152 3.1925 1.10417
v -2.2373 3.1964 0.247786
v -3.17555 3.19127 1.24635
v -2.10427 3.19197 0.105403
v -1.97113 3.19054 -0.036618
v -1.8376 3.18947 -0.177832
v -1.84936 3.18238 -0.587465
v -1.70328 3.18702 -0.317431
v -1.70745 3.18491 -0.453815
v -2.6732 3.1636 -1.50112
v -2.55771 3.10799 -1.36157
v -2.41534 3.16896 -1.2567
v -2.27433 3.17697 -1.12803
v -2.13384 3.17735 -0.994972
v -1.99359 3.18013 -0.859786
v -1.85255 3.18241 -0.724282
v -4.77433 1.59039 3.71747
v -4.64481 1.73164 3.68928
v -4.51561 1.87358 3.66164
v -4.38232 2.01221 3.65543
v -4.25166 2.15294 3.63302
v -4.12097 2.29519 3.6116
v -3.99608 2.43934 3.56549
v -3.8717 2.55868 3.53939
v -3.75026 2.55846 3.46506
v -3.61588 2.55705 3.42598
v -3.51854 2.56144 3.28703
v -3.36549 2.55221 3.28028
v -3.06251 2.53584 3.30815
v -2.82494 2.58038 3.33374
v -2.67041 2.45792 3.35224
v -3.26373 2.5287 3.30866
v -3.11902 2.52056 3.31308
v -2.39975 2.33223 3.33214
v -2.53803 2.47288 3.3389
v -1.74307 1.99368 3.52324
v -1.95277 2.12999 3.37559
v -1.89361 2.13665 3.53731
v -2.17796 2.32294 3.29854
v -2.13943 2.49414 3.28448
v -2.00563 2.49003 3.25728
v -1.88059 2.36654 3.26727
v -1.75638 2.23528 3.27053
v -0.781377 1.45667 3.31661
v -0.7548 1.27968 3.2828
v -0.918594 1.59286 3.35105
v -1.06389 1.7282 3.36649
v -1.34189 1.86002 3.4136
v -1.20686 1.86263 3.38556
v -1.47027 1.85811 3.44316
v -1.59687 1.99371 3.49339
v 0.21035 1.11088 2.9421
v 0.356643 0.986285 2.92291
v 0.0697877 1.23777 2.9709
v 0.632945 0.847016 2.87728
v 0.777552 0.709318 2.85572
v 0.493729 0.985148 2.899
v 0.922534 0.577101 2.85176
v 1.05066 0.447094 2.80009
v 1.21326 0.322588 2.81209
v 1.22871 0.183385 2.81674
v -0.0700073 1.36656 2.98818
v -0.205835 1.49607 3.01036
v -0.341305 1.62636 3.0356
v -0.597792 1.74742 3.13007
v -0.478457 1.75543 3.06029
v -0.786118 1.45707 3.2094
v 1.80672 0.0448921 2.326
v 1.92807 -0.0115297 2.14303
v 2.15488 0.0374265 1.98311
v 2.26417 0.021072 1.82371
v 2.06584 -0.00124193 2.1259
v 1.21029 0.328646 2.65447
v 1.21501 0.366577 2.2533
v 1.14369 0.462456 2.37126
v 1.16601 0.463472 2.51665
v 2.51449 0.0146479 1.64676
v 2.63379 0.0141013 1.49032
v 2.75539 0.0226221 1.33984
v 2.39913 0.00849432 1.80371
v 2.84799 2.51307 -1.1
v 2.77845 2.471 -0.988964
v 2.68421 2.48872 -0.939797
v 2.50234 2.50942 -0.975377
v 2.27597 2.53443 -1.11109
v 2.23571 2.44567 -1.1708
v 2.35864 2.29034 -0.696195
v 2.34679 2.13652 -0.701976
v 2.30185 2.14555 -0.575386
v 2.10467 2.30198 -0.502094
v 1.99743 2.29719 -0.249367
v 1.93947 2.14947 -0.161523
v 1.88985 2.28381 -0.0084441
v 1.7594 2.29763 0.0574544
v 1.63085 2.18023 0.0909876
v 1.5676 2.30386 0.0135763
v 1.37736 2.16074 0.176079
v 1.50691 2.17486 0.138357
v 0.764116 1.84211 0.113465
v 0.943034 1.88955 0.163575
v 1.23171 2.28193 0.207114
v 0.319661 2.14961 -0.263032
v 0.238014 2.08388 -0.198065
v 0.296201 1.9216 -0.157872
v 0.222782 2.14025 -0.225854
v 0.111086 2.17365 -0.291967
v 0.151474 2.28636 -0.303535
v 0.409262 1.77169 -0.0450322
v 0.513732 1.61613 0.0159217
v 0.634145 1.56992 0.023302
v 0.742968 1.74673 0.0805946
v 1.38167 2.09783 0.128107
v 1.07205 1.74343 0.122401
v 0.878127 1.61401 0.111961
v 0.747487 1.64846 0.0782391
v -1.24798 2.41513 -0.502137
v -1.36231 2.39486 -0.67007
v -1.11903 2.39453 -1.21739
v -0.958066 2.39923 -1.35394
v -1.28278 2.39303 -1.09286
v -1.47295 2.39562 -0.834205
v -1.4464 2.39516 -0.973908
v 1.58292 3.14941 -1.38402
v 1.5967 2.75465 -1.3775
v 1.72761 2.88579 -1.32599
v 1.72302 3.02495 -1.29869
v -3.30978 3.18951 1.38816
v -3.44169 3.20007 1.53008
v -3.57462 3.22169 1.67098
v -3.70691 3.22313 1.81211
v -3.83922 3.22258 1.9469
v -3.96906 3.22334 2.08611
v -4.09594 3.22222 2.23484
v -4.51028 3.22234 2.27735
v -4.21652 3.22212 2.38718
v -4.35424 3.22371 2.4044
v -2.23155 3.19895 0.385701
v -2.36498 3.19698 0.528117
v -2.49925 3.19775 0.67035
v -2.63331 3.19548 0.813124
v -2.76782 3.19293 0.955884
v -2.90192 3.19433 1.09841
v -3.03579 3.19211 1.24057
v -2.09882 3.19428 0.243192
v -3.16964 3.19106 1.38249
v -1.96601 3.19291 0.100628
v -1.83299 3.1914 -0.0413503
v -1.69929 3.19116 -0.181328
v -1.71109 3.18269 -0.590073
v -1.56857 3.18351 -0.455742
v -1.56442 3.18657 -0.319979
v -2.42248 3.1201 -1.38099
v -2.27819 3.16925 -1.26539
v -2.13615 3.17607 -1.1331
v -1.99583 3.1783 -0.998085
v -1.85561 3.18207 -0.861905
v -1.71439 3.18284 -0.726397
v -4.77908 1.72872 3.71875
v -4.65058 1.87011 3.68725
v -4.51723 2.00943 3.67976
v -4.38629 2.15044 3.65676
v -4.25523 2.29255 3.63413
v -4.12885 2.438 3.59061
v -4.00339 2.56088 3.56538
v -3.78226 2.55488 3.52095
v -3.79323 2.55342 3.33992
v -3.65602 2.56748 3.30659
v -3.00043 2.5463 3.23717
v -2.86194 2.55729 3.20021
v -2.68514 2.58822 3.3268
v -3.15159 2.48839 3.22489
v -2.40737 2.49564 3.32622
v -2.55044 2.60281 3.31004
v -1.74852 2.13754 3.52972
v -1.94782 2.27115 3.36539
v -1.90538 2.2806 3.53482
v -2.27626 2.50583 3.32323
v -1.9609 2.56236 3.35116
v -2.11841 2.575 3.34762
v -1.88494 2.48346 3.2572
v -1.76899 2.36579 3.26314
v -0.786728 1.59722 3.31651
v -0.644403 1.45889 3.31139
v -0.637705 1.30404 3.28913
v -0.926187 1.73201 3.34798
v -1.06888 1.86642 3.36992
v -1.34442 1.99678 3.41578
v -1.21066 2.00105 3.38646
v -1.47069 1.9907 3.47677
v -1.59891 2.13549 3.49606
v 0.205971 1.24474 2.94661
v 0.348399 1.11601 2.91973
v 0.0647295 1.37236 2.96338
v 0.627137 0.983096 2.8768
v 0.770514 0.845222 2.8536
v 0.927819 0.714528 2.85474
v 0.48471 1.119 2.89524
v 1.03723 0.582723 2.7892
v 1.20655 0.462933 2.8112
v -0.0731311 1.50169 2.98646
v -0.20924 1.63181 3.01117
v -0.345397 1.76111 3.03833
v -0.51152 1.60527 3.28901
v -0.512716 1.74448 3.28511
v -0.48273 1.89 3.06133
v -0.601654 1.88259 3.13044
v 1.9337 0.0413833 2.28712
v 2.17759 0.0215126 2.11588
v 2.28842 0.032493 1.96238
v 2.04645 0.00482742 2.25183
v 1.20566 0.472301 2.6544
v 1.21133 0.455003 2.16067
v 1.31836 0.390785 2.19416
v 1.30415 0.240872 2.13995
v 1.17032 0.448664 2.23334
v 1.13449 0.637273 2.36227
v 1.16502 0.644541 2.50195
v 2.53432 0.00727954 1.78369
v 2.65114 0.0159585 1.62787
v 2.77044 0.0191282 1.4751
v 2.42132 0.0241925 1.94185
v 2.85264 2.44947 -0.880044
v 2.73451 2.44868 -0.815258
v 2.64984 2.52139 -0.999298
v 2.66656 2.56088 -1.00183
v 2.5667 2.61252 -0.924152
v 2.39403 2.51511 -0.919064
v 2.20937 2.45089 -1.04754
v 2.15712 2.53645 -1.03364
v 2.28465 2.37784 -0.854758
v 2.23132 2.33679 -0.743077
v 2.30888 2.2863 -0.573587
v 2.20575 2.15281 -0.471848
v 2.17052 2.30858 -0.488044
v 1.9253 2.36897 -0.510951
v 2.03863 2.1537 -0.259954
v 1.94507 2.01786 -0.148967
v 1.88764 2.02255 -0.039395
v 1.80044 2.31935 -0.0805586
v 1.63315 2.29472 0.126163
v 2.00251 2.26991 -0.104679
v 2.00292 2.154 -0.11226
v 1.37411 2.16669 0.138381
v 1.49969 2.2902 0.178417
v 1.36099 2.28425 0.174202
v 0.792777 1.77963 0.121424
v 0.914887 1.75433 0.15645
v 0.149878 2.02563 -0.301799
v 0.172243 2.10698 -0.298609
v 0.258116 1.98707 -0.22308
v 0.307003 1.78745 -0.204747
v 0.0813925 2.28065 -0.405691
v 0.0283686 2.15288 -0.385776
v 0.402687 1.63164 -0.0587398
v 0.559336 1.55745 -0.0010198
v 0.566873 1.70937 -0.0335222
v 0.620858 1.7785 -0.00301984
v 1.04377 1.74056 0.178425
v 1.21065 1.859 0.143878
v 1.1885 1.73302 0.129825
v 1.05421 1.58885 0.139477
v 0.905396 1.50819 0.0889044
v -1.38523 2.42042 -0.520999
v -1.49841 2.3963 -0.693137
v -1.26005 2.39481 -1.23752
v -1.10653 2.39844 -1.38577
v -1.42038 2.39479 -1.11393
v -1.60981 2.39451 -0.855547
v -1.58309 2.39482 -0.995858
v 1.73315 3.15178 -1.36696
v 1.7328 2.7602 -1.34771
v 1.86172 2.88668 -1.30591
v 1.85867 3.02279 -1.29164
v -3.30224 3.18862 1.52492
v -3.4349 3.2119 1.66584
v -3.56635 3.22282 1.80824
v -3.69797 3.22589 1.94618
v -3.82874 3.224 2.07354
v -3.9562 3.2226 2.21799
v -4.07928 3.22195 2.37005
v -4.49217 3.22537 2.42083
v -4.6448 3.21553 2.29056
v -4.65724 3.21462 2.14211
v -4.19657 3.22333 2.52378
v -4.33316 3.22401 2.54296
v -2.22569 3.20057 0.52334
v -2.09325 3.19655 0.380768
v -2.35922 3.19735 0.665845
v -2.49322 3.19894 0.808338
v -2.62743 3.19786 0.950955
v -2.7623 3.19474 1.09282
v -2.89632 3.19563 1.23485
v -3.03011 3.19159 1.37675
v -1.9608 3.19507 0.237894
v -3.16299 3.19164 1.51913
v -1.82787 3.19375 0.0956417
v -1.69485 3.19979 -0.045559
v -1.56041 3.18707 -0.184084
v -1.57262 3.18334 -0.592315
v -1.42945 3.18353 -0.45777
v -1.42541 3.18676 -0.322371
v -2.2852 3.13404 -1.3978
v -2.13883 3.16822 -1.27095
v -1.9975 3.17611 -1.13672
v -1.8577 3.1803 -0.999933
v -1.71754 3.18324 -0.863481
v -1.57608 3.18334 -0.728497
v -4.78364 1.8668 3.71952
v -4.65266 2.00679 3.7028
v -4.52082 2.14759 3.68119
v -4.38964 2.28945 3.65801
v -4.26194 2.43536 3.61562
v -4.13467 2.56354 3.5858
v -3.99199 2.66679 3.6083
v -3.86942 2.62168 3.62508
v -3.925 2.56183 3.38962
v -2.41284 2.61919 3.29504
v -1.74747 2.28412 3.5377
v -1.94667 2.40845 3.36336
v -1.90545 2.42268 3.53135
v -2.28668 2.59097 3.23928
v -2.17803 2.52499 3.31844
v -1.77881 2.48707 3.26119
v -0.78913 1.736 3.32406
v -0.647797 1.60108 3.30731
v -0.508595 1.46057 3.29846
v -0.515788 1.30998 3.28108
v -0.930577 1.86968 3.34933
v -1.07319 2.00477 3.37049
v -1.35232 2.13154 3.40748
v -1.21477 2.14021 3.38702
v -1.47663 2.12674 3.46675
v -1.59279 2.28621 3.51574
v 0.342536 1.25055 2.92357
v 0.199351 1.37818 2.93688
v 0.0609721 1.50759 2.9654
v 0.619843 1.11999 2.87719
v 0.760175 0.98325 2.8565
v 0.919053 0.851661 2.85794
v 1.01863 0.722159 2.7743
v 0.478353 1.25477 2.9004
v 1.20161 0.607702 2.81137
v -0.0765147 1.6376 2.98903
v -0.213965 1.76788 3.01337
v -0.350862 1.89714 3.0397
v -0.563519 1.47382 3.16089
v -0.649829 1.74013 3.31075
v -0.510419 1.88322 3.28144
v -0.608839 2.01705 3.12276
v -0.488242 2.02561 3.06309
v 2.31117 0.0223732 2.09884
v 2.18258 0.011602 2.2286
v 1.17917 0.628049 2.6604
v 1.45002 0.392481 2.17609
v 1.42799 0.232502 2.10293
v 1.12959 0.473544 2.21433
v 1.11201 0.633494 2.21325
v 1.2427 0.585526 2.45087
v 1.21705 0.610058 2.31913
v 2.5542 0.0193428 1.91996
v 2.6699 0.00908873 1.76397
v 2.78736 0.0119811 1.60984
v 2.44605 0.0218286 2.07875
v 2.52752 2.45276 -0.903727
v 2.61417 2.44399 -0.750684
v 2.60762 2.5663 -0.832866
v 2.45643 2.62246 -0.846605
v 2.29639 2.5314 -0.847974
v 2.25466 2.28057 -0.450786
v 2.25401 2.14984 -0.445114
v 2.23874 2.021 -0.45136
v 2.12727 2.15589 -0.3679
v 2.11077 2.29752 -0.36884
v 2.07325 2.02336 -0.237507
v 1.94008 1.88353 -0.150397
v 1.87743 1.8845 -0.0385551
v 2.01113 2.02299 -0.111771
v 1.90186 2.32998 -0.183215
v 2.08021 2.15744 -0.230606
v 2.10908 2.2762 -0.210786
v 1.47574 2.34233 0.0534665
v 0.189153 2.02957 -0.265308
v 0.348158 1.6311 -0.164435
v 0.0158603 2.2751 -0.519237
v -0.0242942 2.14107 -0.501108
v 0.0273621 2.00984 -0.382006
v 0.3993 1.49302 -0.109904
v 0.530129 1.4863 -0.0422831
v 0.467782 1.66025 -0.0895258
v 1.17302 1.73365 0.192289
v 1.35095 1.88004 0.098304
v 1.32786 1.7272 0.14054
v 1.1693 1.59708 0.173874
v 0.96617 1.60143 0.125719
v -1.52458 2.41806 -0.547751
v -1.6358 2.39519 -0.715471
v -1.24638 2.3968 -1.39944
v -1.39914 2.39734 -1.25845
v -1.55776 2.39753 -1.13473
v -1.71983 2.39408 -1.0177
v -1.74663 2.39536 -0.878266
v 1.8582 3.16022 -1.31387
v 1.86963 2.76739 -1.3372
v 2.0007 2.86304 -1.28735
v 1.99252 3.01447 -1.27977
v -3.29491 3.20466 1.66091
v -3.42638 3.22357 1.80361
v -3.55774 3.22451 1.94587
v -3.68796 3.22496 2.07708
v -3.81747 3.22307 2.19919
v -3.94152 3.22167 2.35116
v -4.05982 3.22177 2.50474
v -4.47059 3.22621 2.5628
v -4.62955 3.22451 2.4358
v -4.78044 3.20707 2.30492
v -4.79207 3.19589 2.14568
v -4.31151 3.2203 2.67868
v -4.17533 3.21831 2.66029
v -2.08725 3.19892 0.518036
v -2.22011 3.20103 0.660769
v -1.95523 3.19734 0.375021
v -2.35333 3.19845 0.803428
v -2.48732 3.20016 0.945741
v -2.62136 3.1989 1.08816
v -2.75627 3.19652 1.22972
v -2.89102 3.19913 1.37105
v -3.02424 3.19368 1.51296
v -1.82257 3.19565 0.232692
v -3.15605 3.19713 1.65599
v -1.6899 3.19262 0.0908072
v -1.55653 3.19464 -0.0491487
v -1.42157 3.18867 -0.186998
v -1.43383 3.18381 -0.594307
v -1.29017 3.18383 -0.459953
v -1.28589 3.18418 -0.323852
v -2.14225 3.14407 -1.40628
v -1.9976 3.17244 -1.27599
v -1.85862 3.17684 -1.13855
v -1.71977 3.18287 -1.0008
v -1.57937 3.18408 -0.865037
v -1.43747 3.18389 -0.730651
v -4.78723 2.00425 3.72925
v -4.65605 2.145 3.70439
v -4.52423 2.28584 3.68228
v -4.39435 2.43145 3.64576
v -4.26334 2.56124 3.6204
v -4.12004 2.67214 3.62789
v -3.98629 2.56842 3.26264
v -3.8441 2.59252 3.22905
v -3.17359 2.49021 3.16053
v -3.05862 2.51983 3.12384
v -1.75284 2.41878 3.51435
v -1.90068 2.56457 3.52791
v -2.1416 2.60955 3.24383
v -0.792346 1.8734 3.32632
v -0.573331 1.34 3.15455
v -0.935061 2.00719 3.34912
v -1.07674 2.14357 3.37019
v -1.35664 2.27493 3.40334
v -1.21822 2.2804 3.38651
v -1.46554 2.27635 3.47301
v -1.61505 2.41112 3.47588
v 0.334286 1.38381 2.91223
v 0.195384 1.51341 2.94172
v 0.0563088 1.64378 2.96635
v 0.61288 1.25785 2.87815
v 0.752101 1.12245 2.85626
v 0.891269 0.988467 2.83236
v 1.01145 0.862991 2.78743
v 1.18219 0.743255 2.81259
v 0.469211 1.38888 2.88871
v -0.081936 1.7743 2.99059
v -0.21983 1.90458 3.01516
v -0.357365 2.03366 3.04084
v -0.652579 1.87805 3.30851
v -0.512401 2.02204 3.2744
v -0.495883 2.16156 3.06277
v -0.616239 2.15111 3.11691
v 2.33334 0.0450158 2.2269
v 2.05997 0.0770769 2.36006
v 2.20215 0.0831198 2.34975
v 1.20936 0.65845 2.59933
v 1.14353 0.480963 2.03988
v 1.56513 0.391796 2.15056
v 1.54997 0.235551 2.07166
v 1.40587 0.17987 2.06657
v 1.11688 0.636305 2.04732
v 1.17933 0.633244 2.18586
v 1.28389 0.702761 2.63564
v 1.2797 0.567846 2.56922
v 1.24026 0.466854 2.29802
v 1.26494 0.459968 2.42359
v 2.5774 0.0224836 2.06183
v 2.68885 0.0139496 1.90103
v 2.80651 0.00885609 1.74495
v 2.47503 0.0503077 2.21084
v 2.5506 2.49616 -0.847739
v 2.80035 2.44313 -0.67304
v 2.67575 2.43986 -0.61477
v 2.49688 2.44069 -0.679362
v 2.42445 2.46256 -0.823347
v 2.3517 2.62949 -0.773329
v 2.1739 2.55069 -0.79049
v 2.09502 2.55292 -0.896958
v 2.18342 2.28049 -0.333017
v 2.17724 2.15266 -0.336551
v 2.16578 2.02443 -0.34471
v 2.07767 1.88852 -0.233517
v 1.94311 1.74896 -0.147662
v 1.87349 1.74614 -0.0377327
v 2.01507 1.88777 -0.107089
v 0.127514 1.94429 -0.304989
v 0.422824 1.80487 -0.132819
v 0.373729 1.56206 -0.137169
v -0.0729456 2.15177 -0.636685
v -0.0422572 2.26366 -0.632279
v -0.0330433 2.00307 -0.498094
v 0.0566255 2.14004 -0.536835
v 0.12827 2.15089 -0.42372
v 0.0916061 1.9384 -0.333431
v 0.42382 1.56655 -0.108663
v 0.519778 1.85161 -0.0666523
v 1.30502 1.71952 0.205095
v 1.27856 1.84474 0.229028
v 1.3001 1.59026 0.183427
v 1.26222 1.46716 0.175632
v 1.17813 1.45889 0.175219
v -1.65738 2.43042 -0.57146
v -1.77232 2.39621 -0.738922
v -1.38513 2.39839 -1.41531
v -1.53559 2.39767 -1.27806
v -1.69403 2.39714 -1.15709
v -1.88266 2.39582 -0.903549
v -1.85639 2.39369 -1.04199
v 2.00088 3.14967 -1.30583
v 2.01072 2.75767 -1.34066
v 2.13661 2.84732 -1.26634
v 2.12811 3.00334 -1.26284
v -3.28739 3.22064 1.79747
v -3.41791 3.22294 1.94274
v -3.54587 3.2262 2.10515
v -3.68017 3.2246 2.17184
v -3.804 3.22118 2.32897
v -3.92368 3.22063 2.48462
v -4.03998 3.21993 2.64185
v -4.44792 3.22061 2.70014
v -4.61002 3.22942 2.58289
v -4.76464 3.21935 2.45202
v -4.28937 3.18913 2.81064
v -4.15176 3.20012 2.8005
v -1.94886 3.19935 0.512203
v -2.08102 3.19991 0.655354
v -2.21418 3.20127 0.797913
v -1.81661 3.19762 0.369764
v -2.34762 3.20015 0.940302
v -2.48111 3.20079 1.08287
v -2.61564 3.20016 1.2247
v -2.75129 3.19962 1.36545
v -2.885 3.19736 1.50725
v -3.01743 3.19741 1.64976
v -1.68463 3.19492 0.227159
v -3.14853 3.21092 1.79204
v -1.55205 3.19575 0.0860539
v -1.41798 3.19394 -0.0531474
v -1.282 3.18518 -0.188698
v -1.29478 3.18384 -0.596679
v -1.14618 3.18531 -0.325537
v -1.15064 3.1841 -0.462066
v -1.99767 3.14241 -1.40718
v -1.85756 3.16304 -1.27738
v -1.72031 3.1812 -1.13877
v -1.58175 3.18493 -1.00131
v -1.44104 3.1839 -0.867073
v -1.29877 3.18444 -0.73353
v -4.79132 2.14262 3.72876
v -4.65922 2.2827 3.70528
v -4.52921 2.42391 3.67099
v -4.39076 2.56168 3.65127
v -4.24789 2.65118 3.65961
v -4.13227 2.55358 3.33197
v -4.04646 2.55787 3.45692
v -1.74946 2.55921 3.52283
v -1.96435 2.71079 3.45722
v -1.89212 2.72253 3.53375
v -2.01776 2.58603 3.24065
v -0.796418 2.00979 3.32643
v -0.939793 2.14542 3.34916
v -1.08015 2.28346 3.3682
v -1.22058 2.42596 3.36839
v -1.35857 2.41897 3.38793
v -1.48067 2.40765 3.43549
v -1.60675 2.55332 3.49895
v 0.329809 1.51935 2.91921
v 0.190021 1.65038 2.94406
v 0.0507367 1.78105 2.96876
v 0.746225 1.2619 2.85723
v 0.603905 1.39413 2.86588
v 0.884466 1.12827 2.83338
v 1.02304 0.999148 2.81199
v 1.16614 0.876088 2.79045
v 1.3268 0.762696 2.76054
v 1.33164 0.631604 2.76965
v 0.464266 1.52576 2.89649
v -0.0885708 1.91154 2.99079
v -0.226028 2.0413 3.02018
v -0.365577 2.17052 3.04186
v -0.656762 2.01474 3.30645
v -0.522773 2.15866 3.26431
v -0.626762 2.28321 3.12014
v -0.506737 2.29805 3.06229
v 2.35501 0.0812981 2.34779
v 1.6911 0.397289 2.12283
v 1.67819 0.232986 2.04233
v 1.52801 0.274707 1.98464
v 1.39753 0.284747 1.99927
v 1.25975 0.262441 2.03638
v 1.13607 0.634348 2.14881
v 1.4206 0.734477 2.61572
v 1.42691 0.593948 2.54364
v 1.29517 0.441992 2.53941
v 1.4109 0.485729 2.39308
v 1.38215 0.489999 2.25851
v 2.61536 0.0773863 2.18756
v 2.70208 0.0241744 2.04767
v 2.8251 0.0157702 1.88374
v 2.49762 0.0901326 2.32917
v 2.84656 2.43843 -0.5186
v 2.71405 2.43799 -0.4754
v 2.54805 2.43572 -0.564864
v 2.32202 2.44668 -0.731745
v 2.38277 2.43382 -0.608124
v 2.50921 2.51048 -0.738958
v 2.17008 1.88965 -0.341269
v 1.88462 1.60741 -0.0293967
v 1.94076 1.61251 -0.144864
v 2.01256 1.7526 -0.105317
v -0.0831262 1.994 -0.647039
v -0.0678666 2.21353 -0.670354
v -0.035568 1.87078 -0.497229
v 0.0264311 1.86847 -0.377399
v 1.28058 1.96779 0.229637
v 1.22796 1.95802 0.14162
v -1.79764 2.41018 -0.590737
v -1.90921 2.39762 -0.764171
v -1.52068 2.39622 -1.43889
v -1.67139 2.39655 -1.30092
v -1.83061 2.39561 -1.18081
v -2.01816 2.39724 -0.929738
v -1.99266 2.39357 -1.06877
v 2.14885 3.14754 -1.26925
v 2.14913 2.75688 -1.32309
v 2.27211 2.85125 -1.26971
v 2.26382 2.9882 -1.23669
v -3.2791 3.22191 1.93637
v -3.40735 3.22567 2.09023
v -3.638 3.22525 2.11802
v -3.66756 3.22273 2.3011
v -3.78806 3.22046 2.46108
v -3.90465 3.21993 2.62058
v -4.01901 3.19576 2.78045
v -4.42701 3.1881 2.83153
v -4.58364 3.22372 2.72896
v -4.74504 3.22119 2.60667
v -4.12505 3.25017 2.94849
v -4.26126 3.24265 2.95306
v -1.81038 3.19952 0.506523
v -1.94244 3.20051 0.649453
v -2.0748 3.20079 0.792574
v -2.20805 3.20238 0.934615
v -1.67873 3.19663 0.363559
v -2.34162 3.20108 1.07705
v -2.47526 3.20148 1.21934
v -2.61028 3.20136 1.36053
v -2.74586 3.20261 1.5011
v -2.87863 3.19839 1.64347
v -3.01063 3.19752 1.78707
v -1.54684 3.19437 0.221307
v -3.1402 3.21933 1.92951
v -1.41401 3.19901 0.0809601
v -1.2793 3.19029 -0.0563594
v -1.14266 3.18221 -0.18991
v -1.1554 3.18378 -0.599103
v -1.01084 3.18423 -0.464176
v -1.00583 3.18441 -0.326746
v -1.85661 3.13928 -1.41138
v -1.71868 3.14738 -1.27744
v -1.58194 3.1822 -1.13732
v -1.44355 3.18236 -1.00255
v -1.30246 3.18452 -0.870286
v -1.15993 3.18506 -0.736559
v -4.79432 2.28029 3.72896
v -4.66424 2.41819 3.69696
v -4.52804 2.55545 3.67724
v -4.37276 2.63506 3.70657
v -4.16875 2.60662 3.21495
v -4.04706 2.64307 3.18126
v -4.20934 2.55997 3.4614
v -4.15231 2.58596 3.53736
v -1.7465 2.70384 3.51689
v -0.802444 2.14569 3.32472
v -0.944385 2.28419 3.34793
v -1.0846 2.42844 3.35166
v -1.34288 2.54811 3.45591
v -1.2116 2.55053 3.43031
v -1.47271 2.55233 3.47656
v -1.60798 2.6888 3.48413
v 0.323761 1.65678 2.92125
v 0.183574 1.78776 2.945
v 0.0435158 1.91839 2.96815
v 0.738618 1.40018 2.84345
v 0.879 1.26745 2.83533
v 0.598611 1.53221 2.87231
v 1.01783 1.13656 2.81307
v 1.16094 1.01114 2.79121
v 1.30982 0.890975 2.76838
v 1.31411 0.69902 2.72194
v 0.457887 1.66338 2.89832
v -0.0939245 2.04888 2.99931
v -0.234328 2.17874 3.02003
v -0.375931 2.30725 3.04138
v -0.662779 2.14988 3.30461
v -0.540292 2.2926 3.25487
v -0.635012 2.41294 3.12218
v -0.521037 2.43505 3.05814
v 1.81651 0.391682 2.07909
v 1.80797 0.246402 2.06017
v 1.34183 0.486457 2.09472
v 1.4518 0.775117 2.72516
v 1.5645 0.758977 2.56834
v 1.56551 0.607177 2.52694
v 1.43208 0.446979 2.50956
v 1.51824 0.494742 2.23161
v 1.54826 0.48856 2.3678
v 2.63161 0.0413481 2.09902
v 2.83978 0.021472 2.03669
v 2.5807 2.43486 -0.449126
v 2.41119 2.43225 -0.528758
v 2.26466 2.43007 -0.536962
v 2.20003 2.4424 -0.673063
v 2.08179 1.75351 -0.230475
v 2.01334 1.61554 -0.10466
v 2.1754 1.75418 -0.344332
v 1.94126 1.47522 -0.144408
v 1.907 1.47151 -0.0444716
v 0.126845 1.84376 -0.300962
v -0.0758323 1.83208 -0.649827
v -0.0361155 1.75353 -0.508794
v 0.045576 1.73199 -0.3809
v 1.35584 1.82705 0.153447
v 1.35082 1.95015 0.136523
v 1.34691 2.05881 0.247262
v -1.93257 2.40875 -0.624056
v -2.04547 2.39769 -0.790004
v -1.65237 2.39246 -1.45995
v -1.80657 2.39334 -1.32203
v -1.96705 2.39377 -1.20678
v -2.1536 2.39567 -0.958247
v -2.12873 2.39265 -1.09643
v 2.28997 3.14337 -1.26257
v 2.27504 2.74357 -1.27745
v 2.41888 2.83723 -1.26012
v 2.40576 2.96935 -1.20819
v -3.26912 3.22558 2.07878
v -3.53162 3.22432 2.26781
v -3.39486 3.22539 2.24032
v -3.65281 3.2207 2.43436
v -3.77025 3.21941 2.59628
v -3.88391 3.19811 2.75776
v -3.98883 3.24836 2.92414
v -4.39552 3.23512 2.97453
v -4.55633 3.20358 2.87678
v -4.7187 3.22358 2.75917
v -4.09393 3.16888 3.05586
v -4.22131 3.156 3.07364
v -1.67246 3.19919 0.499782
v -1.80365 3.20119 0.643399
v -1.93601 3.20141 0.786504
v -2.06869 3.20177 0.929055
v -2.2019 3.20332 1.0711
v -1.54081 3.19593 0.357097
v -2.33606 3.20134 1.21301
v -2.47066 3.20216 1.35441
v -2.60553 3.20244 1.49553
v -2.73967 3.20435 1.63712
v -2.87174 3.19942 1.7799
v -3.00194 3.21459 1.92248
v -1.40892 3.19712 0.21536
v -3.13101 3.22611 2.06824
v -1.27582 3.19747 0.0764269
v -1.14053 3.17549 -0.0554525
v -1.00222 3.18204 -0.189931
v -1.01583 3.1838 -0.601707
v -0.864578 3.18459 -0.328195
v -0.869974 3.18522 -0.466225
v -1.5826 3.13642 -1.24662
v -1.44349 3.17419 -1.13637
v -1.30494 3.18181 -1.0064
v -1.16391 3.18503 -0.874008
v -1.02095 3.18558 -0.739842
v -4.79916 2.41653 3.72136
v -4.66761 2.54568 3.70697
v -4.52062 2.62584 3.72701
v -0.809837 2.28105 3.32358
v -0.949702 2.42451 3.33638
v -1.07604 2.55677 3.4008
v -1.33396 2.74169 3.43575
v -1.20103 2.72478 3.41423
v -1.46614 2.76978 3.45417
v 0.317107 1.79447 2.92307
v 0.17678 1.92594 2.94482
v 0.0389305 2.05631 2.97888
v 0.732698 1.53848 2.84891
v 0.873562 1.40584 2.83593
v 1.01313 1.27462 2.81308
v 0.591999 1.67016 2.87347
v 1.15526 1.14644 2.79278
v 1.30078 1.02169 2.77027
v 1.44927 0.898752 2.74684
v 0.451192 1.80155 2.89908
v -0.101829 2.18704 3.00009
v -0.243988 2.31582 3.02059
v -0.388113 2.44345 3.03485
v -0.673083 2.2828 3.30594
v -0.571208 2.41872 3.24845
v -0.678184 2.51401 3.13828
v -0.526898 2.56801 3.08503
v 1.94621 0.394078 2.0705
v 1.92858 0.24689 2.05553
v 1.48702 0.496657 2.0992
v 1.58815 0.778521 2.70217
v 1.70411 0.609846 2.50962
v 1.7087 0.757499 2.55014
v 1.56884 0.446126 2.49056
v 1.68427 0.491165 2.34465
v 1.65713 0.498316 2.2082
v 2.65965 0.155509 2.07212
v 2.83281 0.174848 2.06188
v 2.74287 2.43628 -0.330785
v 2.60819 2.4329 -0.318639
v 2.43961 2.43067 -0.449392
v 2.35927 2.43101 -0.510206
v 2.07197 2.43097 -0.619792
v 2.14311 2.43518 -0.482711
v 2.12637 2.42912 -0.819206
v 2.25275 2.44697 -0.824467
v 2.08301 1.61717 -0.230605
v 2.01481 1.47863 -0.107553
v 2.03208 1.53262 -0.201851
v 1.88997 1.33619 -0.0572854
v 1.94901 1.33625 -0.136853
v -0.0491719 1.8188 -0.55195
v 0.0498616 1.85365 -0.562178
v 0.119485 1.84374 -0.430113
v 0.136327 1.73613 -0.319242
v -2.07303 2.4176 -0.639755
v -2.17966 2.39662 -0.819295
v -1.78687 2.39114 -1.48004
v -1.94214 2.39183 -1.34774
v -2.10347 2.39367 -1.23379
v -2.28933 2.39696 -0.987226
v -2.26482 2.39309 -1.1247
v 2.36706 3.11618 -1.19346
v 2.3827 2.74758 -1.1707
v 2.55664 2.82146 -1.25554
v 2.55342 2.93214 -1.2097
v -3.25729 3.226 2.22123
v -3.38148 3.22117 2.38116
v -3.51738 3.22108 2.40768
v -3.63579 3.21905 2.57025
v -3.74893 3.19616 2.73288
v -3.85543 3.21674 2.88966
v -3.96576 3.17373 3.044
v -4.36529 3.13885 3.10702
v -4.5271 3.24817 3.02893
v -4.67757 3.22715 2.9265
v -4.23793 3.21605 3.18803
v -4.09624 3.22285 3.17505
v -1.66518 3.19989 0.636733
v -1.53419 3.19835 0.492988
v -1.79631 3.20239 0.780648
v -1.92904 3.2025 0.923279
v -2.06178 3.20286 1.06563
v -2.19619 3.20379 1.20679
v -1.403 3.19642 0.350062
v -2.33153 3.20197 1.34765
v -2.46606 3.20278 1.48905
v -2.59969 3.20348 1.63104
v -2.7337 3.20572 1.77257
v -2.8644 3.19862 1.91625
v -2.99303 3.22303 2.05975
v -1.27117 3.20014 0.209375
v -3.11964 3.22654 2.20704
v -1.13745 3.19371 0.0747819
v -1.00081 3.17489 -0.0547782
v -0.861018 3.1822 -0.190849
v -0.875647 3.18437 -0.603905
v -0.727297 3.18562 -0.467995
v -0.721744 3.18423 -0.329995
v -1.44586 3.12851 -1.25755
v -1.30746 3.1483 -1.13742
v -1.16603 3.18077 -1.01139
v -1.02524 3.18561 -0.878152
v -0.88149 3.18565 -0.742933
v -4.80375 2.54378 3.72824
v -4.66249 2.64487 3.75275
v -4.53374 2.75794 3.64946
v -4.39304 2.7521 3.63254
v -0.81793 2.41789 3.31619
v -0.941272 2.56294 3.36741
v -1.06767 2.70683 3.38214
v -1.36657 2.71612 3.30355
v -1.23351 2.70977 3.27439
v -1.5608 2.753 3.46425
v 0.310592 1.93369 2.92235
v 0.172235 2.0644 2.95666
v 0.031065 2.19531 2.97893
v 0.726045 1.67663 2.84929
v 0.867814 1.54402 2.83838
v 1.00828 1.41237 2.81412
v 1.14965 1.28236 2.79179
v 0.585538 1.80869 2.87473
v 1.29384 1.155 2.77267
v 1.44119 1.02945 2.75012
v 1.5883 0.903489 2.72738
v 0.444768 1.94101 2.89973
v -0.111054 2.32501 2.99844
v -0.254854 2.45125 3.01541
v -0.394846 2.57796 3.05595
v -0.690787 2.4148 3.29865
v -0.60212 2.51743 3.22921
v -0.651821 2.65961 3.1699
v -0.533415 2.69135 3.11715
v 2.07632 0.397491 2.03546
v 2.06006 0.240637 2.04716
v 1.62857 0.498957 2.0739
v 1.44652 0.470191 1.96513
v 1.31992 0.473432 2.00445
v 1.72706 0.777204 2.68107
v 1.70526 0.455849 2.47182
v 1.85274 0.755024 2.53483
v 1.84328 0.609768 2.49242
v 1.82207 0.49411 2.32125
v 1.79671 0.500507 2.18488
v 2.56684 0.185338 2.14152
v 2.67712 0.306351 2.07757
v 2.82909 0.321404 2.05664
v 2.76158 2.42922 -0.175966
v 2.62493 2.42859 -0.174434
v 2.47236 2.43 -0.315453
v 2.29811 2.42822 -0.427795
v 2.02938 2.38701 -0.737931
v 2.24565 2.42927 -0.416992
v 2.02398 2.43666 -0.434079
v 2.07006 1.47895 -0.198977
v 2.02066 1.33945 -0.106091
v 2.07518 1.3406 -0.198459
v 1.99462 1.18841 -0.120138
v -2.20472 2.42266 -0.676614
v -2.31573 2.39649 -0.846871
v -1.92092 2.38909 -1.50306
v -2.07834 2.39236 -1.37309
v -2.24073 2.39377 -1.26145
v -2.40175 2.39552 -1.15233
v -2.42492 2.39831 -1.01578
v 2.54935 3.12149 -1.18854
v 2.6521 2.82042 -1.19854
v 2.67009 2.96875 -1.17861
v -3.24454 3.22167 2.35982
v -3.36734 3.21715 2.51781
v -3.50188 3.21752 2.54334
v -3.61641 3.19618 2.70329
v -3.72241 3.20541 2.85827
v -3.82485 3.12992 2.97013
v -4.33808 3.1227 3.21394
v -4.51439 3.12725 3.12251
v -4.64767 3.2612 3.04824
v -4.07381 3.18122 3.32932
v -4.21099 3.16904 3.33146
v -1.52666 3.19926 0.629707
v -1.65709 3.20146 0.774224
v -1.39606 3.19766 0.485695
v -1.78862 3.20343 0.917949
v -1.92113 3.20361 1.06037
v -2.05544 3.20391 1.20145
v -2.19161 3.20343 1.34125
v -1.26542 3.19574 0.342414
v -2.32737 3.20236 1.48162
v -2.46192 3.20287 1.62292
v -2.595 3.20553 1.7653
v -2.72644 3.20574 1.9083
v -2.85569 3.21373 2.0523
v -2.98219 3.22723 2.19727
v -1.13357 3.20002 0.20375
v -3.10701 3.22415 2.3444
v -0.999058 3.18621 0.0764486
v -0.860382 3.179 -0.0537832
v -0.7173 3.18327 -0.192161
v -0.734737 3.18611 -0.606753
v -0.584043 3.18484 -0.471533
v -0.576017 3.18431 -0.332969
v -1.16651 3.1596 -1.14683
v -1.02715 3.17959 -1.01599
v -0.886235 3.18644 -0.882734
v -0.741753 3.18563 -0.745715
v -4.79658 2.65445 3.76873
v -4.66695 2.77649 3.69013
v -0.821434 2.55142 3.30865
v -0.929527 2.71033 3.34489
v -1.10091 2.70695 3.24196
v -1.49541 2.73644 3.32758
v -1.39952 2.69974 3.17142
v -1.26599 2.7035 3.13966
v -1.60827 2.80043 3.45444
v 0.305952 2.07265 2.93319
v 0.164294 2.20342 2.95537
v 0.022168 2.3341 2.9764
v 0.719635 1.81518 2.85004
v 0.861692 1.68243 2.83983
v 1.00271 1.55011 2.81625
v 1.14408 1.41902 2.7931
v 1.28694 1.28958 2.77168
v 0.579625 1.94848 2.87765
v 1.43358 1.16205 2.75317
v 1.58166 1.03443 2.73194
v 1.72811 0.90424 2.70703
v 0.440526 2.08069 2.91075
v -0.12212 2.4619 2.9915
v -0.262949 2.58601 3.02742
v -0.700853 2.53384 3.27838
v -0.805626 2.60812 3.1862
v -0.800482 2.51031 3.19233
v 2.22519 0.389725 2.01851
v 2.19094 0.224941 2.03849
v 1.60314 0.47034 1.94036
v 1.77039 0.500951 2.04981
v 1.86615 0.771318 2.6674
v 1.84115 0.458396 2.45181
v 1.98183 0.598712 2.48464
v 1.99053 0.727351 2.54109
v 1.93173 0.474924 2.16329
v 1.95397 0.47203 2.30003
v 2.59773 0.294647 1.94198
v 2.60603 0.248595 2.07207
v 2.6472 0.446313 2.07475
v 2.81461 0.482688 2.06788
v 2.76191 2.45644 -0.0197445
v 2.64312 2.44153 -0.0307342
v 2.48625 2.4227 -0.17703
v 2.33157 2.42637 -0.318627
v 2.05982 2.38983 -0.790238
v 2.19082 2.42651 -0.318864
v 2.05825 2.42898 -0.286616
v 1.9542 2.40822 -0.44319
v 2.09279 1.52513 -0.239995
v 2.12531 1.47927 -0.290402
v 2.0628 1.19841 -0.179424
v -2.33899 2.42066 -0.693517
v -2.45134 2.39814 -0.878248
v -2.05588 2.38997 -1.52705
v -2.21558 2.3952 -1.39924
v -2.37833 2.39364 -1.28857
v -2.56071 2.40132 -1.0421
v -2.54044 2.39243 -1.17837
v 2.67771 3.09507 -1.12904
v 2.51504 3.15767 -0.997526
v 2.36711 3.17899 -1.08265
v 2.77385 2.7893 -1.154
v 2.78421 2.9195 -1.1572
v -3.23081 3.21707 2.49582
v -3.3493 3.19738 2.64915
v -3.48311 3.2 2.6772
v -3.59245 3.19481 2.83025
v -3.70076 3.09752 2.93569
v -4.32656 3.17825 3.3282
v -3.95434 3.24067 3.16365
v -3.93105 3.1651 3.32599
v -1.38841 3.1988 0.621889
v -1.51815 3.20102 0.767048
v -1.64855 3.20325 0.911899
v -1.25844 3.19649 0.477278
v -1.78019 3.20443 1.05515
v -1.91326 3.20472 1.19718
v -2.04957 3.20503 1.33666
v -2.18779 3.20431 1.47449
v -1.12815 3.20051 0.334328
v -2.32296 3.20231 1.61516
v -2.45679 3.2029 1.75692
v -2.58858 3.20364 1.90006
v -2.71862 3.21534 2.04302
v -2.84567 3.22513 2.1891
v -2.96899 3.22415 2.33511
v -0.995966 3.19774 0.201502
v -3.093 3.2194 2.47937
v -0.861114 3.18271 0.0821185
v -0.719222 3.18172 -0.0542516
v -0.571816 3.18413 -0.19563
v -0.59288 3.18647 -0.609985
v -0.441248 3.18503 -0.477487
v -0.42975 3.18434 -0.338705
v -1.02438 3.15592 -1.14931
v -0.888259 3.17808 -1.02149
v -0.747511 3.18782 -0.886222
v -0.601912 3.18688 -0.74952
v -4.78797 2.7958 3.72635
v -0.803616 2.67276 3.30269
v -0.96861 2.70255 3.20784
v 0.29842 2.21186 2.93109
v 0.15624 2.34275 2.95455
v 0.0114303 2.47189 2.96718
v 0.856064 1.82106 2.84236
v 0.71462 1.95508 2.85584
v 0.996959 1.68818 2.818
v 1.1384 1.55621 2.79505
v 1.28042 1.42537 2.77192
v 1.42459 1.29567 2.75092
v 0.57541 2.08792 2.88868
v 1.57253 1.1672 2.7373
v 1.7213 1.03722 2.71146
v 1.86714 0.897658 2.72281
v 0.433349 2.22041 2.90769
v -0.129929 2.5981 3.00537
v -0.67235 2.65036 3.29009
v -0.551809 2.62003 3.25798
v 2.3427 0.325058 2.0087
v 2.32137 0.200611 2.02212
v 2.05728 0.167874 2.16459
v 2.18558 0.142582 2.15418
v 1.74964 0.468493 1.91588
v 1.90945 0.474687 2.02714
v 2.00347 0.769918 2.6473
v 1.97233 0.454309 2.43389
v 2.12636 0.732846 2.51815
v 2.11929 0.589342 2.48187
v 2.08985 0.476198 2.28113
v 2.07287 0.484903 2.13678
v 2.60274 0.395376 1.92305
v 2.4587 0.183396 2.0479
v 2.47849 0.26527 2.0671
v 2.4485 0.385338 1.96292
v 2.47774 2.43923 -0.0344955
v 2.34951 2.41834 -0.180708
v 2.02371 2.35336 -0.813576
v 2.21388 2.42133 -0.170751
v 2.07746 2.43563 -0.112872
v 1.9305 2.42285 -0.25386
v 1.91334 2.41903 -0.384539
v 2.02752 1.04984 -0.151744
v 2.08993 1.05928 -0.207751
v -2.48277 2.42859 -0.731204
v -2.58862 2.39601 -0.90805
v -2.19269 2.39148 -1.5496
v -2.35351 2.38997 -1.42572
v -2.51827 2.39106 -1.313
v -2.70699 2.41205 -1.0398
v -2.69147 2.42384 -1.20017
v 2.79831 3.08913 -1.12926
v 2.65489 3.16649 -1.02086
v -3.2156 3.20849 2.62557
v -3.32743 3.18787 2.77519
v -3.45936 3.196 2.80592
v -3.58175 3.08946 2.91983
v -4.21544 3.1662 3.46457
v -4.31015 3.2145 3.47318
v -4.36593 3.15556 3.28668
v -3.80815 3.23466 3.15397
v -3.79108 3.17338 3.32323
v -3.91945 3.17676 3.48048
v -4.05259 3.18558 3.49996
v -1.25069 3.19814 0.612728
v -1.37978 3.20066 0.758563
v -1.50908 3.20254 0.904543
v -1.63977 3.20435 1.049
v -1.1215 3.19563 0.467072
v -1.77206 3.20539 1.19173
v -1.90742 3.20566 1.33192
v -2.04654 3.20592 1.46873
v -2.18357 3.20494 1.60731
v -0.991713 3.20269 0.323723
v -2.31871 3.20176 1.74778
v -2.45063 3.20301 1.89093
v -2.58197 3.2173 2.03353
v -2.70938 3.22077 2.18061
v -2.83385 3.2215 2.3295
v -2.95086 3.21077 2.47039
v -0.859243 3.19454 0.210772
v -3.07852 3.21339 2.61282
v -0.724458 3.17875 0.0891986
v -0.570409 3.1802 -0.0559969
v -0.420446 3.18479 -0.20058
v -0.452005 3.18674 -0.615792
v -0.29875 3.18473 -0.485191
v -0.285199 3.18432 -0.346662
v -0.88569 3.17698 -1.1542
v -0.749637 3.17018 -1.02868
v -0.608823 3.18803 -0.889578
v -0.462081 3.18733 -0.754122
v -0.816712 2.69714 3.17628
v 0.290916 2.35104 2.93148
v 0.145865 2.48063 2.94291
v 0.0045374 2.60745 2.9846
v 0.851216 1.96052 2.84468
v 0.991494 1.82655 2.81984
v 0.710547 2.09448 2.86658
v 1.13272 1.69381 2.79668
v 1.27455 1.56217 2.77441
v 1.41707 1.43116 2.7509
v 1.56312 1.30112 2.7417
v 0.568668 2.22781 2.88554
v 1.71238 1.17183 2.71658
v 1.85182 1.0396 2.73393
v 2.01486 0.896703 2.6787
v 0.426465 2.35946 2.90785
v -0.625327 2.64333 3.23933
v 1.89074 0.451357 1.89477
v 2.05384 0.487863 2.00202
v 2.14192 0.770582 2.62682
v 2.10807 0.447796 2.41823
v 2.25432 0.58957 2.46008
v 2.26229 0.733416 2.49663
v 2.2237 0.464534 2.26116
v 2.20688 0.488969 2.11842
v 2.59436 0.495093 1.90708
v 2.62403 0.521348 2.02462
v 2.57347 0.418361 1.95193
v 2.377 0.423052 2.03218
v 2.34191 2.43804 -0.0605706
v 2.16673 2.43261 -0.123885
v 1.94089 2.43206 -0.114851
v 2.04807 0.902683 -0.177222
v 2.11803 0.915697 -0.241943
v -2.6294 2.43599 -0.78174
v -2.33155 2.38947 -1.57054
v -2.49383 2.39269 -1.44885
v -2.67369 2.4044 -1.31799
v -2.83585 2.4123 -1.06236
v -2.827 2.40006 -1.17401
v 2.79418 3.20012 -1.04205
v 2.56174 3.15852 -0.979631
v -3.1972 3.17198 2.75129
v -3.31218 3.07421 2.85848
v -3.44785 3.10223 2.90123
v -4.43314 3.16573 3.3179
v -3.66016 3.18042 3.30598
v -3.68707 3.27515 3.14461
v -3.78085 3.2029 3.4663
v -3.90921 3.07686 3.54102
v -4.04541 3.06399 3.54736
v -1.11374 3.19758 0.601792
v -1.24216 3.20012 0.748734
v -1.37041 3.20185 0.895828
v -1.49986 3.20363 1.0418
v -1.62994 3.20552 1.18661
v -0.985677 3.19962 0.453676
v -1.76404 3.20642 1.32788
v -1.90356 3.20655 1.46431
v -2.04408 3.20671 1.59953
v -2.18075 3.20397 1.73808
v -0.856063 3.20098 0.305725
v -2.31393 3.20734 1.87967
v -2.44536 3.21668 2.02291
v -2.57362 3.21847 2.17075
v -2.69884 3.21914 2.32307
v -2.82073 3.21747 2.47859
v -2.94644 3.19219 2.60343
v -0.723059 3.19382 0.252607
v -3.06823 3.16391 2.73726
v -0.59181 3.17549 0.0905741
v -0.407347 3.17909 -0.0615769
v -0.272434 3.18491 -0.208389
v -0.310547 3.18716 -0.622653
v -0.156301 3.18455 -0.494544
v -0.142531 3.18414 -0.356557
v -0.747579 3.18756 -1.16386
v -0.611511 3.16618 -1.02938
v -0.470572 3.18713 -0.893304
v -0.322616 3.18906 -0.760703
v 0.281293 2.48861 2.91815
v 0.13908 2.61632 2.95677
v 0.845973 2.10007 2.84429
v 0.986826 1.96552 2.823
v 1.12729 1.83196 2.79771
v 0.704618 2.23407 2.86446
v 1.26902 1.6994 2.77618
v 1.41068 1.56754 2.7523
v 1.55411 1.43625 2.73581
v 1.70209 1.30724 2.71953
v 0.562364 2.36784 2.884
v 1.83817 1.17592 2.74159
v 1.99151 1.04731 2.68535
v 2.13032 0.921237 2.60139
v 0.417599 2.49675 2.89355
v 2.19094 0.505075 1.98233
v 2.27728 0.779503 2.61437
v 2.2433 0.452312 2.39651
v 2.38796 0.592437 2.43556
v 2.39835 0.734415 2.47392
v 2.34089 0.473294 2.10565
v 2.35951 0.466604 2.24315
v 2.4789 0.464987 2.09023
v 2.20886 2.44086 -0.088032
v 2.10623 2.49624 -0.233049
v 1.94634 2.47922 -0.238707
v 1.80154 2.4086 -0.10534
v 1.79567 2.40077 -0.230326
v 2.09217 0.864506 -0.220681
v -2.56902 2.47247 -0.908331
v -2.42721 2.47899 -0.867175
v -2.63884 2.40887 -0.875717
v -2.46987 2.40037 -1.58808
v -2.63473 2.42796 -1.46239
v -2.79956 2.3797 -1.31256
v -2.678 2.50862 -1.17399
v -2.82375 2.51662 -1.16971
v -2.99167 2.41934 -1.08721
v -2.94076 2.38433 -1.18932
v 2.5153 3.1514 -0.920507
v -3.17917 3.04909 2.79928
v -4.42737 3.26139 3.24149
v -4.37034 3.19981 3.14472
v -3.63643 3.21175 3.4597
v -3.55922 3.27739 3.11555
v -3.53637 3.19132 3.2919
v -3.77151 3.09236 3.52947
v -3.90728 2.9544 3.55527
v -4.02121 2.95608 3.62131
v -4.17956 3.07728 3.5787
v -4.19038 3.1915 3.50059
v -1.10522 3.19938 0.737379
v -0.977653 3.19694 0.588863
v -1.2325 3.20116 0.885813
v -1.36031 3.20294 1.03343
v -1.48854 3.20481 1.18029
v -1.61836 3.20672 1.32531
v -0.850366 3.20346 0.43658
v -1.75643 3.20724 1.46307
v -1.90194 3.20824 1.59418
v -2.04375 3.2103 1.72784
v -2.17874 3.21338 1.86683
v -0.812788 3.19645 0.256368
v -2.30936 3.21415 2.01084
v -2.43769 3.21606 2.15892
v -2.56419 3.21768 2.31157
v -2.67956 3.20233 2.47919
v -2.81278 3.14338 2.58141
v -2.93079 3.19237 2.73531
v -0.590139 3.18981 0.241777
v -3.07003 3.04155 2.74407
v -0.467871 3.17542 0.0861113
v -0.250106 3.18049 -0.0687421
v -0.126952 3.18443 -0.217716
v -0.168893 3.18801 -0.63099
v 0.0011767 3.18576 -0.367191
v -0.0133557 3.18606 -0.504954
v -0.61258 3.19103 -1.1644
v -0.474554 3.16661 -1.03162
v -0.332535 3.18859 -0.898915
v -0.182736 3.19084 -0.768777
v 0.276717 2.62445 2.93577
v 0.841 2.23988 2.84347
v 0.982094 2.105 2.82323
v 1.12268 1.97024 2.80111
v 1.2638 1.83701 2.77677
v 0.699173 2.37491 2.86262
v 1.40518 1.70443 2.75381
v 1.54775 1.57269 2.73655
v 1.69189 1.44126 2.71944
v 1.83047 1.31304 2.74518
v 0.555163 2.50547 2.87011
v 1.98217 1.1817 2.71582
v 2.10898 1.06473 2.60785
v 2.263 0.929082 2.60269
v 0.413366 2.63277 2.90205
v 2.3282 0.47592 1.96782
v 2.02807 0.449035 1.87478
v 2.17028 0.405859 1.87088
v 2.40893 0.774342 2.59461
v 2.37839 0.452241 2.3753
v 2.53919 0.734806 2.45864
v 2.51808 0.59284 2.41977
v 2.49728 0.466043 2.22627
v 2.63043 0.40625 2.1997
v 1.80523 2.46265 -0.245728
v 2.11042 0.775139 -0.242879
v -2.40314 2.46277 -1.03197
v -2.54707 2.48068 -1.03897
v -2.6985 2.3946 -0.937361
v -2.60344 2.41269 -1.59865
v -2.91966 2.38294 -1.34471
v -2.9607 2.52714 -1.19882
v -3.10378 2.428 -1.16011
v -3.07484 2.40101 -1.24113
v 2.64327 3.14296 -0.832021
v 2.51556 3.14512 -0.843487
v 2.46499 3.16009 -0.924271
v -4.55189 3.19087 3.36776
v -4.57146 3.24421 3.26615
v -3.50526 3.17238 3.41335
v -3.6311 3.09225 3.53475
v -3.42581 3.27386 3.08859
v -3.40525 3.20619 3.22895
v -3.77052 2.95765 3.54621
v -4.16461 2.95692 3.62224
v -4.31168 3.09921 3.62501
v -4.31655 3.21271 3.5536
v -0.968936 3.19906 0.724876
v -1.09541 3.20052 0.874378
v -0.842039 3.19997 0.574692
v -1.22189 3.20222 1.02348
v -1.34839 3.20408 1.1721
v -1.47539 3.20577 1.31971
v -1.60454 3.20573 1.46537
v -0.715678 3.20492 0.414901
v -1.74494 3.20861 1.60108
v -1.90723 3.21095 1.71749
v -2.04401 3.21293 1.85469
v -2.17373 3.21362 1.9979
v -2.30182 3.21401 2.14556
v -2.4292 3.21525 2.29754
v -2.54917 3.21303 2.46258
v -2.67571 3.16198 2.57341
v -0.459965 3.18838 0.231877
v -0.58302 3.20374 0.393964
v -0.410222 3.17781 0.0346108
v -0.108938 3.18189 -0.0787144
v -0.225011 3.18105 0.0710444
v -0.355447 3.17893 0.0792979
v 0.0159393 3.18353 -0.228771
v -0.0278259 3.18722 -0.642373
v 0.128739 3.18856 -0.51805
v 0.143314 3.18623 -0.379425
v -0.47653 3.18199 -1.16844
v -0.33822 3.17041 -1.03526
v -0.194672 3.18833 -0.90555
v -0.0431512 3.19309 -0.779818
v 0.836866 2.38117 2.84287
v 0.978184 2.24443 2.82461
v 1.1187 2.10866 2.80248
v 1.25939 1.97458 2.77947
v 1.40051 1.84143 2.75598
v 0.695607 2.51617 2.86243
v 1.54246 1.70912 2.73741
v 1.6861 1.57756 2.71939
v 1.82479 1.44704 2.73775
v 1.97578 1.31952 2.72146
v 0.551006 2.63991 2.87385
v 2.11532 1.18281 2.69305
v 2.24681 1.06526 2.60943
v 2.39154 0.921645 2.63655
v 2.31126 0.434886 1.83942
v 2.53971 0.77197 2.57972
v 2.50919 0.464726 2.35176
v 2.67238 0.666017 2.53647
v 2.64853 0.580912 2.43716
v 2.46426 0.418088 1.82705
v 2.63352 0.45478 2.37578
v -2.30728 2.42664 -0.835389
v -2.27681 2.45516 -0.985436
v -3.04076 2.39669 -1.38129
v -3.05857 2.49104 -1.28168
v -3.07906 2.44002 -1.22764
v 2.64948 3.21607 -0.734908
v 2.51487 3.24935 -0.760326
v 2.395 3.16542 -0.996888
v -4.70194 3.22828 3.29669
v -4.65988 3.13672 3.40508
v -4.59467 3.32117 3.17024
v -4.4751 3.29506 3.11546
v -3.49836 3.08312 3.49383
v -3.38251 3.14702 3.35289
v -3.64339 2.9618 3.52514
v -3.29102 3.2828 3.08218
v -3.27019 3.20895 3.20671
v -4.29769 2.96662 3.65076
v -4.44427 3.11373 3.65332
v -4.44652 3.22382 3.59352
v -0.959162 3.2005 0.861856
v -0.83332 3.19938 0.711155
v -1.08449 3.20218 1.01204
v -0.707559 3.20614 0.556886
v -1.20973 3.20354 1.162
v -1.33451 3.20478 1.31189
v -1.45939 3.2066 1.46125
v -1.58112 3.20734 1.61287
v -1.7713 3.20931 1.70624
v -1.91052 3.21048 1.8416
v -2.03901 3.21161 1.98555
v -2.16637 3.2125 2.13153
v -2.29404 3.21285 2.28309
v -2.41779 3.20106 2.44483
v -2.54133 3.17249 2.55734
v -0.331796 3.18822 0.222075
v -0.451359 3.19985 0.379326
v -0.574341 3.20831 0.538351
v 0.0321624 3.18415 -0.0892674
v -0.089298 3.1812 0.061134
v -0.202908 3.18628 0.21208
v 0.157607 3.18352 -0.240111
v 0.113902 3.18885 -0.656162
v 0.270176 3.18904 -0.532715
v 0.283494 3.18594 -0.392789
v -0.341906 3.19262 -1.17102
v -0.201944 3.17648 -1.03922
v -0.0556875 3.17702 -0.914597
v 0.0970806 3.19136 -0.794539
v 0.836056 2.52748 2.85419
v 0.974712 2.38497 2.82379
v 1.11577 2.2479 2.8057
v 1.25577 2.11219 2.7821
v 1.39676 1.97823 2.75966
v 1.53833 1.84552 2.73861
v 0.693861 2.64666 2.83281
v 1.68032 1.71383 2.72219
v 1.82095 1.58275 2.72344
v 1.98236 1.4831 2.72378
v 2.11959 1.31961 2.69998
v 2.24731 1.18619 2.66828
v 2.37915 1.06134 2.63589
v 2.53038 0.904035 2.6196
v 2.25367 0.391567 1.84869
v 2.68054 0.832801 2.57878
v 2.75137 0.728781 2.44392
v 2.76787 0.594025 2.39487
v 2.27946 0.333957 1.83578
v 2.39224 0.277364 1.81402
v -3.1674 2.39315 -1.41125
v -3.19895 2.39026 -1.26738
v 2.49108 3.19853 -0.606064
v 2.62426 3.19883 -0.576616
v 2.37478 3.25163 -0.772622
v 2.38404 3.18083 -0.862946
v 2.77334 3.15252 -0.695961
v 2.76211 3.09303 -0.830018
v -4.72531 3.32928 3.20703
v -4.79636 3.09387 3.41399
v -4.83724 3.19869 3.32492
v -3.51766 2.95297 3.48744
v -3.2493 3.13827 3.32037
v -3.15691 3.2823 3.06292
v -3.13421 3.20939 3.18594
v -4.43782 2.95784 3.66027
v -4.57767 3.10086 3.67048
v -4.58423 3.20914 3.58297
v -0.823175 3.20103 0.848877
v -0.948014 3.20218 0.999656
v -0.698034 3.20135 0.696791
v -1.07247 3.20357 1.15019
v -1.19584 3.20413 1.30133
v -1.31866 3.20554 1.45255
v -1.43698 3.20567 1.6075
v -1.54403 3.20667 1.77085
v -1.66794 3.20801 1.79377
v -1.78441 3.2089 1.8222
v -1.90626 3.20983 1.97149
v -2.03143 3.21011 2.11808
v -2.1584 3.21138 2.26655
v -2.28347 3.19182 2.42997
v -2.40763 3.18609 2.54407
v -0.320065 3.19929 0.367006
v -0.44174 3.20782 0.523027
v -0.564469 3.20906 0.680402
v 0.172145 3.18404 -0.100404
v 0.0479329 3.18068 0.0502788
v -0.0708714 3.18313 0.201904
v -0.188575 3.19842 0.354761
v 0.297977 3.1851 -0.251573
v 0.255053 3.19009 -0.672819
v 0.408669 3.18513 -0.546948
v 0.42116 3.18542 -0.404172
v -0.0680051 3.19247 -1.04608
v 0.0829687 3.17808 -0.931377
v 0.23905 3.19209 -0.817183
v 0.828504 2.64344 2.79171
v 0.974665 2.53312 2.8367
v 1.11309 2.38765 2.80566
v 1.2531 2.2501 2.7848
v 1.39319 2.11517 2.76075
v 1.53475 1.98173 2.73993
v 1.67688 1.84994 2.72166
v 1.81759 1.71823 2.71582
v 1.95837 1.59372 2.70738
v 2.13051 1.44415 2.70045
v 2.26087 1.31164 2.67524
v 2.38172 1.18977 2.65742
v 2.49536 1.05807 2.63674
v 2.58354 0.836269 2.5927
v 2.81684 0.816269 2.52969
v 2.6896 0.558015 2.55267
v 2.62046 0.473673 2.49445
v 2.70333 0.59555 2.36755
v 2.72392 0.458206 2.42838
v -3.17477 2.48557 -1.33545
v -3.29661 2.39299 -1.43999
v -3.32817 2.38912 -1.30862
v 2.35283 3.19102 -0.619909
v 2.76108 3.20372 -0.555612
v 2.60834 3.16912 -0.441049
v 2.47471 3.17163 -0.465484
v 2.22892 3.20317 -0.761731
v 2.26599 3.15797 -0.879138
v -3.11382 3.12999 3.29064
v -3.00084 3.20902 3.16005
v -3.02321 3.28068 3.02687
v -4.57596 2.96229 3.66949
v -4.71534 3.10056 3.68747
v -4.72546 3.19555 3.58344
v -4.5884 3.27947 3.48006
v -4.4511 3.27859 3.49298
v -0.68766 3.20169 0.835394
v -0.811999 3.2022 0.98669
v -0.935956 3.20358 1.13748
v -1.0587 3.20417 1.28901
v -1.18041 3.20476 1.44107
v -1.30004 3.20381 1.59482
v -1.41341 3.20496 1.75345
v -1.5233 3.20604 1.91381
v -1.65042 3.2077 1.93434
v -1.77642 3.20789 1.95496
v -1.89801 3.20839 2.1043
v -2.02266 3.21041 2.25002
v -2.15148 3.20775 2.40142
v -2.27374 3.19514 2.5343
v -0.309206 3.20673 0.509158
v -0.431327 3.21175 0.664586
v -0.552863 3.20348 0.820823
v 0.31211 3.18591 -0.111856
v 0.186329 3.18139 0.0392389
v 0.0640894 3.18246 0.190927
v -0.0562706 3.19623 0.343039
v -0.176708 3.20763 0.496318
v 0.436747 3.18666 -0.262837
v 0.398198 3.17885 -0.690509
v 0.541229 3.1862 -0.555477
v 0.549287 3.18789 -0.41186
v 0.067258 3.16793 -1.0621
v 0.221557 3.18753 -0.954533
v 0.38691 3.18359 -0.845391
v 1.11383 2.53815 2.81714
v 1.25088 2.3887 2.78331
v 1.3908 2.25182 2.7633
v 1.53192 2.11742 2.74084
v 1.67425 1.98558 2.72337
v 1.81506 1.85308 2.708
v 1.95355 1.72306 2.69974
v 2.06914 1.59446 2.70275
v 2.30689 1.42489 2.66553
v 2.38084 1.32358 2.65223
v 2.54706 1.20442 2.62642
v 2.73469 0.960736 2.59706
v 2.8614 0.954406 2.55623
v 2.8076 0.559581 2.52741
v 2.71983 0.381086 2.41546
v 2.82792 0.461318 2.37602
v -3.28744 2.49429 -1.36983
v -3.26967 2.40278 -1.58001
v -3.12616 2.40002 -1.54952
v -3.43005 2.39018 -1.47084
v -3.45237 2.40675 -1.33514
v 2.23289 3.14921 -0.628477
v 2.34213 3.16982 -0.479976
v 2.7459 3.19191 -0.421282
v 2.59404 3.16404 -0.312346
v 2.45739 3.17273 -0.326796
v 2.22164 3.19205 -0.844569
v -2.97562 3.11906 3.25347
v -2.91015 3.19271 3.01312
v -2.8708 3.21433 3.1359
v -4.70547 2.95786 3.69263
v -0.676027 3.20293 0.973648
v -0.799718 3.20358 1.12458
v -0.922149 3.20416 1.27612
v -1.04357 3.20472 1.42805
v -1.16373 3.20447 1.58083
v -1.28036 3.20305 1.73695
v -1.39355 3.20451 1.89479
v -1.50557 3.20656 2.05162
v -1.63609 3.20767 2.07065
v -1.76614 3.20754 2.08864
v -1.88776 3.20854 2.23745
v -2.01297 3.21115 2.37858
v -2.14823 3.1487 2.50301
v -0.297652 3.21248 0.65084
v -0.419339 3.21207 0.805344
v -0.541149 3.20461 0.959565
v 0.452708 3.18774 -0.12233
v 0.325074 3.18493 0.0278133
v 0.200202 3.18264 0.179297
v 0.0774708 3.19545 0.330989
v -0.0440618 3.20657 0.483198
v -0.164839 3.21297 0.637072
v 0.583032 3.18699 -0.269731
v 0.533321 3.18065 -0.697429
v 0.662187 3.18697 -0.415319
v 0.668824 3.19328 -0.557599
v 0.207497 3.15682 -1.08036
v 0.372032 3.21134 -0.990907
v 0.525695 3.19083 -0.83062
v 1.25245 2.53663 2.79334
v 1.38857 2.38848 2.76076
v 1.52964 2.25297 2.74418
v 1.67146 2.11943 2.72348
v 1.81315 1.98733 2.70558
v 1.95437 1.85622 2.68877
v 2.10588 1.72933 2.68907
v 2.1205 1.59088 2.69349
v 2.20881 1.58065 2.6894
v 2.30676 1.56822 2.65347
v 2.43667 1.43675 2.63607
v 2.49621 1.32383 2.6513
v 2.54091 1.11138 2.61725
v 2.82985 0.327242 2.42315
v -3.42643 2.46549 -1.42238
v -3.26987 2.39712 -1.66165
v -3.11315 2.39435 -1.68832
v -3.40785 2.40286 -1.60691
v -3.58755 2.42523 -1.34626
v -3.5622 2.39914 -1.48739
v 2.20989 3.17407 -0.494512
v 2.23091 3.17619 -0.695104
v 2.23355 3.08451 -0.757903
v 2.32069 3.17196 -0.343155
v 2.73022 3.15668 -0.295859
v 2.57879 3.19577 -0.179646
v 2.4417 3.19545 -0.196871
v 2.17002 3.21502 -0.892839
v -2.84546 3.15186 3.25833
v -2.73514 3.24101 3.11705
v -2.75947 3.20771 2.98516
v -0.663826 3.20435 1.11136
v -0.785941 3.20393 1.2628
v -0.907007 3.20448 1.41468
v -1.02711 3.2054 1.56706
v -1.14558 3.20198 1.72129
v -1.26115 3.20322 1.87778
v -1.37422 3.20527 2.03336
v -1.48694 3.20638 2.18643
v -1.6201 3.20514 2.20483
v -1.75363 3.20785 2.22202
v -1.87726 3.20265 2.36279
v -2.01139 3.13774 2.47649
v -0.286149 3.216 0.790479
v -0.406936 3.20631 0.944815
v -0.528485 3.20606 1.09769
v 0.465522 3.18921 0.0177255
v 0.601876 3.18816 -0.129774
v 0.337493 3.18562 0.167845
v 0.21242 3.19385 0.318859
v 0.0893631 3.20613 0.470411
v -0.0319062 3.2142 0.623646
v -0.152831 3.21764 0.777057
v 0.598168 3.18728 -0.365637
v 0.669333 3.17732 -0.700243
v 0.798006 3.18386 -0.555216
v 0.788277 3.18799 -0.412789
v 0.45916 3.20935 -0.942433
v 0.498268 3.17941 -0.965571
v 0.480708 3.24455 -0.921678
v 0.667866 3.19871 -0.853239
v 1.38965 2.53033 2.76732
v 1.52774 2.38779 2.74129
v 1.66901 2.25358 2.72593
v 1.81043 2.12045 2.7034
v 1.95251 1.98787 2.68518
v 2.09477 1.85548 2.67081
v 2.15745 1.61403 2.68972
v 2.22157 1.72515 2.67616
v 2.34415 1.70684 2.65297
v 2.46466 1.56368 2.63245
v 2.46644 1.38029 2.64369
v 2.5803 1.07166 2.5886
v -3.5538 2.4697 -1.47571
v -3.32128 2.39932 -1.66868
v -3.27008 2.39145 -1.74328
v -3.16564 2.40443 -1.79442
v -3.01305 2.41144 -1.72009
v -2.96554 2.38673 -1.58096
v -3.54186 2.41062 -1.61952
v -3.69997 2.40722 -1.37234
v -3.68659 2.3819 -1.484
v 2.07231 3.19738 -0.5184
v 2.09358 3.19564 -0.638447
v 2.17123 3.15491 -0.379381
v 2.1772 3.17815 -0.693841
v 2.23113 3.15462 -0.738246
v 2.30335 3.19451 -0.216216
v 2.71554 3.19641 -0.163176
v 2.56484 3.19696 -0.0479204
v 2.42762 3.19696 -0.0670186
v 2.09968 3.16652 -0.745448
v 2.10034 3.12867 -0.845316
v -2.71829 3.13392 3.22773
v -2.61642 3.21312 2.96859
v -2.5944 3.25564 3.08878
v -0.650013 3.2043 1.24935
v -0.770849 3.20426 1.40114
v -0.890655 3.20488 1.55307
v -1.00992 3.20153 1.70595
v -1.127 3.2029 1.86107
v -1.24133 3.20382 2.01673
v -1.35417 3.20545 2.17019
v -1.46074 3.19565 2.31522
v -1.58487 3.1764 2.33031
v -1.74173 3.19085 2.35347
v -1.87418 3.15515 2.46638
v -0.273071 3.21468 0.930662
v -0.393566 3.20771 1.08373
v -0.514242 3.20559 1.23575
v 0.609875 3.18916 0.00917488
v 0.476282 3.18869 0.157309
v 0.768784 3.18666 -0.272059
v 0.759253 3.18757 -0.133298
v 0.348343 3.18979 0.306883
v 0.223669 3.20656 0.457613
v 0.101618 3.21229 0.610815
v -0.0191244 3.21838 0.763727
v -0.139197 3.21918 0.916969
v 0.805984 3.18754 -0.697743
v 0.935122 3.18894 -0.547517
v 0.924313 3.18706 -0.407476
v 0.654853 3.23405 -0.913568
v 0.512286 3.21727 -0.958622
v 0.818694 3.2107 -0.844215
v 1.24077 2.64197 2.70488
v 1.376 2.62652 2.66949
v 1.52676 2.52096 2.74464
v 1.66653 2.38778 2.72113
v 1.8077 2.2543 2.70433
v 1.94955 2.12083 2.68262
v 2.0918 1.98634 2.66423
v 2.24579 1.85237 2.65728
v 2.37091 1.8414 2.64038
v 2.47405 1.69126 2.61642
v -3.69525 2.48616 -1.49568
v -3.73876 2.46298 -1.42737
v -3.68626 2.40527 -1.63292
v -3.50446 2.40045 -1.77324
v -3.38893 2.40238 -1.75157
v -3.67543 2.43181 -1.38199
v -3.8551 2.39022 -1.42041
v -3.82131 2.41056 -1.55038
v 2.10705 3.1405 -0.383749
v 1.93226 3.1863 -0.53804
v 1.95457 3.19218 -0.66704
v 2.16457 3.197 -0.236822
v 2.28947 3.1988 -0.0862743
v 2.86378 3.15008 -0.276338
v 2.85195 3.19579 -0.147073
v 2.70164 3.19655 -0.0303445
v 2.55317 3.19833 0.0849827
v 2.41578 3.19827 0.0631339
v 1.96432 3.16783 -0.749393
v 1.97406 3.14349 -0.831747
v 2.10442 3.07756 -0.981255
v 2.23814 3.11443 -0.974595
v -2.58578 3.15077 3.22418
v -2.48083 3.23811 2.94617
v -2.45727 3.21792 3.0822
v -0.634735 3.20437 1.38748
v -0.754531 3.20466 1.53909
v -0.873971 3.20342 1.69086
v -0.991873 3.20231 1.84463
v -1.10783 3.20302 2.00017
v -1.22054 3.2046 2.15411
v -1.33291 3.19065 2.30776
v -1.4599 3.23517 2.42173
v -1.60706 3.20621 2.45486
v -1.73289 3.17571 2.46642
v -0.258832 3.20972 1.0699
v -0.379057 3.20894 1.22203
v -0.498493 3.2065 1.37369
v 0.757114 3.18906 0.00432967
v 0.616978 3.18972 0.147879
v 0.48537 3.18789 0.296338
v 0.911982 3.18817 -0.268182
v 0.902949 3.18802 -0.132562
v 0.358537 3.20724 0.44515
v 0.235574 3.21331 0.597349
v 0.114243 3.22067 0.750031
v -0.00546198 3.22185 0.903141
v -0.124622 3.21642 1.05584
v 0.947033 3.18809 -0.690796
v 1.07348 3.18869 -0.537611
v 1.06032 3.18689 -0.398082
v 0.547433 3.10661 -0.967315
v 0.410097 3.07573 -0.957593
v 0.557882 3.22784 -0.988616
v 0.613791 3.163 -0.931381
v 0.700535 3.09624 -0.957211
v 0.826494 3.13056 -0.949378
v 0.966066 3.19511 -0.825344
v 1.51752 2.64572 2.68501
v 1.66605 2.51804 2.72684
v 1.80513 2.38861 2.70067
v 1.94606 2.25459 2.682
v 2.08865 2.12044 2.6613
v 2.23081 1.98212 2.6492
v 2.36614 1.97639 2.63196
v 2.47113 1.83537 2.63314
v -3.75599 2.47509 -1.46881
v -3.62325 2.40754 -1.79059
v -3.8005 2.42331 -1.68889
v -3.95158 2.4115 -1.58853
v -3.96319 2.40587 -1.49297
v -3.683 2.35397 -1.18732
v -3.85922 2.37904 -1.22394
v 2.03042 3.19225 -0.25824
v 2.00638 3.17149 -0.449294
v 1.79379 3.18502 -0.563284
v 1.81816 3.20501 -0.695092
v 2.15126 3.20132 -0.106863
v 2.27802 3.20021 0.0420604
v 2.83846 3.19647 -0.0152817
v 2.69019 3.19728 0.104129
v 2.54423 3.19869 0.231146
v 2.40756 3.19871 0.199382
v 1.90987 3.1736 -0.755936
v 1.99807 3.1694 -0.982906
v -2.4438 3.13967 3.19555
v -2.32077 3.19835 3.05713
v -2.35013 3.20928 2.92523
v -0.61828 3.20474 1.52529
v -0.73763 3.20544 1.67645
v -0.856205 3.20216 1.82877
v -0.972944 3.20354 1.98281
v -1.08737 3.205 2.14008
v -1.19811 3.19316 2.29303
v -1.31631 3.23662 2.43658
v -1.46053 3.13362 2.42939
v -1.55239 3.11237 2.51787
v -0.244041 3.21113 1.20799
v -0.362703 3.20936 1.35989
v -0.481758 3.20706 1.51155
v 0.757783 3.19135 0.140935
v 0.898089 3.18974 0.00170563
v 0.623397 3.18877 0.2868
v 0.494189 3.20702 0.433566
v 1.04141 3.18858 -0.129195
v 1.04927 3.18985 -0.261903
v 0.369641 3.21265 0.584701
v 0.247511 3.22004 0.73656
v 0.12763 3.22324 0.888952
v 0.00922418 3.22186 1.04155
v -0.109425 3.21258 1.19389
v 1.09535 3.19203 -0.679898
v 1.21248 3.18977 -0.522337
v 1.19829 3.19072 -0.385875
v 0.959244 3.14724 -0.956131
v 1.13769 3.14428 -0.815568
v 1.80362 2.51939 2.70366
v 1.52651 2.63899 2.74201
v 1.66287 2.64162 2.71976
v 1.94373 2.38929 2.68114
v 2.08453 2.25484 2.66035
v 2.2265 2.11775 2.64314
v 2.36339 2.11477 2.62309
v 2.51819 1.97107 2.61817
v 2.54047 1.83854 2.60501
v -3.83394 2.47614 -1.48338
v -3.76798 2.40294 -1.82056
v -3.91892 2.40188 -1.71478
v -3.93887 2.38626 -1.41476
v -4.07896 2.38881 -1.61846
v -4.09869 2.3989 -1.48967
v -3.75709 2.39009 -1.08441
v -3.87826 2.39408 -1.1295
v -4.00254 2.37021 -1.25292
v -3.99834 2.36268 -1.3309
v 2.01344 3.20403 -0.126151
v 1.98962 3.17349 -0.345802
v 2.00912 3.15793 -0.396677
v 1.65882 3.19722 -0.593709
v 1.68681 3.17284 -0.722241
v 1.7695 3.17552 -0.432008
v 1.91118 3.17536 -0.409604
v 2.14057 3.20313 0.0237579
v 2.27126 3.20039 0.166665
v 2.82723 3.19758 0.116901
v 2.68133 3.19934 0.245873
v 2.45186 3.19848 0.238816
v 1.83825 3.15952 -0.836411
v 1.86426 3.16232 -0.992738
v -2.30251 3.14056 3.17641
v -2.18226 3.2031 3.03754
v -2.21653 3.22919 2.90454
v -0.601054 3.20538 1.66253
v -0.719776 3.2029 1.81375
v -0.837375 3.20356 1.96596
v -0.952691 3.20418 2.1217
v -1.0638 3.19127 2.27889
v -1.17379 3.2437 2.42526
v -1.41225 3.2018 2.42923
v -0.227801 3.21117 1.346
v -0.345691 3.20966 1.4974
v -0.464196 3.20702 1.64879
v 0.897003 3.19165 0.135659
v 0.761913 3.19167 0.277991
v 1.03717 3.19029 0.00138672
v 0.630392 3.2097 0.422242
v 0.504717 3.21386 0.572335
v 1.1875 3.18939 -0.250386
v 1.17991 3.19203 -0.120639
v 0.381607 3.21915 0.723124
v 0.260834 3.22505 0.874831
v 0.142275 3.22438 1.02723
v 0.0246559 3.21765 1.17948
v -0.0930874 3.21295 1.33212
v 1.23722 3.19176 -0.664001
v 1.35304 3.1863 -0.502647
v 1.33699 3.19357 -0.365014
v 1.06837 3.12358 -0.929189
v 1.27258 3.1766 -0.797176
v 1.94198 2.52306 2.68308
v 1.80132 2.64364 2.69766
v 2.08159 2.39045 2.65728
v 2.22332 2.25415 2.63991
v 2.36149 2.25259 2.62086
v 2.50078 2.11245 2.60888
v -3.88782 2.40203 -1.84462
v -4.04518 2.39693 -1.74463
v -3.97111 2.5152 -1.4723
v -4.10012 2.52639 -1.49356
v -4.22237 2.4159 -1.50954
v -4.2102 2.38515 -1.65971
v -4.00675 2.37773 -1.17494
v -4.1439 2.35622 -1.31003
v 2.00338 3.20505 0.00575993
v 1.89035 3.20141 -0.280742
v 1.87594 3.20721 -0.145393
v 1.63109 3.17953 -0.458683
v 1.52144 3.2095 -0.621302
v 1.54785 3.17189 -0.739302
v 1.69605 3.17066 -0.839883
v 1.7516 3.19993 -0.301062
v 2.13415 3.20102 0.149736
v 2.40379 3.19802 0.285919
v 2.26637 3.19803 0.284228
v 2.8183 3.19924 0.255819
v 2.674 3.20145 0.391795
v 2.5368 3.20151 0.388327
v 1.73222 3.16421 -0.996028
v 1.8676 3.06989 -1.03555
v 1.98174 3.05552 -1.00487
v -2.15776 3.15302 3.16186
v -2.04262 3.20218 3.01372
v -2.085 3.19201 2.89135
v -0.583145 3.20436 1.7993
v -0.701341 3.20445 1.95042
v -0.817836 3.20388 2.10317
v -0.928517 3.17832 2.26606
v -1.03272 3.25396 2.39084
v -0.210194 3.2105 1.48334
v -0.327696 3.20861 1.63486
v -0.446235 3.20903 1.78516
v 1.0357 3.19194 0.131953
v 0.899702 3.19346 0.271005
v 0.767292 3.20897 0.41266
v 1.17564 3.19051 0.0037416
v 0.640019 3.21323 0.560829
v 0.515964 3.21869 0.710452
v 1.32537 3.19424 -0.230644
v 1.31782 3.19304 -0.103254
v 0.394699 3.22453 0.860967
v 0.275742 3.22526 1.01239
v 0.158116 3.22304 1.16484
v 0.0414457 3.21482 1.31699
v -0.075043 3.21145 1.46956
v 1.37953 3.19043 -0.637712
v 1.493 3.18109 -0.48195
v 1.47552 3.19625 -0.344835
v 1.12942 3.13451 -0.888505
v 0.980115 3.13956 -1.07988
v 1.10294 3.09483 -1.04704
v 1.18219 3.13567 -0.920759
v 1.30925 3.14752 -0.902329
v 1.41192 3.18278 -0.770557
v 1.93856 2.65659 2.66478
v 2.07959 2.52777 2.65791
v 2.22063 2.39127 2.63914
v 2.35836 2.39026 2.61914
v 2.50085 2.25006 2.60557
v 2.63768 2.1024 2.59758
v 2.63976 1.98369 2.61471
v -4.00819 2.39968 -1.87134
v -4.17246 2.39437 -1.77947
v -4.22242 2.55912 -1.50581
v -4.34408 2.38215 -1.6933
v -4.35925 2.37839 -1.54573
v -4.16458 2.38432 -1.16105
v -4.15424 2.37027 -1.23554
v 1.86602 3.20522 -0.0118968
v 1.99714 3.20258 0.134978
v 1.73814 3.20567 -0.164257
v 1.6133 3.19685 -0.323248
v 1.57385 3.15958 -0.887309
v 2.12942 3.20027 0.275788
v 2.39902 3.1998 0.398962
v 2.26186 3.19714 0.406084
v 2.81126 3.20059 0.397551
v 2.53052 3.20301 0.532845
v 2.66764 3.20493 0.534359
v 1.60694 3.15539 -1.01982
v 1.73654 3.07204 -1.07556
v -2.00855 3.13857 3.13113
v -1.92702 3.2393 2.86021
v -1.9116 3.16779 2.9751
v -0.564902 3.20656 1.93547
v -0.682162 3.20542 2.08616
v -0.795152 3.17626 2.23674
v -0.877175 3.2482 2.37682
v -1.00398 3.19939 2.50281
v -1.11546 3.18126 2.51046
v -0.191539 3.2103 1.62093
v -0.30906 3.21053 1.77212
v -0.427758 3.20854 1.92138
v 1.03734 3.19385 0.26527
v 1.17395 3.19199 0.128815
v 0.904143 3.2043 0.405925
v 0.775769 3.2138 0.550209
v 1.31371 3.19285 -0.000169442
v 0.651123 3.21945 0.697791
v 0.528932 3.22432 0.847441
v 1.46267 3.19993 -0.205479
v 1.45368 3.19481 -0.0470402
v 0.409326 3.2265 0.997699
v 0.291456 3.2255 1.14967
v 0.175276 3.21864 1.30194
v 0.0596258 3.21286 1.45424
v -0.0559117 3.2115 1.60703
v 1.06561 3.10175 -1.1799
v 1.13608 3.12452 -1.16681
v 1.20723 3.11084 -1.03343
v 1.34717 3.10922 -1.02306
v 1.44181 3.13185 -0.890134
v 2.07754 2.66593 2.65667
v 2.21814 2.53294 2.63827
v 2.35469 2.52957 2.61762
v 2.49696 2.38847 2.60243
v 2.64008 2.24297 2.59163
v -4.12649 2.39857 -1.90254
v -4.29371 2.40961 -1.82534
v -4.38012 2.56154 -1.51861
v -4.37137 2.41024 -1.50504
v -4.31766 2.40151 -1.5201
v -4.47646 2.37276 -1.73087
v -4.50706 2.36792 -1.58866
v -4.30415 2.38403 -1.17969
v -4.26656 2.42451 -1.26568
v 1.86046 3.2031 0.12248
v 1.7294 3.20366 -0.0270158
v 1.99267 3.19888 0.265267
v 1.60037 3.20389 -0.185074
v 2.12619 3.18824 0.401234
v 2.3939 3.19721 0.534892
v 2.25924 3.18526 0.533158
v 2.66209 3.20835 0.672633
v 2.52457 3.20935 0.670422
v 1.47872 3.09658 -1.018
v -1.87938 3.12338 3.0987
v -1.78781 3.23825 2.8453
v -1.77652 3.157 2.95683
v -0.545999 3.20693 2.07123
v -0.659774 3.18035 2.21474
v -0.761795 3.22185 2.35662
v -0.859544 3.19619 2.48279
v -0.172284 3.21289 1.75811
v -0.290334 3.21211 1.90854
v -0.409406 3.20933 2.05813
v 1.17479 3.19333 0.259706
v 1.0412 3.19941 0.399997
v 1.31176 3.19196 0.121304
v 0.91186 3.21411 0.541198
v 0.786434 3.21818 0.686527
v 1.36174 3.19357 -0.0501545
v 0.663696 3.22388 0.834188
v 0.542988 3.22659 0.983573
v 1.59195 3.19938 -0.0399659
v 0.425158 3.22606 1.13363
v 0.308372 3.22402 1.28643
v 0.193941 3.2133 1.43829
v 0.0792611 3.21411 1.5924
v -0.0357865 3.21469 1.74473
v 1.0144 3.09542 -1.14759
v 1.14995 3.1212 -1.21123
v 2.21604 2.65977 2.60446
v 2.35472 2.66214 2.59392
v 2.49068 2.5289 2.59504
v 2.63615 2.38493 2.58888
v 2.78084 2.22315 2.57359
v 2.77314 2.06276 2.57517
v -4.23714 2.40187 -1.95027
v -4.39038 2.40639 -1.91635
v -4.51954 2.55007 -1.53102
v -4.50946 2.41513 -1.45866
v -4.64672 2.37307 -1.60944
v -4.61 2.37407 -1.7646
v 1.72365 3.1996 0.112264
v 1.85668 3.19578 0.255706
v 1.99129 3.19066 0.392998
v 2.12431 3.18709 0.529356
v 2.3888 3.18863 0.671097
v 2.25375 3.18017 0.667374
v 2.7995 3.20685 0.67588
v 2.80482 3.20572 0.538742
v 2.65785 3.20789 0.809476
v 2.52043 3.20749 0.807141
v -1.7506 3.12998 3.0796
v -1.6503 3.23452 2.83115
v -1.6416 3.13823 2.93489
v -0.526875 3.1771 2.19643
v -0.631094 3.22656 2.34647
v -0.765015 3.15878 2.46493
v -0.153033 3.21732 1.89567
v -0.271969 3.21369 2.04708
v -0.394212 3.1716 2.18158
v 1.312 3.19337 0.253407
v 1.17785 3.19673 0.392883
v 1.04833 3.21436 0.532952
v 1.44954 3.19395 0.11074
v 0.921748 3.21762 0.676555
v 0.798845 3.22337 0.82205
v 0.677563 3.22747 0.969905
v 0.558349 3.22702 1.11866
v 1.58684 3.19489 0.106629
v 0.442161 3.2259 1.26966
v 0.327353 3.21512 1.42227
v 0.213883 3.21567 1.5765
v 0.100015 3.21642 1.72978
v -0.0157183 3.21908 1.88286
v 0.997474 3.04495 -1.18297
v 1.10678 3.11623 -1.28476
v 1.20654 3.14729 -1.15372
v 2.48842 2.64552 2.65519
v 2.62479 2.53538 2.57712
v 2.77651 2.37514 2.57152
v -4.55401 2.38935 -1.91721
v -4.6622 2.41641 -1.47489
v 1.72134 3.19458 0.247445
v 1.85617 3.19279 0.385686
v 1.99033 3.19028 0.522778
v 2.12057 3.18278 0.660397
v 2.79534 3.20795 0.812176
v -1.62066 3.12935 3.06263
v -1.51349 3.23801 2.82211
v -1.49831 3.15534 2.93319
v -0.503559 3.23178 2.32789
v -0.652665 3.15938 2.48725
v -0.134541 3.21536 2.03752
v -0.260763 3.16053 2.16873
v -0.371899 3.20394 2.30145
v 1.44869 3.19339 0.247277
v 1.31416 3.1954 0.3857
v 1.18458 3.21075 0.52576
v 1.05738 3.217 0.667381
v 0.9333 3.22143 0.811502
v 0.812405 3.22635 0.956716
v 0.692918 3.22802 1.10525
v 0.575924 3.22652 1.2535
v 1.58483 3.19437 0.244953
v 0.4603 3.22033 1.40484
v 0.34736 3.21746 1.55981
v 0.235656 3.21825 1.71343
v 0.121452 3.21949 1.86824
v 0.00368721 3.21993 2.02338
v 0.841069 3.14814 -1.07739
v 0.857534 3.1092 -1.18582
v 0.981509 3.10725 -1.30762
v 1.23475 3.11619 -1.27096
v 2.75896 2.53454 2.55036
v 1.72099 3.19512 0.38103
v 1.85775 3.19253 0.515704
v 1.99005 3.18602 0.6519
v 2.10688 3.19046 0.79045
v 2.19202 3.18443 0.838928
v 2.65486 3.20843 0.946587
v 2.79237 3.2064 0.948291
v -1.50283 3.07582 3.01535
v -1.38011 3.23906 2.78691
v -1.36193 3.127 2.9051
v -0.12793 3.13936 2.16288
v -0.247904 3.20468 2.28699
v 1.45047 3.19485 0.381206
v 1.32069 3.20628 0.518685
v 1.19326 3.2156 0.659435
v 1.06876 3.2193 0.801293
v 0.946983 3.22535 0.945454
v 0.827585 3.22723 1.09166
v 0.709405 3.22781 1.23933
v 0.594233 3.22197 1.38643
v 1.58607 3.19395 0.378606
v 0.480767 3.21802 1.54005
v 0.370284 3.22052 1.69598
v 0.258248 3.22147 1.85199
v 0.142376 3.2227 2.00913
v 0.0103619 3.14434 2.14175
v 0.701376 3.15785 -1.07507
v 0.706521 3.10916 -1.20315
v 0.902384 3.05338 -1.18694
v 1.72346 3.19429 0.512498
v 1.86038 3.19173 0.645311
v 1.99132 3.18745 0.779377
v 2.79064 3.20423 1.08519
v 2.65327 3.20594 1.08398
v -1.35292 3.1221 3.03062
v -1.24448 3.24162 2.75987
v -1.24004 3.19316 2.89768
v -0.111933 3.19559 2.28594
v 1.4549 3.1949 0.513227
v 1.32884 3.21226 0.651736
v 1.20404 3.21785 0.792293
v 1.08149 3.22287 0.935781
v 0.962222 3.22594 1.0807
v 0.843838 3.22781 1.22724
v 0.727616 3.22485 1.36916
v 0.614568 3.22212 1.51869
v 1.58942 3.19548 0.511251
v 0.504371 3.21992 1.67457
v 0.394711 3.22351 1.83359
v 0.28089 3.22253 1.99193
v 0.155435 3.15739 2.12621
v 0.72387 3.00112 -1.18495
v 0.852142 3.006 -1.19204
v 1.72878 3.19526 0.642829
v 1.86539 3.19396 0.774265
v -1.20829 3.18006 3.02229
v -1.11036 3.24656 2.76012
v -1.12253 3.22042 2.8905
v 1.46342 3.20639 0.644461
v 1.33915 3.21619 0.783526
v 1.21643 3.21976 0.926288
v 1.09676 3.22547 1.07105
v 0.978637 3.22646 1.21747
v 0.861477 3.22665 1.35677
v 0.748196 3.22317 1.49754
v 0.637875 3.22124 1.65052
v 1.59618 3.19611 0.641969
v 0.530242 3.22407 1.81044
v 0.420196 3.21711 1.97187
v 0.298911 3.16355 2.11862
v 0.829802 3.08292 -1.29612
v 0.698153 3.05558 -1.31019
v 0.566503 2.98547 -1.18023
v 0.569291 3.12168 -1.17761
v 1.73625 3.19858 0.772251
v 1.9713 3.21987 0.8731
v 1.89098 3.2093 0.882471
v -1.08255 3.15725 3.01862
v -0.977618 3.20762 2.7411
v -1.00598 3.20467 2.87554
v 1.47338 3.21446 0.776241
v 1.35147 3.21752 0.916829
v 1.23104 3.22185 1.06075
v 1.1134 3.22538 1.20855
v 0.997014 3.22684 1.35224
v 0.88172 3.22355 1.48033
v 0.771215 3.22387 1.62508
v 0.664621 3.2239 1.7834
v 1.60539 3.20533 0.772473
v 0.559139 3.2169 1.94909
v 0.445226 3.1733 2.1054
v 1.74912 3.2063 0.897718
v 1.97609 3.22573 0.920233
v -0.954003 3.16319 2.99662
v -0.830118 3.21469 2.71237
v -0.828254 3.23886 2.83599
v 1.48538 3.21619 0.907469
v 1.36528 3.22023 1.05014
v 1.24747 3.22495 1.19681
v 1.13284 3.22503 1.34641
v 1.01578 3.22335 1.46796
v 0.902812 3.22411 1.5972
v 0.7977 3.22408 1.75209
v 0.695746 3.21499 1.91923
v 1.61738 3.21402 0.901386
v 0.58747 3.18002 2.08473
v 1.91192 3.2271 0.996242
v 1.77101 3.22571 1.0116
v 2.05163 3.23045 0.86373
v -0.816626 3.177 2.97142
v -0.684558 3.20694 2.72156
v -0.685007 3.2674 2.819
v 1.49915 3.22026 1.03897
v 1.38155 3.22319 1.18389
v 1.26721 3.22296 1.33501
v 1.15868 3.22433 1.5009
v 1.03275 3.22312 1.55997
v 0.929345 3.2251 1.71872
v 0.830781 3.21543 1.88288
v 0.737638 3.18772 2.06339
v 1.63324 3.22121 1.02828
v 1.92642 3.22198 1.12552
v 1.78766 3.22231 1.1413
v 2.05464 3.24193 0.985619
v -0.688798 3.15659 2.93056
v -0.551476 3.1753 2.73483
v -0.539808 3.26238 2.80478
v 1.516 3.22207 1.17096
v 1.40123 3.22231 1.31913
v 1.29012 3.22372 1.47743
v 1.06907 3.2236 1.50961
v 1.05924 3.22361 1.68234
v 0.962256 3.22489 1.84226
v 0.879401 3.18464 2.01292
v 1.6513 3.22147 1.15625
v 2.06612 3.22241 1.11255
v 1.94134 3.22131 1.25684
v 1.80467 3.21965 1.2719
v -0.564376 3.16924 2.94212
v -0.53424 3.21512 2.61728
v -0.673164 3.23768 2.61462
v -0.407852 3.22471 2.8179
v -0.425773 3.12379 2.75627
v 1.53525 3.22162 1.30337
v 1.42328 3.22211 1.45644
v 1.31651 3.22241 1.61669
v 1.18761 3.22273 1.64545
v 1.09072 3.22545 1.80564
v 1.02507 3.18752 1.94567
v 1.66984 3.22036 1.28748
v 2.18995 3.28007 0.978583
v 2.20502 3.24079 1.10357
v 2.07935 3.21977 1.24282
v 1.9576 3.21781 1.38786
v 1.82308 3.21732 1.40214
v -0.447214 3.14023 2.93998
v -0.394493 3.2025 2.62358
v -0.285091 3.14703 2.76256
v -0.281787 3.181 2.86034
v 1.55626 3.22087 1.43698
v 1.4468 3.22138 1.59252
v 1.34322 3.22208 1.75166
v 1.21629 3.22364 1.77637
v 1.11981 3.23087 1.92195
v 1.11939 3.14873 2.03017
v 0.930806 3.12806 2.12606
v 1.68981 3.21874 1.41897
v 2.21736 3.21702 1.23048
v 2.09395 3.21816 1.37372
v 1.97522 3.21531 1.51697
v 1.84189 3.21606 1.53248
v -0.333253 3.10538 2.96339
v -0.259041 3.20735 2.65428
v 1.57766 3.21943 1.57077
v 1.47188 3.22009 1.72636
v 1.36875 3.22603 1.88269
v 1.2437 3.23139 1.90386
v 1.07007 3.28881 1.93921
v 1.1586 3.27747 2.03428
v 1.70928 3.21733 1.55049
v 2.34185 3.27265 1.10276
v 2.35716 3.22122 1.21818
v 2.23044 3.21832 1.36181
v 2.10975 3.21491 1.50378
v 1.99385 3.21465 1.64553
v 1.86107 3.21412 1.66214
v 1.60132 3.21816 1.70222
v 1.49635 3.22298 1.85746
v 1.13281 3.29471 1.88889
v 1.25161 3.31072 1.94142
v 1.73043 3.21589 1.68071
v 2.36848 3.21638 1.35134
v 2.24439 3.21388 1.4932
v 2.12441 3.21194 1.63318
v 2.00918 3.22596 1.76863
v 1.88022 3.22424 1.78959
v 1.62283 3.22341 1.83298
v 1.7509 3.22403 1.81168
v 2.49707 3.23832 1.20694
v 2.50638 3.21773 1.34112
v 2.38047 3.21536 1.48545
v 2.25819 3.20971 1.62315
v 2.13706 3.23263 1.75447
v 2.51731 3.21455 1.47773
v 2.39264 3.20897 1.61781
v 2.27015 3.23339 1.74418
v 2.64366 3.21535 1.33049
v 2.65437 3.21377 1.46831
v 2.52909 3.20783 1.61658
v 2.40241 3.25689 1.71978
v 2.7808 3.21596 1.3194
v 2.79136 3.21511 1.45761
v 2.66576 3.20081 1.61247
v 2.5367 3.25479 1.7361
v 2.80175 3.20652 1.59526
v 2.67059 3.24238 1.7445
v 1.98945 0.937868 -0.12732
v 1.88861 0.932299 -0.0395494
v 1.89369 0.799128 -0.0396328
v 1.98987 0.804505 -0.116818
v -3.41472 2.1073 -2.19808
v -3.43143 2.21753 -2.20244
v -3.56099 2.1833 -2.21396
v -3.55976 2.06174 -2.2175
v -3.8997 2.46314 3.20333
v -3.93753 2.46848 3.04989
v -3.79836 2.4644 3.02268
v -3.75837 2.46648 3.16548
v -3.83411 2.45928 2.88049
v -3.97143 2.463 2.90719
v -3.66169 2.46077 2.99265
v -3.61854 2.46629 3.13112
v -3.69647 2.45737 2.85409
v -4.11179 2.46674 2.93111
v -4.08116 2.46615 3.07245
v -3.86515 2.45627 2.73844
v -4.00278 2.45793 2.76273
v -3.5265 2.45924 2.96178
v -3.48206 2.46572 3.09665
v -3.57208 2.47735 3.26125
v -3.71485 2.47276 3.29423
v -3.7277 2.45515 2.71458
v -3.56065 2.4564 2.82581
v -4.14084 2.46051 2.78752
v -4.23008 2.46773 3.08036
v -4.25736 2.46885 2.95281
v -3.89171 2.45161 2.59578
v -4.02867 2.45253 2.61801
v -3.39249 2.45724 2.93144
v -3.34862 2.46402 3.06488
v -3.40707 2.4683 3.2301
v -3.59073 2.45399 2.68902
v -3.75416 2.4501 2.57376
v -3.42548 2.4553 2.79861
v -4.16562 2.45328 2.64211
v -4.2796 2.46123 2.81175
v -4.40562 2.47277 2.97733
v -4.38825 2.47049 3.11643
v -4.05067 2.46952 2.46452
v -3.91426 2.4635 2.44511
v -3.25943 2.45193 2.9008
v -3.22166 2.46171 3.02925
v -3.3007 2.46824 3.19726
v -3.61708 2.44956 2.55164
v -3.45479 2.45276 2.66454
v -3.77695 2.46415 2.43291
v -3.29039 2.44815 2.77024
v -4.30183 2.45274 2.66503
v -4.19021 2.45966 2.48583
v -4.42384 2.46398 2.83798
v -4.51334 2.45735 3.12287
v -4.55286 2.4607 3.00936
v -3.75741 2.5495 2.53846
v -3.12541 2.4528 2.86773
v -3.09181 2.45926 2.99125
v -3.64041 2.46446 2.41036
v -3.48069 2.44992 2.52968
v -3.31851 2.45176 2.64026
v -3.15451 2.45043 2.74343
v -4.32912 2.46034 2.50821
v -4.43649 2.45299 2.69258
v -4.59958 2.45737 2.84155
v -4.01826 2.53835 2.58151
v -3.88763 2.53063 2.56379
v -3.62416 2.541 2.51958
v -2.99199 2.45496 2.83425
v -2.9609 2.45973 2.94999
v -3.04845 2.4662 3.11443
v -3.50309 2.46517 2.39315
v -3.34363 2.44923 2.50864
v -3.18205 2.4503 2.61559
v -3.01886 2.45262 2.71793
v -4.4686 2.45724 2.53372
v -4.57365 2.45971 2.7138
v -3.48821 2.53572 2.5028
v -2.85454 2.45868 2.80395
v -2.83157 2.46176 2.89658
v -2.92107 2.46666 3.06872
v -3.36622 2.46595 2.37609
v -3.2072 2.45016 2.48587
v -3.04508 2.45274 2.59239
v -2.87751 2.45559 2.71132
v -4.5873 2.45536 2.61152
v -3.34864 2.5317 2.48933
v -2.80051 2.45815 2.79104
v -2.79149 2.46465 3.02649
v -2.87622 2.48184 3.17841
v -2.99578 2.47607 3.23822
v -3.23054 2.46396 2.35493
v -3.07006 2.45016 2.46439
v -2.90753 2.45257 2.57411
v -3.21666 2.55517 2.45622
v -2.70023 2.4591 2.846
v -2.65929 2.46379 2.98643
v -2.74473 2.47051 3.15996
v -3.09347 2.46211 2.33379
v -2.9329 2.44894 2.44267
v -2.77003 2.45157 2.55504
v -2.73871 2.45564 2.69734
v -3.07671 2.556 2.43558
v -2.61526 2.46867 3.12001
v -2.56688 2.45903 2.81073
v -2.52502 2.46206 2.95068
v -2.95784 2.46056 2.30787
v -2.79656 2.44701 2.41989
v -2.63455 2.45094 2.5313
v -2.60354 2.45569 2.66954
v -2.48201 2.46811 3.08764
v -2.58083 2.55695 3.20841
v -2.71113 2.56388 3.2508
v -2.43299 2.45829 2.77984
v -2.39194 2.46197 2.91958
v -2.82135 2.46348 2.28345
v -2.66122 2.44646 2.39471
v -2.46882 2.4543 2.64189
v -2.49987 2.44962 2.50599
v -2.34017 2.4729 3.07265
v -2.45581 2.55033 3.15239
v -2.2998 2.45542 2.74874
v -2.25899 2.46059 2.88718
v -2.684 2.45816 2.25851
v -2.52616 2.44484 2.37184
v -2.3648 2.44717 2.48076
v -2.3348 2.45093 2.6134
v -2.20767 2.48302 3.03518
v -2.16658 2.45204 2.71827
v -2.12781 2.45606 2.85435
v -2.8024 2.56326 2.38104
v -2.66885 2.55386 2.35634
v -2.54781 2.45307 2.23794
v -2.39037 2.44292 2.35181
v -2.22968 2.44626 2.45446
v -2.20101 2.44942 2.58519
v -2.08616 2.46359 2.98923
v -2.03376 2.45034 2.68674
v -1.99612 2.45266 2.82258
v -2.53632 2.55765 2.33023
v -2.41082 2.45096 2.22204
v -2.25491 2.44313 2.32595
v -2.09522 2.44553 2.4259
v -2.06708 2.44735 2.55452
v -1.9566 2.46144 2.95802
v -1.90134 2.44858 2.65476
v -1.86496 2.45111 2.79062
v -2.40155 2.56637 2.30061
v -2.27447 2.45232 2.19784
v -2.12005 2.44206 2.29827
v -1.96207 2.44325 2.3916
v -1.93387 2.44601 2.52227
v -1.91646 2.47872 3.09082
v -2.04949 2.49654 3.11065
v -1.82587 2.45688 2.92679
v -1.76935 2.44597 2.62236
v -1.73394 2.44893 2.75749
v -2.26607 2.55992 2.28934
v -2.13897 2.45501 2.17856
v -1.98573 2.43852 2.26384
v -1.82953 2.4394 2.35613
v -1.80139 2.44474 2.48938
v -1.77465 2.47877 3.0719
v -1.69488 2.45305 2.89284
v -1.60215 2.44554 2.72584
v -1.63784 2.44451 2.5899
v -2.1298 2.5728 2.25689
v -2.00331 2.46331 2.15554
v -1.85239 2.43506 2.22539
v -1.69765 2.43873 2.31937
v -1.66916 2.44026 2.45525
v -1.65086 2.46352 3.02119
v -1.56345 2.44487 2.86086
v -1.46807 2.44058 2.69435
v -1.50597 2.44152 2.55651
v -1.87175 2.47352 2.11159
v -1.72172 2.43127 2.16541
v -1.56606 2.43612 2.28281
v -1.53787 2.44018 2.42136
v -1.52102 2.45213 2.99452
v -1.43119 2.4398 2.82964
v -1.33389 2.44106 2.66187
v -1.37535 2.44146 2.52368
v -1.73609 2.49849 2.06616
v -1.58869 2.43806 2.12877
v -1.43362 2.43367 2.25106
v -1.40814 2.43726 2.38884
v -1.39345 2.45692 2.98927
v -1.26381 2.45234 2.82687
v -1.20481 2.44216 2.62393
v -1.25131 2.43936 2.49301
v -1.45253 2.43932 2.10045
v -1.30139 2.43024 2.22348
v -1.2799 2.43312 2.35939
v -1.29248 2.46903 2.9355
v -1.16489 2.46295 2.76246
v -1.13401 2.43406 2.47137
v -1.04845 2.43466 2.5963
v -1.32136 2.44313 2.0755
v -1.1714 2.42988 2.19985
v -1.1504 2.4297 2.33509
v -1.13533 2.4512 2.9182
v -1.01557 2.442 2.73295
v -1.06358 2.43215 2.50661
v -1.18788 2.44145 2.0587
v -1.043 2.42701 2.18801
v -1.00215 2.42828 2.31792
v -1.00828 2.42771 2.45217
v -1.00182 2.44849 2.87878
v -0.866362 2.43447 2.58017
v -0.865869 2.44095 2.71605
v -1.05385 2.4482 2.04002
v -1.0013 2.42732 2.23167
v -0.85899 2.45852 2.31715
v -0.859617 2.42537 2.44529
v -0.866797 2.44791 2.85223
v -0.713302 2.43517 2.58221
v -0.720589 2.44349 2.71446
v -0.915109 2.45498 2.04046
v -0.958746 2.42666 2.18909
v -0.682904 2.45493 2.45042
v -0.698004 2.49262 2.33921
v -0.811599 2.44866 2.22088
v -0.732913 2.44464 2.84683
v -0.561206 2.44632 2.59039
v -0.572516 2.44862 2.7189
v -1.03018 2.57382 2.09775
v -0.918212 2.4979 2.10537
v -0.821289 2.44927 2.07408
v -0.670727 2.45353 2.20841
v -0.561516 2.46055 2.32596
v -0.56154 2.45411 2.45914
v -0.602715 2.46532 2.85583
v -0.801514 2.48606 2.95335
v -0.881169 2.49041 2.9733
v -0.420239 2.47601 2.58775
v -0.415721 2.45471 2.72108
v -0.818406 2.49618 2.17711
v -0.587763 2.43325 2.19762
v -0.431914 2.44907 2.2999
v -0.421587 2.45109 2.44689
v -0.465938 2.49028 2.86515
v -0.721736 2.48068 2.15946
v -0.676074 2.49233 2.09288
v -0.553649 2.4481 2.07301
v -0.44875 2.4263 2.16955
v -0.301319 2.45596 2.27503
v -0.289832 2.45565 2.43268
v -0.281741 2.50037 2.78889
v -0.33084 2.51645 2.90563
v -0.266678 2.4999 2.56451
v -0.461451 2.43541 2.04562
v -0.324039 2.4334 2.12922
v -0.168358 2.44982 2.26608
v -0.16006 2.46112 2.41693
v -0.187184 2.46587 2.54887
v -0.341936 2.4434 2.01989
v -0.233491 2.44562 2.1915
v -0.0316554 2.45072 2.27145
v -0.0258394 2.45767 2.40531
v -0.0522795 2.48378 2.57742
v -0.200859 2.43923 2.0729
v -0.250346 2.42586 1.90065
v -0.172879 2.44971 2.21426
v -0.0458149 2.44824 2.1525
v 0.103151 2.44874 2.24482
v 0.113071 2.45539 2.37933
v 0.107264 2.45981 2.50211
v -0.113028 2.44987 1.87775
v -0.0751081 2.44725 2.02019
v 0.0847361 2.44487 2.11229
v 0.236121 2.44539 2.21034
v 0.250764 2.4513 2.34872
v 0.256022 2.4545 2.48397
v 0.122867 2.465 2.56885
v 0.0274526 2.4189 1.85885
v 0.0578484 2.43879 1.97753
v -0.199397 2.52958 1.982
v -0.0969876 2.55546 1.96127
v 0.211787 2.44196 2.06955
v 0.385086 2.44849 2.31652
v 0.365286 2.44401 2.17842
v 0.400836 2.45261 2.45436
v 0.0583448 2.46875 2.65517
v 0.123006 2.27247 1.87814
v 0.182154 2.33204 1.93733
v 0.170604 2.4388 1.90059
v 0.337299 2.44086 2.04013
v 0.495292 2.44353 2.14665
v 0.519377 2.44783 2.28324
v 0.542185 2.45236 2.42175
v 0.41388 2.4524 2.59283
v 0.244985 2.45814 2.62557
v 0.155205 2.42043 1.80743
v 0.163965 2.2715 1.83265
v 0.290756 2.29877 1.87091
v 0.304936 2.43795 1.90566
v 0.468204 2.43907 2.01279
v 0.627317 2.44286 2.11267
v 0.653322 2.4466 2.24827
v 0.679392 2.45059 2.38713
v 0.562324 2.45395 2.56305
v 0.423211 2.484 2.72279
v 0.258385 2.49986 2.72853
v 0.0478967 2.53147 1.92993
v 0.169972 2.53248 1.87346
v 0.280032 2.42419 1.79412
v 0.441897 2.4354 1.88633
v 0.601216 2.43966 1.9803
v 0.760035 2.44282 2.07564
v 0.786549 2.44577 2.21233
v 0.81384 2.44876 2.34939
v 0.70629 2.45445 2.52645
v 0.583392 2.47497 2.69898
v 0.302926 2.53296 1.86425
v 0.421111 2.44002 1.76238
v 0.577438 2.43913 1.8557
v 0.73472 2.43825 1.9415
v 0.893555 2.44018 2.03875
v 0.919763 2.44503 2.17601
v 0.946716 2.44824 2.31237
v 0.842473 2.45281 2.48722
v 0.737363 2.46857 2.6649
v 0.43352 2.53743 1.83026
v 0.559033 2.44788 1.73684
v 0.713558 2.43622 1.82323
v 0.868131 2.43691 1.90053
v 1.02694 2.43847 2.00078
v 1.05329 2.44323 2.13913
v 1.07996 2.44762 2.27501
v 0.975098 2.45184 2.44712
v 0.878982 2.4641 2.62739
v 0.576981 2.55007 1.82018
v 0.69739 2.45282 1.71956
v 0.844242 2.43388 1.76213
v 1.00145 2.43569 1.85952
v 1.16114 2.43704 1.96653
v 1.18747 2.44215 2.10411
v 1.21436 2.4464 2.23912
v 1.10872 2.45144 2.40651
v 1.01009 2.45791 2.58123
v 0.714901 2.55189 1.80326
v 0.83613 2.44818 1.70013
v 0.974015 2.44302 1.69308
v 1.13589 2.4352 1.82436
v 1.29588 2.43749 1.93412
v 1.32226 2.44162 2.07205
v 1.34986 2.44595 2.20686
v 1.2437 2.44985 2.3701
v 1.14134 2.45381 2.53393
v 0.853105 2.55218 1.78474
v 0.884796 2.44169 1.71845
v 1.10894 2.44726 1.66816
v 1.27073 2.4345 1.79313
v 1.43065 2.43646 1.90659
v 1.45694 2.44119 2.0436
v 1.48446 2.44389 2.17877
v 1.3786 2.449 2.3399
v 1.2746 2.45168 2.50034
v 1.09682 2.5261 2.63727
v 1.18316 2.49168 2.65173
v 0.986235 2.54491 1.77
v 1.11857 2.54523 1.75622
v 1.24484 2.44608 1.64415
v 1.40589 2.4339 1.76759
v 1.56566 2.43741 1.88185
v 1.5913 2.44041 2.01849
v 1.61817 2.442 2.15484
v 1.51225 2.44674 2.31375
v 1.39743 2.46139 2.45951
v 1.29622 2.48048 2.61565
v 1.25973 2.53068 1.74992
v 1.38154 2.44801 1.62174
v 1.54143 2.43526 1.74453
v 1.70026 2.4388 1.85918
v 1.72507 2.43838 1.9955
v 1.75146 2.43938 2.13363
v 1.64444 2.4417 2.29305
v 1.54146 2.44831 2.45095
v 1.41708 2.487 2.5654
v 1.39636 2.53432 1.72955
v 1.51768 2.45003 1.6019
v 1.67728 2.43644 1.72283
v 1.83405 2.43639 1.83904
v 1.85795 2.43841 1.97588
v 1.88321 2.43947 2.11388
v 1.77565 2.44386 2.27451
v 1.66954 2.44646 2.4404
v 1.4976 2.47324 2.49635
v 1.52548 2.48521 2.43027
v 1.48748 2.48152 2.57638
v 1.65521 2.44482 1.58674
v 1.81311 2.43522 1.70206
v 1.96861 2.43364 1.8219
v 1.98662 2.43653 1.96059
v 2.01307 2.442 2.09852
v 1.90743 2.44114 2.25511
v 1.82353 2.46824 2.44631
v 1.60219 2.47584 2.52434
v 1.53616 2.48975 2.56463
v 1.79127 2.44306 1.5632
v 1.94883 2.43345 1.68273
v 2.10054 2.42717 1.8088
v 2.11148 2.427 1.95259
v 2.06536 2.43777 2.22796
v 2.11449 2.43544 2.09805
v 1.92437 2.43283 2.41333
v 1.68598 2.50803 2.47533
v 1.6638 2.49986 2.58893
v 1.92812 2.4406 1.53819
v 2.08581 2.4349 1.66695
v 2.23211 2.42033 1.79762
v 2.23643 2.41597 1.94843
v 2.2187 2.42214 2.11607
v 2.08507 2.41564 2.37391
v 1.93406 2.47754 2.53026
v 1.80406 2.49496 2.52514
v 1.59998 2.49481 2.57678
v 2.06707 2.44422 1.51883
v 2.22441 2.43406 1.65193
v 2.36653 2.42028 1.78672
v 2.36549 2.41112 1.94165
v 2.18719 2.41164 2.22837
v 2.3555 2.41314 2.09536
v 2.20816 2.44494 1.51295
v 2.3642 2.43681 1.63613
v 2.50774 2.42931 1.74839
v 2.49723 2.40786 1.93549
v 2.22011 2.40087 2.1942
v 2.25444 2.36884 2.23816
v 2.23285 2.40736 2.37407
v 2.36894 2.4062 2.22737
v 2.50059 2.40735 2.08714
v 2.3538 2.43559 1.484
v 2.51923 2.44169 1.62405
v 2.64552 2.42451 1.79917
v 2.63283 2.40306 1.95133
v 2.49663 2.41093 2.23604
v 2.63142 2.40478 2.09709
v 2.53063 2.44155 1.50246
v 2.78062 2.41253 1.84627
v 2.76877 2.3907 1.9726
v 2.62817 2.4035 2.24627
v 2.43792 2.40159 2.27438
v 2.76588 2.39631 2.10786
v 2.76455 2.39547 2.25289
v 2.62056 2.40261 2.38119
v 2.4482 2.38762 2.35973
v 1.97794 1.06511 -0.125716
v 1.88437 1.19717 -0.0482861
v 1.88827 1.06376 -0.0459551
v -1.93825 2.95485 -1.98242
v -1.80243 2.96199 -1.96906
v -1.81454 3.08608 -1.94533
v -1.94729 3.08521 -1.9416
v -1.92886 2.81834 -2.01584
v -1.80071 2.82214 -1.96464
v -2.07555 2.94771 -2.02102
v -2.09849 3.07291 -1.95851
v -2.06978 2.80734 -2.00823
v -2.20964 2.92872 -2.03115
v -2.2246 3.06906 -2.00844
v -2.20541 2.78111 -2.06624
v -2.34228 2.93543 -2.07614
v -2.36356 3.05956 -2.01418
v -2.32917 2.78928 -2.10138
v -2.49264 3.05146 -2.05814
v -2.47712 2.92467 -2.08143
v -2.4407 2.81622 -2.1278
v -2.62694 3.04151 -2.07215
v -2.6066 2.90911 -2.10005
v -2.5698 2.81892 -2.19059
v -2.76242 3.03019 -2.09321
v -2.73655 2.88579 -2.13233
v -2.50621 3.18718 -2.05954
v -2.6381 3.18072 -2.09164
v -2.69741 2.78328 -2.171
v -2.89407 3.01459 -2.12304
v -2.87119 2.85965 -2.1379
v -2.77706 3.16324 -2.11782
v -2.81313 2.75169 -2.20532
v -2.63146 2.77245 -2.142
v -3.01974 2.98598 -2.14531
v -2.99462 2.8443 -2.17165
v -2.91439 3.14729 -2.14034
v -2.95239 2.71578 -2.16227
v -2.62716 2.71516 -2.0644
v -3.1644 2.94543 -2.17773
v -3.1289 2.80707 -2.19498
v -3.05826 3.1158 -2.17129
v -3.10234 2.6845 -2.18707
v -3.30256 2.91196 -2.1976
v -3.27202 2.77378 -2.21859
v -3.19282 3.07659 -2.19606
v -3.23907 2.643 -2.21105
v -3.32683 3.04089 -2.21722
v -3.43676 2.88948 -2.22601
v -3.40998 2.75467 -2.23055
v -3.46101 3.01402 -2.2382
v -3.22344 3.20603 -2.18525
v -3.35358 3.1708 -2.19457
v -3.56852 2.87404 -2.24847
v -3.54482 2.74759 -2.25315
v -3.59618 3.00367 -2.25608
v -3.48216 3.15938 -2.22457
v -3.70101 2.84854 -2.25144
v -3.67718 2.72764 -2.28927
v -3.73314 2.98298 -2.24182
v -3.6186 3.13892 -2.24489
v -3.82864 2.82598 -2.27458
v -3.80343 2.70148 -2.26574
v -3.85587 2.95989 -2.27965
v -3.75476 3.11477 -2.26049
v -3.94598 2.78661 -2.30913
v -3.91718 2.6698 -2.26891
v -3.98662 2.92421 -2.3021
v -3.89018 3.09322 -2.25938
v -4.03048 3.05863 -2.27901
v -4.11278 2.88085 -2.32694
v -4.06979 2.75399 -2.32306
v -3.78195 3.24964 -2.26847
v -3.90632 3.21272 -2.3154
v -4.16341 3.01386 -2.30122
v -4.05767 3.18156 -2.32684
v -4.24003 2.83254 -2.32894
v -4.20625 2.71323 -2.30839
v -4.28969 2.95252 -2.30906
v -4.208 3.13835 -2.32344
v -4.41419 2.89748 -2.34513
v -4.36801 2.7821 -2.35097
v -4.3378 3.07715 -2.33683
v -4.53305 2.86735 -2.42671
v -4.50167 2.7476 -2.37211
v -4.4692 3.02304 -2.34789
v -4.59391 2.9782 -2.37291
v -4.39517 3.18969 -2.32223
v -4.51429 3.14094 -2.35769
v -4.72444 2.93145 -2.38399
v -4.66763 2.81523 -2.40921
v -4.64145 3.10103 -2.37778
v -4.77239 3.0621 -2.37458
v 0.0722677 2.72903 2.01511
v 0.0139152 2.83396 2.072
v 0.1228 2.85269 2.06048
v 0.172064 2.74744 2.00808
v 0.0195514 2.75786 2.03642
v 0.147043 2.82534 2.00032
v 0.0932711 2.67762 1.9917
v -0.0275286 2.71061 2.02214
v 0.146265 2.87589 1.93239
v 0.159055 2.61657 1.95836
v 0.306189 2.74286 1.97734
v 0.288298 2.84458 1.86277
v 0.282252 2.60291 1.93711
v 0.0904981 2.58443 1.95481
v 0.424494 2.81269 1.81828
v 0.45055 2.74407 1.97264
v 0.399722 2.60008 1.88863
v 0.565665 2.7965 1.79455
v 0.598962 2.74758 1.93511
v 0.696634 2.81042 1.75596
v 0.705285 2.69646 1.86038
v 0.837402 2.75213 1.86356
v 0.826879 2.81574 1.73768
v 0.79439 2.71506 1.88299
v 0.960278 2.84412 1.74536
v 0.981272 2.75126 1.84677
v 0.840483 2.69657 1.92503
v 1.10073 2.80765 1.69716
v 1.11969 2.76957 1.83512
v 0.963642 2.83777 1.94216
v 1.24232 2.80332 1.67554
v 1.25933 2.76183 1.80646
v 1.39579 2.76653 1.77751
v 1.39307 2.7982 1.65327
v 1.52493 2.80938 1.61919
v 1.52686 2.76425 1.75913
v 1.45811 2.81984 1.66384
v 1.65117 2.80428 1.60073
v 1.64747 2.7699 1.74746
v 1.45632 2.85193 1.71906
v 1.78404 2.80372 1.58267
v 1.80516 2.76941 1.73391
v 1.91883 2.80443 1.56087
v 1.95414 2.76736 1.7034
v 2.05083 2.80432 1.54629
v 2.06653 2.75972 1.66439
v 2.18701 2.8073 1.5358
v 2.20791 2.77203 1.66373
v 2.02014 2.75804 1.72256
v 2.32839 2.79834 1.51499
v 2.34761 2.77643 1.64791
v 2.03973 2.74706 1.79988
v 2.45538 2.77513 1.48569
v 2.48608 2.78296 1.62839
v 2.55031 2.78136 1.55001
v 2.5925 2.77256 1.4586
v 2.61424 2.79324 1.63204
v 2.60337 2.7829 1.54532
v 1.28219 1.10432 -1.25909
v 1.17947 1.2176 -1.27041
v 1.20882 1.13931 -1.25851
v 1.1648 1.09602 -1.24604
v 1.03456 1.22862 -1.26344
v 1.03386 1.09497 -1.24074
v 1.17118 0.963999 -1.23584
v 1.29494 0.97261 -1.24271
v 0.901085 1.09036 -1.26688
v 0.89558 1.22154 -1.28064
v 1.04187 0.96304 -1.23948
v 1.29524 0.860769 -1.29511
v 0.911856 0.959715 -1.26769
v 0.755064 1.21217 -1.30619
v 0.768664 1.08237 -1.29607
v 1.06277 0.845556 -1.27282
v 0.929497 0.838372 -1.29222
v 0.781395 0.947659 -1.29082
v 0.674625 1.06565 -1.372
v 0.672203 1.16542 -1.39657
v 0.804835 0.827527 -1.32438
v 0.682815 0.937622 -1.35454
v 0.696948 0.816901 -1.37841
v 2.17284 2.46226 2.23816
v 2.1265 2.44545 2.20489
v 2.1265 2.44545 2.20489
v 2.14129 2.43633 2.14854
v -0.0415126 1.17584 -0.495968
v -0.0409038 1.08084 -0.487153
v -0.0409038 1.08084 -0.487153
v -0.0182926 1.04194 -0.434231
v -1.97442 2.24913 3.49139
v -2.08025 2.25151 3.52476
v -2.05775 2.38967 3.53765
v -1.97041 2.3842 3.46139
v -1.98016 2.11062 3.50581
v -2.08081 2.11266 3.49476
v -2.09537 2.25512 3.41277
v -2.09366 2.3859 3.41941
v -2.01972 2.06617 3.48853
v -2.09743 2.51579 3.41166
v -2.05001 2.53295 3.52149
v -2.13392 2.64343 3.39371
v -2.07147 2.68043 3.48885
v -2.01851 2.72777 3.35503
v -2.58392 1.91119 2.54041
v -2.54861 1.84223 2.56972
v -2.61692 1.86613 2.55414
v -2.61692 1.86613 2.55414
v -2.71822 1.84497 2.55228
v 0.476506 0.586768 -0.658802
v 0.377628 0.559029 -0.693794
v 0.406153 0.60148 -0.653212
v 0.364326 0.658644 -0.60704
v 0.439126 0.632679 -0.635624
v 0.476545 0.652625 -0.641029
v 0.360947 0.518456 -0.542472
v 0.278032 0.617891 -0.527051
v 0.393975 0.450596 -0.68667
v 0.456186 0.43334 -0.659144
v 0.265014 0.675733 -0.525716
v 0.251843 0.570464 -0.487235
v -0.487342 2.53176 -2.08755
v -0.527108 2.5966 -2.10733
v 2.1965 0.63845 -0.348116
v 2.18837 0.545461 -0.345165
v 2.17903 0.613283 -0.32934
v 2.17903 0.613283 -0.32934
v 2.15222 0.655938 -0.29474
v 1.21728 2.52469 2.61786
v 1.14895 2.51899 2.60349
v 1.14895 2.51899 2.60349
v 1.13275 2.50619 2.55532
v -2.03324 2.78328 2.18274
v -2.00377 2.84156 2.24581
v -1.96757 2.8194 2.20644
v -1.86571 2.83336 2.19076
v -1.87202 2.76281 2.30975
v -2.01287 2.76633 2.3284
v -1.74619 2.79555 2.13809
v -1.73769 2.76564 2.2861
v -2.1546 2.76217 2.34971
v -2.16651 2.81079 2.20789
v -1.60393 2.79228 2.11192
v -1.61024 2.73935 2.26239
v -2.2931 2.76675 2.37114
v -2.31128 2.79495 2.23257
v -1.46385 2.79083 2.09192
v -1.46636 2.7757 2.25622
v -2.43164 2.77041 2.3962
v -2.45422 2.7822 2.25738
v -1.49462 2.82354 2.16594
v -1.33145 2.79039 2.07628
v -1.32135 2.76777 2.23348
v -1.53015 2.73689 2.27489
v -2.59386 2.78614 2.27555
v -2.5693 2.78 2.42048
v -2.42456 2.86305 2.31176
v -2.29194 2.85709 2.32436
v -1.55483 2.79594 2.20382
v -1.3677 2.85358 2.15918
v -1.20875 2.79418 2.06123
v -1.18123 2.75846 2.21556
v -1.29421 2.86791 2.32823
v -1.44403 2.84919 2.35401
v -1.51385 2.69562 2.30605
v -2.57645 2.8947 2.33311
v -2.70447 2.77112 2.44785
v -2.73191 2.7906 2.29772
v -1.4828 2.88507 2.26288
v -1.09295 2.79823 2.06072
v -1.04947 2.74774 2.17454
v -1.16673 2.88037 2.26124
v -1.47894 2.7724 2.33003
v -1.60476 2.85261 2.34897
v -2.71552 2.90974 2.36176
v -2.87164 2.79345 2.31189
v -2.84585 2.75996 2.47611
v -0.954334 2.82559 2.07912
v -0.917031 2.73825 2.13303
v -2.84945 2.89991 2.39219
v -3.00711 2.79754 2.34153
v -2.99397 2.76517 2.49185
v -0.820845 2.87697 2.08167
v -0.778502 2.73384 2.1008
v -3.14394 2.80265 2.35973
v -3.13747 2.76632 2.50259
v -0.663866 2.92396 2.07391
v -0.640663 2.75057 2.08294
v -3.05159 2.86448 2.60144
v -3.15164 2.85435 2.59871
v -3.27886 2.81085 2.3816
v -3.27182 2.72354 2.4897
v -0.500429 2.75435 2.08261
v -0.52186 2.89092 2.07825
v -0.624901 2.77312 2.18381
v -0.767819 2.79397 2.21991
v -3.2547 2.8278 2.5898
v -3.41555 2.81707 2.40502
v -3.39802 2.77354 2.528
v -0.588664 2.75935 2.11645
v -0.395081 2.87235 2.05863
v -0.356604 2.72306 2.06051
v -3.53264 2.77312 2.55345
v -3.55365 2.82115 2.42763
v -0.260524 2.87397 1.98668
v -0.218727 2.74727 2.03607
v -3.69096 2.82281 2.4504
v -3.66869 2.77925 2.57495
v -0.122774 2.9147 1.98123
v -0.100375 2.802 1.99622
v -0.295173 2.7411 2.06525
v -3.82873 2.81516 2.46779
v -3.80411 2.77629 2.59995
v 0.0149208 2.93258 2.01081
v 0.0214405 2.82962 1.93695
v -0.143887 2.66444 2.06132
v -0.310189 2.75296 2.09916
v -3.96648 2.81632 2.49141
v -3.93941 2.78148 2.62108
v -0.263773 2.78287 2.1378
v -4.10743 2.81365 2.5113
v -4.07369 2.78763 2.64603
v -0.261559 2.60485 2.08108
v -0.229561 2.67358 2.1982
v -4.20125 2.75364 2.69985
v -4.24364 2.81894 2.54326
v -4.37708 2.82531 2.57611
v -4.32918 2.77934 2.72252
v -4.51073 2.81454 2.61519
v -4.4566 2.78428 2.7467
v -4.63761 2.79758 2.67899
v -4.56041 2.7938 2.78426
v 1.89536 0.904153 -1.12534
v 1.84214 0.781219 -1.1479
v 1.88348 0.82179 -1.1133
v 1.91294 0.779997 -1.06667
v 1.89017 0.64926 -1.06578
v 1.81225 0.645978 -1.16472
v 2.01448 0.7963 -1.00505
v 2.01873 0.941652 -1.06084
v 2.0019 0.653013 -0.990828
v 1.85372 0.512925 -1.05916
v 2.14315 0.80046 -0.952829
v 2.14717 0.899824 -1.03805
v 1.97617 0.513668 -0.98236
v 2.13581 0.653034 -0.914335
v 1.83099 0.37008 -1.17123
v 1.78016 0.403594 -1.06505
v 1.75649 0.53566 -0.924174
v 1.87678 0.53772 -0.850812
v 2.0974 0.501292 -0.907474
v 1.75902 0.467879 -1.09279
v 1.65057 0.494215 -0.997905
v 1.67059 0.531145 -0.80449
v 1.7878 0.529546 -0.725131
v 2.00186 0.535997 -0.781303
v 1.56211 0.470924 -0.871149
v 1.6233 0.443837 -0.730888
v 1.73684 0.430493 -0.651979
v 1.9064 0.52343 -0.657732
v 2.07379 0.453873 -0.747842
v 2.12837 0.427221 -0.872132
v 1.61867 0.481968 -0.802176
v 1.68431 0.339139 -0.811513
v 1.7909 0.341009 -0.745178
v 1.86701 0.421892 -0.590439
v 1.99806 0.449862 -0.631165
v 1.58946 0.342975 -0.899198
v 1.92382 0.465061 -0.626445
v -0.0207893 0.891307 -0.440184
v -0.0440082 0.938137 -0.4897
v -0.0440082 0.938137 -0.4897
v -0.0483292 0.898368 -0.497657
v 0.612183 2.78497 -0.436624
v 0.742761 2.76383 -0.401429
v 0.699826 2.79454 -0.430214
v 0.686423 2.76522 -0.60294
v 0.77296 2.69197 -0.549835
v 0.744533 2.83482 -0.452588
v 0.519302 2.76724 -0.553326
v 0.561042 2.76795 -0.650624
v 0.914107 2.75016 -0.546318
v 0.886308 2.78011 -0.391922
v 0.883085 2.84211 -0.494615
v 0.358309 2.76957 -0.655583
v 0.449609 2.79828 -0.748207
v 0.624703 2.791 -0.638016
v 0.477563 2.76653 -0.456028
v 0.498432 2.76688 -0.504677
v 1.05223 2.7517 -0.535694
v 1.0223 2.78392 -0.372969
v 0.436202 2.76898 -0.536407
v 0.626645 2.83982 -0.660483
v 1.19851 2.74126 -0.485219
v 1.15906 2.78744 -0.349825
v 0.327404 2.77468 -0.512421
v 1.3356 2.7473 -0.461877
v 1.29533 2.79097 -0.318379
v 1.46754 2.73755 -0.441824
v 1.43076 2.78924 -0.28959
v 1.32443 2.87054 -0.42768
v 1.17242 2.86173 -0.470126
v 1.60018 2.74175 -0.412219
v 1.56635 2.79025 -0.266527
v 1.45317 2.86372 -0.403368
v 1.73183 2.74034 -0.379563
v 1.70281 2.79033 -0.239476
v 1.51365 2.83575 -0.529884
v 1.63278 2.81103 -0.492776
v 1.75398 2.80399 -0.495222
v 1.86396 2.74428 -0.35024
v 1.83621 2.78876 -0.209452
v 1.64198 2.86636 -0.460264
v 1.74405 2.86401 -0.363609
v 1.87736 2.79949 -0.440879
v 2.01466 2.73049 -0.338867
v 1.96977 2.78672 -0.18888
v 2.01794 2.80165 -0.455006
v 2.09896 2.74369 -0.328853
v 2.10101 2.78842 -0.176372
v 2.24382 2.76475 -0.322382
v 2.23895 2.78788 -0.153108
v 2.17335 2.84719 -0.430354
v 2.08373 2.79718 -0.39445
v 2.326 2.77885 -0.23839
v 2.38593 2.76765 -0.344629
v 2.37889 2.79345 -0.13301
v 2.38241 2.78055 -0.23882
v 2.52316 2.76726 -0.359838
v 2.52864 2.76375 -0.234815
v 2.51747 2.7899 -0.11
v 2.66467 2.76014 -0.354575
v 2.66634 2.7532 -0.224429
v 2.65473 2.78546 -0.0870136
v 2.80523 2.74493 -0.220611
v 2.79256 2.77855 -0.0728215
v 2.80222 2.88288 -0.166587
v 2.66874 2.87925 -0.189552
v -3.03275 -0.00457317 2.90279
v -3.03275 -0.00457317 2.90279
v -3.04428 -0.0323588 2.92293
v 0.350457 2.33811 -1.01164
v 0.301609 2.35747 -0.984046
v 0.323034 2.38706 -1.02821
v 0.39352 2.37704 -1.1187
v 0.316822 2.48587 -1.07021
v -3.45417 2.72659 -1.14913
v -3.30387 2.72548 -1.12197
v -3.34476 2.74778 -1.13522
v -3.41573 2.73462 -1.276
v -3.26336 2.72085 -1.23881
v -3.27623 2.79126 -1.13455
v -3.59669 2.72536 -1.17292
v -3.5595 2.74529 -1.30285
v -3.14712 2.7178 -1.19424
v -3.16556 2.72437 -1.10996
v -3.14166 2.82844 -1.15137
v -3.35839 2.85855 -1.23772
v -3.47961 2.83411 -1.23558
v -3.62915 2.82525 -1.27137
v -3.73199 2.71346 -1.19876
v -3.70311 2.75404 -1.32838
v -3.11639 2.72309 -1.13512
v -3.34757 2.96374 -1.25722
v -3.47415 2.94097 -1.25747
v -3.7461 2.82583 -1.2725
v -3.86744 2.71831 -1.21276
v -3.84319 2.75377 -1.34398
v -3.0365 2.72709 -1.10115
v -3.30427 2.91692 -1.24192
v -3.52129 2.8918 -1.25595
v -3.86665 2.81583 -1.30279
v -3.20686 2.92847 -1.23082
v -3.61012 2.90031 -1.2748
v 2.79967 2.52718 2.63943
v 2.68559 2.51126 2.70734
v 2.75688 2.52821 2.68917
v 2.82118 2.40981 2.70018
v 2.71013 2.38791 2.77
v 2.78538 2.54619 2.72074
v 2.82025 2.27788 2.69321
v 2.72104 2.27605 2.79109
v 2.57802 2.37272 2.7237
v 2.57665 2.50151 2.69376
v 2.85032 2.14665 2.68769
v 2.75177 2.13914 2.77092
v 2.58088 2.24348 2.729
v 2.44325 2.36955 2.73687
v 2.44281 2.4953 2.71434
v 2.70215 2.12161 2.80395
v 2.58006 2.11285 2.73982
v 2.44512 2.23973 2.74116
v 2.30749 2.49256 2.73019
v 2.30814 2.36326 2.75059
v 2.44751 2.10737 2.73824
v 2.30924 2.23354 2.7551
v 2.17304 2.49403 2.74794
v 2.17289 2.35971 2.76992
v 2.31111 2.10214 2.75076
v 2.58334 1.98151 2.74187
v 2.45119 1.97527 2.74018
v 2.17332 2.22858 2.77094
v 2.03754 2.49374 2.76355
v 2.0379 2.35786 2.78683
v 2.31446 1.96905 2.75032
v 2.17558 2.0953 2.76994
v 2.45602 1.84183 2.73874
v 2.58904 1.84766 2.74538
v 2.03747 2.22373 2.78431
v 1.90471 2.49138 2.78212
v 1.90246 2.35752 2.80306
v 2.32071 1.83429 2.75142
v 2.17953 1.96059 2.76975
v 2.03902 2.08903 2.78345
v 2.59454 1.71446 2.74998
v 2.46184 1.70725 2.73736
v 1.90063 2.22203 2.80228
v 1.76682 2.35932 2.8164
v 1.76996 2.48795 2.79923
v 2.32744 1.69895 2.75148
v 2.18484 1.82521 2.76762
v 2.04235 1.95401 2.78572
v 1.90084 2.08584 2.79956
v 2.47044 1.57296 2.73742
v 2.60056 1.58144 2.75696
v 1.76365 2.22373 2.81537
v 1.63299 2.36851 2.83366
v 1.63527 2.49482 2.81035
v 2.19228 1.69018 2.76687
v 2.33574 1.56434 2.75135
v 2.0477 1.81753 2.78578
v 1.90366 1.94876 2.79833
v 1.76306 2.08558 2.81458
v 2.61099 1.44727 2.75363
v 2.47924 1.43791 2.73628
v 1.6283 2.22829 2.83166
v 1.49909 2.39648 2.85582
v 1.49453 2.50284 2.80086
v 2.20164 1.55479 2.76483
v 2.05547 1.68081 2.78492
v 2.34551 1.42938 2.75029
v 1.90834 1.81069 2.79742
v 1.76595 1.9453 2.81617
v 1.62637 2.0877 2.83362
v 2.61707 1.31369 2.75627
v 2.485 1.3017 2.73711
v 1.49544 2.23682 2.84727
v 2.06619 1.54418 2.78249
v 2.21352 1.41976 2.76254
v 1.9169 1.67022 2.79861
v 2.35673 1.29504 2.74907
v 1.77139 1.80426 2.81565
v 1.62801 1.94495 2.83289
v 1.48969 2.09112 2.84851
v 2.48535 1.1632 2.73417
v 2.62501 1.18025 2.75886
v 1.36987 2.24529 2.85083
v 1.35414 2.42625 2.86309
v 2.08188 1.40804 2.77703
v 1.92833 1.53049 2.79567
v 2.22995 1.28778 2.76202
v 1.77929 1.66028 2.81383
v 2.35624 1.15891 2.7698
v 1.62822 1.79426 2.83521
v 1.48949 1.94535 2.85247
v 1.34447 2.09121 2.86572
v 2.50293 1.03359 2.75328
v 2.63366 1.04572 2.7658
v 2.1031 1.27234 2.77372
v 1.94659 1.3932 2.79744
v 1.78876 1.49988 2.81755
v 2.24263 1.16694 2.73185
v 1.64065 1.6504 2.82533
v 2.36031 1.00947 2.71822
v 1.50481 1.80152 2.84816
v 1.3537 1.95711 2.83947
v 2.51566 0.896457 2.7434
v 2.6467 0.906362 2.76406
v 2.1215 1.14463 2.74537
v 1.97653 1.25529 2.78803
v 1.83817 1.37095 2.80853
v 1.66323 1.52214 2.78901
v 2.22206 0.987432 2.72823
v 2.37615 0.876493 2.75813
v 2.12802 1.07425 2.74851
v 2.02176 1.1095 2.78109
v 1.83351 1.23264 2.80239
v 1.77098 1.3887 2.8135
v 2.23682 0.849873 2.74362
v 2.5244 0.765342 2.70439
v 2.39291 0.800044 2.65637
v 1.86725 1.09533 2.80169
v 1.67297 1.48628 2.82326
v 2.03215 0.962771 2.75603
v 2.06657 0.838081 2.76488
v 1.88885 0.95724 2.79649
v 1.71461 1.06343 2.81706
v 1.69941 1.20098 2.78676
v 1.72149 1.35376 2.81577
v 1.90674 0.834352 2.77707
v 1.74607 0.904299 2.81566
v 1.67501 1.33257 2.78518
v 1.76312 0.824115 2.76473
v -4.59476 1.71327 -0.613054
v -4.60696 1.84867 -0.52673
v -4.60275 1.75794 -0.548126
v -4.60652 1.71188 -0.504595
v -4.61162 1.84787 -0.393752
v -4.6103 1.71226 -0.372489
v -4.59387 1.57534 -0.607405
v -4.60541 1.5741 -0.490978
v -4.61127 1.89275 -0.453277
v -4.61143 1.57491 -0.341593
v -4.59786 1.43817 -0.607788
v -4.60225 1.43622 -0.486433
v -4.61524 1.98171 -0.439348
v -4.60105 1.43683 -0.342927
v -4.59802 1.30065 -0.611104
v -4.60158 1.29986 -0.485935
v -4.60755 1.99411 -0.30368
v -4.60989 1.85364 -0.287566
v -4.59996 1.30057 -0.336405
v -4.59347 1.16215 -0.613881
v -4.60061 1.16302 -0.485953
v -4.59687 1.16322 -0.344245
v -4.58917 1.02332 -0.616958
v -4.59797 1.02586 -0.486613
v -4.59424 1.03044 -0.347866
v -4.59462 0.888418 -0.481706
v -4.58786 0.884873 -0.617762
v -4.58961 0.894998 -0.359105
v -4.59277 0.756527 -0.462584
v -4.59024 0.74662 -0.617663
v -4.58835 0.611517 -0.612276
v -4.57929 0.626046 -0.462635
v -4.58576 0.481813 -0.588015
v -4.55296 0.497878 -0.451636
v -4.06167 2.95074 -1.43331
v -3.97521 2.85325 -1.43358
v -4.0122 2.91497 -1.40623
v -4.05232 2.9056 -1.40587
v -3.99972 2.94094 -1.3518
v -4.08975 2.84432 -1.47884
v -3.93991 2.95562 -1.46739
v -3.8591 2.92689 -1.33421
v -4.13522 2.93877 -1.33183
v -3.81814 2.86943 -1.43513
v -4.2381 2.8465 -1.49845
v -4.26862 2.93111 -1.37463
v -4.39251 2.83621 -1.49401
v -4.40797 2.90028 -1.38715
v -4.54989 2.8785 -1.41141
v -4.53601 2.80822 -1.51001
v 1.09183 0.238229 -1.3234
v 0.971075 0.242993 -1.27069
v 1.01805 0.218003 -1.31817
v 0.954167 0.322501 -1.42986
v 1.10571 0.336942 -1.39099
v 0.991232 0.172788 -1.36043
v 0.833952 0.280338 -1.45576
v 0.842054 0.223457 -1.31118
v 0.965543 0.280293 -1.38224
v -3.735 2.8288 -1.42459
v -3.67172 2.87003 -1.36197
v -3.70648 2.85779 -1.41057
v -3.70648 2.85779 -1.41057
v -3.71273 2.87456 -1.44514
v -0.221265 2.08557 -1.52558
v -0.245279 2.21097 -1.53027
v -0.207892 2.16118 -1.52345
v -0.207892 2.16118 -1.52345
v -2.79719 2.94657 -1.13302
v -2.8105 3.00828 -1.213
v -2.83184 2.97682 -1.18047
v -2.88783 2.97563 -1.19538
v -2.79375 2.81245 -1.1614
v -2.93695 2.81729 -1.24103
v -2.6258 2.85349 -1.14227
v -2.64549 2.96379 -1.10814
v -2.63081 2.73543 -1.03293
v -2.60803 2.77564 -1.18766
v -2.52903 2.95346 -1.19296
v -2.50382 2.96399 -1.08767
v -2.4851 2.75017 -1.01964
v -2.46738 2.85228 -1.12018
v -2.45024 2.78064 -1.17902
v -2.59211 2.9279 -1.11936
v -2.33383 2.74643 -1.02667
v -2.33686 2.84437 -1.08121
v -2.3067 2.75259 -1.16968
v -2.26005 2.72259 -0.995541
v -2.2121 2.80049 -1.03197
v 1.52655 0.576366 -0.749613
v 1.52405 0.423872 -0.806653
v 1.52608 0.479175 -0.760322
v 1.52303 0.406285 -0.749485
v 1.52764 0.437287 -0.7247
v 1.51825 0.268314 -0.788184
v 1.51869 0.325585 -0.678276
v 0.242475 2.47056 -0.601029
v 0.175305 2.46675 -0.603282
v 0.175305 2.46675 -0.603282
v 0.132665 2.4833 -0.543939
v -0.106557 2.21544 -1.24247
v -0.127083 2.20446 -1.12767
v -0.0896993 2.21581 -1.17848
v -0.0896993 2.21581 -1.17848
v -2.19524 1.26026 3.43646
v -2.20377 1.11757 3.43816
v -2.17482 1.1684 3.47307
v -2.22295 1.27762 3.6034
v -2.18496 1.12985 3.58408
v -2.12545 1.12738 3.54459
v -2.05767 1.12552 3.56236
v -2.0791 1.26925 3.5423
v -2.16901 0.980954 3.58808
v -2.10639 0.988346 3.54276
v -2.20284 1.01295 3.46183
v -2.14878 0.960519 3.49729
v -2.15075 0.832043 3.48031
v -2.08015 0.851685 3.56341
v -4.29707 2.54709 3.45987
v -4.2414 2.55193 3.4248
v -4.2414 2.55193 3.4248
v -4.2178 2.54874 3.35313
v -2.83588 1.36419 3.22615
v -2.82675 1.33388 3.1854
v -2.82675 1.33388 3.1854
v 2.18832 1.34242 -0.34661
v 2.12971 1.34175 -0.290827
v 2.18468 1.48036 -0.344026
v 2.16987 1.20163 -0.335472
v 2.11867 1.20027 -0.264735
v 2.22108 1.20299 -0.40621
v 2.19925 1.06566 -0.349663
v 2.13447 1.06159 -0.277927
v -2.4268 0.806941 -1.96967
v -2.2472 0.814741 -1.94722
v -2.22483 0.919852 -1.93315
v -2.35404 0.960445 -1.94659
v -2.17643 1.00952 -1.92284
v -2.26244 1.06047 -1.95312
v -3.42465 1.93444 -2.18479
v -3.29001 1.95633 -2.17104
v -3.42766 1.79284 -2.18499
v -3.30082 1.81488 -2.1661
v -1.82166 2.78437 -0.956691
v -1.68699 2.76449 -0.918184
v -1.66105 2.9013 -0.992045
v -1.79833 2.93824 -1.03184
v -1.79932 2.70989 -1.06851
v -1.66152 2.70283 -1.03794
v -1.54755 2.76404 -0.885044
v -1.52604 2.88915 -0.963217
v -1.64928 3.01282 -1.0458
v -1.766 3.04332 -1.10967
v -1.95465 2.79909 -0.979425
v -1.92099 2.90078 -1.08961
v -1.92965 2.7361 -1.10459
v -1.41464 2.76816 -0.851687
v -1.38883 2.88638 -0.943463
v -1.49715 2.99437 -1.03471
v -2.08455 2.79757 -1.00655
v -2.0651 2.9097 -1.11307
v -2.06122 2.74447 -1.13215
v -1.27936 2.75903 -0.833355
v -1.2536 2.86918 -0.923473
v -1.43334 2.94529 -0.98839
v -2.20343 2.90178 -1.15171
v -2.19388 2.72081 -1.15133
v -1.14047 2.73693 -0.816948
v -1.12383 2.85285 -0.887155
v -1.38118 2.94765 -0.981343
v -1.37352 3.00891 -1.01922
v -1.25034 2.96538 -0.923643
v -1.23707 2.98617 -1.034
v -1.23558 3.05502 -1.00062
v 1.2822 0.14452 2.08452
v 1.12217 0.263178 2.07162
v 1.15923 0.118625 2.10464
v -2.77476 2.7267 -1.06403
v -2.89416 2.74334 -1.16067
v -2.90254 2.81797 -1.11709
v -2.91187 2.72816 -1.06957
v -2.92555 2.7395 -1.12245
v -2.97682 2.78112 -1.15201
v -3.04047 2.845 -1.16431
v -3.01047 2.7722 -1.21683
v 2.40048 2.03146 -0.938795
v 2.39194 2.02546 -0.840317
v -2.67518 0.219968 2.85643
v -2.73581 0.201702 2.72894
v -2.62641 0.258739 2.67289
v -2.56465 0.272508 2.80752
v -2.79313 0.1742 2.60048
v -2.66245 0.215881 2.56054
v -3.73556 2.0766 -2.24578
v -3.72098 2.21572 -2.25268
v -3.86009 2.19503 -2.27157
v -3.8442 2.04592 -2.25721
v -2.72588 2.33378 -2.08219
v -2.61381 2.28094 -2.06508
v 2.5738 0.339953 1.84167
v 2.58722 0.460938 1.87897
v 2.51773 0.519366 1.85795
v 1.40016 0.370084 2.40942
v 1.43846 0.362661 2.54665
v 1.30984 0.360649 2.57644
v 1.26819 0.372597 2.44818
v -1.77212 2.5965 3.24289
v -1.6322 2.6016 3.23353
v -1.68347 2.72498 3.17741
v -1.79749 2.71734 3.20202
v 2.26524 1.74751 -0.477726
v 2.30282 1.76028 -0.545647
v 2.29454 1.87623 -0.535638
v 2.24319 1.88419 -0.446965
v -3.36371 3.24619 -1.02661
v -3.21949 3.23073 -1.0283
v -3.22328 3.27146 -0.918194
v -3.37214 3.24676 -0.892736
v -3.08022 3.21536 -0.966778
v -3.08759 3.27851 -0.913875
v -3.5035 3.25143 -1.03189
v -3.51285 3.28104 -0.884342
v 0.957012 2.89019 -1.46963
v 0.901507 2.76817 -1.47778
v 2.0008 0.671743 -0.122199
v 1.8999 0.665728 -0.0460276
v 1.39732 2.83275 1.87399
v 1.26421 2.81162 1.8413
v -2.26633 2.83895 2.48256
v -2.40367 2.86879 2.48792
v -4.26452 2.71737 -1.26474
v -4.22507 2.75154 -1.37992
v -4.1059 2.76832 -1.35814
v -4.13234 2.72327 -1.25996
v 1.90651 0.396125 -0.0321867
v 1.90387 0.531996 -0.041596
v 2.0135 0.561385 -0.13889
v 2.01431 0.409767 -0.129437
v -2.59613 0.272854 3.20486
v -2.66943 0.187333 3.19116
v -2.62931 0.189276 3.06475
v -2.61661 0.291149 3.07369
v -2.9386 3.27193 -0.925103
v -2.973 3.30207 -0.771401
v -3.10842 3.28966 -0.795553
v -3.02831 2.9339 2.5431
v -3.14785 2.96405 2.54462
v -3.14996 2.89306 2.45303
v -3.0115 2.86291 2.45381
v -2.91254 0.128641 2.65726
v -2.85753 0.27924 2.58702
v -3.25797 2.37023 -1.02956
v -3.38612 2.36208 -1.01945
v -3.41462 2.32303 -1.16715
v -3.27992 2.31597 -1.18355
v -3.50545 2.3238 -1.16209
v -3.51613 2.36974 -1.02222
v 2.73506 2.62975 2.67828
v 2.69064 2.5202 2.79534
v 2.64316 2.64713 2.73617
v -1.90426 2.62954 3.10738
v -1.89735 2.59844 3.24229
v -2.03037 2.59587 3.10638
v -2.65728 1.89061 3.06858
v -2.72808 1.89383 3.20566
v -2.74372 1.76526 3.18595
v -2.5714 2.47542 -0.91568
v -2.56783 2.48399 -1.04149
v -4.72144 3.19657 3.49826
v -4.62835 3.29394 3.52189
v -4.54659 3.24099 3.4222
v 1.60613 0.399942 2.45444
v 1.74262 0.418289 2.4532
v 1.86551 0.369849 2.4091
v 2.43992 1.07395 -1.09394
v 2.44044 1.21384 -1.08408
v -2.19601 2.04043 -1.97202
v -2.14532 2.03439 -1.87307
v -2.14266 1.90022 -1.887
v -2.22322 1.89908 -1.99043
v -2.06775 2.47379 -1.21474
v -1.96717 2.45842 -1.11473
v -1.88692 2.48028 -1.20735
v -1.97106 2.58169 -1.25053
v -1.79685 2.50951 -1.11646
v -1.87361 2.45614 -1.01547
v 0.453035 2.29963 -1.24779
v 0.323763 2.254 -1.27616
v 0.357478 2.26204 -1.40205
v 0.471796 2.31342 -1.37775
v 0.88123 0.666571 -0.972338
v 0.840337 0.561583 -1.02761
v 0.981403 0.492863 -0.974914
v -2.02397 2.62482 3.28831
v 1.5922 0.241735 -1.11516
v 0.711781 0.605473 -0.960331
v 0.645287 0.57608 -1.0714
v 0.534145 0.63914 -1.02399
v 0.599653 0.671387 -0.910121
v 1.53673 0.384881 2.28849
v 1.41205 0.391074 2.34937
v 1.46399 0.408555 2.4818
v 0.530467 3.03365 -0.877008
v 0.724589 3.07414 -0.887601
v -0.601177 2.81303 -0.877289
v -0.715905 2.84532 -0.913777
v -0.815855 2.76077 -0.837622
v -0.684084 2.74607 -0.766719
v -0.614246 2.6201 -2.00846
v -0.671769 2.70268 -2.07649
v -0.606385 2.65493 -2.18001
v 1.38444 0.638059 -1.07925
v 1.44856 0.531162 -1.12738
v 1.47621 0.691416 -1.02015
v -3.29449 1.67366 -2.16677
v -3.32088 1.79315 -2.16046
v -3.22063 1.80107 -2.13838
v -3.21946 1.66467 -2.12976
v -1.43787 2.50118 -1.3935
v -1.4084 2.48002 -1.23535
v -1.27301 2.48316 -1.28299
v -1.29098 2.50292 -1.40497
v -2.65353 0.232199 2.93571
v -2.5974 0.299446 2.94902
v -4.57741 1.84182 1.7763
v -4.58346 1.71173 1.80301
v -0.0800702 1.46506 -0.560584
v -0.0381957 1.46129 -0.499347
v -0.0360162 1.6031 -0.495923
v -1.18738 2.52257 2.95754
v -1.11258 2.51073 2.89113
v 2.26745 1.06229 -0.464162
v 2.27567 0.922889 -0.47575
v 2.31183 0.895559 -0.542871
v 2.32811 1.04492 -0.57748
v 2.26762 1.20387 -0.462374
v -0.113083 1.78726 -0.644677
vn -0.147893 0.00494472 0.988991
vn -0.129042 -0.00133604 0.991638
vn -0.147893 0.00494472 0.988991
vn -0.147893 0.00494472 0.988991
vn -0.144788 0.0222111 0.989213
vn -0.244077 0.0281188 0.969348
vn -0.188857 0.00639463 0.981984
vn -0.109689 0.0194647 0.993775
vn -0.0652702 0.0771324 0.994882
vn -0.263474 -0.0184365 0.96449
vn -0.290558 0.00161137 0.956856
vn -0.103668 -0.0434898 0.993661
vn -0.0344464 -0.0376949 0.998695
vn -0.26454 -0.0251719 0.964046
vn -0.132569 -0.0393612 0.990392
vn -0.184398 0.0304708 0.982379
vn -0.109548 0.166215 0.979986
vn -0.189625 -0.0271725 0.981481
vn -0.0998211 -0.0506283 0.993717
vn -0.120865 -0.0329872 0.992121
vn 0.121236 0.0436051 0.991666
vn -0.132569 -0.0393612 0.990392
vn -0.132569 -0.0393612 0.990392
vn -0.131681 0.0562798 0.989693
vn -0.205429 0.120157 0.971268
vn -0.127196 0.0120939 0.991804
vn -0.534762 -0.429615 0.72764
vn -0.164785 -0.040146 0.985512
vn -0.154373 0.0138158 0.987916
vn -0.158872 -0.0573063 0.985635
vn -0.132569 -0.0393612 0.990392
vn -0.132569 -0.0393612 0.990392
vn -0.131681 0.0562798 0.989693
vn -0.131681 0.0562798 0.989693
vn -0.290654 -0.0478974 0.955629
vn -0.124991 -0.0217819 0.991919
vn -0.194587 -0.00421591 0.980876
vn -0.147136 -0.00274271 0.989112
vn -0.142821 -0.0179359 0.989586
vn -0.154373 0.0138158 0.987916
vn -0.154373 0.0138158 0.987916
vn -0.152753 -0.0528034 0.986853
vn -0.173167 -0.00599403 0.984874
vn -0.0965058 -0.0361959 0.994674
vn -0.0965058 -0.0361959 0.994674
vn -0.0965058 -0.0361959 0.994674
vn -0.131681 0.0562798 0.989693
vn -0.131681 0.0562798 0.989693
vn -0.152002 -0.0200319 0.988177
vn -0.123168 -0.00698224 0.992361
vn -0.211007 -0.00302417 0.97748
vn -0.211007 -0.00302417 0.97748
vn -0.159561 -0.01898 0.987006
vn -0.176751 -0.0164803 0.984118
vn -0.149937 0.0236927 0.988412
vn -0.166553 0.00248886 0.986029
vn -0.150412 -0.0391593 0.987848
vn -0.191953 0.00580848 0.981387
vn -0.0965058 -0.0361959 0.994674
vn -0.0965058 -0.0361959 0.994674
vn -0.179532 -0.0264091 0.983398
vn -0.163224 -0.0201677 0.986383
vn -0.164567 -0.0159697 0.986237
vn -0.130531 0.000538711 0.991444
vn -0.203097 -0.034284 0.978558
vn -0.211007 -0.00302417 0.97748
vn -0.211007 -0.00302417 0.97748
vn -0.156138 -0.0179774 0.987572
vn -0.167614 -0.0191706 0.985666
vn -0.167653 0.0154471 0.985725
vn -0.18048 0.0148994 0.983466
vn -0.15717 0.00666332 0.987549
vn -0.158016 -0.00518567 0.987423
vn -0.154877 -0.0368743 0.987245
vn -0.183622 0.0103812 0.982942
vn -0.22412 -0.0516222 0.973193
vn -0.146071 -0.0175845 0.989118
vn -0.167188 0.000229767 0.985925
vn -0.15088 -0.0159444 0.988424
vn -0.141841 -0.0134994 0.989797
vn -0.166287 0.00648359 0.986056
vn -0.14198 -0.103598 0.984433
vn -0.211007 -0.00302417 0.97748
vn -0.175463 -0.00194657 0.984484
vn -0.161286 -0.00106608 0.986907
vn -0.155391 -0.0195953 0.987659
vn -0.253419 0.024089 0.967057
vn -0.162471 0.0116247 0.986645
vn -0.189162 0.0431689 0.980997
vn -0.153015 -0.0140731 0.988124
vn -0.189162 0.0431689 0.980997
vn -0.214304 -0.086109 0.972964
vn -0.22412 -0.0516222 0.973193
vn -0.22412 -0.0516222 0.973193
vn -0.143565 -0.00109773 0.98964
vn -0.154429 -0.00207889 0.988002
vn -0.147489 -0.00683721 0.98904
vn -0.163451 -0.016449 0.986414
vn -0.150557 0.00996972 0.988551
vn -0.172028 -0.00552656 0.985077
vn -0.11739 0.0130403 0.993
vn -0.146495 -0.143193 0.978793
vn -0.145053 0.00303901 0.989419
vn -0.126095 0.0100589 0.991967
vn 0.0784871 -0.00700782 0.996891
vn 0.0918945 0.0687243 0.993394
vn -0.224622 0.0218483 0.974201
vn -0.189162 0.0431689 0.980997
vn -0.189162 0.0431689 0.980997
vn -0.169489 -0.0210386 0.985307
vn 0.0315534 -0.0500907 0.998246
vn -0.22412 -0.0516222 0.973193
vn -0.22412 -0.0516222 0.973193
vn -0.159788 -0.00139293 0.98715
vn -0.144589 -0.00439094 0.989482
vn -0.149871 0.0101655 0.988653
vn -0.135055 0.00783064 0.990807
vn -0.136701 -0.00159859 0.990611
vn -0.152394 -0.000122874 0.98832
vn -0.160646 -0.00270956 0.987008
vn -0.119331 0.00252654 0.992851
vn -0.154562 0.0144072 0.987878
vn -0.157162 -0.199233 0.967268
vn -0.0153558 -0.127474 0.991723
vn 0.0784871 -0.00700782 0.996891
vn 0.0784871 -0.00700782 0.996891
vn 0.00876955 0.026725 0.999604
vn 0.113427 0.0036797 0.99354
vn -0.118867 0.0272206 0.992537
vn -0.189162 0.0431689 0.980997
vn -0.151468 0.0612604 0.986562
vn -0.0618732 -0.0250855 0.997769
vn 0.0309902 0.0254199 0.999196
vn 0.0892662 0.0762832 0.993082
vn -0.169671 0.00384027 0.985493
vn -0.130593 0.000710404 0.991436
vn -0.143871 -0.00152407 0.989595
vn -0.136075 0.0123523 0.990622
vn -0.143383 -0.00767975 0.989637
vn -0.15787 -0.00721101 0.987434
vn -0.149331 -0.0030813 0.988782
vn -0.153101 0.00622163 0.988191
vn -0.141519 0.00421532 0.989927
vn -0.159156 0.00340797 0.987248
vn -0.14316 0.0187102 0.989523
vn -0.115243 -0.220383 0.968582
vn -0.0153558 -0.127474 0.991723
vn -0.0153558 -0.127474 0.991723
vn 0.0404317 -0.0139433 0.999085
vn 0.0784871 -0.00700782 0.996891
vn 0.0784871 -0.00700782 0.996891
vn -0.121482 0.00954365 0.992548
vn -0.0146842 0.0247298 0.999586
vn -0.0246511 -0.0494128 0.998474
vn -0.0262263 0.0185352 0.999484
vn -0.0532732 0.016705 0.99844
vn 0.0333371 -0.00764319 0.999415
vn -0.118404 0.00785755 0.992934
vn 0.071336 -0.988628 0.132386
vn -0.128467 -0.00390025 0.991706
vn -0.162627 -0.00725187 0.986661
vn -0.153305 0.00220008 0.988176
vn -0.131413 0.00672899 0.991305
vn -0.16713 0.00936475 0.98589
vn -0.150263 0.000924463 0.988646
vn -0.142496 -0.0104022 0.989741
vn -0.136679 0.00273039 0.990612
vn -0.165592 -0.000381083 0.986194
vn -0.156766 0.00754373 0.987607
vn -0.155669 0.0179712 0.987646
vn -0.155419 0.0187295 0.987671
vn -0.174775 0.0225843 0.984349
vn -0.0824497 -0.10918 0.990597
vn -0.0153558 -0.127474 0.991723
vn -0.0153558 -0.127474 0.991723
vn 0.0404317 -0.0139433 0.999085
vn 0.0404317 -0.0139433 0.999085
vn -0.357197 -0.000844146 0.934029
vn -0.357197 -0.000844146 0.934029
vn -0.125419 0.00235543 0.992101
vn -0.128059 0.000755103 0.991766
vn 0.129961 -0.101813 0.986278
vn 0.071336 -0.988628 0.132386
vn 0.0179252 -0.00179883 0.999838
vn 0.0116198 0.010653 0.999876
vn -0.119736 -3.98133e-05 0.992806
vn -0.113725 0.00144821 0.993511
vn 0.071336 -0.988628 0.132386
vn -0.152569 -0.00404983 0.988284
vn -0.136313 0.00112217 0.990665
vn -0.159537 -0.00406524 0.987184
vn -0.122978 -0.00644052 0.992389
vn -0.167605 0.0121259 0.98578
vn -0.126529 0.022384 0.99171
vn -0.145311 0.0168038 0.989243
vn -0.26273 -0.122204 0.957099
vn -0.089011 0.0147412 0.995922
vn -0.0311097 0.232273 0.972153
vn -0.175131 -0.00513887 0.984532
vn -0.158442 0.0127697 0.987286
vn -0.158766 0.0118893 0.987245
vn -0.169426 0.0124684 0.985464
vn -0.180301 0.0305532 0.983137
vn -0.169194 0.0166873 0.985442
vn -0.0257532 0.0317774 0.999163
vn -0.26273 -0.122204 0.957099
vn -0.26273 -0.122204 0.957099
vn 0.0404317 -0.0139433 0.999085
vn -0.355898 -0.00944273 0.934477
vn 0.0404317 -0.0139433 0.999085
vn -0.357197 -0.000844146 0.934029
vn -0.357197 -0.000844146 0.934029
vn -0.134937 -0.00908414 0.990813
vn -0.114468 0.0151595 0.993311
vn -0.13384 0.00381259 0.990996
vn 0.118103 0.110272 0.98686
vn -0.189718 0.0307997 0.981355
vn -0.119081 0.00495285 0.992872
vn -0.126596 0.020044 0.991752
vn -0.328301 0.160473 0.930842
vn -0.103145 -0.335767 0.936281
vn -0.120817 0.00857296 0.992638
vn -0.148899 -0.00350863 0.988846
vn -0.14029 -0.0125073 0.990031
vn -0.17014 0.0156558 0.985296
vn -0.157947 0.00437624 0.987438
vn -0.126855 -0.000853127 0.991921
vn -0.114256 -0.0102484 0.993399
vn -0.247447 0.20721 0.946485
vn -0.26273 -0.122204 0.957099
vn -0.190459 0.0115306 0.981627
vn -0.123088 0.0202822 0.992189
vn 0.0840544 0.93901 0.333459
vn -0.131457 0.0925444 0.986993
vn -0.157835 -0.00703195 0.98744
vn -0.164562 0.0151172 0.986251
vn -0.204572 0.047298 0.977708
vn -0.170765 0.00685248 0.985288
vn -0.157895 0.0282003 0.987053
vn -0.0416212 -0.0106234 0.999077
vn -0.990437 -0.0509821 0.128202
vn -0.26273 -0.122204 0.957099
vn 0.0385279 0.0395239 0.998476
vn -0.355898 -0.00944273 0.934477
vn -0.355898 -0.00944273 0.934477
vn -0.357197 -0.000844146 0.934029
vn -0.130075 -0.0436689 0.990542
vn -0.150314 -0.00814102 0.988605
vn -0.140175 -0.0414649 0.989258
vn 0.011278 -0.615945 0.787709
vn -0.0729953 0.0436656 0.996376
vn -0.144516 -0.00110863 0.989502
vn -0.359724 -0.11749 0.925632
vn -0.320304 -0.117585 0.939989
vn -0.160157 0.146049 0.976227
vn -0.128765 -0.29304 0.94739
vn -0.0500239 0.114826 0.992125
vn -0.119657 -0.0107918 0.992757
vn -0.15019 -0.0139309 0.988559
vn -0.131772 0.0232438 0.991007
vn -0.168077 0.117677 0.978725
vn -0.132016 0.0225416 0.990991
vn -0.144783 -0.000689299 0.989463
vn -0.179278 -0.0233079 0.983522
vn -0.170656 0.944399 0.281047
vn -0.151312 0.0154223 0.988366
vn -0.159197 -0.00171651 0.987246
vn -0.133741 0.00939604 0.990972
vn 0.0124362 0.995854 -0.0901124
vn -0.0152539 0.979503 0.200853
vn -0.154929 0.0434856 0.986968
vn -0.182533 0.00808608 0.983167
vn -0.218522 -0.000371121 0.975832
vn -0.247284 0.155745 0.956344
vn -0.158749 0.00432204 0.98731
vn -0.0331276 0.0292082 0.999024
vn -0.52783 -0.587165 0.613703
vn 0.0385279 0.0395239 0.998476
vn 0.0385279 0.0395239 0.998476
vn -0.355898 -0.00944273 0.934477
vn -0.355898 -0.00944273 0.934477
vn -0.11757 0.0273696 0.992687
vn -0.182391 -0.0777939 0.980144
vn 0.0357929 -0.431694 0.90131
vn 0.0844891 -0.345417 0.934638
vn 0.282681 0.502699 0.816937
vn -0.531307 0.0872874 0.84267
vn -0.295036 0.0620893 0.953467
vn -0.146147 0.160398 0.976173
vn -0.436378 0.132696 0.889924
vn -0.161545 0.119379 0.979618
vn -0.198231 -0.258334 0.945499
vn -0.133709 0.568605 0.811672
vn 0.0372447 -0.0413184 0.998452
vn -0.0422494 -0.125233 0.991227
vn -0.235731 0.103247 0.966318
vn -0.123193 -0.0113198 0.992318
vn -0.158237 0.0257509 0.987065
vn -0.133531 0.111578 0.984744
vn -0.0299085 0.988489 0.148306
vn -0.133869 0.0292901 0.990566
vn -0.159187 0.00235042 0.987246
vn -0.147402 0.013478 0.988985
vn 0.0113459 0.996414 -0.083842
vn -0.163214 -0.00813168 0.986557
vn -0.138401 0.0114768 0.99031
vn -0.16487 0.00766232 0.986286
vn -0.134761 -0.00057773 0.990878
vn 0.00105838 0.999698 -0.0245449
vn 0.0216596 0.995064 -0.0968389
vn -0.0478702 0.976259 0.211252
vn -0.18111 0.0184583 0.98329
vn -0.235091 0.0455301 0.970906
vn -0.210604 -0.081462 0.974171
vn -0.210604 -0.081462 0.974171
vn -0.0909494 0.104648 0.990342
vn -0.0389085 0.0154791 0.999123
vn -0.321286 -0.02713 0.946594
vn -0.52783 -0.587165 0.613703
vn -0.52783 -0.587165 0.613703
vn 0.0385279 0.0395239 0.998476
vn -0.34679 0.010838 0.93788
vn 0.0385279 0.0395239 0.998476
vn -0.34679 0.010838 0.93788
vn -0.104087 -0.147872 0.983514
vn -0.10905 -0.232509 0.966461
vn 0.019123 -0.447025 0.894317
vn -0.225432 -0.364504 0.903503
vn 0.160219 -0.233581 0.959046
vn -0.683045 0.156735 0.713361
vn -0.332635 0.0664333 0.940713
vn -0.127173 0.0231451 0.99161
vn -0.163674 0.100424 0.98139
vn -0.108481 -0.206386 0.972439
vn 0.00330668 0.412512 0.910946
vn -0.172613 0.0127153 0.984908
vn -0.375284 0.460715 0.804303
vn -0.198776 0.117165 0.973016
vn -0.274139 -0.140031 0.951441
vn -0.157285 -0.0130082 0.987468
vn -0.122529 -0.00602616 0.992447
vn -0.131954 0.00630898 0.991236
vn -0.157845 0.107166 0.981631
vn -0.0190628 0.990899 0.133249
vn 0.017354 0.99627 -0.0845278
vn -0.17872 0.0191919 0.983713
vn -0.130613 0.00215577 0.991431
vn -0.166863 0.0148109 0.985869
vn 0.0117377 0.999245 -0.0370322
vn -0.181082 0.00332935 0.983462
vn -0.155742 0.0128122 0.987715
vn -0.148174 0.008346 0.988926
vn -0.198333 0.0123598 0.980057
vn -0.142472 0.017509 0.989644
vn 0.00736249 0.999572 -0.0283309
vn 0.00665765 0.999677 -0.0245451
vn 0.0195028 0.995301 -0.0948446
vn -0.0578323 0.969472 0.238287
vn -0.18239 -0.0669752 0.980943
vn -0.0977651 0.0381613 0.994478
vn -0.210604 -0.081462 0.974171
vn -0.210604 -0.081462 0.974171
vn -0.0842892 -0.046531 0.995354
vn -0.0457694 0.0232672 0.998681
vn -0.241279 0.006197 0.970436
vn -0.342029 0.0376087 0.938936
vn -0.52783 -0.587165 0.613703
vn -0.35732 -0.102136 0.928381
vn -0.52783 -0.587165 0.613703
vn -0.34679 0.010838 0.93788
vn -0.34679 0.010838 0.93788
vn -0.288359 -0.336791 0.896338
vn -0.275133 -0.349838 0.895497
vn -0.283541 -0.000811195 0.95896
vn -0.109605 0.0282069 0.993575
vn -0.196259 0.102032 0.975229
vn -0.144043 -0.221041 0.964568
vn -0.197275 0.233325 0.952178
vn -0.178948 0.0211341 0.983631
vn -0.181433 0.00808725 0.98337
vn -0.164499 0.0173494 0.986225
vn -0.037942 0.176277 0.983609
vn -0.195727 0.110388 0.974426
vn -0.0875596 -0.0185633 0.995986
vn -0.161622 -0.000317062 0.986853
vn -0.147849 0.00867239 0.988972
vn -0.181844 0.0114647 0.983261
vn -0.155323 0.100669 0.982721
vn -0.0264598 0.990798 0.132735
vn 0.01805 0.996038 -0.0870772
vn 0.0122011 0.998864 -0.0460671
vn -0.134958 -0.023127 0.990581
vn -0.172457 0.0153509 0.984897
vn -0.187663 0.0186663 0.982056
vn 0.0146777 0.998785 -0.0470417
vn 0.012329 0.999696 -0.0213618
vn -0.200269 0.0161137 0.979609
vn -0.19951 0.0108006 0.979836
vn -0.148401 0.00913939 0.988885
vn -0.142751 0.0100634 0.989707
vn -0.142237 -0.0266875 0.989473
vn 0.00587776 0.999982 -0.000899223
vn 0.00623519 0.99972 -0.022812
vn 0.00850992 0.999347 -0.0351165
vn 0.0071294 0.996175 -0.0870895
vn -0.0831072 0.957068 0.277694
vn -0.0676302 -0.103458 0.992332
vn -0.143545 -0.0210215 0.98942
vn -0.210604 -0.081462 0.974171
vn -0.0842892 -0.046531 0.995354
vn -0.0842892 -0.046531 0.995354
vn -0.0376337 0.0210587 0.99907
vn -0.237374 0.0279717 0.971016
vn -0.476532 -0.00750512 0.879125
vn -0.0612215 -0.308839 0.949142
vn 0.257284 0.120354 0.958812
vn -0.333109 0.304882 0.892236
vn -0.34679 0.010838 0.93788
vn -0.238147 -0.242983 0.940343
vn -0.0017565 0.0159397 0.999871
vn -0.22163 0.0547189 0.973594
vn -0.12961 -0.00200446 0.991563
vn -0.177653 0.0893012 0.980033
vn -0.161708 -0.245567 0.955797
vn 0.000242945 -0.998378 0.0569335
vn -0.248455 0.183086 0.951183
vn -0.178021 0.0341153 0.983435
vn -0.177088 0.0177745 0.984034
vn -0.186181 0.0165464 0.982376
vn -0.167183 0.0176771 0.985767
vn -0.153779 0.126312 0.979999
vn -0.183813 0.000707876 0.982961
vn -0.0706055 0.00272422 0.997501
vn -0.144631 0.0235734 0.989205
vn -0.143333 0.0743616 0.986877
vn 0.848958 0.0962306 0.519625
vn -0.0100128 0.988299 0.152203
vn 0.00683918 0.99593 -0.0898747
vn 0.00988086 0.999053 -0.042366
vn 0.00437514 0.999932 -0.0108048
vn 0.0146777 0.998785 -0.0470417
vn 0.0500823 0.997333 -0.0530825
vn -0.169837 -0.0422675 0.984565
vn -0.178403 0.0147801 0.983847
vn 0.0146777 0.998785 -0.0470417
vn 0.00824361 0.999899 -0.0115902
vn 0.00240465 0.999993 -0.00274169
vn -0.202147 0.0182353 0.979185
vn -0.202008 0.00374862 0.979377
vn -0.149359 0.00457328 0.988772
vn -0.137027 -0.0240756 0.990275
vn -0.310473 0.0198816 0.950374
vn -0.13657 -0.0191551 0.990445
vn 0.00463179 0.999956 0.00816077
vn 0.00599244 0.999979 -0.00246821
vn 8.75279e-05 0.999819 -0.0190551
vn 0.00359405 0.998949 -0.0456957
vn 0.00837762 0.997237 -0.0738093
vn -0.0296331 0.958102 0.284891
vn -0.131036 -0.0821158 0.987971
vn -0.0390346 -0.0204988 0.999028
vn -0.0842892 -0.046531 0.995354
vn -0.0842892 -0.046531 0.995354
vn -0.26922 0.0333219 0.962502
vn -0.4696 0.0150883 0.88275
vn -0.0246873 0.110548 0.993564
vn 0.126388 0.0832228 0.988484
vn -0.780736 0.112603 0.614632
vn -0.195903 -0.11043 0.974386
vn -0.238227 0.0811935 0.96781
vn -0.0706522 -0.123326 0.989848
vn -0.0427095 0.0742518 0.996325
vn -0.184072 -0.0285361 0.982499
vn -0.146112 0.00833793 0.989233
vn -0.16795 0.0713626 0.983209
vn -0.134001 -0.271248 0.953136
vn 0.128488 -0.990946 0.0389537
vn -0.317182 0.0239963 0.948061
vn -0.146659 0.127174 0.980978
vn -0.171758 0.0127785 0.985056
vn -0.175123 0.0156016 0.984423
vn -0.185778 0.0181502 0.982424
vn -0.173356 0.013357 0.984769
vn -0.159443 0.139757 0.977265
vn 0.873529 0.0176317 0.486452
vn -0.190466 -0.00593597 0.981676
vn -0.112696 -0.00882861 0.99359
vn -0.166936 0.0374349 0.985257
vn -0.0160516 0.983592 0.179694
vn 0.0500823 0.997333 -0.0530825
vn 0.274857 0.220268 0.935914
vn 0.0033558 0.996974 -0.0776654
vn -0.00162544 0.999123 -0.041837
vn 0.00266514 0.999941 -0.0105262
vn 0.00486379 0.999974 -0.00540233
vn 0.0500823 0.997333 -0.0530825
vn -0.202362 -0.0780367 0.976197
vn 0.00572934 0.999975 -0.00412778
vn 0.00192032 0.999961 0.00863248
vn -0.206991 0.0042281 0.978334
vn -0.200685 0.00693491 0.979631
vn -0.157002 -0.016458 0.987461
vn -0.140894 -0.0235288 0.989745
vn -0.239037 -0.00247928 0.971007
vn -0.139901 -0.0292019 0.989735
vn 0.00117749 0.999626 0.0273168
vn 0.00182633 0.999979 0.00626598
vn -0.00253935 0.999977 -0.00632377
vn -0.00292599 0.999822 -0.0186304
vn 0.00787489 0.998478 -0.0545849
vn -0.00421206 0.999058 -0.0431784
vn -0.0410259 0.965371 0.257636
vn -0.0976973 -0.0354886 0.994583
vn -0.337938 0.0339521 0.940556
vn -0.395143 -0.0214789 0.918368
vn -0.0246873 0.110548 0.993564
vn -0.0246873 0.110548 0.993564
vn 0.0234562 -0.00320539 0.99972
vn -0.780736 0.112603 0.614632
vn -0.780736 0.112603 0.614632
vn -0.199398 0.0141033 0.979817
vn -0.183467 -0.0861081 0.979247
vn -0.245249 0.157769 0.956536
vn -0.18963 -0.0997309 0.976777
vn -0.114494 -0.0404044 0.992602
vn -0.058693 -0.0082319 0.998242
vn -0.212002 -0.0162444 0.977134
vn -0.159182 -0.0108439 0.98719
vn -0.165819 -0.268598 0.948873
vn -0.158847 0.0707264 0.984767
vn 0.030645 -0.995464 -0.0900664
vn -0.153215 0.0130617 0.988107
vn -0.327068 0.00626895 0.94498
vn -0.178569 0.100595 0.978772
vn -0.177505 0.0168097 0.983976
vn -0.171197 0.0127689 0.985154
vn -0.190589 0.0217627 0.981429
vn -0.175748 0.00540471 0.98442
vn -0.163543 0.156001 0.974124
vn 0.345156 -0.0140768 0.93844
vn 0.860762 0.0144853 0.508801
vn -0.165487 -0.0152215 0.986095
vn -0.140438 0.0162118 0.989957
vn -0.0426413 0.98151 0.186602
vn 0.00266959 0.998204 -0.0598468
vn 0.0500823 0.997333 -0.0530825
vn -0.106974 0.187771 0.97637
vn -0.00847367 0.9988 -0.0482276
vn -0.00573927 0.9999 -0.012937
vn 0.000910689 0.999977 -0.00666866
vn 0.00355991 0.999921 0.0120794
vn 0.0500823 0.997333 -0.0530825
vn 0.0028074 0.999938 0.010742
vn 0.00122891 0.999653 0.0263212
vn -0.204898 0.00270245 0.97878
vn -0.203632 -0.00971886 0.978999
vn -0.166475 -0.0185821 0.985871
vn -0.143692 -0.0189746 0.989441
vn -0.489733 -0.0154177 0.871736
vn -0.220971 -0.0332087 0.974715
vn -0.157037 -0.100302 0.982486
vn -0.00338319 0.998512 0.0544261
vn -0.00474989 0.999735 0.0225358
vn -0.00525667 0.999977 0.0042366
vn -0.00405756 0.99996 -0.008032
vn -0.00414153 0.999786 -0.0202696
vn 0.0143536 0.997607 -0.067638
vn -0.00162011 0.999796 -0.0201361
vn -0.0186866 0.971336 0.236974
vn -0.330788 -0.0225561 0.943436
vn -0.271392 -0.0109132 0.962407
vn -0.563408 -0.0424202 0.825089
vn -0.0246873 0.110548 0.993564
vn -0.0246873 0.110548 0.993564
vn 0.031971 -0.03472 0.998886
vn -0.237357 -0.0429905 0.970471
vn -0.169762 -0.00261442 0.985482
vn -0.253936 -0.154589 0.954787
vn 0.0784941 0.0770917 0.993929
vn -0.0465037 -0.0566349 0.997311
vn -0.117798 -0.0429034 0.99211
vn 0.350031 -0.0173871 0.936577
vn 0.0329461 0.0129329 0.999373
vn -0.233358 -0.031103 0.971893
vn -0.158991 -0.0027725 0.987276
vn -0.244419 0.0328175 0.969114
vn -0.00568748 -0.995974 -0.0894661
vn -0.156579 -0.258112 0.953342
vn -0.177431 0.064951 0.981988
vn -0.195754 0.00991265 0.980603
vn -0.157527 0.0178325 0.987354
vn -0.318046 0.0160728 0.947939
vn -0.172903 0.0572325 0.983275
vn -0.181686 0.0103927 0.983302
vn -0.17052 0.00411157 0.985346
vn -0.185548 -0.00700741 0.98261
vn -0.185723 0.0115609 0.982534
vn -0.204665 0.165668 0.964711
vn -0.226666 -0.0248339 0.973656
vn 0.379464 0.0294598 0.924737
vn 0.85234 0.0370859 0.521672
vn -0.13899 0.021451 0.990062
vn -0.0127201 0.978023 0.208108
vn 0.000561872 0.99877 -0.0495895
vn -0.00425749 0.998577 -0.0531609
vn 0.0884506 0.987253 -0.132322
vn -0.00839416 0.999866 -0.0140688
vn -0.00461471 0.99996 -0.00764159
vn -0.00370813 0.999915 0.0124891
vn 0.000268896 0.999731 0.0231716
vn 0.00153211 0.999738 0.0228545
vn 0.00088 0.998517 0.0544405
vn -0.202059 -0.00512736 0.97936
vn -0.211598 -0.00946462 0.977311
vn -0.172502 -0.0160297 0.984879
vn -0.165296 -0.0749742 0.98339
vn -0.210723 0.00319141 0.977541
vn -0.482389 -0.0173701 0.875785
vn -0.215446 -0.107199 0.970614
vn -0.184407 -0.228249 0.955979
vn -0.0127204 0.998581 0.0517185
vn -0.0026888 0.998667 0.0515437
vn -0.00687211 0.99979 0.0192883
vn -0.00492331 0.999975 0.00511693
vn -0.0057322 0.999963 -0.00638827
vn 0.00276535 0.999806 -0.019489
vn 0.0180457 0.998047 -0.0598077
vn -0.00703837 0.999741 -0.0216623
vn 0.0488282 0.992701 0.110274
vn -0.334777 0.0723082 0.939519
vn -0.211002 -0.0498718 0.976213
vn -0.00441464 -0.0514217 0.998667
vn 0.0479198 0.0745905 0.996062
vn 0.189751 -0.00844773 0.981796
vn -0.161726 -0.0829732 0.983341
vn -0.167294 -0.0191842 0.98572
vn -0.0146889 -0.0412976 0.999039
vn 0.178631 0.110687 0.97767
vn 0.423444 -0.298391 0.85537
vn 0.106676 -0.00377937 0.994287
vn -0.0804225 -0.996753 -0.00402633
vn -0.157912 -0.265288 0.95115
vn -0.186228 0.0444903 0.981499
vn -0.192888 0.0150068 0.981106
vn -0.194504 0.0146106 0.980793
vn -0.161368 0.0233484 0.986618
vn -0.312 0.0014202 0.950081
vn -0.195926 0.0482902 0.979429
vn -0.186008 0.00119862 0.982548
vn -0.173769 3.90132e-05 0.984786
vn -0.164608 0.0114532 0.986293
vn -0.186425 -0.0838318 0.978886
vn -0.210106 0.10413 0.972117
vn -0.390445 -0.0411723 0.919705
vn 0.435343 0.0340126 0.899622
vn 0.789914 0.0659201 0.609664
vn -0.0132983 0.953974 0.299596
vn 0.00972645 0.999124 -0.0406939
vn -0.0110707 0.998743 -0.0488947
vn -0.0106284 0.999843 -0.0141482
vn -0.00726691 0.999914 -0.0109621
vn -0.00745026 0.999879 0.0136679
vn -0.00487031 0.999734 0.0225387
vn -0.00204929 0.998792 0.0490935
vn 0.000295563 0.998604 0.0528147
vn 0.00492227 0.998777 0.0491878
vn -0.206741 -0.00111698 0.978395
vn -0.217279 -0.0146998 0.975999
vn -0.181026 -0.0506001 0.982176
vn -0.180324 -0.225978 0.957297
vn -0.333281 0.000468025 0.942827
vn -0.210624 -0.00306985 0.977562
vn -0.219285 0.0102644 0.975607
vn -0.4346 -0.0545414 0.898971
vn -0.175505 -0.20122 0.963695
vn -0.0968389 -0.720929 0.686209
vn -0.0142967 0.998624 0.0504568
vn -0.0117078 0.998717 0.0492633
vn 0.0558341 0.954637 -0.292491
vn -0.0056876 0.999788 0.0197675
vn -0.00654034 0.999969 0.00438119
vn 0.00967338 0.999942 0.0047339
vn 0.0298246 0.999477 -0.0125341
vn 0.0001315 0.99914 -0.0414704
vn -0.0317956 0.999461 -0.00820252
vn 0.0123707 0.996235 -0.0858075
vn -0.334777 0.0723082 0.939519
vn -0.334777 0.0723082 0.939519
vn -0.251831 0.0708248 0.965176
vn 0.00738305 0.0282396 0.999574
vn 0.0411086 0.00932333 0.999111
vn -0.162318 -0.0044442 0.986729
vn -0.145654 -0.0273147 0.988958
vn -0.0146889 -0.0412976 0.999039
vn -0.0146889 -0.0412976 0.999039
vn 0.0996595 -0.0349566 0.994407
vn 0.423444 -0.298391 0.85537
vn 0.423444 -0.298391 0.85537
vn 0.0770605 -0.995183 0.0606038
vn -0.157028 -0.280784 0.946838
vn -0.162116 0.0322287 0.986245
vn -0.18797 0.0162714 0.98204
vn -0.186862 0.0121897 0.982311
vn -0.195159 0.0194297 0.980579
vn -0.157482 0.0144035 0.987417
vn -0.308405 -0.00145483 0.951254
vn -0.300972 0.0258416 0.953283
vn -0.18491 -0.000278569 0.982756
vn -0.168328 -0.0707682 0.983187
vn -0.183348 -0.00129927 0.983047
vn -0.188047 0.022611 0.9819
vn -0.67415 -0.0899347 0.733098
vn 0.281909 -0.334702 0.899167
vn 0.288876 0.898596 0.330266
vn 0.288876 0.898596 0.330266
vn -0.00559964 0.998741 -0.0498433
vn 0.00553973 0.999271 -0.0377737
vn -0.0154043 0.999638 -0.0220519
vn -0.0112603 0.99985 -0.0131378
vn -0.0101798 0.999834 0.0151246
vn -0.00616128 0.999809 0.0185323
vn -0.006035 0.998919 0.046098
vn -0.00255716 0.998968 0.0453532
vn 0.00393928 0.999007 0.0443894
vn 0.0319226 0.954485 -0.296545
vn -0.208529 -0.015117 0.977899
vn -0.201078 -0.0589409 0.977801
vn -0.158926 -0.252436 0.954473
vn -0.126237 -0.900132 0.416925
vn -0.332997 0.0125634 0.942844
vn -0.229722 0.005173 0.973242
vn -0.301308 -0.0635711 0.951406
vn -0.15564 -0.594005 0.789262
vn 0.036515 0.960284 -0.276627
vn -0.00964622 0.998471 0.0544389
vn -0.00728493 0.998707 0.0503061
vn 0.0405266 0.965658 -0.256636
vn -0.0039662 0.999634 0.0267586
vn 0.0184556 0.999808 0.0065945
vn 0.0174641 0.999847 -0.000204357
vn -0.00239859 0.999862 -0.0164504
vn -0.02768 0.997866 -0.0591338
vn -0.0543556 0.998491 0.00777244
vn 0.172513 0.023752 0.984721
vn -0.161178 -0.472329 -0.866561
vn -0.148522 -0.00783434 0.988878
vn -0.13195 -0.0467636 0.990153
vn -0.0146889 -0.0412976 0.999039
vn -0.0146889 -0.0412976 0.999039
vn 0.119229 0.0591312 0.991104
vn 0.805173 -0.0316374 0.592195
vn -0.0987843 -0.354888 0.929675
vn -0.158289 0.0317546 0.986882
vn -0.192806 0.0180726 0.98107
vn -0.189423 0.0161268 0.981763
vn -0.198274 0.0162717 0.980012
vn -0.149981 0.00751182 0.98866
vn -0.299791 0.00434259 0.953995
vn -0.182008 -0.067606 0.98097
vn -0.168597 -0.00804494 0.985652
vn -0.191333 -0.00344594 0.981519
vn -0.740066 -0.157533 0.653824
vn -0.727626 0.365215 0.58067
vn 0.955642 -0.041027 0.291658
vn 0.0889102 0.979616 0.18013
vn 0.288876 0.898596 0.330266
vn 0.222057 0.969036 0.107978
vn -0.0012854 0.999305 -0.0372658
vn -0.00797608 0.999764 -0.0201929
vn -0.0112247 0.999867 -0.0118624
vn -0.0139151 0.999806 0.0139153
vn -0.0127943 0.999785 0.0162961
vn -0.00596414 0.998972 0.0449429
vn -0.00595012 0.998827 0.0480647
vn 0.0218617 0.969331 -0.244785
vn 0.0133429 0.96449 -0.263781
vn 0.0123563 0.971687 -0.235947
vn -0.19977 -0.0815376 0.976444
vn -0.132958 -0.303846 0.943398
vn -0.106924 -0.907413 0.406409
vn -0.339435 0.0105671 0.94057
vn -0.229567 0.0117586 0.973222
vn -0.101214 -0.537924 0.836896
vn 0.0360876 0.956895 -0.288185
vn 0.0381586 0.96236 -0.269085
vn -0.00978749 0.998466 0.0545019
vn -0.00149833 0.998666 0.0516217
vn -0.00341776 0.999975 0.00618176
vn 0.00448344 0.999784 0.0202868
vn -0.00165865 0.999999 0.000361992
vn -0.019461 0.99932 -0.0313253
vn -0.06414 0.997172 -0.0391633
vn -0.0249318 0.998056 -0.0571272
vn -0.0685855 0.996001 0.0572524
vn -0.472746 -0.00186463 0.881197
vn 0.201808 -0.0723643 0.976748
vn 0.255482 0.401108 0.879683
vn -0.11189 -0.0150783 0.993606
vn -0.0633913 0.0122578 0.997914
vn 0.0711664 0.0250149 0.997151
vn 0.301499 0.215347 0.928829
vn 0.301499 0.215347 0.928829
vn -0.132153 -0.430771 0.892733
vn -0.187684 0.0179853 0.982065
vn -0.195985 0.00980902 0.980558
vn -0.202635 0.00565245 0.979238
vn -0.163451 -0.000887336 0.986551
vn -0.244343 -0.0201549 0.969479
vn -0.179364 -0.00431798 0.983773
vn -0.170944 -0.00761886 0.985251
vn -0.206505 0.00974408 0.978397
vn -0.789831 0.157692 0.592706
vn 0.0148901 0.984672 0.173783
vn 0.0317701 0.998601 0.0422792
vn 0.0094795 0.99969 -0.0230141
vn -0.0143878 0.999798 -0.0140148
vn -0.0113568 0.999893 0.00920291
vn -0.0150849 0.999696 0.0194902
vn -0.0144609 0.999063 0.0407828
vn -0.00924615 0.998651 0.0510869
vn 0.0300025 0.967473 -0.251187
vn 0.0232864 0.965514 -0.259308
vn 0.00560668 0.96849 -0.24899
vn 0.00394181 0.999988 -0.0028166
vn 0.0175411 -0.512786 0.858337
vn -0.343604 0.00144822 0.939114
vn -0.228442 0.0109335 0.973496
vn -0.00496761 0.999959 0.00761055
vn 0.037321 0.951796 -0.304452
vn 0.0146693 0.960364 -0.278362
vn -0.00153745 0.998611 0.0526677
vn -0.00901044 0.998523 0.0535716
vn 0.00165019 0.999993 -0.00325537
vn -0.0062886 0.999954 0.00731206
vn -0.0418361 0.999021 -0.0144059
vn -0.0512922 0.998503 -0.0189758
vn 0.00540844 0.999211 -0.039354
vn -0.0181526 0.99942 -0.0287968
vn 0.0313979 0.997778 0.0587666
vn 0.0786905 0.0515496 0.995565
vn 0.177175 -0.032126 0.983655
vn -0.665285 0.0150384 -0.746438
vn -0.108776 -0.0255419 0.993738
vn 0.301499 0.215347 0.928829
vn -0.18344 0.00596092 0.983013
vn -0.202352 0.000836173 0.979313
vn -0.2107 -0.0249023 0.977234
vn -0.191717 0.0169751 0.981303
vn -0.193942 0.0046577 0.981002
vn -0.171042 -0.00544017 0.985249
vn -0.172352 -0.0036811 0.985029
vn -0.186056 -0.0148713 0.982427
vn -0.0102965 0.999334 0.0349985
vn -0.022524 0.999016 -0.0382063
vn 0.0152777 0.999855 -0.00759702
vn -0.0136238 0.999894 0.005088
vn -0.0113692 0.999643 0.0241729
vn -0.0152009 0.999291 0.0344574
vn -0.0145592 0.998394 0.0547408
vn 0.0420334 0.960205 -0.276114
vn 0.0277828 0.967894 -0.249819
vn -0.00228693 0.999986 -0.004878
vn -0.000208431 0.999957 -0.00927234
vn 0.00428664 0.99999 0.00144945
vn -0.335744 0.00417962 0.941944
vn -0.246775 0.0192676 0.968881
vn -0.00597706 0.999967 0.00554682
vn -0.0016873 0.999996 0.00216438
vn 0.0243169 0.954967 -0.295714
vn 0.0560191 0.961933 -0.267484
vn -0.00612927 0.998609 0.0523745
vn -0.0629943 0.997966 -0.00979158
vn 0.00181428 0.999991 0.00372412
vn -0.0649468 0.997814 -0.0121734
vn -0.0230138 0.999543 -0.0195803
vn 0.000396072 1 -0.000843132
vn -0.0142257 0.999526 -0.0273182
vn -0.0193913 0.999491 -0.0253436
vn 0.000986289 0.999997 -0.00227003
vn -0.181761 0.000745874 0.983343
vn -0.200296 -0.0273096 0.979355
vn -0.215322 0.0065526 0.976521
vn -0.206403 0.00537002 0.978452
vn -0.18453 0.00286017 0.982823
vn -0.170992 -0.00720091 0.985246
vn -0.186143 0.0073483 0.982495
vn -0.0629967 0.990935 0.118653
vn -0.0334031 0.99917 -0.0233169
vn -0.0318507 0.999233 -0.02279
vn -0.00558259 0.999828 0.0176769
vn -0.00631155 0.999787 0.0196729
vn -0.0106864 0.999916 0.00729749
vn -0.0103779 0.999561 0.0277398
vn -0.0195113 0.997976 0.0605252
vn 0.0133773 0.956616 -0.291044
vn 0.033687 0.975006 -0.21961
vn -0.00359984 0.999992 0.00147033
vn -0.00533232 0.999967 0.00619166
vn -0.002447 0.999968 0.00768294
vn -0.00508735 0.999961 0.00722738
vn -0.297269 -0.0012917 0.954793
vn -0.377397 0.139591 0.91547
vn -0.2463 -0.00883563 0.969153
vn -0.00598135 0.999958 0.00693982
vn 0.00574871 0.999973 -0.00464019
vn 0.00170641 0.999996 0.00215221
vn 0.0496446 0.951327 -0.304158
vn -0.0314604 0.93278 -0.35907
vn -0.200131 0.933007 -0.299074
vn -0.200131 0.933007 -0.299074
vn -0.050545 0.997769 -0.0436255
vn -0.000284597 0.999983 0.00575084
vn -0.0159028 0.999644 -0.0214205
vn -0.010753 0.999781 -0.0179257
vn -0.0118919 0.999836 -0.0136919
vn -0.0145776 0.999669 -0.0212116
vn -0.0181438 0.99959 -0.0221573
vn -0.0161119 0.99973 -0.0167404
vn -0.184033 -0.0270243 0.982548
vn -0.196111 0.01066 0.980524
vn -0.208433 0.00696261 0.978012
vn -0.210317 0.00680716 0.97761
vn -0.174435 -0.00599947 0.98465
vn -0.173748 -0.00506705 0.984777
vn -0.20444 -0.00137986 0.978878
vn -0.0439428 0.998958 -0.012296
vn 0.023878 0.998813 -0.0424546
vn -0.00558259 0.999828 0.0176769
vn -0.00558259 0.999828 0.0176769
vn -0.0311401 0.998985 0.0325567
vn 0.000321398 0.99967 0.0256717
vn 0.116296 0.993188 0.00732266
vn -0.0116917 0.997636 0.0677108
vn 0.0187422 0.959536 -0.280961
vn 0.015821 0.975791 -0.218134
vn -0.00143794 0.999999 0.000974155
vn -0.00664958 0.999968 0.00454558
vn -0.000477551 0.99996 0.00889378
vn -0.00412015 0.999931 0.0109951
vn -0.00814669 0.999943 0.00687282
vn -0.273465 -0.0158409 0.961752
vn -0.223564 0.0113961 0.974623
vn -0.216402 -0.00932416 0.97626
vn -0.0028185 0.99999 0.00349243
vn -0.00683161 0.99996 0.00572272
vn 0.00331395 0.99997 -0.00697795
vn 0.000854071 0.999989 0.00464765
vn -0.141877 0.97874 -0.148114
vn -0.141877 0.97874 -0.148114
vn -0.200131 0.933007 -0.299074
vn -0.200131 0.933007 -0.299074
vn -0.0113181 0.997953 -0.0629433
vn -0.0106538 0.99987 -0.0121126
vn -0.00351596 0.999978 0.00560163
vn -0.00556856 0.999944 -0.0090086
vn -0.00971921 0.999819 -0.0163349
vn -0.0108209 0.999859 -0.0128775
vn -0.0157185 0.999727 -0.0173147
vn -0.00951525 0.9998 -0.0175916
vn -0.00626244 0.999831 -0.0172965
vn -0.196062 0.00384109 0.980584
vn -0.197737 0.00909357 0.980213
vn -0.205946 0.00385507 0.978556
vn -0.204471 0.00448553 0.978862
vn -0.166528 -0.00076951 0.986036
vn -0.185309 -0.0199678 0.982477
vn -0.163766 -0.231036 0.959064
vn -0.0439428 0.998958 -0.012296
vn -0.0439428 0.998958 -0.012296
vn -0.041666 0.992655 -0.113575
vn 0.116296 0.993188 0.00732266
vn 0.164406 0.986059 0.0256398
vn -0.0793395 0.99559 0.0500584
vn -0.00107845 0.997592 0.069353
vn 0.116296 0.993188 0.00732266
vn -0.130274 0.983719 -0.123796
vn 0.0164811 0.969802 -0.243337
vn 0.0110132 0.999933 0.0036518
vn 0.00436531 0.999986 0.00303382
vn -0.00743232 0.999955 0.00588321
vn 0.00139924 0.999989 0.00437278
vn -0.00234099 0.999985 0.00496577
vn -0.00661455 0.99996 0.00600593
vn -0.294623 -0.0152724 0.955491
vn -0.251217 -0.0277356 0.967533
vn -0.228954 0.0271707 0.973058
vn -0.00830184 0.999947 0.00606366
vn -0.00132407 0.999991 0.00395025
vn 0.00815021 0.999965 0.0018466
vn 0.0101325 0.999948 -0.00090697
vn 0.00154099 0.99999 0.00418169
vn -0.141877 0.97874 -0.148114
vn -0.141877 0.97874 -0.148114
vn -0.200131 0.933007 -0.299074
vn 0.0378327 0.979252 -0.199085
vn 0.122035 0.977719 -0.170801
vn 0.00796603 0.999488 -0.0310048
vn 0.000314189 0.999938 -0.0110966
vn -0.00551491 0.999973 0.00476921
vn -0.00393693 0.99999 0.00217232
vn -0.00739782 0.99991 -0.0112211
vn -0.0177989 0.999725 -0.0152841
vn -0.00860158 0.999784 -0.0188977
vn -0.0097404 0.999841 -0.0149095
vn 0.019634 0.999375 -0.0294062
vn 0.00377841 0.99958 -0.0287324
vn -0.206704 0.00326574 0.978398
vn -0.201748 0.000443023 0.979437
vn -0.214598 0.00427147 0.976693
vn -0.195128 0.00501939 0.980765
vn -0.186348 -0.0585547 0.980737
vn -0.195455 -0.181997 0.963678
vn 0.116296 0.993188 0.00732266
vn -0.0653091 0.997498 0.0270628
vn -0.015828 0.999698 0.0187958
vn 0.116296 0.993188 0.00732266
vn 0.195131 0.974091 -0.114325
vn 0.00322981 0.999989 0.00351713
vn 0.00895626 0.999959 -0.00137034
vn 0.0101084 0.999942 0.00378151
vn -0.00170084 0.999999 0.000247967
vn 0.00233685 0.999997 0.00108802
vn 0.000654144 0.999993 0.0038002
vn -0.00481892 0.999978 0.00460798
vn -0.278592 0.0261764 0.960053
vn -0.28876 -0.00141321 0.957401
vn -0.232559 -0.0343091 0.971977
vn -0.00636694 0.999969 0.00459528
vn 0.00371411 0.999981 0.00496285
vn -0.00206825 0.999986 0.00477521
vn 0.00871636 0.999962 0.00073906
vn 0.00183654 0.999988 -0.00448677
vn 0.00172007 0.999989 0.00434327
vn -0.141877 0.97874 -0.148114
vn 0.0472941 0.95317 -0.298715
vn 0.0715577 0.99722 -0.0208051
vn 0.108125 0.990905 -0.0800963
vn 0.00361569 0.999922 -0.011989
vn 0.0022441 0.999948 -0.00996805
vn -0.00505205 0.999976 0.00478742
vn -0.0092513 0.999956 0.00177894
vn -0.0183077 0.999812 -0.00642287
vn -0.00672941 0.999875 -0.0143032
vn -0.0077386 0.999803 -0.0182813
vn -0.00290155 0.99986 -0.0164617
vn 0.0085199 0.99868 -0.050662
vn -0.00149266 0.99932 -0.036837
vn -0.209485 -0.00117182 0.977811
vn -0.201822 -0.000843923 0.979422
vn -0.225333 0.0027692 0.974278
vn -0.20063 -0.097343 0.974819
vn -0.167472 -0.148918 0.974565
vn -0.282796 -0.2098 0.935954
vn 0.0604374 0.996965 -0.0490698
vn 0.315623 0.940157 -0.128405
vn 0.0490863 0.997009 -0.0597038
vn -0.00637526 0.999962 -0.00592467
vn -0.00821309 0.999962 0.00297826
vn 0.00344853 0.999994 -0.000749038
vn 0.0151723 0.99988 -0.00303312
vn 0.00845476 0.999964 -0.000404848
vn 0.00497879 0.999986 -0.00196604
vn 0.005339 0.999983 0.00229295
vn 0.00195533 0.999991 0.00387228
vn -0.00463178 0.99998 0.00431866
vn -0.281266 -0.0301148 0.959157
vn -0.283749 -0.0029306 0.958894
vn -0.209649 -0.0103257 0.977722
vn -0.00174185 0.999965 0.00815882
vn 0.00222504 0.999975 0.00665794
vn 0.0105505 0.999937 0.00385667
vn -0.000878475 0.999987 0.00512042
vn 0.00447428 0.999971 0.00617995
vn 0.0131127 0.999888 0.00720236
vn 0.00174776 0.999998 0.000180889
vn 6.21366e-05 0.999992 0.00391792
vn 0.115654 0.969058 -0.218062
vn -0.0142567 0.999897 -0.0018541
vn 0.0032991 0.999957 -0.00871456
vn -0.00551433 0.999985 -0.000416867
vn -0.00353404 0.999981 0.00515133
vn -0.0175643 0.999835 -0.00462489
vn -0.00414944 0.999974 -0.00586028
vn -0.00524554 0.999924 -0.0111377
vn -0.00286457 0.999881 -0.0151674
vn -0.00193738 0.999848 -0.0173284
vn -0.0115072 0.999312 -0.0352678
vn -0.00392402 0.998974 -0.0451234
vn -0.208097 0.00176135 0.978107
vn -0.202272 -0.00282292 0.979325
vn -0.192351 -0.0748397 0.978468
vn -0.199824 -0.0984216 0.974876
vn -0.137495 -0.289732 0.947181
vn 0.186117 0.95491 -0.231317
vn 0.0490863 0.997009 -0.0597038
vn 0.0490863 0.997009 -0.0597038
vn -0.00637526 0.999962 -0.00592467
vn -0.00637526 0.999962 -0.00592467
vn 0.0207785 0.999783 0.00163492
vn -0.0135444 0.999906 0.00217131
vn -0.00481364 0.999984 -0.0028376
vn 0.0193898 0.999803 0.00427991
vn 0.000730499 1 0.000157834
vn 0.00637594 0.99998 0.000452694
vn 0.005339 0.999983 0.00229295
vn 0.005339 0.999983 0.00229295
vn 0.00289309 0.999989 0.00379123
vn -0.00479136 0.999979 0.0043539
vn -0.314707 -0.00932043 0.949143
vn -0.34312 -0.0670496 0.936895
vn -0.192123 0.00937516 0.981326
vn 0.00259267 0.99997 0.00729861
vn 0.00160571 0.999941 0.0107197
vn 0.0104511 0.999924 0.00659545
vn 0.00951626 0.999938 0.00577492
vn 3.76815e-05 0.999997 0.00233813
vn 0.00686534 0.99992 0.0106443
vn 0.00947214 0.999954 -0.00131391
vn -0.000704865 0.999978 0.00661745
vn 0.00947214 0.999954 -0.00131391
vn 0.084576 0.978537 -0.187917
vn 0.00417239 0.99981 -0.0190571
vn 0.0030271 0.999953 -0.00923302
vn -0.0140636 0.999838 0.011218
vn -0.00201522 0.99998 0.00592277
vn -0.00423195 0.999982 -0.00423731
vn -0.00191942 0.999991 -0.00386132
vn 0.00172527 0.999966 -0.00809562
vn -0.00230907 0.999885 -0.0150036
vn -0.00350698 0.999919 -0.0122657
vn 0.00536562 0.999394 -0.0343841
vn 0.0116982 0.999323 -0.0348766
vn -0.0794122 0.996841 0.0011146
vn -0.207003 -0.00504779 0.978327
vn -0.183002 -0.0178456 0.98295
vn -0.182689 -0.110168 0.976979
vn 0.0770997 0.992165 -0.098311
vn 0.0358856 0.998579 -0.0393902
vn 0.0111232 0.999916 -0.00660826
vn 0.993617 0.0576423 -0.0969696
vn 0.0314756 0.999501 0.00265611
vn -0.011907 0.999929 -0.000924405
vn -0.00880224 0.999958 0.00241234
vn 0.0191391 0.99981 0.00382424
vn -0.00426432 0.999989 0.0020119
vn 0.00217433 0.999947 0.010096
vn 0.005339 0.999983 0.00229295
vn 0.005339 0.999983 0.00229295
vn 0.00657521 0.999973 0.0034425
vn 0.00372956 0.999986 0.00387574
vn -0.00426641 0.999979 0.00490408
vn -0.319472 -0.00408483 0.947587
vn -0.316098 0.094519 0.944006
vn -0.179319 -0.00703452 0.983766
vn 0.00199521 0.999952 0.00956304
vn 0.00248773 0.999997 0.000724467
vn 0.00938737 0.999911 0.00943817
vn 0.0104487 0.999929 0.00567773
vn 0.0112556 0.999855 0.012767
vn -0.000632705 0.999977 0.00677873
vn 0.00947214 0.999954 -0.00131391
vn -0.000418234 0.999981 0.00610038
vn 0.00947214 0.999954 -0.00131391
vn 0.0780389 0.994668 -0.0674158
vn 0.0781502 0.996491 -0.0299687
vn 0.00494196 0.999839 -0.0172657
vn -0.00565727 0.999972 -0.00487928
vn -0.0153885 0.999877 0.00306222
vn -0.00119765 0.999981 0.00604136
vn 0.0012408 0.999994 -0.00313978
vn 0.003138 0.999991 -0.0030033
vn -0.00427743 0.999969 -0.00654326
vn -0.0139781 0.999456 -0.0298641
vn -0.0561286 0.998363 -0.0109698
vn 0.0342553 0.995482 -0.0885519
vn -0.121043 0.992431 -0.0207076
vn -0.94005 0.0358141 0.33915
vn -0.209273 0.00114998 0.977857
vn -0.181529 -0.159666 0.970337
vn -0.133346 -0.289356 0.947888
vn 0.0334788 0.999402 0.00869221
vn 0.313907 0.861625 -0.398831
vn 0.0909863 0.992819 -0.0776711
vn 0.00511604 0.999878 0.0147694
vn 0.0321539 0.998161 -0.0513946
vn 0.99465 0.00160172 -0.103294
vn 0.998831 0.0387846 0.0288416
vn 0.0293935 0.999563 0.00327397
vn -0.00760033 0.999971 -2.59203e-05
vn -0.0079732 0.999957 0.00470165
vn 0.0182029 0.999826 0.00408333
vn -0.000301439 0.999959 0.00909841
vn -0.005873 0.999971 0.00475154
vn 0.0060956 0.999974 0.00381971
vn 0.00400644 0.999983 0.00416586
vn -0.00328026 0.999979 0.00549792
vn -0.250399 -0.0806828 0.964775
vn -0.166612 -0.102957 0.980633
vn 0.00399452 0.999992 3.90703e-05
vn 0.00858879 0.999909 0.0104243
vn -0.00089634 0.999991 0.00427308
vn 0.0100334 0.99991 0.00893871
vn 0.0168932 0.999835 0.00663503
vn -0.00383127 0.999806 0.019332
vn -0.000166314 0.999978 0.0066921
vn 0.00947214 0.999954 -0.00131391
vn -0.000862138 0.999981 0.00616573
vn 0.110691 0.974603 -0.194673
vn -0.00173942 0.999791 0.0203697
vn -0.00707968 0.999858 0.0153005
vn 0.00392875 0.999897 -0.0137819
vn 0.00275758 0.999995 -0.00133439
vn -0.0222601 0.998984 0.0391904
vn 8.62947e-05 0.999937 -0.0111852
vn -0.000933695 0.999979 0.00635266
vn 0.00198522 0.999996 -0.002027
vn -0.00370666 0.999989 -0.00296652
vn -0.0279561 0.999555 -0.0103717
vn -0.0227827 0.999715 -0.00708743
vn -0.9988 0.0143709 -0.04683
vn -0.137917 0.988855 -0.0560842
vn -0.984075 0.0561544 0.168652
vn -0.967261 0.0197901 0.253013
vn -0.192576 -0.166314 0.967085
vn -0.192945 -0.198741 0.960872
vn 0.0416427 0.998832 0.0245241
vn 0.0382366 0.998932 0.0259413
vn -0.0146155 0.998427 -0.0541246
vn 0.992465 -0.0040424 -0.122464
vn 0.999869 -0.00905193 0.0134355
vn 0.904841 0.00422502 0.425729
vn 0.00705713 0.999596 0.0275176
vn 0.904841 0.00422502 0.425729
vn -0.0029845 0.999994 0.00158977
vn -0.00829574 0.999953 0.00502213
vn 0.0169931 0.999849 0.00357742
vn 0.00528659 0.99997 0.00569054
vn -0.00595414 0.999976 0.00357785
vn 0.00582955 0.999975 0.00411574
vn 0.00421122 0.999981 0.00459384
vn -0.0023554 0.99998 0.00590349
vn 0.00786216 0.999956 0.00518311
vn 0.0127238 0.999906 0.00513464
vn 0.01106 0.999876 0.0112329
vn -0.00250178 0.999964 0.00808994
vn 0.0178219 0.999803 0.00875748
vn 0.000536056 0.999967 0.00817808
vn 0.000628325 0.999983 0.00586722
vn -0.00104388 0.99998 0.00628506
vn 0.0112782 0.999853 0.0129193
vn 0.0754901 0.976414 -0.202281
vn -0.000791881 0.999934 0.0114863
vn -0.000217235 0.999998 0.00207019
vn 0.00420978 0.999957 -0.00827085
vn -0.013691 0.999768 0.0166492
vn -0.0222601 0.998984 0.0391904
vn -0.0222601 0.998984 0.0391904
vn 0.00678802 0.999948 -0.00761034
vn -0.0152742 0.999696 0.0193488
vn -0.00111196 0.99998 0.00628091
vn -0.00196019 0.999997 -0.00153015
vn -0.033437 0.999431 -0.00446108
vn 0.00542672 0.999734 -0.022433
vn -0.998345 -0.0327991 0.0472336
vn -0.998334 -0.0232822 -0.0527997
vn -0.998345 -0.0327991 0.0472336
vn -0.983187 0.0619367 0.171774
vn -0.970335 0.034561 0.23928
vn -0.994257 -0.0298833 0.102763
vn -0.165823 -0.180115 0.969567
vn 0.0353845 0.00485509 -0.999362
vn 0.991367 0.00954884 -0.130769
vn 0.999726 -0.0102698 0.0210484
vn 0.998941 -0.00906445 0.0450986
vn 0.904841 0.00422502 0.425729
vn -0.0218784 0.999132 -0.0354642
vn -0.0228403 0.999736 -0.00242578
vn 0.904841 0.00422502 0.425729
vn 0.00267531 0.999994 0.00228672
vn -0.00565985 0.999981 0.00231152
vn 0.0166277 0.999849 0.00501702
vn 0.00298886 0.999987 0.00421007
vn -0.00423283 0.999984 0.00375952
vn 0.0057806 0.999974 0.00441943
vn 0.00487527 0.999977 0.00469514
vn -0.00141235 0.999981 0.00605457
vn 0.0118947 0.99989 0.00889223
vn 0.0174493 0.999809 0.00879722
vn 0.0121063 0.99988 0.00963366
vn 0.0149603 0.999842 0.00958049
vn -0.000410548 0.999972 0.00752799
vn 0.000599623 0.999969 0.00788551
vn 0.000337984 0.999982 0.0059827
vn -0.0010877 0.999981 0.00614053
vn 0.00510497 0.999884 0.0143294
vn 0.0840263 0.996127 -0.0258779
vn 0.0691121 0.995217 -0.0690383
vn 0.00487639 0.999938 0.0100604
vn 0.00538083 0.999974 -0.00485298
vn 0.00627256 0.999977 -0.0026614
vn 0.000216343 0.999996 -0.00298272
vn 0.00173972 0.999669 0.0256675
vn 0.00946532 0.999955 -0.000593428
vn -0.00260858 0.999992 -0.0031413
vn -0.0010883 0.999932 0.0116214
vn -0.0367145 0.999325 -0.0012381
vn -0.00238214 0.999961 -0.00852261
vn -0.0163889 0.999735 -0.0161994
vn -0.998345 -0.0327991 0.0472336
vn -0.380238 0.0280492 0.924463
vn -0.998733 -0.0439853 0.0244298
vn -0.979269 0.146884 0.139491
vn -0.98598 -0.0302174 0.164104
vn -0.941292 -0.0218562 0.336887
vn -0.995564 -0.0592511 0.0730923
vn 0.0231016 0.0409953 -0.998892
vn 0.991847 0.00370116 -0.127378
vn 0.999758 0.000254458 0.0219753
vn 0.9992 -0.00980184 0.0387696
vn -0.0991133 -0.0617328 0.993159
vn 0.904841 0.00422502 0.425729
vn 0.985024 -0.00153695 -0.172408
vn 0.0403238 0.997779 0.0530265
vn 0.305613 0.0714621 0.94947
vn -0.0214949 0.999768 0.000989612
vn 0.00355384 0.999994 0.000538538
vn -0.00100644 0.999993 0.00368587
vn 0.0170633 0.999838 0.00568329
vn -0.000233955 0.999992 0.00407429
vn -0.00263842 0.999989 0.00399015
vn 0.00362812 0.999973 0.00645075
vn 0.00311294 0.999965 0.00773214
vn 0.000697651 0.999948 0.0101704
vn 0.0139832 0.999852 0.010012
vn 0.0175041 0.999805 0.00910604
vn 0.0120308 0.999883 0.00940889
vn 0.0112008 0.999903 0.00830417
vn 0.00311144 0.999941 0.0104073
vn 0.00239467 0.999974 0.00682096
vn 0.000730673 0.999978 0.00662038
vn -0.00119235 0.999937 0.0111437
vn 0.00541503 0.999901 0.013024
vn 0.0465005 0.998755 0.0180774
vn 0.086831 0.989448 -0.115983
vn -0.0188171 0.999323 -0.0315987
vn 0.0066516 0.999896 0.0128023
vn -0.00083882 0.999883 -0.0153041
vn 0.00627256 0.999977 -0.0026614
vn 0.00627256 0.999977 -0.0026614
vn 0.000622387 0.999807 -0.0196128
vn 0.000681342 1 0.000102076
vn -0.0177859 0.999829 0.00500326
vn -0.00388639 0.999987 -0.00342683
vn -0.0402873 0.999169 -0.00619591
vn -0.00135842 0.999932 0.0115641
vn -0.00480777 0.99998 -0.0040326
vn -0.000775645 0.999964 -0.00846775
vn -0.168188 0.282268 0.944477
vn 0.00943292 0.999846 0.0148221
vn -0.390645 -0.00516443 0.920527
vn -0.184979 0.0207149 0.982524
vn -0.996979 -0.0244402 0.073727
vn -0.999382 -0.00296251 0.0350241
vn -0.987258 -0.0551284 0.149273
vn -0.92407 -0.0765759 0.374474
vn -0.994789 -0.023786 0.0991382
vn 0.0289648 0.0209109 -0.999362
vn 0.991503 0.00837833 -0.129814
vn 0.999901 -0.00136056 0.0140173
vn 0.999314 -0.00202916 0.0369702
vn -0.0145482 -0.0159504 0.999767
vn 0.41242 -0.0443436 0.909914
vn 0.989456 0.0127675 -0.14427
vn -0.0693231 0.993144 0.0941251
vn -0.0285476 0.99959 -0.00238417
vn -0.0207864 0.999779 0.00301438
vn 0.00215108 0.999996 0.00184575
vn 0.00182874 0.999984 0.00531424
vn 0.0146521 0.999868 0.00700298
vn -0.00136499 0.999995 0.00294517
vn -0.000344489 0.999971 0.00760331
vn 0.00151709 0.999945 0.0103402
vn -0.000116344 0.999952 0.00977585
vn 0.00298744 0.999938 0.0106944
vn 0.0151535 0.999858 0.00738978
vn 0.0159829 0.999821 0.0101072
vn 0.0119543 0.99989 0.00880982
vn 0.00934752 0.999918 0.00878037
vn 0.0049008 0.999975 0.0050499
vn 0.00399265 0.999964 0.00748455
vn 0.00143345 0.999943 0.0105923
vn -0.00162217 0.999934 0.0113539
vn 0.00808196 0.999861 0.014563
vn 0.0514548 0.998572 0.0143728
vn 0.0295799 0.999292 0.0232507
vn 0.0391984 0.99483 -0.0936834
vn 0.0249829 0.999478 -0.0204984
vn 0.00757693 0.999962 0.00428475
vn -0.00010713 0.999965 0.00835013
vn 0.00680415 0.999827 -0.0173217
vn -0.027248 0.999541 0.0132567
vn -0.0485629 0.998789 -0.0078471
vn -0.045799 0.998937 -0.0052297
vn -0.00624318 0.999938 -0.00921469
vn -0.000561595 0.999994 0.00336801
vn 5.31842e-05 0.999982 -0.0060165
vn 0.0341975 0.999395 -0.00630556
vn -0.154249 0.0635851 0.985984
vn -0.0382438 0.98985 0.136874
vn -0.196902 -0.00702275 0.980398
vn -0.375597 -0.00536667 0.926767
vn -0.34631 -0.138145 0.927893
vn -0.996984 -0.0371393 0.0681493
vn -0.999728 -0.011228 -0.0204548
vn -0.987137 -0.0830704 0.136601
vn -0.925338 -0.0218116 0.378517
vn -0.997269 -0.0452277 0.0583892
vn 0.0420894 0.0377179 -0.998402
vn 0.989939 0.00731237 -0.141306
vn 0.999923 -0.00156392 0.0123305
vn 0.998627 0.00591144 0.0520489
vn -0.0105523 -0.0308845 0.999467
vn 0.35727 -0.0171176 0.933844
vn 0.994492 0.0168414 -0.103447
vn -0.0294128 0.999439 -0.0160336
vn -0.0240018 0.999709 0.0024148
vn -0.0202055 0.999791 0.00308127
vn 0.00337628 0.999989 0.00314666
vn 0.00892048 0.999953 0.00370515
vn 0.00877677 0.999946 0.00557515
vn -0.000185042 0.999984 0.00569816
vn 0.000989246 0.999943 0.0106106
vn 0.00133914 0.999942 0.0106507
vn 9.18407e-05 0.999961 0.00878696
vn 0.00168414 0.999993 0.0033605
vn 0.0149107 0.999863 0.00714233
vn 0.0149085 0.999861 0.00750542
vn 0.0109543 0.999907 0.00812948
vn 0.00797255 0.999935 0.00810161
vn 0.000345941 0.999985 0.00545506
vn 0.00353096 0.99995 0.00941174
vn 0.00170556 0.999934 0.011347
vn 2.10911e-05 0.999977 0.00678927
vn 0.0136386 0.999876 0.00791678
vn 0.0574003 0.998124 0.0213124
vn 0.024678 0.999663 0.00805243
vn 0.0994876 0.994882 0.0176738
vn 0.0664778 0.997785 -0.00242815
vn 0.0111533 0.999928 0.00435192
vn 0.00089068 1 0.000101571
vn -0.00476051 0.999965 0.0069394
vn -0.028578 0.999379 -0.0206293
vn -0.0578368 0.99828 0.00963183
vn -0.00916558 0.999902 -0.010552
vn -0.00719354 0.999915 -0.0108746
vn 0.000542932 0.999967 -0.00809421
vn 0.00337281 0.999985 0.00436689
vn 0.0340503 0.999379 -0.0091264
vn 0.0621351 0.998062 -0.00347435
vn -0.155196 0.00764223 0.987854
vn -0.571558 0.798519 0.188916
vn -0.446247 0.0185709 0.894717
vn -0.202064 0.013126 0.979284
vn -0.328788 -0.0271874 0.944013
vn 0.81482 0.0405814 0.578291
vn -0.994922 -0.0821601 0.0581462
vn -0.992616 -0.120528 -0.0136451
vn -0.992699 -0.0124061 0.119979
vn -0.924516 -0.0100382 0.381011
vn -0.999206 -0.0337138 0.0212409
vn 0.0786807 0.0492271 -0.995684
vn 0.988372 0.00308457 -0.152025
vn 0.999904 -0.00194338 0.0137321
vn 0.996541 0.0141322 0.0818873
vn 0.323114 -0.0339994 0.945749
vn 0.998758 0.00205553 -0.0497781
vn -0.0196892 0.999803 0.00259779
vn -0.0266773 0.999621 0.00682158
vn -0.0212373 0.999764 0.00459398
vn -0.000926231 0.999993 0.00355926
vn 0.0182223 0.999819 0.00554043
vn 0.00388391 0.999973 0.00628539
vn 0.000992919 0.999943 0.01065
vn 0.0010489 0.999944 0.0105487
vn -0.00038334 0.999958 0.0091859
vn -0.000144925 0.999979 0.00642368
vn 0.000192469 0.999998 0.00200896
vn 0.0147876 0.99986 0.00783821
vn 0.0153491 0.999856 0.00723649
vn 0.00802882 0.99995 0.00598506
vn 0.0064448 0.999958 0.00653251
vn -0.000675305 0.999957 0.00924482
vn 0.00476321 0.999898 0.0134945
vn 0.00552621 0.999913 0.0119524
vn 0.00432857 0.999951 0.00889723
vn 0.0221717 0.999671 0.0128619
vn 0.0637927 0.997914 0.00987153
vn 0.0084232 0.999783 0.0190355
vn 0.0964311 0.995328 0.00480578
vn 0.0804007 0.996687 0.0122568
vn 0.0129934 0.999866 0.00995669
vn 0.0221717 0.999671 0.0128619
vn -0.00693918 0.999974 0.0020324
vn -0.0444099 0.99892 -0.0136542
vn -0.00592146 0.999854 0.0160377
vn -0.0439113 0.999035 0.000269393
vn -0.0155595 0.99983 -0.00990462
vn 0.00414747 0.999893 -0.0140275
vn 0.00379324 0.999942 -0.0100863
vn 0.0354546 0.999363 -0.00416846
vn 0.0057725 0.999976 0.0037114
vn 0.0620049 0.997974 -0.0142278
vn -0.760566 0.638213 -0.119262
vn 0.219727 0.508414 0.832607
vn 0.243469 0.966186 0.0848998
vn 0.864221 0.0597941 0.499546
vn -0.191796 0.0120161 0.981361
vn -0.303876 -0.045012 0.951648
vn 0.161432 -0.154264 0.974752
vn -0.997849 -0.0373709 0.0538649
vn -0.995975 -0.000262342 0.0896341
vn -0.921187 -0.0269752 0.388184
vn -0.999606 0.028 0.00190617
vn 0.0986118 0.0226674 -0.994868
vn 0.986481 -0.00696036 -0.163728
vn 0.999878 -0.00562563 0.0145829
vn 0.993892 0.00446694 0.110268
vn 0.273735 -0.0271914 0.961421
vn 0.99984 -0.0173631 -0.00422687
vn -0.0166486 0.999843 0.00603753
vn -0.0344405 0.999343 0.0113328
vn -0.0184046 0.999813 0.00589931
vn -0.00211645 0.999997 -0.000792496
vn 0.0237209 0.999708 0.00456519
vn 0.000875488 0.999922 0.0124231
vn 0.000908403 0.999944 0.0105251
vn 0.00122055 0.999943 0.0106408
vn -0.00234783 0.999964 0.00811598
vn 0.0021459 0.999994 -0.00257163
vn 0.00303096 0.999995 0.001194
vn 0.0166641 0.999823 0.00872574
vn 0.0143456 0.999798 0.0141042
vn 0.00688041 0.999939 0.00870171
vn 0.0055901 0.999976 0.00405348
vn 0.00463754 0.999942 0.00972768
vn 0.00693542 0.999857 0.0154525
vn 0.0102712 0.999877 0.0118875
vn 0.00848625 0.999948 0.00572856
vn 0.0221717 0.999671 0.0128619
vn 0.0559094 0.99838 0.0105753
vn -0.00439588 0.999958 0.00809447
vn 0.0988804 0.995078 0.0065399
vn 0.0860627 0.996213 0.0123952
vn 0.0221717 0.999671 0.0128619
vn 0.0121134 0.999846 0.0127243
vn -0.0162847 0.999816 0.0101491
vn -0.0540711 0.998533 0.00304199
vn -0.0171301 0.99958 -0.0233738
vn -0.0093871 0.99991 0.00953622
vn -0.0287676 0.99946 0.0158625
vn 0.000852893 0.999835 -0.0181448
vn 0.0032599 0.999903 -0.0135265
vn 0.0198541 0.999411 -0.0280042
vn 0.0553579 0.998447 -0.00633506
vn 0.00343989 0.999584 0.0286464
vn -0.791238 0.609707 0.0468995
vn -0.962858 0.26192 -0.0655902
vn 0.162411 0.714449 0.680577
vn 0.572592 0.732203 -0.368804
vn 0.390092 0.920365 0.0274927
vn 0.250682 0.812377 0.526499
vn -0.045536 0.00586421 0.998946
vn 0.87405 0.0718432 0.480495
vn -0.365056 0.123898 0.922705
vn -0.164178 -0.030839 0.985948
vn -0.299683 0.00268693 0.954035
vn -0.0120828 -0.514202 0.857584
vn -0.999524 -0.0143773 0.0273114
vn -0.99292 -0.0645197 0.0997343
vn -0.906779 0.0187202 0.421191
vn -0.999864 -0.0138943 -0.00893169
vn 0.110809 0.0271677 -0.99347
vn 0.984302 -0.0495397 -0.169399
vn 0.999651 -0.0243829 0.0101963
vn 0.991683 -3.4157e-05 0.128704
vn 0.237571 -0.0321848 0.970837
vn 0.999501 -0.0157335 0.027372
vn -0.00511809 0.999972 0.00551048
vn -0.0455004 0.998916 0.00980123
vn -0.019043 0.999819 -0.000113666
vn -0.000241169 0.999982 0.00599224
vn 0.0288637 0.999518 0.0114023
vn -0.00103045 0.999943 0.0105902
vn 0.000916518 0.999944 0.0105158
vn -9.25055e-05 0.999955 0.00949957
vn -0.00687531 0.999973 -0.00275244
vn 0.00194018 0.999992 0.00348318
vn 0.00931214 0.999476 0.0310082
vn 0.0173935 0.999769 0.0126653
vn 0.0088018 0.999897 0.0113253
vn 0.0138805 0.999787 0.0152957
vn 0.0067582 0.999925 0.010251
vn 0.00770238 0.999963 0.00394508
vn 0.00807622 0.999862 0.0145021
vn 0.00964506 0.999933 0.00634322
vn 0.00719513 0.999781 0.0196313
vn 0.0221717 0.999671 0.0128619
vn 0.0354951 0.99932 0.00996847
vn -0.00185708 0.999942 0.0106534
vn 0.10063 0.994912 0.0048174
vn 0.0921014 0.995717 0.00805753
vn 0.0093658 0.999952 0.00287957
vn 0.0344143 0.999275 0.0162642
vn -0.0341586 0.999416 0.00113159
vn -0.0520076 0.99861 0.00859777
vn -0.0155317 0.999878 -0.00184225
vn -0.00983165 0.999929 0.00669531
vn -0.0134512 0.999858 0.0101621
vn -0.0163222 0.999815 -0.0102137
vn 0.00874113 0.999823 -0.0166327
vn -0.0968839 0.991128 -0.0909908
vn 0.0223499 0.996658 -0.0785672
vn -0.889509 0.435997 -0.13668
vn -0.00119439 0.999949 0.00999036
vn -0.889509 0.435997 -0.13668
vn -0.893531 0.448997 -0.0021635
vn -0.962858 0.26192 -0.0655902
vn -0.962858 0.26192 -0.0655902
vn 0.250682 0.812377 0.526499
vn -0.0719244 0.394673 0.916002
vn 0.051629 0.998417 -0.0223208
vn 0.647128 0.0152157 -0.762229
vn 0.390092 0.920365 0.0274927
vn 0.390092 0.920365 0.0274927
vn 0.250682 0.812377 0.526499
vn -0.230192 -0.00592621 0.973127
vn -0.0083541 -0.00121742 0.999964
vn 0.995067 0.055826 0.0820124
vn 0.862861 0.0566297 0.502259
vn 0.0458532 0.233021 0.97139
vn -0.181496 -0.0143912 0.983286
vn -0.304521 0.00524997 0.952491
vn 0.177398 -0.594229 0.784488
vn -0.99997 -0.00129806 0.0076998
vn -0.989048 -0.0351859 0.143337
vn -0.899045 -0.00145783 0.437854
vn -0.999747 -0.0026769 0.0223143
vn 0.132239 0.0392303 -0.990441
vn 0.999078 -0.0355199 0.0241299
vn 0.987418 -0.00238578 -0.158115
vn 0.965546 0.0904053 0.244026
vn 0.965546 0.0904053 0.244026
vn 0.220938 -0.0274412 0.974902
vn 0.998564 -0.0277998 0.0458024
vn 0.984361 0.0933113 -0.149418
vn -0.00239827 0.999784 0.0206397
vn -0.0418162 0.999114 -0.00485941
vn -0.0204862 0.999762 0.00754499
vn -0.00241067 0.999948 0.00995703
vn 0.0304364 0.999491 0.00958511
vn -0.000602867 0.999948 0.0101516
vn 0.00108278 0.999943 0.0106162
vn -0.00653914 0.999964 0.00538189
vn -0.00810928 0.999938 0.00763664
vn -8.65204e-05 0.999562 0.0295986
vn 0.00349175 0.999894 0.01413
vn 0.0158724 0.999773 0.0141875
vn 0.00928598 0.999884 0.0120577
vn 0.00724671 0.9999 0.0121451
vn 0.015009 0.99976 0.0159481
vn 0.00766737 0.999916 0.0104895
vn 0.00709007 0.999968 0.00360051
vn 0.00439078 0.999927 0.011265
vn 6.13719e-05 0.999958 0.00912838
vn 0.00845073 0.99996 0.00284836
vn 0.023055 0.999717 0.00587798
vn 0.09631 0.995333 0.00603521
vn 0.092816 0.995664 0.0061788
vn 0.00640452 0.999952 0.00744702
vn 0.040895 0.999159 0.00306456
vn -0.0480273 0.998828 -0.00604525
vn -0.0662223 0.997694 0.0148726
vn -0.0185683 0.999819 0.00427703
vn 0.0126275 0.999873 -0.00975315
vn 0.00260317 0.997823 0.0659022
vn -0.00756779 0.999939 0.0080051
vn -0.0150665 0.999872 0.00544883
vn 0.0177559 0.999544 -0.0244428
vn -0.141336 0.989958 -0.00282115
vn -0.900998 0.300545 0.31285
vn -0.977365 0.200903 -0.0663026
vn -0.889509 0.435997 -0.13668
vn -0.00457663 0.999983 0.00358588
vn -0.889509 0.435997 -0.13668
vn -0.893531 0.448997 -0.0021635
vn -0.893531 0.448997 -0.0021635
vn 0.194667 0.670786 0.715647
vn -0.0563447 0.423001 0.904375
vn -0.0534999 0.994088 -0.0944775
vn -0.0322184 0.993398 0.110102
vn 0.0227631 0.999562 -0.0189214
vn -0.893531 0.448997 -0.0021635
vn 0.0934041 0.0167252 0.995488
vn 0.234267 0.972138 -0.00810847
vn -0.0413459 -0.117498 0.992212
vn -0.208589 0.0350403 0.977375
vn 0.0490126 -0.0462445 0.997727
vn 0.998817 -0.00722009 -0.0480851
vn 0.849398 0.040812 0.526173
vn 0.849398 0.040812 0.526173
vn 0.338188 -0.0193753 0.940879
vn -0.189058 0.0151085 0.98185
vn -0.318531 0.0182811 0.947736
vn -0.999978 0.00615048 -0.00252122
vn -0.986219 0.00243151 0.165426
vn -0.911241 -0.00359446 0.411858
vn -0.997074 0.0411822 0.0644018
vn 0.141195 0.0151636 -0.989866
vn 0.999027 0.00382138 0.043945
vn 0.926754 -0.0537575 0.371804
vn 0.990352 -0.00165734 -0.138566
vn 0.965546 0.0904053 0.244026
vn 0.965546 0.0904053 0.244026
vn 0.230241 0.00949511 0.973087
vn 0.99931 0.0108257 0.0355315
vn 0.975686 0.0205846 -0.218204
vn 0.999057 0.0355713 -0.0249165
vn -0.0140598 0.999807 -0.0137114
vn -0.0369485 0.999242 0.012241
vn -0.0208302 0.9997 0.0129001
vn -0.00123962 0.99994 0.0108601
vn 0.0295217 0.999524 0.00897432
vn 0.000237093 0.999949 0.0101423
vn -0.00374418 0.99988 0.0150127
vn -0.0131216 0.999877 0.00857075
vn -0.00943618 0.999373 0.0341174
vn -0.00408135 0.999678 0.0250424
vn -0.00122909 0.999985 0.00527248
vn 0.0136249 0.999746 0.017959
vn 0.0152737 0.999735 0.0172042
vn 0.00455788 0.999944 0.0095096
vn 0.00625151 0.999922 0.0108127
vn 0.00955147 0.999949 -0.00315835
vn 0.0021234 0.999991 0.00371887
vn -0.00170536 0.999981 0.00587335
vn -0.00631134 0.999974 -0.00347164
vn 0.0098305 0.999945 0.00374678
vn 0.0887888 0.996043 0.00387844
vn 0.0181972 0.999831 0.00270635
vn 0.092856 0.995679 0.000699259
vn 0.0046084 0.999935 0.0104327
vn 0.0447959 0.998988 0.00398509
vn -0.039007 0.999214 -0.00702045
vn -0.0177034 0.999819 -0.007001
vn -0.0925635 0.99562 0.013149
vn 0.00246623 0.999966 -0.00784484
vn 0.00914167 0.999422 -0.0327467
vn -0.0114671 0.998086 0.0607707
vn -0.00757852 0.999959 0.00498269
vn -0.0144949 0.999876 0.00612917
vn -0.0416058 0.995086 0.0898503
vn -0.268731 0.962424 -0.0390358
vn -0.35426 -0.915233 0.191956
vn -0.889509 0.435997 -0.13668
vn -0.00717037 0.999571 -0.0284122
vn -0.920522 0.246882 0.302801
vn -0.893531 0.448997 -0.0021635
vn -0.289389 0.582922 0.759247
vn -0.411459 0.352331 0.840574
vn 0.00984238 0.99757 0.0689683
vn -0.163438 0.985669 -0.0417606
vn 0.0298895 0.999424 -0.0160666
vn -0.0644488 0.997577 0.0262063
vn 0.682608 0.533751 -0.499155
vn 0.967038 0.254137 -0.0158923
vn 0.234824 0.971505 -0.0321907
vn -0.205797 0.0458285 0.977521
vn -0.171872 -0.0326765 0.984577
vn 0.096752 -0.0324497 0.994779
vn 0.977659 0.189481 -0.0909939
vn 0.849398 0.040812 0.526173
vn 0.104219 0.0342132 0.993966
vn 0.377365 0.0376781 0.925298
vn -0.172866 0.0158698 0.984817
vn -0.321228 0.00403529 0.946993
vn -0.97707 0.184252 0.106701
vn -0.988155 0.0374731 0.148815
vn -0.926628 0.0616033 0.370897
vn -0.993908 0.0102682 0.109738
vn 0.144263 0.0255091 -0.989211
vn 0.9994 -0.000848402 0.0346254
vn 0.94834 -0.0101351 0.317093
vn 0.100253 0.00363406 0.994955
vn 0.992516 0.0196835 -0.120516
vn 0.0544628 -0.00687429 -0.998492
vn 0.965546 0.0904053 0.244026
vn 0.156728 -0.0699353 0.985163
vn 0.997859 -0.0652485 -0.00453653
vn 0.999448 0.00596171 -0.0326692
vn 0.997593 0.0314996 -0.0617761
vn -0.0105143 0.999892 0.0103168
vn -0.0569177 0.99789 0.0312298
vn -0.0247523 0.999621 0.0120416
vn -0.0102444 0.999745 0.0201237
vn 0.0151004 0.999621 0.0230252
vn 0.00168432 0.999808 0.0195003
vn -0.0098325 0.999893 0.0108565
vn -0.012571 0.999168 0.0387859
vn -0.00867057 0.999676 0.0239124
vn -0.00261439 0.999987 -0.00436469
vn -0.0113171 0.999667 -0.023189
vn -0.00236267 0.999828 0.0184176
vn 0.0223045 0.99953 0.0210248
vn 0.0112275 0.999874 -0.0112427
vn 0.00289977 0.999982 0.0052586
vn 0.00489348 0.999988 -7.28369e-05
vn -0.0030077 0.999991 0.00285455
vn -0.00654081 0.99994 -0.00884542
vn -0.00741158 0.99977 -0.0201157
vn 0.00991456 0.99995 0.00151265
vn 0.092966 0.995669 0.00053994
vn 0.0920372 0.995755 0.000626284
vn 0.0106935 0.999939 0.00278786
vn 0.044133 0.999007 0.00615469
vn 0.013234 0.999854 0.010823
vn -0.0427408 0.99908 -0.00356538
vn -0.0187663 0.999792 -0.00805552
vn -0.0111139 0.999872 -0.0115144
vn -0.0506555 0.997857 0.0414091
vn -0.0172775 0.999643 -0.0203815
vn -0.0339321 0.999114 -0.0249074
vn 0.0593144 0.99823 0.00430619
vn -0.00882675 0.999957 0.00291829
vn -0.0141208 0.999897 0.00271693
vn -0.20472 0.958646 0.197706
vn -0.268731 0.962424 -0.0390358
vn -0.268731 0.962424 -0.0390358
vn -0.35426 -0.915233 0.191956
vn -0.35426 -0.915233 0.191956
vn 0.0032307 0.999985 0.00439346
vn -0.0930099 0.987537 0.126961
vn -0.308741 0.68019 -0.664847
vn -0.121036 0.5646 0.816441
vn 0.00326833 0.279968 0.960004
vn -0.0789524 0.995409 0.0541134
vn -0.0688819 0.992538 0.100615
vn 0.0747394 0.996737 -0.0304732
vn 0.0292119 0.999537 0.00847138
vn 0.0292119 0.999537 0.00847138
vn 0.0140977 0.995512 0.0935808
vn 0.843384 0.362852 -0.396285
vn -0.814572 -0.196718 -0.545687
vn 0.142074 0.989671 0.019118
vn -0.184551 0.00513492 0.98281
vn -0.155251 -0.0110788 0.987813
vn 0.104219 0.0342132 0.993966
vn 0.978675 0.196879 0.0585926
vn 0.104219 0.0342132 0.993966
vn 0.38874 0.0266969 0.920961
vn -0.167178 0.0131489 0.985839
vn -0.297522 0.0882324 0.950629
vn -0.986709 -0.028316 0.160011
vn -0.981739 0.188258 0.0273266
vn -0.985709 0.0932742 -0.14028
vn -0.949764 0.0274194 0.311764
vn -0.992822 -0.0434446 0.111431
vn 0.137566 0.0077493 -0.990462
vn 0.999747 0.0172944 0.0143911
vn 0.954099 -0.0144981 0.299139
vn 0.0585688 0.0181092 0.998119
vn 0.100253 0.00363406 0.994955
vn 0.100253 0.00363406 0.994955
vn 0.0551386 -0.00301678 -0.998474
vn 0.993565 0.00616465 -0.113096
vn 0.125228 0.00192866 -0.992126
vn 0.100253 0.00363406 0.994955
vn 0.99981 0.00819374 -0.0176729
vn 0.999025 -0.0074475 -0.0435065
vn 0.997932 0.00174782 -0.0642591
vn 0.997089 0.0753246 -0.0118119
vn 0.070748 0.995874 -0.0568359
vn -0.0724432 0.997258 0.0151304
vn -0.025081 0.999247 0.0296107
vn -0.0110242 0.999481 0.0302838
vn -0.00316123 0.999734 0.0228655
vn -0.00918395 0.99971 0.0222836
vn -0.0103103 0.99912 0.0406683
vn -0.0116194 0.999808 0.0157746
vn -0.00912776 0.999932 -0.00727473
vn -0.0113165 0.999934 0.00217113
vn -0.0163412 0.999856 0.00466852
vn -0.0122825 0.999663 0.0228539
vn 0.000933731 0.999924 0.0123245
vn 0.024583 0.999591 -0.0145943
vn 0.00898705 0.999959 -0.000641013
vn 0.0014152 0.999996 -0.00260595
vn -0.00842942 0.999877 -0.013206
vn -0.0132546 0.999728 -0.0191844
vn 0.0276795 0.999241 0.0273941
vn 0.101869 0.994791 0.00365109
vn 0.0182278 0.999823 0.00458575
vn 0.0839138 0.996473 0.000459352
vn 0.0101813 0.999942 0.00349492
vn 0.0329895 0.999422 0.00816034
vn 0.0267627 0.999525 0.0152605
vn -0.0959406 0.99474 0.0358977
vn -0.0191319 0.999726 -0.0135197
vn -0.0131213 0.999875 -0.00878066
vn -0.0202828 0.999716 -0.0125126
vn -0.0764958 0.99632 -0.038656
vn -0.0182534 0.999261 -0.0338321
vn 0.0175665 0.99891 -0.0432566
vn -0.238152 0.969597 0.0562604
vn -0.00632957 0.999961 0.00614385
vn -0.0122006 0.999921 0.00290037
vn 0.126364 0.991903 0.0126998
vn 0.0820647 0.996565 0.0110986
vn 0.970625 -0.237948 0.0356094
vn -0.988743 -0.120625 0.0885227
vn -0.00284935 0.999616 0.0275643
vn -0.0146463 0.999732 0.0179198
vn -0.890724 0.306286 -0.335856
vn -0.122448 0.486836 0.864868
vn -0.435736 0.289164 0.852361
vn 0.0239741 0.999394 0.0252535
vn -0.00521572 0.999875 -0.0149353
vn 0.0504429 0.996278 0.0698963
vn -0.0309957 0.999514 -0.00324844
vn 0.0292119 0.999537 0.00847138
vn -0.00612701 0.999663 -0.0252109
vn 0.000584043 0.99999 0.00439454
vn 0.843384 0.362852 -0.396285
vn 0.843384 0.362852 -0.396285
vn -0.938099 -0.171647 -0.300844
vn 0.0564858 0.998104 0.0244511
vn -0.2062 0.0912988 0.974241
vn -0.13409 0.020888 0.990749
vn -0.136943 0.0204037 0.990369
vn 0.104219 0.0342132 0.993966
vn 0.96801 0.123587 -0.218363
vn 0.104219 0.0342132 0.993966
vn 0.0798463 0.0210175 0.996586
vn 0.416375 0.0243562 0.908867
vn -0.13742 0.142686 0.980182
vn 0.970531 0.081659 0.226717
vn -0.980857 0.0402869 0.190519
vn -0.970302 0.214491 -0.111837
vn -0.959864 -0.00911832 0.280318
vn -0.993581 0.00881105 0.11278
vn 0.957948 -0.0035671 0.28692
vn 0.999984 0.00460826 0.00317424
vn 0.047779 -0.00701011 0.998833
vn 0.994975 0.0740525 0.0673841
vn 0.100253 0.00363406 0.994955
vn 0.120175 -0.00436249 -0.992743
vn 0.0656688 0.00284485 -0.997837
vn 0.993179 0.00891695 -0.11626
vn 0.99881 -0.00392134 -0.0486223
vn 0.998534 -0.00295513 -0.0540439
vn 0.999572 -0.00758828 0.0282504
vn 0.85658 0.0761959 -0.510357
vn 0.0958595 0.99183 0.084168
vn -0.0612528 0.997927 0.0197529
vn -0.0210846 0.999592 0.0192801
vn -0.0087391 0.999446 0.0321246
vn -0.00707279 0.999383 0.0344137
vn -0.0162166 0.999033 0.04087
vn -0.0127648 0.999855 0.0112645
vn -0.0141394 0.999899 0.00150293
vn -0.0145612 0.999685 0.0204279
vn -0.0229221 0.999736 -0.00131103
vn 0.000616526 0.99969 0.0248869
vn -0.0203334 0.999735 -0.0108322
vn -0.000208886 0.999878 0.0156063
vn 0.0154517 0.99981 -0.0118611
vn 0.00517849 0.999942 -0.00945122
vn -0.00210562 0.999877 -0.0155235
vn -0.00488641 0.999835 -0.0175141
vn 0.00850088 0.997406 0.0714717
vn 0.0309075 0.999498 -0.00693534
vn 0.108952 0.994031 0.00569334
vn 0.0736519 0.997274 0.00439228
vn 0.0267582 0.999611 0.00788168
vn 0.0137181 0.999878 0.00753096
vn 0.0170617 0.999755 0.0140733
vn 0.032752 0.999383 0.0127245
vn -0.102429 0.9939 -0.0408726
vn -0.0107426 0.99984 -0.0143097
vn -0.0100301 0.999882 -0.0116415
vn -0.014227 0.999894 -0.00317982
vn -0.0158506 0.999867 -0.00395063
vn -0.0994597 0.99469 0.0264382
vn -0.00545262 0.999414 -0.0337952
vn 0.661559 0.226595 0.714839
vn -0.856399 -0.185076 0.482004
vn -0.00626746 0.99998 -0.00122818
vn -0.0127641 0.999915 0.00263886
vn 0.0651909 0.981324 -0.180979
vn -0.0029651 0.999579 0.0288757
vn 0.970625 -0.237948 0.0356094
vn 0.970625 -0.237948 0.0356094
vn -0.898128 -0.0823721 0.431951
vn -0.879177 -0.397407 0.262896
vn -0.938099 -0.171647 -0.300844
vn -0.0120604 0.995493 -0.0940659
vn -0.319456 0.615048 -0.720877
vn -0.83544 0.1942 -0.514127
vn -0.123506 0.402953 0.906849
vn 0.0450549 -0.0361975 0.998329
vn -0.125712 0.974037 0.18828
vn -0.0136924 0.999874 0.00797688
vn -0.0268564 0.999485 0.0175644
vn -0.0372362 0.999214 0.0135663
vn -0.0186086 0.99981 -0.00587686
vn -0.0524109 0.998365 -0.0227971
vn -0.114419 0.99335 -0.012804
vn 0.877402 -0.162498 -0.451397
vn -0.938099 -0.171647 -0.300844
vn -0.186238 0.226985 0.955925
vn -0.139739 0.0422114 0.989288
vn -0.127479 0.0167205 0.9917
vn -0.125985 -0.00518496 0.992019
vn 0.0504086 0.0239737 0.998441
vn 0.342019 0.0323143 0.939137
vn 0.782972 0.0799284 0.616901
vn 0.963622 -0.0776702 0.255734
vn -0.964477 0.00905173 0.264013
vn -0.825241 0.534864 0.181378
vn -0.9327 0.226776 0.280435
vn -0.970397 0.0415539 0.237912
vn -0.988757 -0.0121685 0.149033
vn 0.0267607 0.022815 0.999381
vn 0.963741 -0.00845214 0.266705
vn 0.999983 0.0054854 0.00215637
vn 0.988636 -0.0191737 0.149102
vn 0.115451 0.000630676 -0.993313
vn 0.0752648 0.000320176 -0.997164
vn 0.992936 0.0057851 -0.118514
vn 0.998724 -0.00470369 -0.0502834
vn 0.999123 -0.00130872 -0.0418559
vn 0.999558 0.0116589 0.0273442
vn 0.814566 0.0413231 -0.578597
vn 0.993645 -0.0377655 0.106038
vn 0.0334863 0.999437 0.00231069
vn -0.0495448 0.998632 0.016709
vn -0.0233236 0.998704 0.0452364
vn -0.0136776 0.99928 0.0353881
vn -0.0100055 0.999153 0.0399134
vn -0.0139034 0.999882 0.00652717
vn -0.0111249 0.999923 0.00550769
vn -0.014441 0.999691 0.0202252
vn -0.0211008 0.999764 -0.00525096
vn -0.00444205 0.999982 0.0040288
vn 0.0574287 0.974113 -0.218645
vn -0.0144526 0.999826 -0.0117557
vn -0.00115955 0.999928 -0.0119282
vn 0.00376947 0.999896 -0.0139367
vn 0.00193052 0.999887 -0.0149025
vn 0.00785803 0.99996 -0.00424701
vn -0.00370024 0.99724 0.0741504
vn 0.0354088 0.999352 -0.00652079
vn 0.0237567 0.997861 -0.0608946
vn 0.115458 0.993276 0.00848942
vn 0.060469 0.998162 0.0041167
vn 0.0367477 0.999236 0.0132812
vn 0.0108173 0.999929 -0.00491945
vn 0.0010484 0.999972 0.00740801
vn 0.0312222 0.999409 -0.0143935
vn -0.0586958 0.997663 0.0349689
vn -0.00769518 0.999953 -0.00590094
vn -0.0100798 0.999904 -0.00949806
vn -0.0121485 0.99987 -0.0106284
vn -0.00851392 0.999963 -0.00094346
vn 0.000861025 0.999985 -0.00533156
vn -0.0416842 0.998496 0.0356214
vn -0.0329029 0.99928 0.0188725
vn -0.0628162 0.61195 0.788398
vn -0.960691 -0.0179077 0.277043
vn 0.648968 -0.137665 -0.748257
vn -0.0108484 0.99994 0.00142251
vn -0.0132842 0.999905 0.00365386
vn 0.969793 -0.123898 -0.210121
vn 0.205961 0.9785 -0.010899
vn 0.00781019 0.999894 0.0122945
vn 0.970625 -0.237948 0.0356094
vn 0.970625 -0.237948 0.0356094
vn -0.873358 -0.213327 0.437879
vn -0.879177 -0.397407 0.262896
vn -0.879177 -0.397407 0.262896
vn 0.194955 0.928221 0.316858
vn -0.319456 0.615048 -0.720877
vn -0.319456 0.615048 -0.720877
vn -0.89543 0.212457 -0.391239
vn -0.173683 0.483364 0.858017
vn -0.118976 0.952169 0.281459
vn -0.0163503 0.998808 0.0459973
vn -0.0399389 0.999046 -0.0176631
vn -0.0399389 0.999046 -0.0176631
vn -0.0288458 0.999405 0.0189051
vn -0.00974357 0.99972 0.0215827
vn -0.0609546 0.996038 -0.0647445
vn -0.0214783 0.999403 0.027047
vn -0.0225488 0.998273 0.0542496
vn 0.877402 -0.162498 -0.451397
vn 0.877402 -0.162498 -0.451397
vn -0.104852 0.365647 0.924829
vn -0.10909 0.0158333 0.993906
vn -0.217316 0.967185 -0.131633
vn -0.126862 0.0102176 0.991868
vn -0.14865 -0.0146609 0.988781
vn -0.131434 -0.00190949 0.991323
vn 0.0838405 -0.0465174 0.995393
vn 0.7142 0.0116484 0.699845
vn 0.786387 0.561911 0.256617
vn -0.302398 -0.150211 0.941272
vn 0.7142 0.0116484 0.699845
vn 0.957645 -0.0130073 0.287658
vn -0.972486 0.00142074 0.232959
vn -0.946672 -0.128956 0.295266
vn -0.910796 0.337622 0.237615
vn -0.788827 0.608023 0.0897835
vn -0.933139 0.300492 0.197374
vn -0.983647 -0.0101368 0.179821
vn -0.98382 -0.00241069 0.179142
vn 0.00426402 0.00973629 0.999944
vn 0.990536 -0.0091197 0.136947
vn 0.972412 -0.0164982 0.232686
vn 0.999991 0.00414531 0.00134029
vn 0.111061 -0.00126957 -0.993813
vn 0.0967478 -0.000380066 -0.995309
vn 0.99301 0.00733934 -0.117802
vn 0.998286 -0.00452436 -0.0583557
vn 0.999531 0.00171275 -0.0305681
vn 0.999308 0.00297864 0.0370718
vn 0.845857 0.0554141 -0.530523
vn 0.992118 0.0168366 0.124174
vn 0.99933 -0.0107311 -0.0350035
vn 0.0281179 0.999366 0.0218227
vn 0.0032149 0.999995 0.000355033
vn -0.0301693 0.998959 0.0342237
vn -0.00928234 0.999211 0.0386049
vn -0.0145155 0.999889 0.00344962
vn -0.0125954 0.999895 0.00720146
vn 0.00149704 0.999999 0.00029163
vn -0.012933 0.999503 0.0287428
vn -0.0118755 0.999765 -0.01815
vn 0.352755 0.751265 -0.557821
vn -0.0994304 0.979476 -0.175332
vn 0.483371 0.873618 -0.0560826
vn -0.00456802 0.99992 -0.011818
vn 0.00248322 0.999986 -0.00458413
vn -0.00183698 0.999833 -0.0181878
vn -0.0068609 0.999967 -0.00435964
vn 0.0139006 0.998702 0.0489984
vn -0.00539893 0.999287 0.0373651
vn -0.000172211 0.996558 -0.0828978
vn 0.0528234 0.929489 0.365048
vn 0.040704 0.999154 0.00595444
vn 0.117547 0.993009 0.0108109
vn 0.0580043 0.998312 0.00295545
vn 0.0128316 0.99984 0.0124555
vn 0.00276622 0.999995 -0.00172154
vn 0.00848283 0.99963 -0.0258304
vn -0.049141 0.995125 0.0855118
vn -0.0145123 0.999803 0.0135061
vn -0.00654903 0.999962 -0.00578989
vn -0.0076723 0.999947 -0.00679469
vn -0.00536037 0.999956 -0.00769869
vn -0.0036579 0.999993 -0.000512898
vn -0.00329901 0.999849 -0.0170781
vn -0.0112772 0.999935 -0.00168895
vn -0.0628162 0.61195 0.788398
vn -0.0330543 0.998627 0.040637
vn -0.0628162 0.61195 0.788398
vn 0.661497 -0.211584 -0.719481
vn -0.720879 0.0922131 0.686899
vn -0.904885 0.0755933 0.41889
vn 0.969793 -0.123898 -0.210121
vn -0.0130394 0.999912 -0.00246405
vn -0.0134336 0.999905 -0.00302717
vn 0.969793 -0.123898 -0.210121
vn 0.0560223 0.998217 -0.0205863
vn 0.0340677 0.998598 -0.0405102
vn 0.919441 -0.195697 0.341073
vn -0.873358 -0.213327 0.437879
vn -0.873358 -0.213327 0.437879
vn -0.879177 -0.397407 0.262896
vn -0.936747 -0.277934 0.212738
vn -0.879177 -0.397407 0.262896
vn -0.319456 0.615048 -0.720877
vn -0.319456 0.615048 -0.720877
vn -0.89543 0.212457 -0.391239
vn -0.89543 0.212457 -0.391239
vn -0.127104 0.954155 0.270984
vn 0.0174525 0.99984 0.00403566
vn -0.0137059 0.999085 0.0405167
vn -0.0399389 0.999046 -0.0176631
vn -0.0163741 0.999783 0.0128724
vn -0.0037319 0.999978 0.00547183
vn -0.0831985 0.994339 0.066088
vn 0.0132338 0.999249 -0.0364184
vn -0.0703146 0.997451 0.0121375
vn 0.165518 0.985364 -0.0407654
vn 0.877402 -0.162498 -0.451397
vn 0.877402 -0.162498 -0.451397
vn 0.121598 0.15668 0.980135
vn -0.0794666 0.991972 -0.0983727
vn -0.23348 0.329596 0.914797
vn -0.137259 0.0208444 0.990316
vn -0.236169 0.971527 -0.0189873
vn -0.123643 -0.0294774 0.991889
vn -0.150458 -0.000959564 0.988616
vn -0.134117 -0.00364614 0.990959
vn 0.125 0.0612906 0.990262
vn 0.7142 0.0116484 0.699845
vn -0.404135 -0.286486 0.868678
vn -0.299354 0.954082 -0.0107555
vn -0.184473 -0.154566 0.970608
vn -0.404135 -0.286486 0.868678
vn -0.195084 -0.0778087 0.977695
vn -0.148405 -0.0779657 0.985849
vn 0.935164 -0.0304096 0.352908
vn -0.976273 0.00194505 0.216534
vn -0.957385 -0.0115043 0.288584
vn -0.974166 -0.0640396 0.216563
vn -0.992944 -0.115234 -0.0279734
vn -0.915063 0.372947 0.153527
vn -0.915063 0.372947 0.153527
vn -0.983397 -0.0330458 0.178434
vn -0.972295 -0.00840123 0.233606
vn -0.00289317 -0.00176022 0.999994
vn 0.994797 -0.00704578 0.101637
vn 0.978746 -0.00619168 0.204983
vn 0.999985 0.00531563 0.00116413
vn 0.0976451 -0.00635044 -0.995201
vn 0.120561 -0.00731551 -0.992679
vn 0.9931 0.0158958 -0.116187
vn 0.999474 -0.0171052 -0.0275481
vn 0.997039 -0.0359468 -0.0679816
vn 0.999453 0.00142526 0.0330346
vn 0.869708 0.0276247 -0.492792
vn 0.996545 0.03129 0.0769364
vn 0.99856 -0.00565606 -0.053352
vn 0.996052 0.00752615 0.0884547
vn 0.0294879 0.998577 -0.0444363
vn 0.139158 0.987906 -0.0683945
vn -0.019041 0.999475 0.0262103
vn -0.0153473 0.999837 0.00948042
vn -0.0131442 0.99988 0.00813752
vn -0.0190677 0.99979 -0.00748533
vn 0.0112927 0.999301 0.035633
vn -0.012933 0.999503 0.0287428
vn -0.012933 0.999503 0.0287428
vn -0.174818 0.979474 -0.100342
vn -0.0216501 0.999256 -0.0319186
vn 0.447922 0.528617 -0.721062
vn 0.157429 0.984136 -0.0818081
vn -0.114631 -0.336892 -0.934539
vn 0.568533 -0.814686 0.114264
vn -0.0039446 0.99973 -0.0228916
vn 0.00100224 0.999931 -0.0117494
vn 0.000549667 0.99995 -0.00998649
vn -0.0328075 0.999077 0.0277272
vn -0.0403356 0.99903 0.017668
vn 0.000550561 0.992576 -0.121624
vn -0.175929 0.968253 0.177582
vn -0.0796398 0.996818 -0.00326362
vn 0.0204492 0.999748 0.00927313
vn 0.105364 0.994426 0.00398006
vn 0.0739526 0.997196 0.0114764
vn 0.0236711 0.999577 -0.0169102
vn 0.0253313 0.998945 -0.0383079
vn -0.00630846 0.999946 -0.00822898
vn -0.0274614 0.999517 0.0145669
vn -0.0455285 0.996585 0.0688809
vn -0.00775788 0.999969 0.00145935
vn -0.00500076 0.999981 -0.00357142
vn -0.000906567 0.999994 -0.00339336
vn -0.000644 0.999997 -0.00217101
vn -0.00883008 0.999961 -0.000299381
vn -0.0248397 0.999643 0.00980462
vn -0.00993725 0.999912 0.00878081
vn -0.0628162 0.61195 0.788398
vn 0.0364732 0.999068 -0.0230644
vn -0.0628162 0.61195 0.788398
vn 0.988311 -0.073158 -0.133754
vn -0.904885 0.0755933 0.41889
vn -0.904885 0.0755933 0.41889
vn 0.969793 -0.123898 -0.210121
vn -0.0106607 0.999911 0.0080665
vn -0.0115512 0.999914 0.00625403
vn 0.969793 -0.123898 -0.210121
vn -0.944775 -0.255015 0.205835
vn 0.961373 -0.2735 0.0309808
vn -0.873358 -0.213327 0.437879
vn -0.873358 -0.213327 0.437879
vn -0.242844 0.940367 0.238194
vn 0.928851 -0.0242033 -0.369662
vn -0.988322 -0.0836164 0.127391
vn -0.876846 0.0476049 0.478408
vn -0.411376 0.786208 -0.461136
vn 0.18081 0.864684 0.468646
vn -0.0119414 0.998575 0.0520132
vn 0.0419289 0.998405 -0.0377956
vn -0.0277845 0.999601 0.00516374
vn -0.030211 0.999447 0.0138722
vn -0.0266679 0.999263 0.0276101
vn 0.0678577 0.994879 0.0749133
vn 0.00752371 0.992817 0.119408
vn 0.0763825 0.996849 -0.0214119
vn 0.0195378 0.997633 -0.0659252
vn -0.380119 0.111804 0.918155
vn 0.211139 -0.0296375 0.977007
vn -0.0181952 0.998106 0.058764
vn 0.0124181 0.996629 0.081096
vn -0.994136 -0.106644 0.0178835
vn -0.141799 -0.0520529 0.988526
vn -0.228451 0.973554 0.00192301
vn -0.14247 -0.00178835 0.989798
vn -0.146846 -0.00554576 0.989144
vn -0.137313 0.0289637 0.990104
vn 0.159835 -0.0427644 0.986217
vn -0.404135 -0.286486 0.868678
vn -0.182153 -0.10655 0.97748
vn -0.134579 -0.0794537 0.987712
vn -0.183229 -0.0832439 0.979539
vn -0.156974 -0.0875581 0.983714
vn 0.903339 -0.0394057 0.427113
vn -0.980147 0.0199427 0.197265
vn -0.938807 -0.167106 0.301193
vn -0.958036 -0.109247 0.265014
vn -0.999706 0.010348 0.0219341
vn -0.933685 -0.0225319 0.357387
vn -0.915063 0.372947 0.153527
vn -0.983871 -0.0340695 0.175605
vn -0.933273 -0.0105282 0.359014
vn 0.0178983 -0.07035 0.997362
vn 0.996083 -0.0205581 0.0859949
vn 0.984613 -0.0190432 0.173706
vn 0.999878 0.0153416 0.00280852
vn 0.0775901 -0.00692154 -0.996961
vn 0.155638 -0.00200674 -0.987812
vn 0.879248 0.287696 -0.379675
vn 0.998627 -0.0400771 -0.0337277
vn 0.999067 -0.042686 0.00661192
vn 0.998113 0.0116544 -0.0602964
vn 0.883143 0.0132513 -0.468917
vn 0.999115 0.0179833 0.0380154
vn 0.997699 0.0025731 -0.0677513
vn 0.992573 -0.0176851 0.120358
vn 0.997581 0.014358 -0.0680171
vn 0.228685 0.0315666 -0.972989
vn 0.990849 0.0670667 -0.117132
vn 0.218856 0.974245 0.0543003
vn -0.0118258 0.999774 0.0176499
vn -0.0181291 0.999828 0.0039071
vn -0.0100793 0.999908 -0.0090719
vn 0.00465623 0.999937 0.0102495
vn 0.00236517 0.999934 0.011241
vn -0.245824 0.967347 0.0617366
vn -0.000793157 0.999997 -0.00224949
vn -0.0604126 -0.350018 -0.934793
vn -0.239375 -0.494026 -0.835846
vn -0.239375 -0.494026 -0.835846
vn -0.00092661 0.999737 -0.0229141
vn -0.00523395 0.999969 -0.00581162
vn 0.00325887 0.999995 -0.000420139
vn -0.0270428 0.999634 -0.000123587
vn -0.0285677 0.998417 -0.0484517
vn 0.027619 0.999586 0.00804791
vn -0.319465 0.947379 0.0203544
vn -0.174827 0.983712 -0.0417816
vn 0.00861496 0.999963 0.000106681
vn 0.0947464 0.995463 0.00875596
vn 0.0877021 0.996121 -0.00711791
vn 0.0396657 0.997259 -0.062465
vn 0.0167387 0.999535 -0.0255076
vn -0.00313999 0.999771 -0.0211855
vn -0.0109513 0.999874 0.0114608
vn -0.0703704 0.996623 0.042318
vn -0.0141257 0.999465 0.0294934
vn -0.00508672 0.999981 -0.00337648
vn 0.00131213 0.999992 -0.00389637
vn 0.00234341 0.999993 -0.00284151
vn -0.00766213 0.999966 0.00311859
vn -0.0015638 0.999967 -0.00793941
vn -0.0168937 0.999697 0.0179138
vn -0.0101103 0.999932 0.00579795
vn 0.936277 0.15594 -0.314751
vn -0.904885 0.0755933 0.41889
vn -0.904885 0.0755933 0.41889
vn -0.00941293 0.999944 0.00482501
vn -0.00774086 0.99997 0.00071054
vn 0.864429 -0.402512 -0.301242
vn 0.864429 -0.402512 -0.301242
vn -0.86732 -0.409522 0.282926
vn -0.104639 0.969119 -0.22329
vn -0.104639 0.969119 -0.22329
vn -0.731465 0.648361 0.211156
vn -0.385359 0.903293 0.188575
vn 0.993625 0.0137603 -0.111894
vn 0.973219 -0.0141417 -0.229446
vn 0.995821 -0.0913144 0.00139989
vn -0.966617 0.000359769 0.256224
vn -0.872622 -0.00839692 0.488324
vn 0.267253 0.926979 -0.263223
vn -0.071795 0.851079 0.520106
vn -0.0295897 0.997441 -0.0650791
vn -0.0660906 0.996458 0.0520018
vn 0.0215318 0.998473 -0.0508737
vn -0.00581134 0.999961 -0.00663485
vn -0.00660508 0.99919 0.0396984
vn 0.00639271 0.999956 0.00687176
vn -0.0316579 0.999318 0.0190123
vn 0.00752371 0.992817 0.119408
vn 0.00752371 0.992817 0.119408
vn 0.0660038 0.997176 -0.0358305
vn -0.175962 0.984352 0.00945615
vn -0.365241 -0.134251 0.921181
vn -0.0464648 -0.154371 0.98692
vn -0.029892 0.999154 -0.0282361
vn 0.104814 0.993526 0.0438113
vn -0.102401 0.989022 0.106532
vn -0.994136 -0.106644 0.0178835
vn -0.994136 -0.106644 0.0178835
vn -0.152134 -0.00566145 0.988344
vn -0.229841 0.960343 0.157844
vn -0.145803 -0.00415445 0.989305
vn -0.145038 0.0296664 0.988981
vn -0.144704 0.00579591 0.989458
vn 0.149646 0.170775 0.97388
vn -0.150918 -0.107071 0.982731
vn -0.0900887 -0.157005 0.98348
vn -0.169086 -0.101058 0.980407
vn -0.184969 -0.0919288 0.978435
vn -0.15674 -0.105061 0.982036
vn 0.866935 -0.00473055 0.498398
vn -0.978469 0.0571138 0.198334
vn -0.947293 -0.127541 0.293886
vn -0.984733 -0.172818 0.0208516
vn -0.949616 -0.219492 0.223725
vn -0.942248 -0.137224 0.305514
vn -0.986129 -0.101071 0.131659
vn -0.987174 -0.158373 -0.0201384
vn -0.283092 -0.444142 0.850057
vn -0.226201 0.0153813 0.973959
vn 0.991433 -0.0479073 0.121513
vn 0.994632 -0.052793 0.0889897
vn 0.999838 0.017975 -0.000310111
vn 0.0514658 -0.0181503 -0.99851
vn 0.314092 0.162365 -0.935406
vn 0.910845 -0.24769 -0.330169
vn 0.999057 0.0114316 -0.0418754
vn 0.998695 -0.0475838 -0.018561
vn 0.864629 -0.0819326 -0.495685
vn 0.998711 0.00866601 -0.0500143
vn 0.985928 -0.00470625 -0.167106
vn 0.999898 0.00031298 0.0142755
vn 0.996918 0.0066123 -0.0781772
vn 0.993521 -0.0169665 0.112376
vn 0.996366 -0.00563985 -0.0849921
vn 0.241775 0.00700305 -0.970307
vn 0.997532 0.0496357 0.0496553
vn 0.973242 0.154782 0.169834
vn 0.0698718 0.990176 0.121113
vn -0.0163705 0.999866 0.00100588
vn -0.0142756 0.999793 -0.014497
vn -0.00860142 0.999901 -0.0111287
vn -0.019702 0.9997 -0.0145649
vn 0.00177597 0.999723 -0.0234695
vn -0.191306 0.981521 0.00422989
vn 0.000379404 0.999797 0.020126
vn -0.987236 0.0721991 0.141958
vn 0.203785 -0.837852 -0.506434
vn -0.239375 -0.494026 -0.835846
vn -0.239375 -0.494026 -0.835846
vn 3.02912e-05 0.999945 -0.010468
vn 0.00087913 0.999993 0.00360805
vn -0.00208978 0.999777 0.0210162
vn 0.0184947 0.999537 0.0241796
vn 0.0747411 0.996579 0.0352683
vn 0.0318083 0.99948 -0.00524141
vn -0.251861 0.967096 -0.0359269
vn 0.0639829 0.997931 0.00639264
vn -0.169339 0.984385 0.0480606
vn 0.000330833 0.999938 0.0111155
vn 0.0872109 0.99619 0.000752974
vn 0.12268 0.991158 -0.0505526
vn 0.0396657 0.997259 -0.062465
vn 0.0396657 0.997259 -0.062465
vn -0.000362309 0.99982 -0.0189918
vn 0.000210789 0.999945 -0.0105099
vn -0.00948936 0.99994 0.00539588
vn -0.0444486 0.998393 0.0351649
vn -0.0340985 0.998892 0.0324505
vn -0.00715849 0.999797 0.0188099
vn 0.00186667 0.99999 -0.00403476
vn 0.00131189 0.999993 -0.00349119
vn -0.00248899 0.999995 0.00173045
vn -0.00790365 0.999964 0.00310599
vn -0.0153234 0.999802 0.0126929
vn -0.0108669 0.999937 0.00284156
vn 0.75232 0.147466 -0.642082
vn -0.816764 -0.120802 0.564184
vn -0.00934561 0.999949 0.0038646
vn -0.00545235 0.999971 0.00538474
vn 0.864429 -0.402512 -0.301242
vn 0.864429 -0.402512 -0.301242
vn -0.66829 -0.685283 0.289442
vn 0.884778 -0.367482 0.286576
vn -0.104639 0.969119 -0.22329
vn -0.247434 0.344076 -0.905753
vn 0.753739 0.564766 -0.336031
vn 0.281277 0.874762 0.394555
vn 0.950371 0.0221427 -0.31033
vn -0.99887 -0.0165518 -0.0445517
vn 0.972289 0.0318592 -0.231601
vn 0.952142 0.0533145 -0.30097
vn 0.94709 0.0251301 -0.319984
vn -0.952168 -0.0294413 0.304154
vn -0.883923 -0.0124257 0.467467
vn 0.285421 0.946056 -0.153338
vn -0.436348 0.557145 0.706534
vn 0.134117 0.146025 0.980148
vn -0.0258153 0.999186 -0.0310092
vn -0.0269609 0.999043 -0.0344298
vn -0.0227531 0.999723 0.00599069
vn -0.00654541 0.998901 0.0464186
vn -0.0117902 0.999898 -0.00809104
vn -0.01683 0.998724 0.0476192
vn -0.0340627 0.999361 -0.0107907
vn 0.0208404 0.999622 -0.0179262
vn -0.0504178 0.998121 -0.0348223
vn -0.22889 0.952898 0.198982
vn -0.263933 0.95229 -0.153244
vn -0.27081 -0.136391 0.952922
vn -0.155594 -0.017237 0.987671
vn -0.124883 0.978798 0.162354
vn 0.0777373 0.996388 -0.0341752
vn -0.140511 0.989204 0.0416137
vn -0.0204618 0.998581 0.0491705
vn -0.15138 -0.00381358 0.988468
vn -0.148395 0.0290371 0.988502
vn -0.140987 0.00112361 0.990011
vn -0.156831 0.0428349 0.986696
vn -0.0441616 0.0831812 0.995556
vn -0.190083 -0.139874 0.971753
vn -0.212958 -0.109916 0.970859
vn -0.220248 -0.115061 0.968634
vn -0.270957 -0.251821 0.929069
vn -0.207534 -0.0776136 0.975144
vn 0.830314 -0.0882768 0.55026
vn -0.936272 -0.222088 0.272161
vn -0.939514 -0.138948 0.313061
vn -0.937684 -0.188152 0.292143
vn -0.931534 -0.357513 -0.0665538
vn -0.925779 -0.330711 0.183205
vn -0.947306 -0.207638 0.243923
vn -0.208043 -0.114457 0.9714
vn 0.164464 -0.982975 0.0819287
vn 0.983398 -0.144879 0.10926
vn 0.945761 -0.15881 0.283399
vn 0.999877 0.00647922 0.0142629
vn 0.99572 -0.0892294 -0.0240726
vn 0.99994 0.00924564 -0.00583317
vn 0.0157117 -0.0323586 -0.999353
vn 0.528486 -0.0146144 -0.848817
vn 0.99385 0.0205052 -0.108818
vn 0.998604 0.00879404 -0.0520825
vn 0.99981 0.00803901 -0.0177327
vn 0.815591 -0.0690747 -0.574491
vn 0.990203 -0.138869 -0.0146089
vn 0.988043 0.00479001 -0.154103
vn 0.998614 -0.00519174 -0.052377
vn 0.994835 -0.0251917 -0.0983264
vn 0.994943 -0.00441969 0.100344
vn 0.99638 -0.0258911 -0.080974
vn 0.240477 0.00485843 -0.970643
vn 0.996179 -0.033579 0.0806255
vn 0.985506 0.0952197 0.140399
vn -0.0159929 0.999852 0.00641959
vn -0.014875 0.999668 -0.0210577
vn -0.0168442 0.999857 -0.00152087
vn -0.00388573 0.999671 -0.025352
vn -0.00932622 0.999922 -0.0083039
vn -0.0116374 0.998956 -0.0441774
vn -0.161066 0.986928 0.00550835
vn -0.0114036 0.999928 0.00386709
vn -0.955662 -0.219704 0.196061
vn -0.979787 0.115482 0.163344
vn -0.439935 0.688405 -0.576676
vn -0.239375 -0.494026 -0.835846
vn 0.146609 -0.639318 -0.754837
vn 0.00501952 0.999884 0.0143629
vn 0.0157012 0.999668 0.0204315
vn -0.00786749 0.999203 0.0391383
vn 0.088582 0.990136 0.108551
vn 0.0925964 0.995576 -0.0159241
vn 0.0329022 0.999369 -0.013355
vn 0.753308 0.559084 -0.346341
vn -0.00631565 0.999968 0.00492552
vn 0.0828069 0.996398 -0.0182754
vn 0.0267587 0.998658 -0.0443532
vn 0.101269 0.992791 -0.0641143
vn 0.00601726 0.999955 -0.00736837
vn 0.00640358 0.999811 0.0183529
vn -0.0108367 0.99994 0.00177655
vn -0.0193375 0.999691 0.015608
vn -0.045058 0.997488 0.0546617
vn -0.00778075 0.999797 0.0185838
vn -0.00106197 0.999961 0.00877879
vn 0.00124994 0.999992 -0.00381914
vn 0.0014553 0.999992 -0.00381457
vn -0.00402253 0.999939 0.0102623
vn 0.000998691 0.999975 -0.00698906
vn -0.0115505 0.999933 0.000427389
vn -0.298158 -0.141944 0.943903
vn 0.253506 0.00604005 0.967315
vn -0.93709 -0.11782 0.328604
vn -0.0108119 0.999941 0.000724355
vn -0.00863448 0.999959 0.00258206
vn 0.864429 -0.402512 -0.301242
vn -0.66829 -0.685283 0.289442
vn -0.66829 -0.685283 0.289442
vn 0.739222 0.211242 0.639474
vn -0.0154423 0.418807 -0.907944
vn 0.753739 0.564766 -0.336031
vn 0.753739 0.564766 -0.336031
vn 0.284847 0.911423 -0.296935
vn 0.961272 -0.0408558 -0.272556
vn 0.969026 0.00395543 -0.246927
vn 0.986381 0.0217807 -0.163028
vn -0.949176 -0.00701307 0.314668
vn -0.876099 0.00159802 0.482129
vn 0.216114 0.970714 -0.104928
vn -0.480886 -0.0108653 0.876716
vn -0.742779 -0.0704163 0.665823
vn -0.742779 -0.0704163 0.665823
vn -0.0353632 0.999308 -0.0115429
vn 0.00586204 0.999564 -0.0289556
vn -0.0365702 0.998637 0.037228
vn -0.00440725 0.999988 -0.00215932
vn 0.00296042 0.999929 -0.0115765
vn -0.00728597 0.999973 0.00134164
vn -0.0194316 0.998285 0.0552227
vn -0.014275 0.999896 0.0018929
vn -0.0584538 0.995088 -0.0798936
vn -0.0397109 0.997925 0.0506785
vn 0.131767 0.98054 0.145526
vn -0.163998 -0.0181327 0.986294
vn -0.231691 0.018037 0.972622
vn -0.167898 -0.00425816 0.985795
vn 0.0594759 0.992136 0.110129
vn -0.026153 0.999477 0.019019
vn -0.0132369 0.994498 0.103915
vn 0.0352412 0.989309 0.141509
vn -0.0920899 -0.725545 0.681985
vn -0.148169 0.0305844 0.988489
vn -0.146872 0.00654864 0.989134
vn -0.139778 0.0372332 0.989483
vn -0.172364 0.00645309 0.985012
vn -0.0951191 0.285383 0.953682
vn -0.177673 -0.130871 0.975349
vn -0.306101 0.00398476 0.951991
vn -0.134556 0.84645 0.515187
vn 0.943503 0.202617 0.262198
vn -0.254412 0.0532162 0.965631
vn -0.915626 -0.110497 0.386548
vn -0.924533 -0.197792 0.325756
vn -0.916611 -0.313059 0.248632
vn -0.922734 -0.334369 0.191727
vn -0.130435 0.984497 0.117274
vn -0.185231 -0.0612079 0.980787
vn -0.137376 -0.165514 0.976593
vn 0.170627 -0.985158 0.0186866
vn 0.963376 -0.267481 0.0190108
vn 0.830463 -0.556062 0.0335593
vn 0.999999 0.00144231 0.000612581
vn 0.999976 -0.00132961 -0.00687294
vn 0.997791 -0.0662616 -0.00480807
vn 0.99993 0.00885859 -0.00782442
vn -0.00428192 -0.0212737 -0.999765
vn 0.465612 -0.0580966 -0.88308
vn 0.990378 0.13698 -0.0196925
vn 0.975692 0.0828854 -0.202869
vn 0.998566 -0.00764422 -0.0529944
vn 0.999909 0.0116615 -0.00681967
vn 0.758142 -0.0034138 -0.65208
vn 0.995096 -0.0976535 -0.0157591
vn 0.988609 -0.123616 -0.0858566
vn 0.988452 0.00240745 -0.151515
vn 0.99817 -0.00481572 -0.0602757
vn 0.994936 -0.0587006 0.081585
vn 0.993776 -0.0275169 -0.107948
vn 0.292988 0.0665476 -0.953797
vn 0.995869 -0.0595142 0.0685789
vn 0.985111 -0.00363111 0.171882
vn 0.474051 0.133104 -0.870378
vn -0.0238899 0.999419 -0.0243212
vn 0.0101971 0.999703 0.022147
vn -0.0117877 0.999891 0.0089066
vn -0.00228066 0.999949 -0.00987011
vn -0.00334513 0.99971 -0.023863
vn -0.0228686 0.999055 -0.0369713
vn -0.00985046 0.999533 -0.0289131
vn -0.129719 0.991127 0.0289754
vn -0.0129175 0.999819 -0.0139577
vn -0.944321 -0.0198598 0.328425
vn -0.975154 0.0801966 0.206502
vn -0.996502 0.0359547 0.0754412
vn -0.214899 0.955981 -0.199798
vn -0.202444 0.803359 -0.560027
vn 0.146609 -0.639318 -0.754837
vn 0.146609 -0.639318 -0.754837
vn 0.0211344 0.999141 0.0356548
vn 0.0144213 0.999592 0.0246681
vn -0.0706315 0.991492 0.10934
vn 0.0960472 0.994453 -0.0428653
vn 0.0899871 0.99578 -0.0180235
vn 0.10044 0.989737 -0.101651
vn -0.0145142 0.999848 -0.00967152
vn 0.126657 0.989852 -0.0644327
vn 0.0124226 0.999889 -0.00821001
vn 0.0497104 0.998539 0.0211639
vn 0.0243858 0.99933 0.0272837
vn 0.00730547 0.99899 0.0443372
vn -0.0116943 0.999931 0.00107047
vn -0.0120704 0.999927 8.27585e-05
vn -0.0359414 0.998678 0.0367567
vn -0.0149706 0.999113 0.0393609
vn -0.00541355 0.999761 0.0211669
vn 0.000982427 0.999996 0.00277747
vn 0.00136933 0.999992 -0.00365488
vn -0.000180732 0.999998 -0.00197538
vn -0.00532537 0.999887 0.014062
vn -0.00836213 0.999905 -0.0109509
vn -0.298158 -0.141944 0.943903
vn -0.298158 -0.141944 0.943903
vn 0.967785 -0.162105 0.192652
vn 0.0938819 -0.158272 0.982922
vn 0.0938819 -0.158272 0.982922
vn 0.0938819 -0.158272 0.982922
vn -0.011283 0.999792 -0.0169747
vn -0.014041 0.999757 -0.0169991
vn 0.739222 0.211242 0.639474
vn 0.739222 0.211242 0.639474
vn 0.0938819 -0.158272 0.982922
vn 0.695758 0.273805 -0.664042
vn 0.739222 0.211242 0.639474
vn 0.997101 -0.0607564 -0.0458039
vn 0.979455 0.0213417 -0.200532
vn 0.965557 0.0283263 -0.258645
vn 0.967762 0.00282102 -0.251851
vn 0.966629 -0.00946692 -0.256005
vn -0.961843 0.00103364 0.273601
vn -0.859465 -0.0107189 0.511081
vn 0.0112706 0.589165 0.807934
vn -0.742779 -0.0704163 0.665823
vn -0.0653817 0.996975 0.0420263
vn -0.0380404 0.996823 -0.0699797
vn -0.00164698 0.999311 -0.0370784
vn -0.0179183 0.999659 0.0190052
vn -0.00448989 0.999989 -0.00151437
vn 0.00318938 0.999966 0.00761917
vn -0.0189159 0.999799 0.00664515
vn -0.0156009 0.99826 0.0568651
vn -0.0594317 0.997687 0.0329949
vn 0.0469769 0.992134 -0.11603
vn -0.131736 0.990546 0.0382537
vn 0.0730259 0.996692 -0.0356684
vn -0.176635 0.0103693 0.984222
vn -0.151497 -0.00180421 0.988456
vn -0.21231 0.0952905 0.972545
vn -0.167034 0.035235 0.985321
vn -0.0464279 0.998151 0.039237
vn -0.0523418 0.998174 0.0301403
vn 0.0692344 0.997208 0.0279919
vn -0.168331 -0.754751 0.634047
vn 0.106469 0.990712 0.0845778
vn -0.145979 0.00837673 0.989252
vn -0.144188 0.0353835 0.988918
vn -0.142142 -0.00423333 0.989837
vn -0.380885 0.0716218 0.921844
vn -0.137887 0.0940658 0.985971
vn -0.180917 0.67711 0.713296
vn -0.484273 -0.614993 0.622305
vn 0.943503 0.202617 0.262198
vn 0.943503 0.202617 0.262198
vn 0.299405 0.782069 0.546557
vn -0.154194 0.125556 0.980031
vn -0.719802 -0.0859394 0.688839
vn -0.900929 -0.288433 0.324242
vn -0.212212 0.008819 0.977184
vn -0.137376 -0.165514 0.976593
vn -0.137376 -0.165514 0.976593
vn 0.155114 -0.987794 0.0142599
vn 0.948466 -0.316857 0.00374559
vn 0.856291 -0.514823 -0.0415047
vn 0.999943 0.00441665 -0.00970898
vn 0.999929 -0.00677162 -0.00980995
vn 0.999981 -0.00382334 -0.00488289
vn 0.997978 -0.0634879 -0.00289738
vn 0.999934 0.00799129 -0.00825214
vn -0.0144267 -0.0392806 -0.999124
vn 0.320148 -0.0702428 -0.94476
vn 0.995704 -0.00974502 0.0920775
vn 0.999974 -0.00698713 -0.00170353
vn 0.998712 -0.00766982 -0.0501464
vn 0.707816 0.0188006 -0.706146
vn 0.999594 -0.0283955 -0.00242488
vn 0.996441 -0.0723602 -0.0432473
vn 0.992887 -0.103114 0.0595231
vn 0.989031 -0.00373755 -0.147664
vn 0.997775 -0.00433148 -0.0665238
vn 0.990723 -0.059584 -0.122136
vn 0.30228 -0.0531669 -0.951735
vn 0.973856 -0.0496194 0.221681
vn 0.98702 -0.0490574 0.15292
vn 0.520697 0.0673357 -0.851082
vn -0.0141676 0.999866 0.00819644
vn -0.0244998 0.999592 -0.0146829
vn 0.0135143 0.999893 -0.0055487
vn -0.00568768 0.999976 -0.00402351
vn -0.00618591 0.999523 -0.0302443
vn -0.00457862 0.999564 -0.0291764
vn -0.0241555 0.999308 -0.0282709
vn -0.00517481 0.999943 -0.00934945
vn -0.139395 0.990149 -0.0131591
vn -0.00952134 0.999657 -0.0244156
vn -0.071397 0.996999 0.0299124
vn -0.0499312 0.998 0.0387669
vn -0.986343 0.164673 -0.0033664
vn -0.972169 -0.166644 0.164671
vn -0.915712 0.03322 0.40046
vn -0.293077 0.0402425 -0.955242
vn -0.0953452 0.753447 -0.650559
vn 0.0231302 0.999672 0.0109965
vn -0.00640699 0.999752 0.0213539
vn -0.108398 0.994108 0.000161669
vn 0.0600105 0.997802 -0.0281202
vn 0.10255 0.99444 -0.0239361
vn -0.0179284 0.999839 0.000998518
vn 0.110294 0.991475 -0.0693724
vn 0.0230077 0.998842 0.042248
vn 0.0282545 0.999499 0.0142855
vn 0.0224722 0.999392 0.0266511
vn 0.00186691 0.999935 0.0112231
vn -0.0114808 0.999934 9.6258e-05
vn -0.0178035 0.999758 0.012918
vn -0.0114593 0.999924 -0.00450392
vn -0.0313932 0.998584 0.0429468
vn -0.00844113 0.999704 0.022807
vn -0.00159803 0.999867 0.0162587
vn 0.00198814 0.999997 0.00137432
vn 0.00157505 0.999993 -0.00346814
vn -0.00320047 0.999989 0.00342201
vn -0.00366889 0.999987 -0.00361092
vn 0.695758 0.273805 -0.664042
vn 0.0938819 -0.158272 0.982922
vn -0.00820152 0.999965 -0.00162427
vn -0.014425 0.999896 0.000811054
vn 0.739222 0.211242 0.639474
vn 0.695758 0.273805 -0.664042
vn 0.985767 0.0655081 -0.154827
vn 0.976175 0.00664273 -0.216884
vn 0.984839 7.50264e-05 -0.173474
vn 0.968999 0.00618947 -0.246986
vn -0.964599 0.0359942 0.261253
vn -0.864891 0.0139416 0.501766
vn -0.4027 0.270518 0.874444
vn -0.246019 0.583025 0.77431
vn 0.25568 0.236224 0.937457
vn -0.557383 0.0377173 0.829398
vn -0.0139347 0.999846 0.0106933
vn -0.02898 0.995231 0.0931406
vn 0.02038 0.99615 -0.0852591
vn -0.0322593 0.99948 0.000303397
vn -0.00193859 0.999966 0.0079783
vn -0.0126693 0.999919 0.00144986
vn -0.00291199 0.999978 0.00591898
vn -0.0091905 0.999899 0.01081
vn -0.0251499 0.997746 0.0622167
vn 0.0257239 0.997618 0.0640079
vn 0.0313111 0.997467 0.0638639
vn -0.263391 0.890505 -0.37098
vn -0.263391 0.890505 -0.37098
vn -0.179732 0.0439264 0.982734
vn -0.162122 -0.00391427 0.986763
vn -0.154862 0.0332035 0.987378
vn -0.117215 0.163028 0.979634
vn -0.157956 0.0137046 0.987351
vn -0.2028 0.972585 -0.113804
vn -0.0132575 0.999074 0.0409354
vn 0.0200516 0.999141 0.0362556
vn 0.0012288 0.999985 -0.00538286
vn 0.200889 -0.172098 0.964378
vn 0.0900162 0.987979 -0.125675
vn -0.148808 0.0331186 0.988311
vn -0.145453 -0.00519321 0.989352
vn -0.166674 -0.118088 0.978915
vn 0.241592 0.0267527 0.970009
vn -0.191034 0.485834 0.852919
vn -0.363377 -0.502198 0.7847
vn -0.484273 -0.614993 0.622305
vn -0.484273 -0.614993 0.622305
vn 0.943503 0.202617 0.262198
vn 0.982661 -0.0100155 -0.185143
vn 0.943503 0.202617 0.262198
vn 0.923983 0.248587 -0.290618
vn -0.195811 -0.0319665 0.980121
vn -0.207153 -0.150559 0.966654
vn 0.142142 -0.989833 0.0050844
vn 0.947386 -0.320092 0.000601805
vn 0.883561 -0.467161 -0.0328665
vn 0.9999 -0.00162263 -0.0140746
vn 0.999842 0.00330291 -0.0174714
vn 0.999891 -0.0116709 -0.00908404
vn 0.999977 -0.00586008 -0.0034637
vn 0.997413 -0.0718564 0.00190963
vn 0.999582 0.020844 -0.0200212
vn 0.0129313 0.00354059 -0.99991
vn 0.332209 -0.0607943 -0.941245
vn 0.942145 -0.187653 0.277759
vn 0.990312 0.0242878 -0.136723
vn 0.99999 -0.00425134 0.00117752
vn 0.69838 0.0186345 -0.715485
vn 0.998724 -0.00812976 -0.0498494
vn 0.999993 0.000218626 -0.00380552
vn 0.999549 -0.0197668 -0.0226076
vn 0.996729 -0.0531358 0.0608894
vn 0.990365 -0.0938229 -0.101859
vn 0.990317 -0.00418492 -0.138763
vn 0.997447 -0.00556387 -0.0711925
vn 0.242668 -0.0123905 -0.97003
vn 0.977194 -0.0127163 0.211966
vn 0.62682 -0.00245145 -0.77916
vn 0.949001 -0.307987 0.0673894
vn -0.0206415 0.999742 -0.00946266
vn 0.0349121 0.999205 0.0192567
vn 0.00472277 0.999988 0.000857989
vn -0.0149621 0.999481 -0.0285465
vn -0.0105221 0.999398 -0.0330705
vn -0.0148923 0.999635 -0.0225379
vn -0.0147837 0.999796 -0.0137881
vn -0.00735332 0.999705 -0.0231669
vn -0.127877 0.991739 0.0100387
vn -0.0226826 0.999684 -0.0108747
vn -0.964397 0.104852 0.242783
vn -0.952875 0.0954451 0.287957
vn 0.155521 0.987628 0.0201226
vn -0.966203 0.22424 0.127155
vn -0.941874 -0.23464 0.240454
vn -0.904844 0.0699438 0.419959
vn -0.323891 -0.0190747 -0.945902
vn -0.199648 -0.0227011 -0.979605
vn -0.0669769 0.598063 -0.798646
vn 0.0194231 0.999791 0.0063345
vn -0.0150664 0.999441 0.0298364
vn -0.0699565 0.997253 -0.0243633
vn 0.0277894 0.999372 -0.0219873
vn 0.0061514 0.999422 -0.0334203
vn 0.0270869 0.997217 -0.0694555
vn 0.0438167 0.99904 0.000407225
vn 0.0225673 0.999648 0.0139334
vn 0.0229221 0.999736 -0.00149351
vn 0.0061281 0.99992 0.0110558
vn 0.00857664 0.999869 0.0137489
vn -0.010054 0.999948 -0.00190999
vn -0.00878291 0.999961 -0.000336881
vn -0.0277894 0.999054 0.0334615
vn -0.00705904 0.999974 -0.00146277
vn -0.0153046 0.999373 0.0319337
vn -0.00481546 0.99979 0.0199386
vn 0.000568402 0.999946 0.010401
vn 0.00259022 0.999996 0.00148478
vn 0.00066689 0.999998 -0.00182472
vn -0.00192301 0.999828 0.0184658
vn -0.00208624 0.999899 0.0140541
vn -0.00471749 0.999988 -0.00140256
vn 0.980502 0.0197867 -0.19551
vn 0.977413 -0.00791906 -0.211192
vn 0.982129 -0.00285738 -0.188189
vn 0.966344 0.00203273 -0.257244
vn -0.967131 0.00921699 0.254113
vn -0.979369 0.000434688 0.20208
vn -0.846993 0.0475711 0.529472
vn -0.352082 0.0566396 0.934254
vn -0.230373 0.224562 0.946837
vn 0.0173467 0.0979023 0.995045
vn -0.00751386 0.999916 0.0105923
vn -0.00899563 0.999856 0.0143611
vn -0.0196253 0.995087 0.0970374
vn -0.0380089 0.993408 -0.10815
vn 0.00220031 0.999997 0.00135216
vn -0.0120469 0.999895 0.00800896
vn -0.00972387 0.999948 0.00304366
vn -0.00327096 0.999994 0.00103239
vn -0.0174346 0.99982 0.00751001
vn 0.00659672 0.998456 0.0551559
vn 0.151223 0.988447 -0.0102125
vn -0.043809 0.145513 0.988386
vn 0.228852 0.970234 -0.0791985
vn -0.263391 0.890505 -0.37098
vn -0.263391 0.890505 -0.37098
vn -0.0956875 0.0544274 0.993922
vn -0.159056 -0.000350935 0.98727
vn -0.163271 0.0309765 0.986095
vn -0.155013 0.0255256 0.987583
vn -0.0647634 0.715011 0.696107
vn 0.122496 0.0943801 0.987971
vn -0.150314 0.0321969 0.988114
vn -0.951712 -0.306849 0.00935415
vn -0.940369 -0.105266 0.323459
vn 0.21829 0.975505 -0.0271932
vn -0.0115987 0.998764 0.0483409
vn -0.00616963 0.999965 0.00562046
vn 0.0132307 0.999834 0.0125257
vn 0.923102 -0.209408 0.322538
vn -0.162978 0.0855381 0.982915
vn 0.198925 0.940385 -0.275873
vn -0.141407 0.115311 0.983213
vn -0.146397 -0.000385814 0.989226
vn -0.137497 -0.126541 0.982386
vn 0.0136411 -0.988277 -0.152061
vn 0.360453 0.00416116 0.932768
vn 0.0847544 0.126843 0.988295
vn -0.274025 -0.479464 0.833681
vn 0.0128663 -0.957471 -0.288242
vn -0.484273 -0.614993 0.622305
vn -0.442924 -0.88923 0.114405
vn -0.484273 -0.614993 0.622305
vn 0.923983 0.248587 -0.290618
vn -0.490873 0.126517 0.861996
vn -0.442924 -0.88923 0.114405
vn 0.923983 0.248587 -0.290618
vn -0.161971 -0.0211069 0.98657
vn -0.195355 -0.152816 0.968754
vn 0.128158 -0.991741 -0.00492936
vn 0.956639 -0.291274 0.00063389
vn 0.912346 -0.403841 -0.067362
vn 0.949726 -0.302699 -0.0799647
vn 0.999796 -0.00451715 -0.0197097
vn 0.999868 -0.00665109 -0.0148396
vn 0.999421 -0.00417575 -0.0337822
vn 0.99991 -0.0132022 -0.00255478
vn 0.999963 -0.00594178 -0.00623622
vn 0.996626 -0.0817984 -0.00682621
vn 0.212518 -0.976956 0.0198165
vn 0.0382462 -0.128189 -0.991012
vn -0.0580016 -0.979852 -0.19112
vn 0.907719 -0.0958189 0.40849
vn 0.99924 0.0182056 -0.0344818
vn 0.994686 0.0828348 0.0611332
vn 0.999947 -0.00384241 0.00955644
vn 0.709188 0.00893053 -0.704962
vn 0.999949 -0.00546747 -0.00848568
vn 0.998711 -0.0076974 -0.0501656
vn 0.999905 -0.00133842 -0.0137216
vn 0.998189 -0.0292171 0.0525814
vn 0.994394 -0.0466804 -0.0948741
vn 0.991489 -0.00650534 -0.130027
vn 0.997375 -0.00397903 -0.0722997
vn 0.188503 -0.00668889 -0.98205
vn 0.990725 -0.07877 0.110726
vn 0.639741 0.0245949 -0.768197
vn 0.996878 -0.0431325 -0.0661387
vn -0.00259832 0.999657 -0.0260591
vn -0.00222514 0.999801 -0.0198022
vn -0.00887137 0.999741 -0.020936
vn -0.0168659 0.999514 -0.0262184
vn -0.00601674 0.999742 -0.0218919
vn -0.0285758 0.999341 -0.0223854
vn -0.010022 0.999667 -0.0237732
vn 0.00504912 0.998518 -0.0541907
vn -0.416686 0.0169455 -0.908892
vn 0.000662676 0.999997 0.00234123
vn -0.970445 0.0327936 0.239086
vn -0.972376 0.117162 0.201884
vn -0.960722 0.0255084 0.276337
vn 0.428597 0.857949 0.283247
vn -0.945372 0.234841 0.226102
vn 0.428597 0.857949 0.283247
vn -0.945372 0.234841 0.226102
vn -0.934697 0.0275392 0.354378
vn -0.298882 -0.0215046 -0.954048
vn -0.218768 -0.0159615 -0.975646
vn -0.179175 -0.0369784 -0.983122
vn -0.173252 0.498679 -0.849296
vn 0.0125907 0.999738 0.0191284
vn 0.00968283 0.999932 -0.00648666
vn -0.0393203 0.999211 -0.0055442
vn 0.0148174 0.992916 -0.117892
vn -0.262508 0.343757 -0.901621
vn 0.0498403 0.997654 -0.0469226
vn 0.0196191 0.999708 -0.0141314
vn 0.0190329 0.999804 0.00552442
vn 0.0156234 0.99987 -0.00410689
vn 0.00500507 0.999823 0.0181212
vn 0.0119792 0.999889 0.0089188
vn -0.00492448 0.99998 0.00400108
vn -0.00949216 0.999955 -0.000814376
vn -0.016986 0.999837 0.00616695
vn -0.0404822 0.99888 0.0244967
vn -0.00715352 0.999874 0.0141996
vn -0.00993395 0.99974 0.0205438
vn -0.000900332 0.999821 0.0189029
vn 0.00134185 0.999982 0.00577122
vn 0.00253239 0.999995 0.00182293
vn -0.00371533 0.999924 -0.0117761
vn 0.00400165 0.99977 -0.0210874
vn 0.023356 0.998305 -0.0533019
vn 0.978994 -0.0163031 -0.203236
vn 0.9812 0.0055429 -0.192912
vn 0.978038 -0.0229587 -0.207158
vn 0.97921 0.0891756 -0.182195
vn -0.967124 -0.00585524 0.254239
vn -0.944595 0.0563956 0.323356
vn -0.995207 -0.0401044 -0.0891925
vn -0.897979 0.00477249 0.440012
vn -0.120882 -0.0256034 0.992337
vn -0.0456785 0.00637032 0.998936
vn -0.00735466 0.999973 -0.000476913
vn -0.0129887 0.999854 0.011105
vn -0.0331459 0.993542 0.108512
vn -0.0167472 0.991086 -0.132167
vn -0.00753483 0.999928 0.00933642
vn -0.0122191 0.999914 0.00488408
vn -0.0175998 0.999836 0.00424062
vn -0.000944801 0.999993 0.00353977
vn 0.021862 0.999701 -0.0109949
vn 0.0570985 0.998265 0.0143664
vn 0.228852 0.970234 -0.0791985
vn -0.0853535 0.996255 -0.0138011
vn -0.144563 0.989457 -0.00871572
vn -0.88994 -0.183797 0.417404
vn 0.228852 0.970234 -0.0791985
vn -0.263391 0.890505 -0.37098
vn 0.467173 0.881141 -0.0730668
vn -0.00262552 0.0144644 0.999892
vn -0.132715 -0.0257995 0.990818
vn -0.154629 0.0320424 0.987453
vn -0.162706 0.0274537 0.986293
vn -0.149507 0.0345066 0.988158
vn 0.264008 0.0589493 0.962717
vn -0.134439 0.0116959 0.990853
vn -0.152026 0.00237337 0.988374
vn -0.773261 -0.114156 0.623727
vn -0.940369 -0.105266 0.323459
vn -0.940369 -0.105266 0.323459
vn 0.494203 0.316097 -0.809843
vn 0.0539736 0.970539 0.234822
vn -0.00477399 0.998607 0.0525407
vn 0.0211062 0.999736 -0.00907601
vn 0.107415 0.992228 0.0628071
vn -0.0602734 -0.022112 0.997937
vn -0.162978 0.0855381 0.982915
vn -0.162978 0.0855381 0.982915
vn -0.0909616 0.124923 0.987988
vn -0.123841 0.0524727 0.990914
vn -0.129351 -0.0963762 0.986904
vn -0.0576109 -0.998309 -0.00771907
vn -0.0284811 -0.977365 0.209634
vn 0.360453 0.00416116 0.932768
vn 0.360453 0.00416116 0.932768
vn 0.092167 -0.395766 0.913715
vn -0.230054 -0.427758 0.874127
vn 0.0862269 -0.990705 -0.105209
vn -0.490873 0.126517 0.861996
vn -0.442924 -0.88923 0.114405
vn -0.490873 0.126517 0.861996
vn -0.490873 0.126517 0.861996
vn -0.442924 -0.88923 0.114405
vn -0.254422 0.0710617 0.964479
vn -0.0936346 -0.178868 0.979407
vn 0.128254 -0.991663 -0.012441
vn 0.963513 -0.267534 -0.00826754
vn 0.933099 -0.358546 -0.0277692
vn 0.960162 -0.255915 -0.112234
vn 0.996292 -0.0158066 -0.0845703
vn 0.998982 -0.0297994 -0.0338652
vn 0.99985 -0.00643291 -0.0160621
vn 0.999932 -0.0113672 -0.0027904
vn 0.141253 -0.988781 0.0485877
vn 0.999839 -0.015276 -0.00939975
vn 0.999961 -0.00509906 -0.00720285
vn 0.996498 -0.083617 -0.000407695
vn 0.200626 -0.979454 -0.0204534
vn -0.0731985 -0.997292 0.00718868
vn -0.0231598 -0.996923 -0.0748828
vn -0.0514383 -0.995508 0.0794881
vn 0.0851361 -0.991186 -0.101497
vn 0.997185 -0.0418643 0.0622066
vn 0.986621 0.127693 0.101361
vn 0.998373 0.0502643 -0.0269199
vn 0.999859 -0.00887048 0.0142467
vn 0.719575 0.0136861 -0.69428
vn 0.999909 -0.00408191 -0.0128897
vn 0.999929 -0.00550634 -0.0105626
vn 0.998329 -0.0105501 -0.056815
vn 0.999595 -0.0128009 0.0254262
vn 0.995293 -0.0339018 -0.0907936
vn 0.993605 -0.0186847 -0.111357
vn 0.974705 -0.218224 -0.0482475
vn 0.13755 -0.0079276 -0.990463
vn 0.999546 0.0151038 -0.0260816
vn 0.997536 -0.0699029 0.00599644
vn 0.581139 -0.124869 -0.804167
vn 0.996766 -0.0374962 -0.0710758
vn 0.994839 -0.0493537 0.0886597
vn -0.0245996 0.999192 -0.0317753
vn 0.00715112 0.999971 0.0024633
vn -0.0208185 0.999589 -0.0196887
vn -0.0260874 0.999534 -0.0158648
vn -0.00532476 0.999649 -0.0259339
vn -0.0226123 0.999621 -0.0157343
vn -0.0064859 0.996503 -0.083305
vn -0.148215 0.0618291 -0.98702
vn -0.30417 0.110823 -0.94615
vn -0.969347 0.0214869 0.244753
vn -0.97902 0.0244259 0.202293
vn -0.970802 -0.0022325 0.239874
vn 0.428597 0.857949 0.283247
vn -0.945372 0.234841 0.226102
vn 0.428597 0.857949 0.283247
vn -0.937632 0.00915946 0.34751
vn -0.291723 -0.00427969 -0.956493
vn -0.226354 -0.00822927 -0.97401
vn -0.183136 -0.0245302 -0.982782
vn -0.216278 -0.0482541 -0.975139
vn 0.0763962 0.618019 -0.782443
vn -0.00402281 0.99988 0.0149694
vn 0.0352661 0.999335 0.00932132
vn -0.0109238 0.99618 -0.0866356
vn -0.1874 -0.0077359 -0.982253
vn -0.164866 0.292684 -0.941889
vn -0.455634 -0.172589 -0.873276
vn 0.0114178 0.999514 -0.0290175
vn 0.0114092 0.999913 -0.0066241
vn 0.00844611 0.99993 0.00831285
vn 0.0114725 0.999918 0.0056819
vn 0.000222254 0.999972 0.00744247
vn 0.0110104 0.99992 0.00630517
vn -0.00788648 0.999963 0.00357847
vn -0.00691677 0.999937 0.00889788
vn -0.00976931 0.999952 0.000897672
vn -0.039584 0.998669 0.0330675
vn -0.00975122 0.999911 0.00910867
vn -0.00938621 0.999949 -0.00382431
vn -0.00283861 0.9999 0.0138474
vn -0.00020261 0.999842 0.0177981
vn 0.00128652 0.999997 0.00231922
vn 0.0243385 0.999653 -0.0100617
vn 0.0246015 0.998191 -0.0548586
vn 0.0287994 0.997981 -0.056604
vn 0.956518 0.0985533 -0.274519
vn 0.980853 0.0163105 -0.194065
vn 0.950294 0.128379 -0.283655
vn -0.963554 -0.0235474 0.266474
vn -0.993701 -0.00228024 -0.112037
vn -0.959307 -0.0252613 0.281234
vn -0.090242 0.0958883 0.991293
vn -0.0974288 0.0789818 0.992104
vn -0.00740047 0.999945 0.00742677
vn -0.0134172 0.999907 0.0025303
vn -0.0135825 0.999886 0.00660269
vn -0.0256781 0.990033 0.138475
vn 0.007108 0.989319 -0.145595
vn -0.012609 0.999783 0.0165979
vn -0.0141358 0.999891 0.00421334
vn -0.00834896 0.99996 -0.00315845
vn -4.97881e-05 1 0.00104661
vn 0.00954157 0.999933 0.00656925
vn -0.021948 0.999662 -0.0139522
vn -0.0338731 0.999421 0.00330155
vn -0.88994 -0.183797 0.417404
vn -0.88994 -0.183797 0.417404
vn 0.79994 0.599883 0.0153931
vn -0.0753628 0.995124 0.0636345
vn -0.0344947 0.00491266 0.999393
vn -0.14411 0.0045964 0.989551
vn 0.0320315 -0.0104394 0.999432
vn -0.17059 0.0290978 0.984912
vn -0.151694 0.0308177 0.987947
vn -0.156554 0.0443178 0.986675
vn -0.146855 0.00142131 0.989157
vn 0.264008 0.0589493 0.962717
vn 0.264008 0.0589493 0.962717
vn -0.148055 0.00417665 0.98897
vn -0.0633647 0.0734935 0.995281
vn -0.152163 -0.0772795 0.98533
vn -0.117405 -0.0564564 0.991478
vn -0.609954 -0.477121 0.632702
vn -0.940369 -0.105266 0.323459
vn 0.0958102 0.542912 -0.834306
vn -0.940369 -0.105266 0.323459
vn 0.04864 0.0132191 0.998729
vn 0.00238816 0.943661 0.330904
vn -0.0151452 0.998811 0.0463352
vn 0.13634 0.990661 -0.00156214
vn 0.771801 -0.614594 0.163085
vn -0.134534 0.0362048 0.990247
vn -0.140632 0.0134722 0.98997
vn -0.0261156 -0.992706 0.117696
vn -0.00838076 -0.977717 0.209759
vn 0.0109254 -0.999456 0.0311154
vn 0.0155135 -0.9902 0.138794
vn -0.271707 -0.527696 0.804806
vn -0.250159 -0.539033 0.804278
vn -0.209883 -0.975179 0.0705281
vn -0.490873 0.126517 0.861996
vn -0.442924 -0.88923 0.114405
vn -0.30089 0.0473901 0.952481
vn 0.0112463 0.153746 0.988046
vn -0.100647 -0.175545 0.979313
vn -0.0475249 -0.45838 0.887485
vn 0.141725 -0.989905 -0.00173839
vn 0.969887 -0.243424 -0.00796441
vn 0.938379 -0.34392 -0.0341128
vn 0.998955 -0.0429614 -0.0156246
vn 0.0487315 -0.998167 0.0358792
vn 0.999951 -0.00723301 -0.00677731
vn 0.9997 -0.0172362 -0.0174086
vn -0.0716536 -0.99743 -0.000187961
vn 0.999829 -0.0176348 -0.00558714
vn 0.999964 -0.00778403 -0.0032725
vn 0.996079 -0.0882516 -0.00626591
vn -0.0672788 -0.99766 0.0121733
vn -0.0791423 -0.996842 0.0065031
vn 0.0110297 -0.995485 0.0942732
vn -0.0106605 -0.998751 0.0488174
vn -0.054791 -0.997421 0.046354
vn -0.0566698 -0.998228 0.0181566
vn 0.994197 -0.0984471 0.0433723
vn 0.987532 0.122499 -0.0988707
vn 0.974404 0.224801 -0.000835494
vn 0.999052 0.0255106 -0.0352646
vn 0.999587 -0.0285721 0.00297013
vn 0.734294 -0.00103021 -0.678831
vn 0.999716 0.00832809 -0.0223398
vn 0.999962 -0.00519721 -0.00694711
vn 0.99987 -0.00163498 0.0160525
vn 0.983489 -0.17119 -0.0586857
vn 0.997269 -0.0129309 -0.0727116
vn 0.0876538 -0.0315881 -0.99565
vn 0.998649 0.0509463 -0.0102194
vn 0.883143 0.0699204 -0.463863
vn 0.383325 0.0370178 -0.922871
vn 0.988874 -0.0763274 -0.12768
vn 0.997132 -0.0641547 0.0401554
vn -0.0453406 0.998779 -0.0196327
vn 0.00162829 0.99996 -0.00881392
vn -0.0123152 0.999738 -0.0193203
vn -0.0264453 0.999648 -0.00232764
vn -0.0284331 0.999277 -0.0252372
vn -0.0254839 0.996178 -0.0835519
vn -0.169242 0.0491677 -0.984347
vn -0.159429 -0.0177398 -0.98705
vn -0.150902 -0.00852658 -0.988512
vn -0.190216 0.324393 -0.9266
vn -0.974944 -0.00197781 0.222442
vn -0.975064 -0.00398438 0.221889
vn -0.97493 -0.0160006 0.221938
vn 0.428597 0.857949 0.283247
vn 0.20293 0.695416 0.689359
vn -0.937929 -0.00953833 0.346697
vn -0.30156 -0.00119399 -0.953446
vn -0.21721 0.00160924 -0.976124
vn -0.180925 -0.00207899 -0.983495
vn -0.207573 -0.00618886 -0.9782
vn 0.360552 -0.0293201 -0.932278
vn 0.43023 0.803824 -0.410816
vn -0.00674843 0.999836 0.0167886
vn 0.0397561 0.9965 -0.0735284
vn 0.14689 0.153676 -0.977142
vn -0.142212 0.0666918 -0.987587
vn -0.0612869 0.0929245 -0.993785
vn -0.0073353 -0.0891306 -0.995993
vn -0.0073353 -0.0891306 -0.995993
vn 0.00402903 0.999951 -0.00902595
vn 0.00964617 0.999953 0.000639611
vn 0.00228694 0.999972 0.00719145
vn 0.00523682 0.99998 0.00347765
vn 0.00101286 0.999944 0.0105646
vn 0.00677117 0.99989 0.0131685
vn -0.00749542 0.999949 0.00678262
vn -0.00815906 0.99996 -0.00360983
vn -0.0165181 0.99986 0.00270148
vn -0.0181077 0.999785 0.0100583
vn -0.0362489 0.999201 0.0168465
vn -0.0109032 0.999898 0.00921862
vn -0.00403191 0.999848 0.0169554
vn -0.00521135 0.999939 0.0097182
vn -0.000192531 0.999885 0.0151368
vn 0.027576 0.997037 -0.0718136
vn 0.0319261 0.99848 -0.0449304
vn 0.00788192 0.999762 -0.0203416
vn 0.96874 -0.102298 -0.226006
vn 0.984047 0.100379 -0.146885
vn -0.943021 0.0635449 0.326608
vn -0.763777 0.450749 -0.462028
vn 0.0909992 0.0625976 0.993882
vn -0.152332 0.0322527 0.987803
vn -0.00890028 0.999929 0.00797068
vn -0.00303437 0.999987 0.00418159
vn -0.0140722 0.999857 0.0094155
vn -0.0132728 0.999903 0.00415293
vn 0.00362204 0.990533 0.137226
vn 0.0221306 0.993458 -0.112029
vn -0.0417067 0.999079 -0.0100788
vn -0.00965923 0.999831 0.0156157
vn 0.0613849 0.998104 0.00446218
vn -0.0010825 0.999936 0.0112925
vn -0.0465885 0.998339 0.0338953
vn -0.0682783 0.997666 -0.000499885
vn 0.0667088 0.996258 -0.0549487
vn -0.0117027 0.996081 -0.0876712
vn 0.808993 0.535427 0.242585
vn 0.00678569 0.999389 -0.0342725
vn 0.0131812 0.999731 -0.0190647
vn 0.0320315 -0.0104394 0.999432
vn -0.147584 0.00683417 0.989026
vn -0.0646276 0.000457432 0.997909
vn -0.149678 0.00295353 0.98873
vn 0.0320315 -0.0104394 0.999432
vn 0.00540757 0.0241306 0.999694
vn -0.166303 0.0389585 0.985305
vn -0.149138 0.0502195 0.98754
vn -0.1438 0.00784095 0.989576
vn -0.156044 -0.0859341 0.984005
vn -0.149083 0.00204606 0.988823
vn -0.0311858 -0.986974 0.157828
vn -0.0929419 -0.330173 0.939334
vn 0.215834 -0.202772 0.955143
vn -0.138834 -0.0464347 0.989226
vn 0.0681112 0.062209 0.995736
vn -0.29136 -0.100754 0.951293
vn -0.714085 0.103852 0.692314
vn 0.0681112 0.062209 0.995736
vn -0.0933763 0.945747 0.311196
vn 0.130066 0.99016 0.0516253
vn 0.754685 -0.650063 0.0887115
vn -0.148422 0.0101677 0.988872
vn -0.0258018 -0.982199 0.18606
vn 0.00390101 -0.998322 0.0577767
vn 0.0847637 -0.995679 -0.0379234
vn -0.373431 -0.48701 0.789538
vn -0.199013 -0.612133 0.765302
vn -0.152359 -0.977171 0.148068
vn -0.615464 0.653783 0.440195
vn -0.172824 -0.290457 0.941152
vn -0.189949 -0.34434 0.919429
vn -0.481942 0.0330941 0.875578
vn -0.237761 0.029215 0.970884
vn -0.0475249 -0.45838 0.887485
vn -0.0475249 -0.45838 0.887485
vn 0.149366 -0.988778 -0.00271846
vn 0.97516 -0.221452 -0.00470145
vn 0.935384 -0.35361 0.00407749
vn 0.000953688 -0.999985 0.00533252
vn 0.998868 -0.0463297 -0.0107468
vn -0.0716203 -0.997417 -0.00554246
vn 0.999818 -0.00576263 -0.0181717
vn 0.99977 -0.0211291 -0.00360314
vn -0.0842566 -0.996438 -0.00354522
vn 0.999803 -0.0180995 -0.00814802
vn 0.999895 -0.0104654 -0.0100375
vn 0.995729 -0.0921479 0.00563423
vn -0.0833493 -0.99646 0.0109408
vn -0.107444 -0.993986 0.0211453
vn -0.0343515 -0.999283 0.01594
vn -0.0135367 -0.999169 0.0384398
vn -0.0259419 -0.999474 0.0194831
vn -0.0533647 -0.997467 0.0470321
vn -0.0806425 -0.996725 0.00596033
vn 0.991358 -0.130828 0.00964404
vn 0.992575 0.115596 -0.0378552
vn 0.987834 0.148619 -0.0457782
vn 0.994699 0.102808 -0.00206363
vn 0.779133 0.0128573 -0.626727
vn 0.990298 -0.138598 0.0100156
vn 0.999636 -0.000499225 -0.0269592
vn 0.999992 0.00138893 -0.0038119
vn 0.999704 0.00199969 0.024234
vn 0.998314 0.00659948 -0.0576668
vn 0.0600479 0.00441838 -0.998186
vn 0.993352 -0.113368 0.0199813
vn 0.0207337 -0.0521481 -0.998424
vn 0.997777 0.0650197 0.0145874
vn 0.713042 0.0510689 0.699259
vn 0.986875 -0.0115611 -0.16107
vn 0.993044 -0.116907 0.0140061
vn -0.0377776 0.998286 -0.0447076
vn 0.00818202 0.999967 -7.33449e-05
vn -0.00835228 0.999965 0.000732657
vn -0.0414423 0.998834 -0.0247493
vn -0.0304883 0.99662 -0.0762808
vn -0.180771 0.0446483 -0.982511
vn -0.166216 0.00226898 -0.986087
vn -0.166192 -0.00598849 -0.986075
vn -0.156998 0.00399485 -0.987591
vn -0.142038 -0.0190561 -0.989678
vn -0.17633 0.292988 -0.939716
vn -0.980011 -0.0118908 0.198589
vn -0.967222 0.00109535 0.253929
vn -0.974886 -0.0218245 0.221634
vn 0.789349 0.518175 0.329277
vn 0.789349 0.518175 0.329277
vn -0.917389 -0.0613378 0.393237
vn -0.212469 -0.00393101 -0.97716
vn -0.320124 0.00947023 -0.947328
vn -0.188997 -0.000763362 -0.981977
vn -0.194028 -0.00463536 -0.980985
vn 0.371583 0.0120735 -0.928321
vn 0.988656 -0.000822988 0.150196
vn 0.892906 0.448133 0.0435362
vn 0.260121 0.957973 -0.120932
vn 0.366511 -0.358441 -0.858598
vn 0.0300997 0.999389 -0.0177767
vn 0.0721039 0.993464 0.0884933
vn 0.213189 0.0219481 -0.976764
vn -0.158924 0.0346542 -0.986683
vn -0.115985 0.991433 -0.060063
vn -0.216447 0.104594 -0.970675
vn -0.542135 0.108245 -0.83329
vn -0.0073353 -0.0891306 -0.995993
vn -0.0073353 -0.0891306 -0.995993
vn 0.00217626 0.999997 -0.000659528
vn 0.00561979 0.999984 -0.00103383
vn 0.00222721 0.999945 0.0102163
vn 0.00253503 0.999994 -0.00241304
vn -0.00345026 0.999989 0.00316214
vn -0.00523144 0.999802 0.0191897
vn -0.0148567 0.999884 0.00331476
vn -0.0180968 0.999827 0.00428592
vn -0.0113122 0.999896 0.00891317
vn -0.00883589 0.999958 -0.00243971
vn -0.0656979 0.997517 0.025354
vn -0.0270862 0.999339 -0.024251
vn -0.0129115 0.999917 -0.000380129
vn -0.00259838 0.997738 -0.0671655
vn -0.0037194 0.999977 0.00571813
vn 0.016167 0.999773 -0.0138625
vn 0.0202257 0.999776 -0.00625285
vn 0.00325828 0.999995 -0.000470169
vn 0.983237 -0.174078 -0.0542457
vn 0.9976 0.0364471 -0.0588677
vn -0.793064 0.578628 0.190369
vn -0.793064 0.578628 0.190369
vn -0.997446 -0.0135692 0.0701257
vn -0.412594 0.822256 -0.391997
vn -0.36795 0.205741 0.906798
vn -0.0607652 -0.103114 0.992812
vn -0.151633 0.0155711 0.988314
vn -0.00909806 0.99992 0.00874194
vn -0.0108741 0.999909 0.00800049
vn -0.00197291 0.999974 0.00695913
vn -0.0122437 0.999862 0.011258
vn -0.0147439 0.999857 0.00833339
vn 0.0279405 0.995285 0.0928829
vn -0.00684751 0.999742 -0.021653
vn -0.0113446 0.998444 -0.0546041
vn 0.0277819 0.999425 -0.0194507
vn -0.0315123 0.999215 0.0239904
vn -0.00383849 0.999979 0.00516788
vn 0.0108658 0.999505 0.0295298
vn 0.0289057 0.99889 0.0372057
vn -0.0224253 0.998553 0.0488756
vn -0.0498419 0.998719 0.00866964
vn 0.0218303 0.999746 -0.00559258
vn 0.0424061 0.995195 -0.0882578
vn -0.152964 0.00253156 0.988229
vn -0.145924 0.00177632 0.989294
vn -0.0943042 0.015962 0.995415
vn -0.152403 0.00051831 0.988318
vn -0.0199998 0.0365791 0.999131
vn -0.161043 0.0491188 0.985724
vn -0.151498 0.0135322 0.988365
vn -0.129155 -0.0881499 0.987699
vn -0.0279017 -0.982252 0.185479
vn -0.150488 0.000954095 0.988611
vn -0.0322271 -0.987909 0.151651
vn 0.300544 -0.0467526 0.952621
vn -0.187765 0.148052 0.970992
vn 0.0681112 0.062209 0.995736
vn -0.00875694 0.983491 0.180747
vn -0.00216244 -0.995935 0.090045
vn 0.0111449 -0.998665 0.0504435
vn 0.164045 -0.986453 -0.000803602
vn -0.425524 -0.356937 0.83158
vn -0.098695 -0.802886 0.587906
vn -0.098695 -0.802886 0.587906
vn -0.22014 -0.969225 0.11019
vn 0.422339 -0.2945 0.857263
vn -0.26197 -0.196407 0.944879
vn -0.109885 -0.491615 0.863852
vn -0.377185 -0.484132 0.789524
vn -0.481942 0.0330941 0.875578
vn -0.481942 0.0330941 0.875578
vn 0.0634799 -0.131641 0.989263
vn 0.590538 -0.4708 -0.655448
vn 0.159417 -0.98687 -0.0259523
vn 0.975136 -0.219691 -0.0290982
vn 0.962003 -0.164707 -0.217767
vn -0.0732791 -0.997309 -0.00222235
vn -0.0123693 -0.999923 -0.00119376
vn 0.998175 -0.0558816 -0.0229099
vn -0.0904719 -0.995866 -0.00812727
vn 0.999847 -0.0120226 -0.0126849
vn 0.999701 -0.0216829 -0.01132
vn -0.0914144 -0.995784 -0.00755308
vn 0.999753 -0.0199 -0.00988652
vn 0.999918 -0.0113974 0.00592368
vn 0.995824 -0.091034 -0.00694688
vn -0.138901 -0.989743 0.0334052
vn -0.105732 -0.993745 0.0359456
vn -0.0472939 -0.997298 0.0562209
vn -0.0350322 -0.997541 0.0607035
vn -0.020361 -0.997995 0.0599229
vn -0.00168885 -0.998796 -0.0490245
vn -0.0765425 -0.99604 0.0452343
vn -0.175853 -0.984206 0.0203739
vn 0.996527 -0.0832426 -0.00219269
vn 0.998937 0.0460872 -0.000625578
vn 0.998079 0.0619495 0.000316877
vn 0.989872 0.139839 0.0244574
vn 0.861803 -0.0430233 -0.505415
vn 0.999527 0.0174377 -0.025331
vn 0.999992 0.000587992 -0.00389204
vn 0.999451 0.00479889 0.0327848
vn 0.997685 -0.00556555 -0.067779
vn 0.0469013 0.00852034 -0.998863
vn 0.99514 -0.00416398 0.098381
vn 0.728411 0.0855033 0.679784
vn 0.98689 0.15999 -0.0212409
vn 0.98817 0.00219468 -0.153346
vn 0.999926 0.00357987 0.011587
vn -0.000586929 0.999936 0.011277
vn -0.00546006 0.99992 -0.0114379
vn -0.0179335 0.999689 -0.017339
vn -0.0515232 0.995817 -0.0754527
vn -0.162913 0.0542472 -0.985148
vn -0.183185 0.0053576 -0.983064
vn -0.174136 -0.0122071 -0.984646
vn -0.162093 0.002521 -0.986772
vn -0.148827 0.00178178 -0.988862
vn -0.155747 0.0118771 -0.987726
vn -0.290622 -0.0121776 -0.956761
vn -0.331099 0.106996 -0.93751
vn 0.168895 0.977056 0.129754
vn -0.981558 -0.00860688 0.190969
vn -0.956423 -0.00576688 0.291929
vn -0.972133 -0.000123527 0.234431
vn 0.789349 0.518175 0.329277
vn -0.880515 -0.220653 0.419531
vn -0.219536 0.00322266 -0.975599
vn -0.19377 0.000741137 -0.981047
vn -0.370445 0.0599889 -0.926915
vn -0.18568 0.0022624 -0.982608
vn 0.347738 -0.00922119 -0.937546
vn 0.992065 0.0149223 0.12484
vn 0.9921 -0.0224303 -0.123431
vn 0.893024 0.435408 -0.113702
vn 0.260121 0.957973 -0.120932
vn 0.260121 0.957973 -0.120932
vn 0.366511 -0.358441 -0.858598
vn 0.366511 -0.358441 -0.858598
vn 0.055461 0.997524 0.0432435
vn 0.0674776 0.983718 -0.166568
vn 0.137555 -0.0158473 -0.990367
vn -0.126615 -0.00312539 -0.991947
vn -0.0774559 0.0296615 -0.996554
vn 0.241078 0.958577 0.151694
vn 0.928928 0.0194927 -0.369746
vn -0.144351 -0.103842 -0.984063
vn -0.542135 0.108245 -0.83329
vn -0.542135 0.108245 -0.83329
vn 0.67621 -0.653331 -0.340438
vn -0.0073353 -0.0891306 -0.995993
vn 0.0621214 -0.0251187 -0.997752
vn 0.00396667 0.999992 -0.000419671
vn 0.00659997 0.999978 0.000317596
vn -0.00255012 0.999992 -0.00316868
vn 0.00316474 0.999985 0.00455275
vn -0.00667447 0.999894 0.012906
vn -0.0135246 0.999568 0.0261139
vn -0.0470787 0.998672 -0.0209135
vn -0.0277298 0.99869 -0.0430118
vn -0.0402886 0.998429 -0.0389366
vn -0.000770222 0.999772 0.0213231
vn -0.0368863 0.998841 0.0309284
vn -0.0285546 0.999342 0.0223658
vn -0.0257506 0.999038 -0.0355055
vn -0.0152593 0.999807 -0.0123914
vn 0.0109259 0.999654 -0.023929
vn 0.014158 0.999873 0.00734435
vn 0.0178246 0.999814 0.00732596
vn 0.00876702 0.999949 0.00504185
vn 0.997326 -0.054657 -0.0485221
vn 0.997192 0.00110038 -0.0748863
vn 0.96771 0.183582 0.172727
vn 0.980861 0.186641 -0.0554779
vn -0.793064 0.578628 0.190369
vn -0.938436 0.210746 0.273721
vn -0.36795 0.205741 0.906798
vn -0.737593 0.312016 -0.598835
vn -0.36795 0.205741 0.906798
vn -0.451043 -0.0492977 0.89114
vn -0.144711 -0.0188537 0.989294
vn -0.149031 0.0166861 0.988692
vn -0.00618394 0.999956 0.00703708
vn -0.00960003 0.999907 0.00965574
vn -0.0103642 0.999883 0.0112402
vn -0.00584571 0.999974 0.0041429
vn -0.00975439 0.999883 0.0118066
vn -0.00500469 0.999904 0.0129122
vn 0.0289531 0.998957 0.0353168
vn -0.00926121 0.99797 0.0630043
vn 0.0395153 0.999152 -0.0115427
vn -0.111389 0.977725 -0.177895
vn -0.0732404 0.996891 -0.0290556
vn -0.0124641 0.999566 -0.0266874
vn 0.143819 0.989035 0.0335417
vn 0.0896268 0.991719 0.0919827
vn -0.0384295 0.998957 0.0246784
vn 0.509405 0.860329 0.0184266
vn -0.0435184 0.984782 0.168256
vn 0.00840071 0.999722 0.0220458
vn -0.156736 -0.00212838 0.987638
vn -0.156449 0.00583539 0.987669
vn -0.142837 0.00179201 0.989745
vn -0.131153 0.0225521 0.991106
vn -0.152737 -0.00333121 0.988261
vn -0.0327858 0.0430832 0.998533
vn -0.156172 0.017254 0.987579
vn -0.150094 -0.0801341 0.985419
vn -0.00624972 -0.98067 0.195569
vn -0.00434401 -0.989504 0.144439
vn -0.149036 0.00211823 0.98883
vn -0.0204188 -0.988374 0.150668
vn 0.482224 0.871164 -0.092374
vn 0.282011 -0.902232 0.326264
vn 0.0209371 -0.998741 0.0455968
vn 0.0162153 -0.9998 0.0116962
vn 0.0605028 -0.994156 0.0894027
vn 0.0563109 -0.997116 0.0508842
vn -0.383885 -0.799995 0.461129
vn -0.367511 0.863669 0.34498
vn -0.664939 0.0556828 0.744819
vn -0.098695 -0.802886 0.587906
vn -0.098695 -0.802886 0.587906
vn -0.309175 -0.516545 0.798494
vn 0.0964783 -0.39398 0.914041
vn -0.16759 -0.668269 0.724796
vn -0.142761 -0.21054 0.967105
vn -0.377185 -0.484132 0.789524
vn -0.377185 -0.484132 0.789524
vn -0.438306 -0.371209 0.818591
vn -0.481942 0.0330941 0.875578
vn -0.481942 0.0330941 0.875578
vn -0.098695 -0.802886 0.587906
vn 0.173013 -0.984156 -0.0387707
vn 0.97377 -0.226995 -0.0156566
vn 0.999489 0.0250814 -0.0198153
vn -0.0986455 -0.995087 -0.00843111
vn -0.0668142 -0.997764 0.00197152
vn -0.0157896 -0.999871 -0.00282792
vn 0.997909 -0.0614321 -0.0200933
vn -0.0787553 -0.996891 0.00255646
vn 0.999704 -0.0211765 -0.012015
vn 0.999696 -0.0227031 -0.00957603
vn -0.0763146 -0.996785 0.0244054
vn 0.999757 -0.0217944 0.00321737
vn 0.999843 -0.0154719 -0.00868127
vn 0.99617 -0.0855656 -0.0180025
vn -0.0843587 -0.996009 0.0291535
vn -0.0171949 -0.999602 0.0223715
vn -0.0563139 -0.998413 -0.000840657
vn -0.114858 -0.774811 0.621671
vn -0.0358871 -0.996991 0.0687068
vn -0.0048602 -0.993594 0.112902
vn -0.111762 -0.992655 -0.0463175
vn -0.16933 -0.985455 0.0143121
vn -0.0436296 -0.998786 0.0228803
vn 0.999913 -0.00800695 0.0105266
vn 0.999913 -0.00800695 0.0105266
vn 0.999088 0.0198071 0.0378175
vn 0.998801 0.0479776 0.00971892
vn 0.991627 0.0973147 -0.0848924
vn 0.999637 0.0139436 -0.0230504
vn 0.999903 0.0103901 -0.00925091
vn 0.999417 -0.00287942 0.0340073
vn 0.995147 -0.0071611 -0.0981348
vn 0.0302111 0.0148284 -0.999434
vn 0.99505 0.0129624 0.0985278
vn 0.662197 0.0167444 0.749143
vn 0.996998 -0.0307082 0.0710767
vn 0.988996 -0.00900743 -0.147669
vn 0.999532 0.0115625 0.0283229
vn 0.999948 0.00959546 0.00339699
vn -0.00533388 0.999951 -0.00834466
vn -0.0407913 0.999003 -0.0181242
vn 0.00142437 0.999961 -0.00869858
vn -0.0391631 0.99639 -0.0753153
vn -0.169775 0.0529981 -0.984057
vn -0.162196 -0.000986984 -0.986758
vn -0.179699 -0.0112742 -0.983657
vn -0.172113 0.00189305 -0.985075
vn -0.160511 0.0100699 -0.986983
vn -0.154127 0.0102216 -0.987998
vn -0.279237 0.00397285 -0.960214
vn -0.156049 0.0121294 -0.987675
vn -0.431876 -0.0018902 -0.901931
vn -0.958711 -0.204546 0.197571
vn -0.960711 -0.0260846 0.276322
vn -0.957238 -0.2171 0.191217
vn -0.0668054 0.997596 -0.0184078
vn -0.25991 0.0051315 -0.965619
vn -0.191519 -0.00227333 -0.981486
vn -0.162487 0.0191436 -0.986525
vn 0.299353 0.000809453 -0.954142
vn 0.985402 0.0265739 0.168158
vn 0.992651 -0.0202723 -0.119304
vn 0.991682 -0.100113 -0.0808972
vn 0.893838 0.444689 -0.0574892
vn 0.263459 0.959528 -0.0994741
vn 0.260121 0.957973 -0.120932
vn 0.260121 0.957973 -0.120932
vn 0.0133032 0.995282 -0.0961111
vn 0.0706084 0.985146 -0.156531
vn -0.122203 0.128891 -0.9841
vn 0.0633213 0.0106225 -0.997937
vn -0.0862492 -0.0187673 -0.996097
vn -0.111859 -0.00848424 -0.993688
vn 0.293228 -0.10899 -0.94981
vn -0.0504491 -0.00255433 -0.998723
vn -0.542135 0.108245 -0.83329
vn 0.67621 -0.653331 -0.340438
vn -0.542135 0.108245 -0.83329
vn 0.67621 -0.653331 -0.340438
vn 0.118511 -0.0460598 -0.991884
vn 0.0109122 0.999921 0.00620387
vn -0.0017143 0.99998 -0.00604524
vn -0.00344288 0.999937 0.0106613
vn -0.0129711 0.999122 -0.0398332
vn -0.00786086 0.999777 0.0196166
vn -0.0258637 0.9966 -0.078232
vn -0.0532758 0.998451 -0.0160285
vn -0.0464871 0.998749 -0.0184206
vn -0.0207889 0.999427 -0.0267034
vn -0.0239208 0.995933 -0.0868667
vn -0.0132664 0.999647 0.0230253
vn -0.0228756 0.998074 0.0576668
vn -0.0167644 0.999524 0.0259091
vn -0.0176064 0.999309 -0.0327322
vn 0.003585 0.999982 0.00475159
vn 0.00997802 0.999855 0.0138072
vn 0.0156282 0.999652 0.0212438
vn 0.0218858 0.999629 0.0162334
vn 0.997326 -0.054657 -0.0485221
vn 0.997326 -0.054657 -0.0485221
vn 0.99458 -0.103736 -0.00705051
vn 0.991928 0.126446 0.00951641
vn 0.999042 -0.00388434 0.0435991
vn 0.982726 0.140683 0.120246
vn 0.980861 0.186641 -0.0554779
vn 0.980861 0.186641 -0.0554779
vn -0.737593 0.312016 -0.598835
vn -0.737593 0.312016 -0.598835
vn -0.236157 0.197347 0.951464
vn -0.144711 -0.0188537 0.989294
vn -0.144711 -0.0188537 0.989294
vn -0.149031 0.0166861 0.988692
vn -0.149031 0.0166861 0.988692
vn -0.00447155 0.999986 0.00287986
vn -0.00828703 0.999909 0.0106486
vn -0.00947055 0.999918 0.00858829
vn -0.0109794 0.999875 0.0113399
vn -0.0139647 0.999319 -0.0341683
vn -0.00408659 0.999916 0.0122893
vn -0.00312634 0.99992 0.0122933
vn 0.00771242 0.999952 0.00611306
vn 0.0532561 0.997929 0.0360873
vn -0.421864 0.826135 0.373539
vn 0.16339 0.984012 -0.0708826
vn -0.540928 0.630407 0.556762
vn 0.180375 0.983415 -0.018984
vn -0.00850325 0.999822 -0.0168164
vn 0.105225 0.994441 0.00381927
vn 0.168034 0.981261 0.0942952
vn 0.0038399 -0.440682 0.897655
vn 0.187998 0.964053 -0.187771
vn -0.0833755 0.976615 0.198173
vn -0.158716 -0.00810339 0.987291
vn -0.151637 0.0112373 0.988373
vn -0.154993 0.00449517 0.987905
vn -0.146111 0.00124344 0.989267
vn -0.151097 -0.00418371 0.98851
vn -0.150828 -0.0068846 0.988536
vn -0.0515197 0.00775134 0.998642
vn -0.136671 -0.0634102 0.988585
vn -0.0228245 -0.981991 0.187545
vn 0.00474757 -0.986231 0.165308
vn -0.00282977 -0.983226 0.182369
vn -0.153478 0.00469459 0.988141
vn 0.0161431 -0.999425 0.0298314
vn 0.394596 0.8895 0.2304
vn 0.262717 0.964251 -0.0346407
vn -0.121134 0.98098 -0.151672
vn 0.282011 -0.902232 0.326264
vn 0.282011 -0.902232 0.326264
vn 0.0191871 -0.999678 0.0165925
vn 0.0506835 -0.998612 -0.0143414
vn 0.0235667 -0.997243 0.0703634
vn -0.546253 0.717671 0.431921
vn -0.268219 -0.746544 0.608876
vn -0.664939 0.0556828 0.744819
vn -0.664939 0.0556828 0.744819
vn -0.310798 -0.636022 0.706315
vn -0.342654 -0.554356 0.758471
vn -0.188343 -0.695393 0.69351
vn -0.652015 -0.622884 -0.432311
vn -0.755268 -0.386464 0.529354
vn -0.547629 -0.242415 0.800836
vn 0.185002 -0.982068 -0.0362809
vn 0.97658 -0.214349 -0.018589
vn 0.999569 0.0274235 0.0104479
vn -0.0537143 -0.998551 -0.0031826
vn -0.10808 -0.994117 0.00709727
vn -0.0649742 -0.997872 -0.00542879
vn -0.0148971 -0.99988 -0.0042921
vn 0.997787 -0.0642959 -0.0169505
vn -0.0417548 -0.998937 0.0195305
vn 0.999762 -0.02002 -0.00865191
vn 0.999689 -0.0249351 -0.000938883
vn -0.0524685 -0.998175 0.0298898
vn 0.999748 -0.0204073 -0.00931072
vn 0.999745 -0.0191794 -0.0119448
vn 0.996877 -0.0784589 -0.00898706
vn -0.00629229 -0.999954 0.00729245
vn -0.00687462 -0.999934 0.00915824
vn -0.268843 -0.682109 0.680037
vn 0.0172469 -0.999695 0.0176834
vn -0.0864508 -0.852706 0.515188
vn -0.0735275 -0.992407 0.0986023
vn -0.135098 -0.987077 0.0861832
vn -0.132159 -0.991183 -0.00947619
vn -0.0266458 -0.999604 -0.00901186
vn -0.0104367 -0.999926 0.00627306
vn 0.999913 -0.00800695 0.0105266
vn 0.994234 0.0466358 -0.0965592
vn 0.999297 0.03712 -0.00523037
vn 0.995669 0.0781323 0.0503795
vn 0.999614 0.0274514 -0.00420802
vn 0.999528 0.00289642 0.0306005
vn 0.993944 0.00191243 -0.109869
vn 0.0215763 -0.0012137 -0.999767
vn 0.992145 0.0379027 0.119213
vn 0.990834 -0.0328347 0.131031
vn 0.998482 -0.0346198 0.0428289
vn 0.9889 0.00391482 -0.148535
vn 0.999391 -0.00912853 0.0336917
vn 0.999707 -0.00249352 -0.0240795
vn -0.00722128 0.999974 -0.000210546
vn -0.01528 0.99987 -0.00508635
vn -0.0196271 0.997521 -0.067577
vn -0.141354 0.0513559 -0.988626
vn -0.162871 -0.00581794 -0.98663
vn -0.166248 -0.00327518 -0.986079
vn -0.178836 -0.00262977 -0.983875
vn -0.177579 0.0136577 -0.984012
vn -0.1901 0.0431935 -0.980814
vn -0.161075 0.00604264 -0.986924
vn -0.283874 0.000910264 -0.958861
vn -0.356464 0.0782601 -0.931026
vn -0.152081 0.0133362 -0.988278
vn -0.0643838 0.995538 0.0689858
vn -0.94582 -0.255526 0.200327
vn -0.0851993 0.993577 0.074466
vn -0.807407 0.455563 0.374908
vn -0.296871 0.0222394 -0.954659
vn -0.179339 -0.000289569 -0.983787
vn -0.117992 0.0331211 -0.992462
vn 0.273635 0.0577257 -0.9601
vn 0.936007 0.10251 0.336722
vn 0.989981 0.0411459 -0.135075
vn 0.981043 -0.051023 -0.186951
vn 0.916104 0.0468189 -0.398198
vn 0.838035 0.290587 -0.461797
vn 0.145549 0.983236 -0.109831
vn 0.368195 0.920737 -0.129139
vn -0.171143 0.0810967 -0.981903
vn 0.96976 0.0383168 0.241033
vn 0.00929219 0.0739916 -0.997216
vn -0.0663073 -0.0924433 -0.993508
vn 0.104268 0.0380767 -0.99382
vn 0.988025 0.0219934 0.152719
vn -0.0750675 -0.0167091 -0.997039
vn -0.105912 -0.00518562 -0.994362
vn 0.120443 -0.0053835 -0.992706
vn -0.139769 -0.00464773 -0.990173
vn 0.229809 -0.0222095 -0.972982
vn 0.0247953 0.999657 -0.00847214
vn 0.00487725 0.999495 -0.0314007
vn -0.0309866 0.99951 -0.00436825
vn -0.0206678 0.999107 -0.0368636
vn -0.0227639 0.997381 -0.0686502
vn -0.162077 0.0887549 -0.982779
vn -0.0264404 0.99965 -0.000273007
vn -0.0152633 0.999874 0.00444883
vn -0.0201921 0.999633 -0.0180561
vn -0.0151608 0.999863 0.00658616
vn -0.023241 0.995519 -0.0916593
vn -0.0346333 0.999274 0.0158633
vn -0.024124 0.998727 0.0443095
vn -0.00732906 0.999638 0.0258822
vn -0.0015464 0.999954 0.00951043
vn 0.000359465 0.999977 0.00675523
vn 0.00911936 0.999902 0.0106457
vn 0.0307965 0.999509 0.0058284
vn 0.997326 -0.054657 -0.0485221
vn 0.99458 -0.103736 -0.00705051
vn 0.997326 -0.054657 -0.0485221
vn 0.99458 -0.103736 -0.00705051
vn 0.993538 0.0472292 0.103206
vn 0.986948 0.13874 0.0817565
vn -0.737593 0.312016 -0.598835
vn -0.737593 0.312016 -0.598835
vn -0.0120865 0.100985 0.994815
vn -0.149745 0.0311026 0.988235
vn -0.149031 0.0166861 0.988692
vn -0.149031 0.0166861 0.988692
vn -0.00669054 0.999969 0.00407923
vn -0.00794279 0.999293 -0.0367479
vn -0.00866137 0.999874 0.013329
vn -0.01131 0.99989 0.00955288
vn -0.00395122 0.999946 0.00960016
vn -0.00662192 0.999975 -0.00266288
vn -0.00462937 0.999913 0.0123428
vn 0.0021604 0.999982 0.00553624
vn 0.00310172 0.999989 0.00345712
vn -0.0567782 0.995145 0.0803952
vn 0.190456 0.975173 0.112975
vn 0.0995968 0.993744 0.0505296
vn 0.190456 0.975173 0.112975
vn 0.0433762 0.998049 -0.0449068
vn 2.45185e-05 0.999868 0.0162516
vn -0.0309725 0.995084 -0.094062
vn 0.0408301 0.999049 -0.0152648
vn -0.238921 -0.0795462 0.967775
vn -0.751694 0.635929 0.174785
vn -0.165571 0.924331 -0.343801
vn 0.0408301 0.999049 -0.0152648
vn -0.989101 0.133471 -0.0621637
vn -0.421457 0.00014714 0.906849
vn -0.141843 -0.00367216 0.989882
vn -0.167145 0.0132221 0.985844
vn -0.145489 0.00632354 0.98934
vn -0.151735 0.000118334 0.988421
vn -0.148386 -0.00425049 0.98892
vn -0.144468 -0.0799625 0.986273
vn -0.145229 -0.00168215 0.989397
vn -0.0845219 -0.0686631 0.994053
vn -0.0390066 -0.984848 0.168976
vn -0.0153577 -0.98292 0.18339
vn -0.00151055 -0.986846 0.161656
vn 0.0164997 -0.999521 0.0261914
vn -0.143248 -0.00229264 0.989684
vn 0.0145299 -0.999545 0.0264207
vn 0.55541 0.822291 0.123928
vn 0.282011 -0.902232 0.326264
vn 0.0060591 0.998232 0.0591273
vn -0.28918 0.287605 0.913049
vn -0.471347 0.715016 0.516318
vn -0.121134 0.98098 -0.151672
vn -0.121134 0.98098 -0.151672
vn 0.282011 -0.902232 0.326264
vn 0.019846 -0.999687 0.0152171
vn 0.0225131 -0.996335 0.0825263
vn -0.957797 -0.118195 0.26202
vn -0.224935 0.971083 0.0800157
vn -0.406229 0.152682 0.900925
vn -0.348805 -0.357297 0.866414
vn -0.218459 -0.387601 0.895568
vn -0.100395 -0.572141 0.813988
vn -0.476247 -0.155894 0.865382
vn -0.290132 -0.346338 0.892117
vn 0.187242 -0.981997 -0.0249647
vn 0.981409 -0.191213 0.0165608
vn 0.999603 0.0281564 0.000333564
vn -0.0370308 -0.999265 0.00991085
vn -0.0441324 -0.999025 -0.000852814
vn -0.099179 -0.995067 0.00241232
vn -0.0666151 -0.997779 -0.00036908
vn -0.004115 -0.999813 0.018873
vn 0.99719 -0.0737896 -0.0129613
vn -0.0803964 -0.996547 0.02073
vn 0.999792 -0.0200182 -0.00377772
vn 0.999668 -0.0253623 -0.00464918
vn -0.00735516 -0.99996 0.00505683
vn 0.999664 -0.0207019 -0.0156222
vn 0.999615 -0.0255483 -0.0107816
vn 0.996086 -0.0883462 -0.00261993
vn -0.0071129 -0.999927 0.00977203
vn -0.00703913 -0.999938 0.00863891
vn -0.326966 -0.723759 0.607673
vn -0.0177154 -0.999834 -0.00420419
vn 0.0362155 -0.985482 -0.165873
vn 0.026939 -0.99963 0.00381109
vn -0.042896 -0.916655 0.39737
vn -0.130242 -0.97896 0.157079
vn -0.0938796 -0.995463 0.0154916
vn -0.0361389 -0.999315 -0.00799548
vn -0.0135971 -0.999894 -0.00514642
vn -0.00884099 -0.999912 0.00991812
vn 0.997665 0.0485018 0.0480771
vn 0.992027 0.124714 -0.018139
vn 0.999557 0.0244032 0.0170255
vn 0.993886 -0.00218504 -0.110389
vn 0.0238438 -0.000493894 -0.999716
vn 0.999031 -0.0380839 -0.0220546
vn 0.97577 0.0824688 0.202664
vn 0.988389 -0.00367206 -0.151901
vn 0.99959 -0.0056598 0.0280829
vn 0.999478 0.00439803 -0.0319955
vn -0.00916776 0.999956 -0.00192651
vn -0.0257759 0.998228 -0.0536411
vn -0.140497 0.0529029 -0.988667
vn -0.145116 -0.00363668 -0.989408
vn -0.166305 0.00868155 -0.986036
vn -0.174314 -0.00313066 -0.984685
vn -0.174607 0.0188035 -0.984459
vn -0.17563 0.0666156 -0.9822
vn -0.197554 -0.0160448 -0.980161
vn -0.295534 -0.00365169 -0.955325
vn -0.178457 0.0037001 -0.983941
vn -0.356931 -0.0718176 -0.931366
vn -0.356931 -0.0718176 -0.931366
vn -0.147017 0.00651868 -0.989112
vn -0.938021 0.22619 0.262593
vn -0.0512245 0.996916 0.0594571
vn -0.955706 0.137954 0.259988
vn -0.956524 0.154685 0.247254
vn -0.296871 0.0222394 -0.954659
vn -0.296871 0.0222394 -0.954659
vn 0.034948 0.158684 -0.986711
vn -0.189128 0.00900291 -0.981911
vn 0.268218 0.059825 -0.961499
vn 0.708023 0.244545 0.662496
vn 0.976121 0.0487078 -0.211697
vn 0.975224 0.0178904 -0.220496
vn 0.995779 -0.0124516 -0.0909304
vn 0.642393 0.0870243 0.761418
vn 0.249848 0.957533 -0.1439
vn 0.426563 0.0831431 0.900629
vn 0.575686 0.813776 0.0797122
vn 0.368195 0.920737 -0.129139
vn 0.368195 0.920737 -0.129139
vn -0.177121 0.0103993 -0.984134
vn 0.443567 0.67808 0.586051
vn 0.0442913 -0.0142469 -0.998917
vn 0.198551 0.0450364 -0.979055
vn 0.994355 0.00383369 0.106033
vn 0.90109 0.0074398 -0.433568
vn -0.0927221 0.0171369 -0.995545
vn -0.112866 0.0480453 -0.992448
vn 0.0962778 0.0691318 -0.992951
vn -0.214109 -0.0296655 -0.976359
vn 0.166348 0.00664606 -0.986045
vn -0.137475 0.981404 -0.13397
vn -0.00836044 0.997614 -0.0685302
vn -0.0464732 0.997809 -0.0470931
vn -0.159158 0.102697 -0.981897
vn -0.153956 0.101869 -0.982813
vn -0.147411 0.0136227 -0.988982
vn -0.0101193 0.999948 0.00102295
vn -0.00730383 0.999964 0.00443374
vn -0.00932285 0.99994 0.00570333
vn 0.00490998 0.999851 0.0165389
vn -0.00139006 0.999848 0.0173686
vn -0.0380588 0.997 -0.0673965
vn -0.0355129 0.999256 0.0150756
vn -0.00899279 0.999527 0.0294083
vn 0.02219 0.999511 0.0220119
vn -0.156437 0.0833126 -0.984168
vn -0.110452 0.118127 -0.986837
vn -0.544826 0.565157 -0.619486
vn 0.99458 -0.103736 -0.00705051
vn 0.99458 -0.103736 -0.00705051
vn 0.982908 -0.154835 0.0995887
vn 0.986948 0.13874 0.0817565
vn 0.986948 0.13874 0.0817565
vn -0.140919 0.042806 0.989095
vn -0.349759 0.0304382 0.936345
vn -0.00544676 0.999958 0.00738888
vn -0.00146822 0.999581 -0.0288928
vn 0.000255905 0.999982 0.00599338
vn -0.00857702 0.99985 0.0150295
vn -0.00510229 0.999942 0.00945056
vn -0.00461991 0.999939 0.0100794
vn -0.00192975 0.999947 0.0101388
vn -0.00380597 0.99993 0.0112082
vn 0.000436196 1 0.000429295
vn 0.0244762 0.9997 0.00088254
vn 0.190456 0.975173 0.112975
vn 0.190456 0.975173 0.112975
vn 0.00255713 0.999981 -0.00553553
vn 0.0173471 0.999497 -0.0265357
vn -0.0416556 0.997181 -0.0624046
vn -0.00490249 0.999565 0.0290825
vn 0.0408301 0.999049 -0.0152648
vn -0.0640707 0.992656 -0.102609
vn 0.0631145 -0.157732 0.985463
vn 0.00974429 0.838032 0.545534
vn -0.369847 0.928927 -0.0175658
vn -0.384777 0.835995 -0.391228
vn -0.989101 0.133471 -0.0621637
vn -0.989101 0.133471 -0.0621637
vn -0.399233 0.0760225 0.913692
vn -0.138125 0.00479602 0.990403
vn -0.128332 0.00704704 0.991706
vn -0.17187 0.00921353 0.985077
vn -0.146567 -4.84485e-05 0.989201
vn -0.147119 -0.000218296 0.989119
vn -0.144411 -0.0674701 0.987215
vn -0.0202562 -0.991206 0.130767
vn -0.147556 0.00413236 0.989045
vn -0.0131142 -0.989444 0.144322
vn -0.0300114 -0.974669 0.22163
vn -0.00312736 -0.990019 0.140898
vn 0.00128331 -0.999479 0.0322606
vn 0.0215774 -0.999175 0.0344161
vn -0.161082 0.00583852 0.986924
vn 0.0270261 -0.999482 0.0174753
vn 0.0060591 0.998232 0.0591273
vn 0.821885 0.561961 -0.0933062
vn 0.0060591 0.998232 0.0591273
vn -0.28918 0.287605 0.913049
vn -0.28918 0.287605 0.913049
vn -0.232945 0.970781 0.0576304
vn 0.966733 -0.181958 -0.179776
vn -0.121134 0.98098 -0.151672
vn -0.121134 0.98098 -0.151672
vn 0.0274193 -0.999612 0.00498986
vn -0.957797 -0.118195 0.26202
vn -0.158381 -0.981184 -0.110422
vn -0.957797 -0.118195 0.26202
vn -0.59173 0.805866 0.020871
vn -0.143651 -0.988521 -0.0468103
vn -0.168138 0.981158 -0.0951725
vn -0.695538 0.568429 -0.439448
vn 0.02392 -0.979987 -0.197621
vn -0.219095 -0.119307 0.968382
vn -0.199261 -0.381156 0.902782
vn -0.18657 -0.526276 0.829593
vn -0.239398 -0.121282 0.963317
vn -0.373811 -0.449832 0.811121
vn 0.166629 -0.985652 -0.0269321
vn 0.98161 -0.190589 -0.0108456
vn 0.989891 0.0236452 -0.139845
vn -0.0759701 -0.996906 0.020153
vn -0.0378476 -0.99927 -0.00513378
vn -0.0609323 -0.998142 -0.000527626
vn -0.0939029 -0.995577 -0.00301796
vn -0.0670221 -0.997389 0.0268916
vn 0.00843279 -0.999866 -0.0140104
vn 0.99674 -0.0803646 -0.00707684
vn -0.00987868 -0.999899 0.0101721
vn 0.999819 -0.0190063 -0.00105355
vn 0.9994 -0.0263185 -0.0224989
vn -0.00696562 -0.999965 0.00465187
vn 0.999403 -0.027735 -0.020605
vn 0.999465 -0.0304378 -0.0119514
vn 0.994463 -0.103097 -0.0203603
vn -0.0067424 -0.999926 0.0101156
vn -0.00689141 -0.999947 0.0076099
vn -0.0396812 -0.999212 0.00115616
vn -0.0365853 -0.959093 -0.280716
vn 0.026768 -0.993294 -0.112476
vn -0.0251754 -0.998385 0.0509252
vn -0.115045 -0.963379 0.242209
vn -0.0627546 -0.980727 0.185029
vn -0.0759639 -0.996983 0.0159441
vn -0.0304568 -0.999424 0.0149585
vn -0.0140701 -0.999901 0.000511664
vn -0.00357242 -0.999961 0.00813173
vn 0.999815 0.0191035 0.00214247
vn 0.99602 0.0715661 -0.0531252
vn 0.999374 0.0351687 -0.00385335
vn 0.991904 0.00133381 -0.126979
vn 0.02183 -0.0107261 -0.999704
vn 0.999575 0.0211445 0.020077
vn 0.981148 -0.072099 0.179308
vn 0.988776 -0.000604376 -0.149402
vn 0.999567 -0.000518263 0.0294196
vn 0.999972 0.0029877 -0.00679785
vn -0.0249759 0.998568 -0.0473098
vn -0.17167 0.0591445 -0.983378
vn -0.159762 0.0184032 -0.986984
vn -0.156474 0.0212761 -0.987453
vn -0.177672 0.00432409 -0.98408
vn -0.187949 0.0277617 -0.981786
vn -0.17161 0.0555956 -0.983595
vn -0.196312 -0.00783484 -0.98051
vn -0.189522 0.0177135 -0.981717
vn -0.284615 0.0010958 -0.958641
vn -0.428506 -0.00914514 -0.903492
vn -0.184865 0.0111662 -0.9827
vn -0.356931 -0.0718176 -0.931366
vn -0.356931 -0.0718176 -0.931366
vn -0.187507 0.0574441 -0.980582
vn -0.944667 0.213605 0.248953
vn -0.0203273 0.999641 0.0174625
vn -0.834137 -0.000453734 0.551557
vn -0.9622 0.197411 0.187617
vn -0.837155 -0.08721 0.539968
vn -0.25279 0.0826806 -0.963982
vn 0.230298 0.134107 -0.963835
vn 0.177973 0.163534 -0.970352
vn 0.498619 0.0419807 0.865804
vn 0.88224 0.390415 -0.263114
vn 0.979814 0.0096308 -0.199678
vn 0.957433 -0.186333 -0.220458
vn 0.736262 0.144066 0.661183
vn 0.61916 -0.0242794 0.784889
vn 0.289176 0.889254 0.354407
vn 0.511576 0.858253 0.0411288
vn 0.426563 0.0831431 0.900629
vn 0.426563 0.0831431 0.900629
vn 0.416626 0.123974 -0.900585
vn 0.31546 -0.934299 -0.166042
vn -0.183986 0.00226948 -0.982926
vn 0.994739 0.0754064 0.069336
vn 0.861989 -0.150651 -0.484024
vn 0.0627965 0.0496092 -0.996793
vn 0.252625 0.0374302 -0.96684
vn 0.990325 0.0107771 0.138347
vn 0.900384 0.0429727 -0.432969
vn -0.187403 0.129412 -0.973721
vn -0.145269 -0.0233778 -0.989116
vn 0.00111192 -0.0366491 -0.999328
vn 0.00111192 -0.0366491 -0.999328
vn -0.171494 0.00124893 -0.985184
vn -0.262533 -0.0743573 -0.962054
vn -0.0908595 0.0174734 -0.99571
vn -0.127359 0.99089 0.0437875
vn -0.151446 0.105192 -0.982852
vn -0.161962 0.10128 -0.981586
vn -0.15936 0.0168108 -0.987077
vn -0.152589 0.0170539 -0.988143
vn -0.139386 0.00145678 -0.990237
vn -0.160702 0.981733 -0.101863
vn -0.00459803 0.999929 0.0110063
vn -0.0112722 0.9999 0.00855671
vn -0.00949323 0.999945 0.00440165
vn 0.00721612 0.999829 0.0170471
vn 0.00718984 0.999016 0.0437647
vn -0.0216729 0.998972 -0.0398246
vn -0.0126786 0.999804 0.0152065
vn -0.100874 0.0591651 -0.993138
vn -0.170354 0.0277641 -0.984992
vn -0.131181 0.0297685 -0.990911
vn -0.836065 0.149062 -0.527993
vn 0.928449 -0.0918257 0.359931
vn 0.905516 0.0572952 0.420425
vn -0.373005 0.0888454 0.923566
vn -0.325082 0.011239 0.945619
vn 0.027372 -0.0229181 0.999363
vn -0.00349016 0.999889 0.0145011
vn -0.00222081 0.999839 -0.0177914
vn 0.00640259 0.999969 0.00468455
vn 0.00225734 0.999982 0.00554233
vn -0.00674462 0.999867 0.0148846
vn -0.00355621 0.999954 0.00892188
vn -0.00476902 0.999934 0.0104548
vn -0.00974035 0.999746 0.0203325
vn -0.00101386 0.999967 0.00804319
vn 0.0185733 0.999808 -0.00621966
vn 0.0137422 0.999905 -0.00136028
vn 0.190456 0.975173 0.112975
vn -0.001129 0.999645 -0.0266164
vn 0.0528404 0.998473 0.0161361
vn 0.050757 0.997109 0.0565392
vn 0.012331 0.999632 0.0241751
vn -0.014208 0.999878 0.00642401
vn -0.0601679 0.998037 -0.0173937
vn -0.158857 0.935622 -0.315241
vn 0.454876 0.532128 0.714093
vn -0.0420837 0.99897 -0.0169807
vn -0.369847 0.928927 -0.0175658
vn -0.369847 0.928927 -0.0175658
vn 0.603966 0.778532 0.170626
vn -0.989101 0.133471 -0.0621637
vn -0.989101 0.133471 -0.0621637
vn -0.165511 0.165072 0.972295
vn -0.353489 0.0333804 0.934843
vn -0.152281 0.00292526 0.988333
vn -0.141612 0.00810328 0.989889
vn -0.123291 0.00931432 0.992327
vn -0.16908 0.00237963 0.9856
vn -0.152375 -0.00140083 0.988322
vn -0.145969 -0.0635848 0.987244
vn -0.0244951 -0.989283 0.143943
vn -0.0485823 -0.954905 0.292911
vn -0.39596 0.079244 0.914842
vn -0.0157035 -0.960139 0.279082
vn -0.0038629 -0.992414 0.122877
vn 0.00760235 -0.999353 0.0351531
vn 0.00554442 -0.999252 0.0382626
vn 0.0181696 -0.999722 0.0150342
vn -0.39756 -0.0241829 0.917257
vn -0.438745 -0.0530695 0.897043
vn 0.0327304 -0.999348 0.0152202
vn 0.627409 0.418006 0.656985
vn -0.28918 0.287605 0.913049
vn -0.28918 0.287605 0.913049
vn 0.0686454 -0.99764 -0.00143577
vn -0.158381 -0.981184 -0.110422
vn -0.158381 -0.981184 -0.110422
vn -0.986942 0.0297101 0.158311
vn -0.198959 -0.980008 -1.15015e-05
vn -0.198959 -0.980008 -1.15015e-05
vn -0.191687 -0.975843 0.104818
vn 0.312542 -0.947766 0.0637006
vn -0.30366 -0.266006 -0.914894
vn 0.02392 -0.979987 -0.197621
vn 0.02392 -0.979987 -0.197621
vn -0.0984504 -0.341707 0.934636
vn -0.115497 0.136571 0.983874
vn -0.239553 -0.548718 0.800951
vn -0.337877 -0.189921 0.921829
vn -0.300058 -0.252004 0.920032
vn 0.0956959 -0.993604 -0.0599406
vn 0.978602 -0.173059 -0.11131
vn 0.00432611 4.0817e-05 -0.999991
vn -0.0228453 -0.999523 0.0207815
vn -0.0591489 -0.998242 0.00367698
vn -0.0389029 -0.999124 -0.015413
vn -0.058593 -0.998265 0.00583928
vn -0.0809175 -0.995844 0.0417999
vn -0.054477 -0.998495 0.00640909
vn 0.0136269 -0.999822 -0.0130126
vn 0.997738 -0.0644207 0.0192007
vn -0.00882022 -0.999942 0.00618753
vn 0.999588 -0.0151556 -0.0243678
vn 0.999445 -0.0261049 -0.0206709
vn -0.00688465 -0.999962 0.00535995
vn 0.999435 -0.0317734 -0.0109227
vn 0.999398 -0.0277753 -0.0207735
vn 0.993253 -0.0877644 -0.0758069
vn -0.00402824 -0.999962 0.00778094
vn -0.000228215 -0.999965 0.0083184
vn -0.127484 -0.988508 -0.0812418
vn 0.00115722 -0.996084 0.0884001
vn -0.0317869 -0.983495 0.178123
vn -0.0850179 -0.985942 0.143842
vn -0.0348067 -0.998675 0.037902
vn -0.0170431 -0.999449 0.0284982
vn -0.00867521 -0.999874 0.0133028
vn -0.00399964 -0.999966 0.00726595
vn 0.995439 0.0876478 -0.0376851
vn 0.999307 0.0331991 -0.0168182
vn 0.999574 -0.0130121 0.0261351
vn 0.99441 -0.0102468 0.105091
vn 0.989318 0.000171413 -0.145773
vn 0.999708 -0.0134566 0.020059
vn 0.999161 0.0282692 0.0296394
vn -0.15581 0.0697071 -0.985325
vn -0.182342 0.0402333 -0.982412
vn -0.171615 0.0207009 -0.984947
vn -0.163994 0.0114043 -0.986395
vn -0.183516 0.0389975 -0.982243
vn -0.18601 0.0401134 -0.981729
vn -0.163607 0.0192383 -0.986338
vn -0.218718 0.0218864 -0.975542
vn -0.185911 0.0807352 -0.979244
vn -0.420085 0.0277607 -0.90706
vn -0.351452 -0.103789 -0.930435
vn 0.517067 0.0619553 -0.8537
vn -0.186114 0.00778565 -0.982497
vn -0.356931 -0.0718176 -0.931366
vn -0.190964 0.00405791 -0.981589
vn -0.94967 0.156867 0.271144
vn -0.215594 0.233628 -0.948123
vn 0.430377 0.896177 0.1079
vn 0.943834 -0.330235 -0.0110231
vn -0.844672 0.208403 0.49305
vn -0.949023 0.228506 0.217117
vn -0.27701 -0.0662217 -0.958582
vn 0.478061 0.206282 -0.85376
vn 0.644574 0.171884 0.74497
vn 0.134474 0.8287 0.543299
vn 0.395352 0.00949503 0.918481
vn 0.934181 0.288188 -0.210367
vn 0.899144 0.245904 -0.362037
vn 0.93274 0.16932 -0.318318
vn 0.673454 -0.0596444 0.736819
vn 0.289176 0.889254 0.354407
vn 0.289176 0.889254 0.354407
vn 0.598527 -0.743102 0.299276
vn 0.416626 0.123974 -0.900585
vn 0.416626 0.123974 -0.900585
vn -0.206953 0.0144635 -0.978244
vn 0.0189243 0.0155062 -0.999701
vn 0.305707 0.000402711 -0.952126
vn 0.977156 -0.0382945 0.209047
vn 0.843699 -0.0942168 -0.528484
vn -0.23809 -0.0306496 -0.970759
vn -0.128028 0.0319183 -0.991257
vn 0.00111192 -0.0366491 -0.999328
vn -0.0936246 0.0116173 -0.99554
vn -0.0908595 0.0174734 -0.99571
vn -0.262533 -0.0743573 -0.962054
vn -0.262533 -0.0743573 -0.962054
vn -0.0908595 0.0174734 -0.99571
vn -0.149552 0.0789037 -0.985601
vn -0.150063 0.0146653 -0.988568
vn -0.161581 0.0188866 -0.986679
vn -0.161662 0.00975704 -0.986798
vn -0.147951 0.0106218 -0.988938
vn -0.129605 0.00335682 -0.99156
vn -0.0381556 0.97113 -0.235481
vn -0.303782 0.9501 0.0708993
vn -0.00120315 0.999843 0.0176675
vn -0.00114924 0.999912 0.0132437
vn -0.00386236 0.999976 0.00578171
vn 0.00433522 0.999065 0.0430116
vn -0.1461 0.0592634 -0.987493
vn -0.0127978 0.999745 -0.0186277
vn -0.111461 0.0220435 -0.993524
vn -0.166252 0.00287738 -0.986079
vn -0.142301 0.00861346 -0.989786
vn -0.0232775 0.0578383 0.998055
vn 0.0316739 0.0107441 0.999441
vn -0.202149 0.00637605 0.979334
vn -0.00704402 0.999788 0.0193307
vn 0.000963102 0.999917 -0.0128173
vn 0.00388293 0.99999 0.00245834
vn 0.00316196 0.999983 0.0048672
vn 0.00128395 0.999926 0.0121066
vn -0.00354401 0.999912 0.0127975
vn -0.00467329 0.99994 0.00987056
vn -0.00364529 0.999945 0.00984044
vn -0.0121708 0.999896 0.00776252
vn 0.00754279 0.999972 0.000242903
vn 0.0146471 0.999867 -0.00723546
vn -0.0324887 0.999441 -0.00789973
vn 0.00239631 0.995052 -0.0993312
vn 0.00334336 0.997501 -0.0705689
vn 0.048253 0.992748 0.110104
vn 0.0218389 0.992154 0.123099
vn -0.0133122 0.999906 -0.00328639
vn -0.166536 0.981077 -0.0987618
vn -4.42693e-05 0.926572 -0.376117
vn -0.369847 0.928927 -0.0175658
vn 0.972049 0.0762587 0.222049
vn -0.369847 0.928927 -0.0175658
vn 0.603966 0.778532 0.170626
vn 0.603966 0.778532 0.170626
vn -0.143027 0.90886 -0.391812
vn -0.213918 0.37697 0.901184
vn 0.0381826 0.145806 0.988576
vn -0.0265657 0.125032 0.991797
vn -0.338915 0.00574885 0.940799
vn -0.15026 0.0104429 0.988591
vn -0.144366 0.0124805 0.989446
vn -0.115221 0.00728503 0.993313
vn -0.163416 -0.00185589 0.986556
vn -0.153122 -0.0588017 0.986456
vn -0.0321326 -0.984717 0.171174
vn -0.0321481 -0.957785 0.285682
vn -0.02265 -0.99446 0.102645
vn -0.0751753 0.0692192 0.994765
vn 0.0240665 -0.994329 0.103586
vn -0.00480647 -0.99931 0.0368403
vn 0.00856811 -0.999031 0.043161
vn 0.0237684 -0.999497 0.0209962
vn 0.0207011 -0.99946 0.0255186
vn -0.0713098 -0.0378163 0.996737
vn -0.0291717 -0.042633 0.998665
vn 0.0360021 -0.999068 0.0238023
vn 0.0843543 -0.981448 -0.172173
vn -0.844725 -0.25809 0.46886
vn -0.108395 -0.993709 -0.0281598
vn -0.198959 -0.980008 -1.15015e-05
vn -0.236697 -0.962393 -0.13332
vn -0.203324 -0.974964 -0.0900241
vn 0.082372 -0.991059 0.104965
vn -0.577803 -0.312965 0.753788
vn -0.106356 -0.352886 0.929602
vn -0.0397064 -0.575616 0.816755
vn -0.24282 -0.194095 0.950455
vn -0.347535 -0.264927 0.899463
vn 0.0351773 -0.0691434 -0.996986
vn -0.0102997 -0.999934 0.00507503
vn -0.0375418 -0.999274 0.00646662
vn -0.0523434 -0.998498 -0.0161947
vn -0.0450369 -0.998875 0.0148285
vn -0.164731 -0.984416 -0.0615544
vn -0.104317 -0.994399 -0.0169945
vn -0.0412335 -0.999068 -0.0127693
vn 0.0249673 -0.999461 -0.0213289
vn 0.998957 -0.0390824 -0.0236307
vn -0.00400944 -0.99997 0.00670116
vn -0.0102997 -0.999934 0.00507503
vn 0.999737 -0.0151242 -0.0172652
vn 0.999626 -0.0243342 -0.0125197
vn 0.00349572 -0.999963 0.00784133
vn 0.999354 -0.0307667 -0.0185774
vn 0.997802 -0.0267707 -0.0606183
vn 0.996805 -0.0431867 -0.0671953
vn -0.00155049 -0.999984 0.00544988
vn -0.000301548 -0.999941 0.0108169
vn 0.0704246 -0.99665 -0.0415877
vn -0.013909 -0.99884 0.0460927
vn -0.0376673 -0.989137 0.142091
vn -0.0263866 -0.992653 0.118082
vn -0.0120253 -0.999639 0.0240183
vn -0.0121756 -0.999693 0.0216026
vn -0.00185219 -0.99986 0.0166651
vn -0.00148085 -0.999955 0.0094009
vn 0.991765 0.127298 -0.0140718
vn 0.999382 0.0349121 -0.00416159
vn 0.998478 0.0288259 -0.0470236
vn 0.998617 -0.00944795 0.0517119
vn 0.996002 0.0187279 0.0873421
vn 0.992398 -0.0275484 -0.119947
vn 0.999979 -0.00592268 0.00273207
vn 0.998224 -0.0308591 0.0509477
vn -0.186593 0.0136999 -0.982342
vn -0.166563 0.0143308 -0.985927
vn -0.164877 0.0384087 -0.985566
vn -0.17942 0.0230819 -0.983502
vn -0.172673 0.0129421 -0.984894
vn -0.157853 0.0151162 -0.987347
vn -0.151092 0.00314184 -0.988515
vn -0.162642 -0.0339094 -0.986102
vn 0.527171 0.00535943 -0.849742
vn -0.42889 0.00507774 -0.903342
vn -0.202632 0.110084 -0.973048
vn 0.38588 0.0313096 -0.922018
vn -0.20014 0.0353298 -0.97913
vn -0.175404 -0.0430306 -0.983556
vn -0.700635 -0.703348 0.120052
vn -0.260177 0.15208 -0.953509
vn -0.285229 -0.0154414 -0.958335
vn -0.0120376 -0.0325581 -0.999397
vn 0.430377 0.896177 0.1079
vn 0.430377 0.896177 0.1079
vn 0.943834 -0.330235 -0.0110231
vn 0.943834 -0.330235 -0.0110231
vn 0.987313 -0.13938 -0.0760714
vn -0.915528 0.108328 0.387395
vn -0.651351 -0.756529 0.0583644
vn -0.186329 0.0820135 -0.979058
vn 0.357692 -0.230731 -0.904887
vn 0.579224 -0.0185164 0.814958
vn 0.579224 -0.0185164 0.814958
vn 0.134474 0.8287 0.543299
vn 0.134474 0.8287 0.543299
vn 0.942825 0.269956 -0.19546
vn 0.824984 0.333812 -0.456039
vn 0.970895 0.110138 -0.212677
vn 0.668869 0.139266 0.730219
vn -0.213234 -0.00606735 -0.976982
vn 0.102466 -0.137653 -0.985166
vn 0.32005 0.0323906 -0.946847
vn 0.955581 -0.0468453 0.290982
vn 0.744502 0.00527295 -0.667599
vn -0.279488 0.0515947 -0.958762
vn -0.265026 0.102143 -0.958816
vn -0.131307 0.0697847 -0.988883
vn -0.0908595 0.0174734 -0.99571
vn -0.106729 -0.0801506 -0.991052
vn -0.262533 -0.0743573 -0.962054
vn -0.262533 -0.0743573 -0.962054
vn -0.0908595 0.0174734 -0.99571
vn -0.17229 0.0144423 -0.98494
vn -0.154532 0.00521984 -0.987974
vn -0.162938 0.0114692 -0.98657
vn -0.165049 -0.00264019 -0.986282
vn -0.149237 0.00227755 -0.988799
vn -0.125258 0.005583 -0.992108
vn -0.278487 0.733253 -0.620311
vn -0.0294602 0.972311 -0.231825
vn -0.267116 0.952637 0.145369
vn -0.93759 0.334004 0.0967775
vn 0.0106847 0.999537 0.0285015
vn 0.00666425 0.999657 0.0253106
vn -0.00134468 0.99999 0.00426126
vn -0.139986 0.053657 -0.988699
vn -0.14783 0.0139257 -0.988915
vn -0.125322 -0.00390077 -0.992109
vn -0.172622 0.00916315 -0.984945
vn -0.141638 0.00851244 -0.989882
vn -0.184932 0.00108343 0.982751
vn -0.222729 0.00301011 0.974876
vn -0.125288 0.014292 0.992018
vn -0.00532818 0.999967 -0.0061971
vn -0.00705098 0.999834 0.0167776
vn 0.00266964 0.999995 0.00194074
vn 0.00399665 0.999984 0.00392619
vn 0.0016284 0.999959 0.00887278
vn -0.00562438 0.999964 0.00635812
vn -0.00339587 0.999914 0.0126982
vn -0.00438672 0.999942 0.00982624
vn 0.00512679 0.999926 0.0110228
vn -0.00564129 0.999979 0.00324567
vn 0.0190091 0.999801 -0.00606462
vn -0.0186713 0.999725 0.0141842
vn -0.00683932 0.999821 0.0176113
vn -0.0237888 0.996185 -0.083959
vn 0.0629525 0.98382 -0.167734
vn 0.00429446 0.999148 0.0410535
vn -0.00345908 0.999968 0.00723994
vn -0.424507 0.905416 -0.00386815
vn 0.884417 0.464756 0.0425254
vn 0.058531 0.440305 0.895939
vn 0.972049 0.0762587 0.222049
vn 0.972049 0.0762587 0.222049
vn 0.972798 0.0953954 0.211101
vn -0.424507 0.905416 -0.00386815
vn -0.424507 0.905416 -0.00386815
vn -0.134421 0.0658072 0.988737
vn -0.149266 0.129147 0.980327
vn -0.980708 0.00686104 -0.195358
vn -0.35451 0.00775397 0.93502
vn -0.1456 0.0122577 0.989268
vn -0.144132 0.014939 0.989446
vn -0.107002 0.00153357 0.994258
vn -0.163448 -0.0563019 0.984944
vn -0.0336729 -0.979707 0.197587
vn -0.0394119 -0.959785 0.277956
vn -0.0125927 -0.993958 0.109037
vn -0.0017194 -0.998264 0.0588807
vn -0.118954 0.0080203 0.992867
vn -0.126637 -0.00690474 0.991925
vn 0.0313949 -0.99831 0.0488967
vn 0.00132327 -0.998739 0.0501828
vn 0.0160181 -0.999128 0.0385549
vn 0.0318374 -0.998929 0.0335664
vn 0.0304347 -0.999204 0.0258006
vn -0.167845 -0.0103401 0.985759
vn -0.14617 0.00110812 0.989259
vn 0.0438333 -0.99884 -0.0199572
vn 0.0843543 -0.981448 -0.172173
vn 0.0843543 -0.981448 -0.172173
vn -0.604623 -0.598935 0.525079
vn -0.0734804 -0.997198 -0.0140357
vn -0.00405923 -0.999159 -0.040793
vn -0.104318 -0.994531 -0.00516569
vn -0.396355 -0.238457 -0.88659
vn -0.00796506 -0.976632 -0.214772
vn 0.0585755 -0.988629 -0.138499
vn 0.0143222 -0.999837 -0.0110038
vn -0.288307 -0.433744 0.853665
vn -0.241794 -0.613917 0.751426
vn -0.317367 -0.275677 0.907348
vn -0.00296289 0.0814579 0.996672
vn -0.0102997 -0.999934 0.00507503
vn -0.0322259 -0.999466 -0.00542137
vn -0.0093738 -0.99995 0.00360394
vn -0.0602815 -0.998181 0.000323246
vn -0.00915968 -0.990196 -0.139381
vn -0.305467 -0.948616 -0.0825676
vn -0.126574 -0.991952 0.00337372
vn -0.0428282 -0.99904 -0.00924871
vn 0.035176 -0.999103 -0.0235959
vn 0.999572 -0.028646 -0.00588831
vn -0.000569115 -0.999986 0.00530327
vn 0.00634618 -0.999936 0.00932783
vn 0.999712 -0.0177733 -0.0161495
vn 0.99898 -0.0355967 -0.0277729
vn 0.000559004 -0.99995 0.00995451
vn 0.997915 -0.0261147 -0.0590221
vn 0.999674 -0.0177351 -0.0183539
vn 0.999847 -0.0171438 0.00362398
vn -0.00255438 -0.999975 0.00662624
vn -0.000338849 -0.999919 0.0127119
vn -0.000707568 -0.997318 -0.0731893
vn -0.0381779 -0.996352 0.0763229
vn -0.00354905 -0.994366 0.10594
vn -0.0117376 -0.992814 0.11909
vn -0.00781749 -0.999733 0.0217354
vn 0.00162034 -0.999833 0.0182055
vn -0.00125062 -0.99993 0.0117883
vn -0.00131435 -0.999976 0.00682265
vn 0.99554 0.0788383 -0.0518058
vn 0.997063 0.0742038 -0.0189752
vn 0.999582 0.026113 -0.0124466
vn 0.992643 -0.0272175 0.117979
vn 0.996294 0.0203591 0.0835751
vn 0.999988 0.00170396 0.00451989
vn 0.998805 -0.0144457 0.0466803
vn -0.157688 0.0167817 -0.987346
vn -0.185341 0.0143166 -0.98257
vn -0.16576 0.0346171 -0.985558
vn -0.161593 0.017732 -0.986698
vn -0.170418 0.00826522 -0.985337
vn -0.169577 0.0116821 -0.985448
vn -0.146862 -0.0661435 -0.986943
vn -0.0852514 -0.0388126 -0.995603
vn -0.161282 -0.0180141 -0.986744
vn 0.789296 -0.0219892 -0.613619
vn -0.192532 -0.0178309 -0.981129
vn -0.162377 -0.0237796 -0.986442
vn -0.165727 0.0583316 -0.984445
vn -0.922964 0.244431 0.297306
vn -0.557113 -0.171226 0.812593
vn -0.139944 0.0181282 -0.989993
vn -0.27463 -0.00414221 -0.961541
vn -0.253229 -0.0097414 -0.967357
vn 0.237324 -0.0133318 -0.971339
vn 0.112113 -0.346161 -0.931452
vn 0.840659 0.427112 0.332968
vn 0.444849 0.892703 0.0720495
vn -0.0695052 0.989104 -0.12978
vn 0.943834 -0.330235 -0.0110231
vn -0.214441 -0.971035 0.105387
vn 0.943834 -0.330235 -0.0110231
vn 0.952351 -0.183775 -0.243421
vn 0.906953 -0.382746 -0.175902
vn -0.214441 -0.971035 0.105387
vn -0.254628 0.213503 0.943176
vn -0.569858 -0.820838 0.0385535
vn -0.973752 0.183798 0.134261
vn -0.46513 -0.0292377 -0.884759
vn 0.286009 0.953767 0.0923418
vn 0.0791497 -0.0150739 -0.996749
vn 0.985205 -0.169828 0.0230118
vn 0.579224 -0.0185164 0.814958
vn 0.887525 0.244927 -0.39027
vn 0.897279 0.257107 -0.358868
vn 0.746576 0.0709629 0.661504
vn -0.192547 0.000984656 -0.981287
vn 0.213853 0.00834646 -0.97683
vn 0.280491 0.00200228 -0.959855
vn 0.917156 0.0440741 0.396083
vn 0.728366 -0.0492384 -0.683417
vn -0.231402 -0.0137314 -0.972761
vn -0.341162 -0.0161391 -0.939866
vn -0.0611979 0.127784 -0.989912
vn -0.127865 0.0143963 -0.991687
vn -0.231402 -0.0137314 -0.972761
vn -0.162451 0.00991422 -0.986667
vn -0.156784 -0.00384756 -0.987625
vn -0.162761 -0.000648441 -0.986665
vn -0.168825 -0.00375273 -0.985639
vn -0.1551 0.00440189 -0.987889
vn -0.124659 0.0135464 -0.992107
vn -0.93759 0.334004 0.0967775
vn -0.568602 0.12579 -0.812938
vn 0.514145 0.816816 -0.26166
vn -0.0931972 0.960185 -0.263361
vn -0.0451536 0.0122381 -0.998905
vn -0.95599 0.134317 -0.260849
vn -0.93759 0.334004 0.0967775
vn 0.00467746 0.999692 0.0243719
vn 0.00867854 0.999165 0.0399351
vn -0.143729 0.0102024 -0.989564
vn -0.0451536 0.0122381 -0.998905
vn -0.141127 -0.00178481 -0.98999
vn -0.153101 -0.0227683 -0.987948
vn -0.182735 -0.00118024 -0.983162
vn -0.14267 0.00966422 -0.989723
vn -0.703707 0.0312091 -0.709804
vn -0.122613 0.0102058 0.992402
vn -0.130635 0.0186562 0.991255
vn -0.000890395 1 0.000558652
vn -0.00722379 0.999973 0.00119325
vn -0.00506753 0.999922 0.0114031
vn 0.00071903 0.999996 0.00281157
vn 0.00119561 0.999988 0.00484057
vn -0.00245513 0.999997 -0.000288348
vn -0.00690553 0.999931 0.00949375
vn -0.00182437 0.999873 0.0158176
vn 0.0177696 0.999678 0.0181101
vn 0.0198677 0.999724 0.0125674
vn 0.0180337 0.99949 0.026371
vn 0.00280027 0.999881 0.0151859
vn 0.026805 0.999224 0.0288542
vn -0.0495758 0.993679 -0.100717
vn -0.0495758 0.993679 -0.100717
vn 0.00114403 0.999022 0.0442128
vn -0.424507 0.905416 -0.00386815
vn -0.0579743 0.43164 0.900181
vn 0.939825 0.0546488 0.337256
vn 0.975695 0.0903993 0.19962
vn -0.424507 0.905416 -0.00386815
vn -0.118909 0.0322418 0.992382
vn -0.982112 0.0106312 -0.187998
vn -0.380884 0.00476621 0.924611
vn -0.148399 0.0129751 0.988842
vn -0.143032 0.00679879 0.989695
vn -0.0944574 -0.0526907 0.994134
vn -0.036245 -0.972352 0.230691
vn -0.0380973 -0.96305 0.266614
vn -0.0149277 -0.993428 0.113482
vn -0.0159931 -0.998242 0.0570623
vn 0.0081597 -0.99921 0.0389049
vn -0.0979132 0.0181742 0.995029
vn -0.115575 0.0163793 0.993164
vn 0.0285158 -0.998427 0.0482699
vn 0.00817485 -0.99903 0.0432695
vn 0.0262054 -0.999078 0.0340005
vn 0.0220904 -0.999651 0.0144866
vn 0.0418586 -0.999106 0.00598654
vn 0.0438333 -0.99884 -0.0199572
vn 0.0438333 -0.99884 -0.0199572
vn 0.12026 -0.975119 -0.186227
vn -0.250987 -0.838217 0.484147
vn -0.339357 0.7311 0.591886
vn -0.0734804 -0.997198 -0.0140357
vn -0.0734804 -0.997198 -0.0140357
vn -0.0168397 -0.999497 0.0268683
vn -0.00518834 -0.999467 -0.0322146
vn -0.396355 -0.238457 -0.88659
vn -0.396355 -0.238457 -0.88659
vn 0.0391814 -0.996138 -0.078572
vn 0.06767 -0.976102 -0.206508
vn 0.00141488 -0.99801 -0.0630474
vn 0.00141488 -0.99801 -0.0630474
vn -0.010646 -0.999767 -0.0187591
vn -0.274686 -0.480692 0.832756
vn -0.256179 -0.586728 0.768194
vn -0.146885 -0.417949 0.896517
vn -0.568 -0.0203087 0.822778
vn -0.355984 0.0742762 0.931536
vn -0.0058091 -0.999965 0.00605173
vn -0.0144857 -0.999892 -0.00256997
vn -0.0186154 -0.998988 -0.0409412
vn 0.0189528 -0.991909 -0.125525
vn -0.250249 -0.96264 0.103441
vn -0.0917234 -0.99573 0.0104209
vn -0.037555 -0.999182 -0.0150197
vn 0.0477663 -0.998553 -0.0247162
vn 0.999306 -0.0245753 -0.0279745
vn 0.00108404 -0.999968 0.00788496
vn 0.00616771 -0.999967 0.00537943
vn 0.00089339 -0.999944 0.0105626
vn 0.998462 -0.0284672 -0.047583
vn 0.998043 -0.0384138 -0.049333
vn 0.00067974 -0.99995 0.00994519
vn 0.999617 -0.0262808 -0.00869388
vn 0.999895 -0.0101751 -0.0103241
vn 0.99757 -0.0173633 0.0674805
vn 0.000607736 -0.999982 0.005985
vn 0.000320278 -0.999914 0.0130992
vn 0.0259017 -0.987467 -0.155688
vn 0.0197544 -0.99451 0.102756
vn 0.00458713 -0.997604 0.0690255
vn -0.0133005 -0.992422 0.122158
vn -0.00360664 -0.999651 0.0261705
vn 0.00253276 -0.999873 0.0157352
vn 7.28325e-05 -0.99992 0.0126814
vn 0.00174068 -0.999986 0.00495562
vn 0.998582 0.0532086 0.0017875
vn 0.995658 0.0929118 0.00565309
vn 0.999951 0.00979534 -0.00151161
vn 0.990399 0.0770588 0.114767
vn 0.995791 0.0158222 0.0902822
vn 0.983241 -0.0851289 -0.161216
vn 0.998439 0.0167502 0.0532794
vn -0.165517 0.0189919 -0.986024
vn -0.185335 0.0322009 -0.982148
vn -0.164187 0.017166 -0.98628
vn -0.162992 0.00717051 -0.986601
vn -0.166307 0.00924285 -0.986031
vn -0.170027 -0.0720959 -0.982799
vn -0.14705 -0.0398906 -0.988324
vn -0.0826287 -0.00834702 -0.996545
vn -0.159794 0.0197452 -0.986953
vn -0.0873013 0.100427 -0.991107
vn -0.126832 0.183882 -0.974731
vn -0.168081 0.0471808 -0.984644
vn -0.130289 -0.00795245 -0.991444
vn 0.469975 0.877221 -0.0980131
vn -0.557113 -0.171226 0.812593
vn -0.557113 -0.171226 0.812593
vn -0.154657 -0.0129557 -0.987883
vn -0.227412 0.0385913 -0.973034
vn -0.245715 0.018651 -0.969163
vn 0.159022 -0.195802 -0.967664
vn -0.317996 0.0600419 -0.946189
vn 0.0199487 -0.230373 -0.972898
vn -0.0873013 0.100427 -0.991107
vn 0.677329 0.308373 0.66793
vn 0.648678 0.328258 0.686632
vn 0.331599 0.343124 0.878811
vn 0.0714687 0.997053 -0.0278792
vn 0.958673 0.0361867 -0.2822
vn -0.214441 -0.971035 0.105387
vn 0.945295 -0.209934 -0.249689
vn 0.936217 -0.287391 -0.202248
vn -0.254628 0.213503 0.943176
vn 0.871294 0.489237 -0.0386506
vn -0.254628 0.213503 0.943176
vn -0.122309 -0.548219 0.827343
vn -0.984815 0.135834 0.108111
vn 0.554381 0.826795 -0.0952457
vn 0.322124 0.926032 0.196724
vn 0.999864 -0.00363886 0.0160688
vn 0.985205 -0.169828 0.0230118
vn 0.985205 -0.169828 0.0230118
vn 0.8412 0.407409 -0.355528
vn 0.732568 0.314682 0.603589
vn 0.454084 -0.0450459 0.889819
vn -0.177146 -0.0111252 -0.984122
vn 0.202258 -0.0170399 -0.979184
vn 0.240953 0.00869411 -0.970498
vn 0.873292 -0.00986697 0.487097
vn 0.718034 0.0807055 -0.691314
vn -0.231402 -0.0137314 -0.972761
vn -0.0639516 0.0717707 -0.995369
vn -0.288569 -0.0867146 -0.953524
vn -0.127865 0.0143963 -0.991687
vn -0.127865 0.0143963 -0.991687
vn -0.231402 -0.0137314 -0.972761
vn -0.162023 -0.0119243 -0.986715
vn -0.156192 -0.00536507 -0.987712
vn -0.16404 -0.000409752 -0.986454
vn -0.171805 -0.00283456 -0.985127
vn -0.165487 0.00359217 -0.986205
vn -0.122479 -0.00497169 -0.992459
vn -0.897206 0.104158 -0.429154
vn -0.626065 0.358975 -0.692227
vn 0.989318 0.0903291 -0.114414
vn 0.381146 -0.666833 -0.64036
vn -0.927132 0.344663 -0.147081
vn -0.339709 0.170771 -0.924897
vn 0.0793137 0.967377 -0.240606
vn -0.0451536 0.0122381 -0.998905
vn 0.00166595 0.999983 0.00562674
vn -0.148518 0.00232823 -0.988907
vn -0.107978 -0.0188704 -0.993974
vn -0.172787 -0.00188097 -0.984958
vn -0.187064 -0.0106596 -0.98229
vn -0.685787 0.0823127 -0.723133
vn -0.174384 0.0156793 -0.984553
vn -0.703707 0.0312091 -0.709804
vn -0.703707 0.0312091 -0.709804
vn -0.0005405 0.999996 0.00269763
vn -0.00214531 0.999994 0.00264616
vn -0.00630062 0.99996 0.00635027
vn 0.0035107 0.999928 0.0114854
vn 0.00117632 0.999993 0.00367987
vn -0.000874504 0.999999 -0.000819705
vn -0.0120953 0.999917 0.00451403
vn 0.0186442 0.997876 0.0624168
vn 0.0206856 0.999734 0.0102222
vn 0.0143706 0.999659 0.0218278
vn 0.0423172 0.99841 0.0372476
vn 0.0140945 0.999603 0.0244088
vn 0.00837082 0.999961 0.00279144
vn -0.0153796 0.999419 0.0304035
vn -0.0495758 0.993679 -0.100717
vn 0.00200735 0.999975 0.00684874
vn 0.975695 0.0903993 0.19962
vn 0.951549 0.0469929 0.303884
vn 0.975695 0.0903993 0.19962
vn -0.434523 -0.0169886 0.900501
vn -0.113876 -0.00537467 0.993481
vn -0.15491 0.00466538 0.987918
vn -0.152246 -0.0499226 0.987081
vn -0.0394773 -0.981597 0.186839
vn -0.0310174 -0.968222 0.248162
vn -0.0211406 -0.992447 0.120836
vn 0.00510453 -0.9985 0.0545194
vn -0.0123589 -0.998753 0.0483706
vn 0.00995343 -0.999089 0.0414946
vn -0.0817012 0.0162957 0.996524
vn 0.0183604 -0.998901 0.0431218
vn 0.00783808 -0.999334 0.0356338
vn 0.0350047 -0.999351 0.00851435
vn 0.0316266 -0.998821 0.0368353
vn 0.181931 -0.978939 -0.0926244
vn -0.596976 -0.7332 0.325635
vn -0.467835 0.651373 0.597364
vn -0.139169 0.895213 0.42335
vn -0.139169 0.895213 0.42335
vn -0.0354709 -0.99833 0.0456032
vn -0.0205171 -0.999394 -0.0281092
vn 0.00141488 -0.99801 -0.0630474
vn -0.543271 0.839296 0.020948
vn -0.00383479 -0.999648 -0.0262654
vn 0.166053 -0.979237 -0.116282
vn -0.00757812 -0.999909 -0.0111699
vn -0.255329 -0.505885 0.823946
vn 0.0746323 -0.443451 0.893186
vn -0.140383 -0.351387 0.925646
vn -0.493607 -0.569392 0.657377
vn -0.283226 0.40429 0.869674
vn -0.00279549 -0.999976 0.00630123
vn -0.00250022 -0.999862 0.0164079
vn 0.0934398 -0.992414 -0.0798948
vn 0.0167342 -0.983263 0.181423
vn -0.129358 -0.988879 0.0733815
vn -0.0627205 -0.998028 0.00249708
vn -0.0338604 -0.999349 -0.0124455
vn 0.0702368 -0.996746 -0.0395417
vn 0.995279 -0.0547551 -0.0801334
vn 0.00391231 -0.99997 0.0067176
vn 0.00139723 -0.999971 0.00744529
vn 0.00289355 -0.999976 0.00625778
vn 0.000919062 -0.999938 0.011122
vn 0.998507 -0.0362333 -0.0408744
vn 0.999282 -0.0354647 -0.0133584
vn -0.000267442 -0.999949 0.0100681
vn 0.999709 -0.0226952 -0.00820269
vn 0.990194 0.0501347 0.130392
vn 0.000702491 -0.999991 0.00415418
vn 0.0116481 -0.999832 0.0141451
vn 0.0411059 -0.97213 -0.230813
vn 0.0165611 -0.994311 0.105223
vn -0.00236759 -0.999155 0.041022
vn 0.00572226 -0.99375 0.111484
vn -0.000196011 -0.999337 0.0364039
vn -0.00175801 -0.999916 0.0128069
vn 0.00287665 -0.999924 0.0119864
vn 0.00205317 -0.999989 0.00430083
vn 0.977196 -0.17415 -0.121488
vn 0.99818 0.058094 -0.0161652
vn 0.995942 0.0876891 0.0202389
vn 0.999844 0.00382288 -0.017224
vn 0.997953 0.0419067 0.048318
vn 0.989602 0.0155789 -0.142989
vn 0.995091 -0.00927171 0.0985341
vn 0.983241 -0.0851289 -0.161216
vn 0.983241 -0.0851289 -0.161216
vn -0.16732 0.0300263 -0.985445
vn -0.185382 0.017358 -0.982513
vn -0.167093 0.0121641 -0.985866
vn -0.162678 0.00624688 -0.98666
vn -0.165269 -0.0663952 -0.984011
vn -0.1744 -0.0334043 -0.984108
vn -0.15751 -0.00738145 -0.98749
vn -0.0739144 0.00783574 -0.997234
vn -0.161751 -0.00277124 -0.986828
vn -0.0873013 0.100427 -0.991107
vn -0.200548 0.000568175 -0.979684
vn -0.140434 -0.00557173 -0.990074
vn 0.337472 0.939202 0.0633404
vn -0.557113 -0.171226 0.812593
vn -0.557113 -0.171226 0.812593
vn -0.16464 0.0213147 -0.986123
vn -0.202744 -0.0257167 -0.978894
vn -0.285258 0.0224149 -0.958189
vn 0.0553307 0.154452 -0.98645
vn -0.198158 -0.169368 -0.965426
vn -0.0949289 0.0134154 -0.995394
vn -0.171375 -0.306961 -0.936165
vn 0.680439 0.252661 0.68787
vn 0.953588 -0.0544404 -0.296151
vn 0.870784 -0.477873 -0.115643
vn 0.952712 0.244211 -0.180833
vn 0.871294 0.489237 -0.0386506
vn 0.871294 0.489237 -0.0386506
vn -0.344937 0.112039 0.931915
vn 0.405363 0.899676 -0.162063
vn 0.967641 0.116664 -0.223744
vn 0.680439 0.252661 0.68787
vn 0.680439 0.252661 0.68787
vn -0.188595 -0.0183649 -0.981883
vn 0.202315 0.0442444 -0.978321
vn 0.186751 -0.0200596 -0.982202
vn 0.675775 0.0214894 -0.736795
vn -0.288569 -0.0867146 -0.953524
vn -0.231402 -0.0137314 -0.972761
vn -0.288569 -0.0867146 -0.953524
vn -0.13043 0.00537979 -0.991443
vn -0.127865 0.0143963 -0.991687
vn -0.127865 0.0143963 -0.991687
vn -0.171313 -0.00637041 -0.985196
vn -0.155672 -0.00296136 -0.987804
vn -0.164216 -0.00264565 -0.986421
vn -0.173619 -0.00357429 -0.984807
vn -0.173006 -0.00211726 -0.984919
vn -0.102201 -0.0140939 -0.994664
vn -0.719594 0.179425 -0.670814
vn -0.626065 0.358975 -0.692227
vn -0.626065 0.358975 -0.692227
vn 0.880047 0.454799 0.136661
vn -0.256688 0.00551475 -0.966479
vn -0.99875 -0.00905287 0.049159
vn -0.267094 0.155477 -0.951046
vn 0.921016 -0.150216 -0.359395
vn 0.28264 0.941538 -0.183358
vn 0.0272768 0.998798 -0.0407291
vn -0.160373 -0.00238961 -0.987054
vn -0.0888088 -0.0059091 -0.996031
vn -0.164963 -0.00641258 -0.986279
vn -0.180052 -0.00923244 -0.983614
vn -0.624598 0.038897 -0.779977
vn -0.19626 -0.02242 -0.980296
vn 0.000375284 0.999988 0.00498336
vn -0.000508738 0.999997 0.0025692
vn -0.00303836 0.999976 0.00629558
vn 0.00751543 0.999943 0.00755515
vn 0.0131367 0.999833 0.0127434
vn 0.00161116 0.999999 -0.000308422
vn -0.0132611 0.999798 -0.0151078
vn -0.116044 0.993244 0.000599002
vn 0.0119628 0.999395 0.0326451
vn 0.0154953 0.999806 0.0121342
vn 0.0258669 0.999656 -0.0043709
vn 0.0181743 0.999709 0.0158338
vn 0.00333603 0.999191 0.0400689
vn -0.00612531 0.99998 -0.00136288
vn -0.00191172 0.99984 0.0177711
vn 0.0182554 0.999774 0.010922
vn 0.966431 0.120591 0.226869
vn -0.511585 -0.013218 0.859131
vn -0.0705976 -0.0226866 0.997247
vn -0.0687396 0.00762327 0.997606
vn -0.16647 -0.0661853 0.983823
vn -0.0260585 -0.995288 0.0933999
vn -0.108507 -0.97024 0.216473
vn -0.0230977 -0.992078 0.123478
vn -0.00336526 -0.997719 0.0674255
vn 0.0113761 -0.998106 0.060455
vn -0.0137162 -0.99954 0.0270415
vn 0.00498505 -0.999954 -0.00826465
vn 0.00494318 -0.999805 0.0191061
vn 0.0155085 -0.999777 0.0143466
vn 0.014022 -0.999234 0.0365311
vn 0.132342 -0.990418 0.0394704
vn -0.361934 0.749598 0.554173
vn 0.621878 -0.432499 -0.652849
vn -0.174078 -0.749274 0.638972
vn -0.139169 0.895213 0.42335
vn -0.139169 0.895213 0.42335
vn -0.0388549 -0.99704 0.0663472
vn -0.0196406 -0.999735 -0.0119741
vn 0.843826 0.374808 -0.384026
vn -0.429838 0.884053 0.183547
vn 0.00966797 -0.99991 -0.00931163
vn 0.0193425 -0.998775 -0.0455525
vn 0.00353713 -0.999975 -0.00617835
vn -0.0664394 -0.665883 0.743092
vn -0.146675 -0.265785 0.952809
vn -0.621224 -0.341234 0.705436
vn -0.536388 -0.564944 0.626998
vn 0.30716 -0.191409 0.93221
vn -0.0147052 -0.999872 0.00637056
vn 0.000835321 -0.999906 -0.013649
vn 0.0766741 -0.992256 0.097717
vn -0.0187855 -0.996966 0.0755431
vn -0.0581066 -0.997334 0.0441435
vn -0.0419211 -0.999115 -0.00358108
vn -0.0266543 -0.999571 -0.0121758
vn 0.0624861 -0.997759 0.0239285
vn 0.997276 -0.0679062 -0.0287942
vn 0.00314072 -0.999963 0.00799085
vn 0.00447047 -0.999977 0.00518694
vn 0.00345615 -0.999984 -0.00445352
vn 0.00191411 -0.999959 0.00882408
vn 0.000690591 -0.999926 0.0121755
vn 0.998986 -0.0398618 -0.0209143
vn 0.999403 -0.0344871 0.00197738
vn 0.016454 -0.999785 0.0125928
vn 0.97411 0.00303297 0.226054
vn 0.00785117 -0.999952 0.00583168
vn 0.020647 -0.999681 0.0145598
vn 0.026557 -0.995456 0.0914452
vn 0.024357 -0.999362 0.0261374
vn 0.00934671 -0.996658 0.0811471
vn -0.00379565 -0.999029 0.0438919
vn -0.000597106 -0.999822 0.0188544
vn 0.00205242 -0.99993 0.0116254
vn 0.00599717 -0.999978 0.00282037
vn 0.977196 -0.17415 -0.121488
vn 0.977196 -0.17415 -0.121488
vn 0.983375 -0.168473 -0.067752
vn 0.999168 0.0371329 -0.0168898
vn 0.996934 0.0781815 -0.00308668
vn 0.999867 -0.0142101 0.00805912
vn 0.999966 0.00376034 -0.00735302
vn 0.999603 0.0271268 0.00762619
vn 0.9998 -0.0159713 0.0120539
vn 0.996798 0.036043 -0.0713769
vn 0.995808 0.00458713 0.091357
vn -0.163646 0.017496 -0.986364
vn -0.185396 0.013844 -0.982566
vn -0.171451 0.00500256 -0.98518
vn -0.163228 -0.0602047 -0.98475
vn -0.166526 -0.0346274 -0.985429
vn -0.175876 -0.0052451 -0.984398
vn -0.148316 -0.0183841 -0.988769
vn -0.0276808 -0.0242804 -0.999322
vn -0.167919 0.00260839 -0.985797
vn -0.189803 -0.0211276 -0.981595
vn -0.156497 -0.00556089 -0.987663
vn -0.160985 -0.0251837 -0.986636
vn -0.172789 0.0185093 -0.984785
vn -0.252274 0.0370104 -0.966948
vn 0.183297 0.0173391 -0.982905
vn 0.183297 0.0173391 -0.982905
vn -0.116824 0.118745 -0.986028
vn -0.115549 0.0228741 -0.993038
vn -0.170424 -0.280228 -0.944684
vn 0.950539 0.293784 0.10083
vn 0.950539 0.293784 0.10083
vn 0.871294 0.489237 -0.0386506
vn 0.871294 0.489237 -0.0386506
vn 0.963512 -0.267641 -0.00370151
vn 0.963512 -0.267641 -0.00370151
vn 0.950354 0.0900538 -0.297856
vn -0.203956 0.0288528 -0.978555
vn 0.209243 -0.00984604 -0.977814
vn -0.00612392 -0.240622 -0.9706
vn -0.0810559 0.0180292 -0.996547
vn 0.615671 0.0226223 -0.787678
vn -0.139019 0.00171685 -0.990288
vn -0.174244 -0.00504165 -0.98469
vn -0.154304 -0.0029657 -0.988019
vn -0.163253 -0.00242251 -0.986581
vn -0.176672 -0.00181444 -0.984268
vn -0.171503 0.00250682 -0.98518
vn -0.100324 0.0147974 -0.994845
vn -0.549226 0.01047 -0.835608
vn 0.910444 0.343639 0.230227
vn 0.910444 0.343639 0.230227
vn 0.910444 0.343639 0.230227
vn -0.137536 -0.0254971 -0.990169
vn -0.976797 0.111279 -0.18299
vn -0.261088 0.167751 -0.950628
vn 0.865728 0.0841954 -0.493382
vn -0.153867 0.231896 -0.960494
vn -0.153867 0.231896 -0.960494
vn 0.125048 0.991786 -0.0269139
vn -0.156365 -8.72613e-05 -0.987699
vn -0.122733 -0.0283945 -0.992033
vn -0.164453 -0.00571228 -0.986368
vn -0.171079 -0.0214045 -0.985025
vn -0.572431 -0.0261392 -0.819536
vn -0.186445 -0.0267086 -0.982102
vn 0.000124273 1 0.000354588
vn 0.00137069 0.999976 0.00682436
vn 0.00353966 0.999965 0.00758602
vn 0.00353966 0.999965 0.00758602
vn 0.00466667 0.999983 0.00358161
vn 0.01645 0.999793 0.0119329
vn 0.0335535 0.999254 0.019117
vn -0.0156817 0.999196 -0.0369089
vn 0.000985178 0.99761 -0.0690901
vn -0.218844 0.969762 0.10802
vn -0.023728 0.999473 -0.0221584
vn -0.218844 0.969762 0.10802
vn 0.0107889 0.999837 0.0144528
vn 0.0092714 0.999646 0.0249462
vn 0.00884173 0.99987 0.0135159
vn -0.00468977 0.999305 0.0369728
vn -0.00445997 0.999812 0.018882
vn 0.0410525 0.998126 -0.0453832
vn 0.0207065 0.998719 0.0461767
vn -0.0674444 0.0138357 0.997627
vn -0.00888076 -0.01988 0.999763
vn -0.0092457 -0.999602 0.0266521
vn -0.102851 -0.977334 0.185039
vn -0.0690852 -0.986008 0.151712
vn -0.0123484 -0.996882 0.0779398
vn 0.000452154 -0.998272 0.0587581
vn 0.0141868 -0.999885 0.00533939
vn -0.00507754 -0.999663 -0.0254472
vn -0.012894 -0.999633 0.0238442
vn -0.0049382 -0.999654 0.025819
vn 0.0285495 -0.999194 0.0282211
vn -0.0175903 -0.997734 0.0649429
vn -0.191335 0.904349 0.381502
vn -0.0249874 -0.996362 -0.0814793
vn -0.173059 -0.789283 0.589138
vn -0.231443 -0.760628 0.60653
vn -0.139169 0.895213 0.42335
vn 0.26422 -0.958166 -0.110025
vn 0.00183753 -0.999997 0.00140498
vn -0.901893 -0.26443 0.341565
vn 0.00030556 -0.999998 0.00192765
vn 0.0371925 -0.999194 -0.0151318
vn 0.0417082 -0.996273 -0.0755032
vn -0.00941728 -0.999921 -0.00831207
vn -0.146343 -0.0826697 0.985774
vn -0.420001 -0.582628 0.695805
vn -0.536388 -0.564944 0.626998
vn -0.536388 -0.564944 0.626998
vn -0.0203774 -0.999787 -0.00327753
vn -0.00371498 -0.999983 0.0045334
vn -0.0185982 -0.999361 0.0305215
vn -0.0877742 -0.995147 0.0444798
vn -0.0225783 -0.999661 0.012974
vn -0.0204832 -0.999756 0.00828414
vn -0.022721 -0.99973 -0.0047841
vn 0.0344808 -0.999305 -0.0141669
vn 0.997983 -0.0580285 -0.0257527
vn 0.0037313 -0.999963 0.0078219
vn 0.00468638 -0.999989 -0.000376785
vn 0.00331565 -0.999978 0.0057543
vn -0.00715723 -0.999934 -0.00899817
vn 0.00444114 -0.999913 0.012442
vn 0.0226245 -0.999622 0.0156256
vn 0.999274 -0.0275214 0.0263468
vn 0.930425 0.0547386 0.362372
vn 0.0187006 -0.999716 0.014758
vn 0.0210249 -0.999747 0.00799936
vn 0.00155215 -0.999895 0.0144219
vn 0.026844 -0.996808 0.0751881
vn 0.0312596 -0.999352 0.017866
vn 0.0084439 -0.998639 0.0514755
vn -0.0161842 -0.998342 0.0552323
vn -0.00196284 -0.999633 0.0270278
vn 0.00203145 -0.999848 0.0173471
vn -0.00717723 -0.999492 0.0310622
vn 0.99071 -0.135954 -0.00311458
vn 0.999429 0.0331279 -0.00663347
vn 0.998197 0.0595846 0.00729074
vn 0.999733 0.0131567 -0.0190183
vn 0.999782 0.00510166 -0.0202689
vn 0.99956 0.000633097 0.0296592
vn 0.999493 0.031643 -0.00362128
vn 0.999803 0.0138487 0.0142168
vn 0.994793 0.0224078 0.0994183
vn -0.163747 0.0152433 -0.986385
vn -0.180643 0.00231775 -0.983546
vn -0.177091 -0.050614 -0.982892
vn -0.167636 -0.036563 -0.985171
vn -0.16561 -0.00384515 -0.986184
vn -0.183326 -0.0241692 -0.982755
vn -0.1505 -0.0489479 -0.987397
vn -0.083168 0.0964229 -0.99186
vn -0.169406 0.00163907 -0.985545
vn -0.181271 -0.00159552 -0.983432
vn -0.160465 -0.000382294 -0.987042
vn -0.173798 0.00190972 -0.98478
vn -0.159944 0.0766406 -0.984146
vn -0.152772 0.0190468 -0.988078
vn 0.0246178 -0.106453 -0.994013
vn 0.183297 0.0173391 -0.982905
vn 0.183297 0.0173391 -0.982905
vn -0.224908 0.0403819 -0.973543
vn -0.11692 0.00537406 -0.993127
vn 0.950539 0.293784 0.10083
vn 0.963512 -0.267641 -0.00370151
vn 0.681834 -0.145807 -0.716828
vn 0.97297 -0.0608668 -0.222766
vn -0.198857 0.00948967 -0.979983
vn 0.36457 -0.0213988 -0.93093
vn -0.0710688 -0.0668749 -0.995227
vn -0.108723 -0.0904954 -0.989944
vn -0.149351 0.0141575 -0.988683
vn 0.615671 0.0226223 -0.787678
vn 0.615671 0.0226223 -0.787678
vn -0.163903 0.0109815 -0.986415
vn -0.14927 0.00131657 -0.988796
vn -0.165369 0.00276146 -0.986228
vn -0.179568 0.00737316 -0.983718
vn -0.165847 0.00249426 -0.986148
vn -0.114003 0.0204541 -0.99327
vn -0.468378 0.0412363 -0.882565
vn -0.130948 0.155396 -0.979135
vn 0.102171 0.986618 0.127066
vn 0.825449 0.323655 -0.462472
vn 0.652693 -0.00498323 -0.757606
vn -0.153867 0.231896 -0.960494
vn 0.131266 0.989501 0.0604784
vn -0.154385 -0.0763842 -0.985054
vn -0.168108 -0.02976 -0.985319
vn -0.168467 -0.0201173 -0.985502
vn -0.170789 0.0127546 -0.985225
vn -0.596389 -0.0111677 -0.802618
vn -0.166084 -0.00211841 -0.986109
vn -0.0015513 0.99903 -0.0440005
vn 0.00268421 0.999996 0.00135497
vn 0.00353966 0.999965 0.00758602
vn 0.00353966 0.999965 0.00758602
vn 0.0037114 0.999903 0.0134373
vn 0.0258978 0.99966 0.00304323
vn 0.0555754 0.998158 0.02435
vn -0.0129793 0.999613 -0.0245854
vn 0.0371303 0.982951 -0.180079
vn -0.218844 0.969762 0.10802
vn -0.0485394 0.99882 -0.00152482
vn -0.341872 0.939383 0.0261408
vn 0.00527594 0.999443 0.0329461
vn 0.00981487 0.998951 0.0447347
vn 0.00773411 0.999824 0.0171009
vn -0.00132002 0.999572 0.0292133
vn 0.000709954 0.999796 0.0201735
vn 0.00851238 0.999262 0.0374639
vn 0.00145978 0.999906 0.0136289
vn -0.0713256 0.0108273 0.997394
vn -0.0277385 0.0406619 0.998788
vn 0.978942 0.0283862 0.202158
vn 0.191101 -0.981514 -0.0105215
vn -0.122813 -0.989504 0.0761462
vn -0.113515 -0.974476 0.193678
vn -0.0166563 -0.996459 0.0824184
vn -0.00486044 -0.998519 0.0541798
vn -0.00486044 -0.998519 0.0541798
vn 0.0191502 -0.999722 0.0137498
vn 0.00741469 -0.999969 0.00250583
vn -0.00164978 -0.999993 0.00324456
vn -0.00385732 -0.999939 0.010324
vn -0.0162505 -0.999846 0.00663242
vn -0.0151587 -0.999712 0.0185901
vn -0.0423183 -0.998899 -0.0202681
vn -0.538978 0.350411 0.765973
vn -0.109363 0.915002 0.388343
vn -0.0978756 -0.992121 -0.0782047
vn 0.210688 -0.0676127 -0.975212
vn -0.282823 -0.0534371 0.957682
vn -0.198051 -0.939487 -0.279535
vn -0.0105819 -0.999944 -0.000880275
vn -0.0106627 -0.999943 -0.00110794
vn 0.00260672 -0.999989 -0.0039968
vn 0.0607312 -0.995741 -0.0693598
vn -0.00890666 -0.999947 -0.00512636
vn -0.331564 -0.106054 0.937453
vn -0.268915 -0.247965 0.930698
vn -0.00992804 -0.999951 -8.39318e-05
vn -0.0200908 -0.999711 0.0131851
vn -0.0347734 -0.999392 0.00261356
vn -0.0786753 -0.994929 0.0626663
vn -0.0214006 -0.999675 0.0138395
vn -0.00849289 -0.999922 -0.00918091
vn -0.0229921 -0.999703 -0.00808852
vn 0.0264226 -0.999559 -0.0135382
vn 0.993366 -0.114669 -0.00863711
vn 0.00340054 -0.999973 0.00650914
vn 0.000317497 -0.999999 -0.00116524
vn -0.00492523 -0.99948 -0.0318549
vn 0.00900217 -0.999927 0.00800655
vn -0.00844488 -0.999876 0.0133109
vn 0.0259579 -0.999553 0.0148341
vn 0.0166825 -0.999706 0.0176122
vn 0.00236507 -0.999889 0.0147311
vn -0.00550861 -0.99986 0.0158235
vn -0.000495057 -0.999943 0.0106395
vn 0.0327354 -0.996315 0.0792805
vn 0.0191971 -0.999696 0.0154912
vn -0.0325524 -0.998548 0.0429175
vn 0.0115369 -0.998731 0.0490158
vn -0.00733006 -0.999349 0.0353278
vn -0.0364836 -0.999057 0.0235257
vn -0.00390389 -0.998654 0.0517204
vn 0.993506 -0.113092 -0.0125205
vn 0.999305 0.0319589 -0.0191805
vn 0.999151 -0.0152242 -0.038281
vn 0.998186 -0.0555285 0.0232688
vn -0.168887 0.0028226 -0.985631
vn -0.172649 -0.0477163 -0.983827
vn -0.17966 -0.0411188 -0.982869
vn -0.167435 -0.00454907 -0.985873
vn -0.166366 -0.0154087 -0.985944
vn -0.186638 -0.0396055 -0.98163
vn -0.166894 0.186679 -0.968141
vn -0.165404 -0.00352781 -0.98622
vn -0.16996 -0.00420517 -0.985442
vn -0.16609 0.00542691 -0.986096
vn -0.157866 -0.237708 -0.958422
vn -0.17552 0.0159337 -0.984347
vn -0.136794 0.00528776 -0.990585
vn -0.172783 0.127876 -0.976624
vn -0.115042 -0.222228 -0.968184
vn -0.124304 -0.260987 -0.957306
vn 0.183297 0.0173391 -0.982905
vn -0.277232 -0.0334792 -0.96022
vn -0.109114 -0.000413004 -0.994029
vn -0.151141 -0.144672 -0.977868
vn 0.0115701 0.05418 -0.998464
vn 0.725986 0.255714 -0.6384
vn -0.203279 0.0356001 -0.978474
vn 0.466071 -0.0273434 -0.884324
vn -0.12618 -0.00253627 -0.992004
vn -0.142749 -0.0217689 -0.98952
vn -0.0827419 -0.13057 -0.98798
vn -0.187681 -0.0287512 -0.981809
vn -0.157417 -0.00143036 -0.987531
vn -0.145576 0.00804595 -0.989314
vn -0.166354 0.00721826 -0.98604
vn -0.196821 -0.0106165 -0.980382
vn -0.167472 0.0137639 -0.985781
vn -0.117352 0.0241814 -0.992796
vn -0.311431 0.0228478 -0.949994
vn -0.145304 0.0853616 -0.985698
vn -0.134674 0.162164 -0.97753
vn -0.241385 0.135967 -0.960857
vn 0.37591 0.0973126 -0.921532
vn 0.88751 0.313983 -0.337255
vn -0.0662835 0.000391483 -0.997801
vn -0.063969 0.0950979 -0.99341
vn -0.167759 -0.040549 -0.984994
vn -0.185242 -0.0180653 -0.982527
vn -0.168922 0.0115048 -0.985562
vn -0.201511 0.0407444 -0.978638
vn -0.633242 -0.018568 -0.773731
vn -0.175021 0.0997292 -0.979501
vn -0.00225428 0.999691 -0.0247581
vn 0.00374393 0.999483 -0.0319439
vn 0.00937963 0.999946 0.00447966
vn 0.00353966 0.999965 0.00758602
vn 0.0122658 0.999845 0.0125943
vn 0.0264292 0.999616 0.00833074
vn 0.0589985 0.998258 -0.000997346
vn 0.0344572 0.994186 -0.102019
vn 0.113081 0.980602 -0.160103
vn -0.0389082 0.997496 0.0590574
vn -0.418571 0.908182 0.00193741
vn -0.0771048 0.996382 -0.0357533
vn 0.0247985 0.999644 0.00980189
vn -0.0176816 0.999447 0.0281679
vn 0.00879386 0.999889 0.0120216
vn 0.00603234 0.998631 0.051961
vn 0.017284 0.999737 0.015067
vn -0.192238 0.0799729 -0.978084
vn -0.0681521 -0.00291644 0.997671
vn -0.104828 0.0413451 0.993631
vn 0.191101 -0.981514 -0.0105215
vn 0.191101 -0.981514 -0.0105215
vn 0.97416 0.0542448 0.219249
vn -0.254006 -0.966157 0.0449517
vn -0.0611782 -0.993928 0.0914545
vn 0.00190471 -0.997576 0.0695558
vn -0.00486044 -0.998519 0.0541798
vn -0.00805449 -0.999956 0.00477613
vn 0.038691 -0.999249 -0.00209766
vn 0.0037869 -0.99998 0.00500662
vn -0.010864 -0.999735 0.0203193
vn -0.00154514 -0.999797 0.0200685
vn 0.0087163 -0.997301 -0.072898
vn -0.0301549 -0.994908 -0.096173
vn -0.275284 0.0743892 0.958481
vn -0.342332 0.399293 0.850514
vn -0.427132 -0.159448 0.890019
vn -0.101197 0.901043 0.421759
vn 0.145675 -0.9891 0.0214596
vn 0.00312947 -0.0926872 -0.99569
vn 0.199929 -0.00969342 -0.979762
vn -0.244043 -0.182894 0.952362
vn -0.0478748 -0.998421 0.029395
vn -0.0117381 -0.999929 -0.0021279
vn -0.00690767 -0.999976 -0.000556244
vn -0.0097112 -0.999951 -0.00200394
vn 0.0193914 -0.997779 -0.0637259
vn -0.00831999 -0.999962 0.00249814
vn -0.159749 -0.250604 0.954818
vn -0.318349 -0.374783 0.870742
vn -0.111848 -0.171558 0.978804
vn -0.00232007 -0.999968 0.00766388
vn -0.0332415 -0.999413 -0.00831906
vn -0.0956534 -0.994298 0.0471329
vn -0.0253311 -0.99938 0.0244583
vn -0.00872157 -0.999895 0.0115696
vn -0.00617706 -0.999976 -0.00315629
vn -0.0171427 -0.999699 -0.0175743
vn 0.0247228 -0.999322 -0.027293
vn 0.0133227 -0.999879 0.00808732
vn 0.00492376 -0.999987 -0.00120499
vn 0.01133 -0.999562 -0.0273379
vn -0.00424418 -0.999503 0.0312272
vn 0.0230402 -0.999714 0.00642473
vn 0.00108261 -0.999933 0.0115111
vn 0.0120033 -0.999852 0.0123264
vn 0.000483687 -0.999892 0.0146937
vn -0.00821345 -0.999895 0.0119651
vn -0.007242 -0.999395 0.0340054
vn -0.0143108 -0.999847 0.0100181
vn 0.000280535 -0.995495 0.0948145
vn -0.0548665 -0.997916 0.033948
vn 0.0606698 -0.997975 0.0191333
vn -0.00105122 -0.999789 0.0204947
vn -0.0209537 -0.999498 0.0237685
vn 0.005605 -0.999756 0.0213713
vn -0.00405733 -0.999563 0.0292949
vn 0.99308 -0.11506 -0.0235188
vn 0.982589 -0.0892765 -0.162936
vn 0.984809 -0.155643 -0.0769888
vn 0.982589 -0.0892765 -0.162936
vn -0.183601 -0.0390969 -0.982223
vn -0.169248 -0.044573 -0.984565
vn -0.178829 -0.00363604 -0.983873
vn -0.166924 -0.0141235 -0.985869
vn -0.169593 -0.0393073 -0.98473
vn -0.169321 0.172885 -0.970279
vn -0.168017 -0.0115507 -0.985716
vn -0.160377 -0.00292863 -0.987052
vn -0.168213 -0.228757 -0.95884
vn -0.161233 -0.249094 -0.954964
vn -0.29733 0.0955846 -0.949978
vn -0.158745 -0.254937 -0.953838
vn -0.12361 -0.175277 -0.976729
vn -0.151706 -0.0053443 -0.988411
vn -0.124606 0.111872 -0.985879
vn -0.181759 0.0171918 -0.983193
vn -0.131128 -0.0653561 -0.989209
vn -0.106765 0.025539 -0.993956
vn 0.0115701 0.05418 -0.998464
vn 0.0115701 0.05418 -0.998464
vn -0.201034 0.0116005 -0.979516
vn 0.498662 0.0758245 -0.863474
vn -0.12987 -0.0260603 -0.991189
vn -0.178233 -0.0388358 -0.983222
vn -0.145248 -0.0501036 -0.988126
vn -0.102928 -0.0453488 -0.993655
vn -0.0827419 -0.13057 -0.98798
vn -0.0827419 -0.13057 -0.98798
vn -0.150656 0.0221968 -0.988337
vn -0.168843 -0.052194 -0.98426
vn -0.165602 0.00841143 -0.986157
vn -0.297711 -0.0599151 -0.952774
vn -0.174121 0.0166348 -0.984584
vn -0.109366 0.0416455 -0.993129
vn -0.173363 0.193634 -0.965635
vn -0.176444 -0.027797 -0.983918
vn -0.152934 0.0260883 -0.987892
vn -0.134674 0.162164 -0.97753
vn -0.134674 0.162164 -0.97753
vn -0.328025 0.00675271 -0.944645
vn 0.164679 0.00450442 -0.986337
vn -0.0380841 -0.0822073 -0.995887
vn -0.210853 0.00223863 -0.977515
vn -0.161317 -0.0160561 -0.986772
vn -0.187815 0.00677635 -0.982181
vn -0.165233 0.0142549 -0.986152
vn -0.352391 0.0376218 -0.935096
vn -0.593375 0.078257 -0.801113
vn 0.00557686 0.999672 -0.0249971
vn 0.0323063 0.999224 -0.0225389
vn 0.0134051 0.99969 -0.0209677
vn 0.0285038 0.999363 0.0214947
vn 0.0188785 0.999762 -0.0108886
vn 0.0515231 0.998671 -0.0010423
vn 0.113081 0.980602 -0.160103
vn 0.113081 0.980602 -0.160103
vn 0.0388559 0.998307 -0.0432833
vn -0.501082 0.862411 0.0718627
vn -0.793769 -0.603111 0.0786635
vn -0.410905 0.099026 -0.906284
vn -0.0106145 0.998427 0.0550555
vn 0.0378479 0.999283 -0.00032702
vn 0.00998607 0.999932 0.00603958
vn 0.00687116 0.999963 0.00512649
vn 0.0186066 0.998248 0.0561646
vn -0.0599664 -0.0114307 0.998135
vn -0.120443 -0.0740981 0.989951
vn 0.180807 0.139298 0.973604
vn 0.954322 0.0627404 0.292119
vn 0.946989 0.20257 0.249352
vn -0.265726 -0.934759 0.23583
vn 0.0196752 -0.979831 0.198859
vn 0.285573 -0.954853 -0.0818794
vn -0.0567683 -0.998377 -0.00452844
vn 0.0224531 -0.99957 -0.0188616
vn -0.0844662 -0.995301 0.0473377
vn 0.0175878 -0.998138 0.0584019
vn 0.0294545 -0.998619 -0.0435099
vn 0.0294545 -0.998619 -0.0435099
vn -0.0659158 -0.991511 0.112073
vn -0.251703 -0.155813 0.95518
vn -0.16159 -0.0158812 0.98673
vn -0.482636 0.131987 0.865819
vn -0.499579 -0.128942 0.856618
vn -0.378074 -0.0461284 0.924625
vn -0.101197 0.901043 0.421759
vn -0.101197 0.901043 0.421759
vn 0.333794 -0.941046 -0.0549011
vn 0.12478 -0.172146 -0.977137
vn 0.242186 -0.220092 -0.944937
vn 0.21343 -0.0477112 -0.975793
vn 0.287815 0.010409 -0.957629
vn -0.0440748 -0.995914 0.0788216
vn -0.00995891 -0.999941 -0.00431264
vn -0.0124557 -0.999883 -0.00893151
vn -0.00448885 -0.999988 -0.00195428
vn 0.0232499 -0.99918 -0.0331533
vn -0.0146793 -0.999883 -0.00439568
vn -0.0310661 -0.135778 0.990252
vn -0.0755886 -0.384122 0.920183
vn -0.234312 -0.203232 0.950681
vn 0.00750395 -0.999946 -0.00717873
vn -0.0307383 -0.999504 -0.00691226
vn -0.118633 -0.989959 0.0768577
vn -0.0130121 -0.999542 0.027325
vn 0.00572157 -0.999962 -0.00665281
vn -0.00429254 -0.999875 -0.015244
vn -0.0134092 -0.999782 -0.0160039
vn 0.0252798 -0.999511 0.0183928
vn 0.017499 -0.999817 0.00775926
vn 0.0205144 -0.999775 0.00541925
vn 0.0142391 -0.999883 -0.00566781
vn 0.0175432 -0.999485 0.026879
vn 0.00531957 -0.999892 0.0136741
vn 0.00877541 -0.999953 0.00420575
vn 0.000291492 -1 -0.00035101
vn 6.89131e-05 -0.999936 0.0112971
vn -0.014543 -0.999843 0.0101353
vn -0.00858853 -0.999904 0.0109207
vn 0.0002468 -0.999613 0.0277983
vn -0.00111156 -0.999917 0.012869
vn 0.0175741 -0.99959 0.0225878
vn -0.051857 -0.979707 0.193612
vn -0.0127522 -0.999883 0.00844771
vn 0.0101796 -0.99992 -0.00750573
vn 0.0128013 -0.999917 0.00112452
vn 0.0100933 -0.999765 0.019184
vn 0.0172835 -0.999749 0.0142678
vn 0.982589 -0.0892765 -0.162936
vn -0.201894 -0.0402131 -0.978581
vn -0.172832 0.00131962 -0.98495
vn -0.183354 -0.0118169 -0.982976
vn -0.166484 -0.0365213 -0.985368
vn -0.173006 0.154664 -0.972701
vn -0.156761 -0.00792902 -0.987605
vn -0.169498 0.000895275 -0.98553
vn -0.177489 -0.205633 -0.962399
vn -0.262875 0.293056 -0.919247
vn -0.129426 -0.0159958 -0.99146
vn -0.0234436 -0.96846 0.248063
vn -0.118285 0.102932 -0.98763
vn -0.176271 -0.18596 -0.966616
vn -0.150339 -0.167508 -0.974341
vn -0.156157 -0.00276757 -0.987728
vn 0.00780964 -0.965036 0.262002
vn -0.138829 -0.0208151 -0.990098
vn -0.163069 -0.0017671 -0.986613
vn 0.706228 0.00776301 0.707942
vn -0.178657 -0.00323626 -0.983906
vn 0.51976 -0.0195443 -0.854089
vn -0.142897 -0.0203938 -0.989527
vn -0.146527 -0.0237101 -0.988923
vn -0.145037 -0.01987 -0.989227
vn -0.13002 -0.0523325 -0.990129
vn 0.116831 -0.0577274 -0.991473
vn 0.0357431 -0.124487 -0.991577
vn -0.16427 -0.116209 -0.979546
vn -0.187329 -0.134013 -0.973113
vn -0.160189 0.0220265 -0.986841
vn -0.306472 -0.205531 -0.929426
vn -0.277674 -0.0523867 -0.959246
vn -0.120978 -0.014707 -0.992546
vn -0.15645 -0.0306374 -0.987211
vn -0.1874 0.187397 -0.964243
vn -0.177292 -0.0219459 -0.983914
vn 0.1403 0.0214115 -0.989878
vn -0.239294 0.240267 -0.94075
vn -0.0113451 -0.0172021 -0.999788
vn -0.181576 -0.010962 -0.983316
vn -0.354066 0.00778568 -0.935188
vn -0.166355 -0.000582615 -0.986066
vn -0.19938 0.010163 -0.979869
vn -0.15798 -0.0730055 -0.98474
vn -0.464164 -0.000142555 -0.88575
vn -0.544386 0.360122 -0.757599
vn 0.0220487 0.996869 -0.0759362
vn 0.0301674 0.999031 -0.0320325
vn 0.0124074 0.999895 -0.00745306
vn 0.0275527 0.99958 -0.00897757
vn 0.0478589 0.998674 0.0189788
vn 0.00837402 0.999537 -0.0292593
vn 0.113081 0.980602 -0.160103
vn 0.113081 0.980602 -0.160103
vn 0.15835 0.14935 -0.976022
vn -0.702532 0.695086 -0.152656
vn -0.725979 -0.687689 0.00617566
vn -0.998435 -0.00267881 0.0558556
vn -0.838052 -0.536905 0.0969643
vn 0.15835 0.14935 -0.976022
vn 0.00676195 0.999977 -0.000921641
vn -0.0156435 0.998643 0.0496741
vn 0.0558002 0.998094 0.0263673
vn 0.00406118 0.99992 0.0119905
vn 0.00748995 0.999971 -0.00156148
vn -0.0503524 -0.0232787 0.99846
vn -0.100482 -0.969274 0.224523
vn -0.0594291 -0.261419 0.963394
vn 0.883364 0.466271 0.0475343
vn 0.973701 -0.129896 0.187173
vn -0.842928 -0.455467 -0.286396
vn -0.00450734 -0.952008 0.30604
vn 0.285573 -0.954853 -0.0818794
vn 0.285573 -0.954853 -0.0818794
vn 0.0880358 -0.985774 0.143179
vn 0.00287643 -0.997625 -0.0688265
vn -0.400345 -0.781062 -0.479235
vn 0.234708 0.124572 0.964051
vn 0.0739191 -0.997046 -0.0208866
vn 0.0294545 -0.998619 -0.0435099
vn -0.155534 -0.93592 -0.316012
vn -0.309737 -0.0608359 0.948874
vn -0.16031 -0.123111 0.979359
vn 0.00319655 -0.133643 0.991024
vn -0.58139 -0.117526 0.805092
vn -0.703053 0.123502 0.700331
vn -0.493023 0.00260871 0.870012
vn -0.231063 -0.126522 0.964677
vn -0.101197 0.901043 0.421759
vn -0.101197 0.901043 0.421759
vn 0.203246 -0.372216 -0.905619
vn 0.203246 -0.372216 -0.905619
vn 0.402446 0.127194 -0.906564
vn 0.203246 -0.372216 -0.905619
vn 0.352338 -0.0197101 -0.935665
vn -0.446073 0.156178 0.881265
vn 0.190962 -0.00283228 -0.981593
vn 0.285243 -0.0614682 -0.956482
vn -0.0116714 -0.995766 0.0911796
vn -0.00548264 -0.999977 -0.00406012
vn -0.0102811 -0.999703 -0.022106
vn -0.0535843 -0.99596 -0.0720655
vn -0.0216788 -0.999759 -0.00357568
vn -0.0165166 -0.999832 -0.00789716
vn -0.117872 0.135438 0.983749
vn -0.240383 -0.348248 0.906057
vn -0.140028 -0.183638 0.972969
vn 0.0136186 -0.999902 -0.00329546
vn -0.074086 -0.995865 0.0525793
vn -0.0680018 -0.996475 0.0491181
vn -0.00869041 -0.999962 -0.000167614
vn 0.00414524 -0.999921 -0.0118697
vn 0.00187812 -0.999948 -0.0100662
vn -0.00253193 -0.999793 0.020166
vn 0.00831001 -0.999948 0.00589952
vn -0.0830827 -0.996251 0.0240979
vn 0.00833332 -0.999954 0.00475828
vn 0.0124268 -0.99989 0.00812327
vn 0.0275075 -0.999616 0.00336671
vn 0.0120676 -0.999906 0.00645141
vn 0.0049379 -0.999869 0.0154409
vn 0.00936927 -0.999955 0.00131569
vn 0.00456553 -0.999962 0.00741805
vn 0.00302046 -0.999995 -0.000349948
vn -0.0192891 -0.999743 0.0119062
vn -0.00355848 -0.999948 0.00957763
vn 0.00182231 -0.99987 0.0160082
vn -0.00587176 -0.999868 0.0151747
vn 0.000117988 -0.999901 0.0140441
vn -0.0856367 -0.979982 -0.179727
vn -0.112377 -0.912292 0.393821
vn 0.0158579 -0.99885 0.0452519
vn 0.00944958 -0.999848 -0.0146791
vn 0.00908451 -0.999951 -0.00392091
vn 0.0206709 -0.999661 0.0158314
vn -0.00346419 -0.999965 0.00756465
vn -0.209767 0.00351713 -0.977745
vn -0.179379 -0.00487328 -0.983768
vn -0.191719 -0.0314038 -0.980947
vn -0.167275 0.151516 -0.974198
vn -0.17154 -0.00457481 -0.985167
vn -0.164196 0.00642104 -0.986407
vn -0.176124 -0.178165 -0.96811
vn -0.0140703 0.197429 -0.980216
vn 0.124598 -0.991783 0.0290214
vn -0.0685372 -0.997558 0.013414
vn -0.0234436 -0.96846 0.248063
vn -0.0234436 -0.96846 0.248063
vn 0.273007 -0.942851 0.19105
vn -0.174601 -0.275729 -0.945245
vn -0.13883 -0.167536 -0.976042
vn 0.00780964 -0.965036 0.262002
vn 0.00780964 -0.965036 0.262002
vn -0.142178 -0.00953873 -0.989795
vn -0.120804 -0.126536 -0.984579
vn -0.158541 0.00721037 -0.987326
vn 0.81109 -0.306828 -0.497985
vn -0.144588 -0.014862 -0.98938
vn -0.162221 -0.0257013 -0.98642
vn -0.162221 -0.0257013 -0.98642
vn -0.17194 -0.0865905 -0.981294
vn -0.0768857 0.0317462 -0.996534
vn 0.127172 -0.0659639 -0.989685
vn -0.49905 -0.0211699 -0.866314
vn -0.180249 -0.105713 -0.977924
vn -0.150287 -0.0918835 -0.984363
vn -0.192285 -0.207766 -0.959093
vn -0.225955 -0.0123137 -0.97406
vn -0.399038 -0.0628468 -0.914778
vn -0.17214 -0.0126371 -0.984991
vn -0.177496 -0.0424932 -0.983204
vn -0.190074 -0.0291857 -0.981336
vn -0.177634 0.00117549 -0.984096
vn -0.00172598 0.167449 -0.985879
vn -0.077588 -0.0501014 -0.995726
vn -0.177668 -0.00999435 -0.98404
vn -0.138557 -0.0138276 -0.990258
vn -0.357002 0.00744329 -0.934074
vn 0.115773 0.01254 -0.993197
vn -0.196092 -0.0246895 -0.980275
vn -0.200392 -0.068481 -0.977319
vn -0.161843 -0.0124857 -0.986737
vn -0.493819 0.0158722 -0.86942
vn -0.544386 0.360122 -0.757599
vn -0.544386 0.360122 -0.757599
vn 0.0270431 0.9987 -0.0432186
vn 0.214897 0.972224 0.0927388
vn -0.00225988 0.998193 -0.0600534
vn 0.0370557 0.999233 -0.0126453
vn 0.00782866 0.94711 0.320815
vn 0.15835 0.14935 -0.976022
vn -0.789435 -0.571818 -0.223195
vn -0.99509 -0.0763543 -0.0629789
vn -0.994572 0.0330592 0.0986629
vn -0.810475 -0.582962 0.0573188
vn 0.15835 0.14935 -0.976022
vn -0.0075944 0.999377 0.0344627
vn -0.0118842 0.999285 0.035899
vn 0.00983089 0.999815 0.0165116
vn 0.0784662 0.996892 -0.00697926
vn -0.033298 -0.887449 0.459701
vn -0.159044 -0.969998 -0.183873
vn -0.105217 -0.994448 -0.00174272
vn 0.292824 -0.528495 0.796835
vn 0.980747 -0.124849 0.150162
vn -0.842928 -0.455467 -0.286396
vn -0.842928 -0.455467 -0.286396
vn -0.834528 -0.473458 -0.281782
vn 0.285573 -0.954853 -0.0818794
vn 0.285573 -0.954853 -0.0818794
vn 0.257869 -0.958231 -0.123681
vn -0.601976 -0.597691 -0.529519
vn 0.435119 -0.252707 0.864182
vn -0.376562 -0.707544 -0.597982
vn -0.205509 -0.733093 -0.648337
vn 0.203246 -0.372216 -0.905619
vn -0.35798 -0.0454102 0.932624
vn -0.19495 0.007517 0.980784
vn 0.0727524 -0.0977296 0.99255
vn -0.125301 -0.174371 0.976675
vn -0.904 0.383175 0.189633
vn -0.65504 -0.061182 0.753113
vn -0.305316 -0.680821 0.665781
vn -0.734651 0.273527 0.620863
vn -0.516229 0.0166827 0.856288
vn -0.127603 -0.128425 0.983476
vn -0.282155 -0.157808 0.946301
vn 0.00758071 -0.154792 -0.987918
vn 0.147148 -0.477091 0.866448
vn 0.203246 -0.372216 -0.905619
vn 0.0934682 -0.0257616 0.995289
vn 0.26022 0.0752624 -0.962612
vn 0.169428 -0.192449 -0.96657
vn -0.0743244 -0.990816 0.112955
vn -0.029225 -0.999569 -0.00267565
vn -0.0108481 -0.999598 -0.026189
vn 0.0256764 -0.997724 -0.0623509
vn -0.0113233 -0.999935 0.00155185
vn -0.0125766 -0.999921 0.000169408
vn -0.0632434 0.355406 0.93257
vn -0.203864 -0.276574 0.93912
vn -0.169316 -0.181771 0.968654
vn 0.0121852 -0.999904 -0.00657088
vn -0.113998 -0.989886 0.0844367
vn -0.0280738 -0.999164 0.0297122
vn 0.00469859 -0.999977 -0.00496473
vn 0.0118891 -0.999929 -0.000609379
vn 0.00731142 -0.999658 0.02511
vn 0.00110943 -0.999993 -0.00357845
vn -0.0335652 -0.999377 -0.0109134
vn -0.0060449 -0.999965 0.00571853
vn 0.0145023 -0.999836 0.0108563
vn 0.00814276 -0.999947 0.0062499
vn 0.0136638 -0.999858 0.00984634
vn 0.0313645 -0.999505 -0.00238456
vn 0.00322043 -0.999889 0.01455
vn 0.00820414 -0.999935 0.00795343
vn 0.00825037 -0.999966 -0.000893902
vn -0.0179435 -0.999737 0.014297
vn 0.00783648 -0.999957 -0.00499763
vn 0.00325567 -0.999908 0.0131546
vn 0.00571891 -0.999899 0.0129763
vn 0.00729762 -0.999671 0.0245712
vn 0.000706494 -0.999835 0.0181621
vn -0.00633614 -0.999796 0.0191577
vn 0.0846483 -0.907315 0.411842
vn 0.00510817 -0.998386 0.0565583
vn 0.00141927 -0.999998 0.00133696
vn 0.0155926 -0.999869 0.00444607
vn 0.00912893 -0.999932 0.00729539
vn 0.00265408 -0.999996 -0.000684737
vn -0.212408 -0.000275411 -0.977181
vn -0.184229 -0.0236222 -0.982599
vn -0.189162 0.138321 -0.972155
vn -0.169432 0.000343433 -0.985542
vn -0.169009 0.00686548 -0.985591
vn -0.173077 -0.160833 -0.971688
vn -0.191726 -0.0147728 -0.981337
vn -0.0626715 -0.993067 -0.0994514
vn -0.0626715 -0.993067 -0.0994514
vn 0.0379129 -0.998722 -0.0334186
vn -0.00410949 -0.999687 -0.0246942
vn 0.273007 -0.942851 0.19105
vn 0.273007 -0.942851 0.19105
vn 0.110739 -0.983079 0.145921
vn -0.0778311 -0.246273 -0.96607
vn 0.00780964 -0.965036 0.262002
vn 0.00780964 -0.965036 0.262002
vn -0.116377 -0.0649708 -0.991078
vn -0.0863149 -0.212094 -0.97343
vn -0.100815 -0.00782041 -0.994874
vn 0.955938 0.0104544 -0.293381
vn -0.0860282 0.00990893 -0.996243
vn -0.162221 -0.0257013 -0.98642
vn -0.224632 0.0134967 -0.97435
vn -0.00841811 0.724723 -0.688989
vn -0.0239634 -0.104563 -0.994229
vn 0.0408407 0.0111914 -0.999103
vn -0.289448 -0.0507958 -0.955845
vn -0.0151065 0.166762 -0.985881
vn -0.144663 -0.0427034 -0.988559
vn -0.115656 0.0178555 -0.993129
vn -0.243458 -0.0556928 -0.968311
vn -0.208847 0.00613169 -0.977929
vn -0.282131 0.091229 -0.955028
vn -0.209823 0.0258657 -0.977397
vn -0.185357 0.0176785 -0.982512
vn -0.16813 -0.0456738 -0.984706
vn -0.17292 -0.0557402 -0.983357
vn -0.160757 -0.00687118 -0.98697
vn -0.149582 -0.00257657 -0.988746
vn -0.06305 -0.0402306 -0.997199
vn -0.173924 -0.0373182 -0.984052
vn -0.41683 -0.0525165 -0.907466
vn 0.0784809 0.00630079 -0.996896
vn -0.990761 -0.135329 -0.00884858
vn -0.198237 -0.0401738 -0.97933
vn -0.189664 -0.00695086 -0.981825
vn -0.163982 0.0144009 -0.986358
vn -0.884928 -0.0158236 0.465459
vn -0.503065 -0.0106487 -0.864183
vn 0.160452 0.965444 -0.205359
vn -0.0640494 0.974247 0.216194
vn 0.0239751 0.996028 -0.0857571
vn 0.0369208 0.972509 -0.229919
vn 0.15835 0.14935 -0.976022
vn -0.969836 -0.236746 0.0580433
vn -0.342355 -0.880924 -0.326752
vn -0.577387 0.284567 -0.765275
vn -0.606783 -0.787736 -0.106237
vn -0.983122 -0.0155339 0.182292
vn -0.00377673 0.99933 0.0364064
vn 0.0073438 0.999971 0.00216873
vn -0.00640066 0.998658 0.0513999
vn 0.0612188 0.992322 -0.107468
vn -0.160134 -0.971816 -0.173006
vn -0.71925 0.343305 0.604005
vn 0.334974 -0.698238 0.632658
vn -0.0692737 -0.995362 -0.0667528
vn 0.726487 -0.319461 0.608409
vn 0.400074 0.869244 0.29044
vn 0.932093 -0.0696851 0.355452
vn -0.774478 -0.370712 -0.512598
vn 0.36818 0.791945 0.487101
vn -0.665619 -0.170348 -0.72659
vn -0.899866 -0.0489124 -0.433414
vn -0.0257259 0.995565 0.0904927
vn 0.450561 -0.248535 0.857453
vn 0.565215 -0.160845 0.809111
vn -0.111682 -0.666837 -0.736787
vn 0.0390291 0.998011 -0.0495156
vn 0.990673 0.118813 -0.0667128
vn 0.131248 -0.14219 0.981099
vn -0.35798 -0.0454102 0.932624
vn -0.35798 -0.0454102 0.932624
vn -0.247938 -0.0289619 0.968343
vn 0.169914 -0.0432839 0.984508
vn -0.305316 -0.680821 0.665781
vn -0.566841 0.735358 0.371402
vn -0.795026 -0.135079 0.591344
vn -0.7776 -0.116438 0.617884
vn -0.305316 -0.680821 0.665781
vn -0.756984 0.367484 0.540307
vn -0.546379 -0.0403538 0.836566
vn -0.215925 -0.422014 0.8805
vn 0.556823 -0.0689341 -0.827766
vn -0.282155 -0.157808 0.946301
vn -0.282155 -0.157808 0.946301
vn 0.990673 0.118813 -0.0667128
vn 0.990673 0.118813 -0.0667128
vn -0.00853721 0.0977825 0.995171
vn 0.046464 0.13042 -0.990369
vn 0.284608 -0.0555815 -0.957031
vn -0.282155 -0.157808 0.946301
vn -0.059517 -0.985407 0.159473
vn -0.0125615 -0.999914 0.00382766
vn -0.00388395 -0.999844 -0.0172144
vn 0.00328303 -0.999524 -0.0306847
vn -0.0124184 -0.999923 0.000840486
vn 0.00509362 -0.999986 0.00150128
vn -0.138259 0.448852 0.882846
vn -0.178733 -0.201065 0.963134
vn -0.0995664 -0.152112 0.983335
vn -0.0336275 -0.998512 0.0429296
vn -0.0857914 -0.993737 0.0716025
vn -0.00590817 -0.999972 0.00467887
vn 0.0168623 -0.999779 0.0125357
vn 0.0124195 -0.999776 0.0171499
vn 0.0027451 -0.999983 -0.00518508
vn -0.000298625 -1 -0.000922261
vn -0.00421 -0.999863 0.0160186
vn 0.0769889 -0.996671 -0.0268082
vn -0.00744473 -0.999951 0.00657324
vn 0.0237078 -0.999684 0.00839925
vn -0.0156929 -0.999712 0.0181312
vn 0.00298448 -0.999962 0.00821712
vn 0.0209575 -0.999773 0.00380138
vn 0.0347303 -0.999287 0.014833
vn 0.00365203 -0.999906 0.0132531
vn 0.019242 -0.999812 0.00250176
vn 0.00477776 -0.999985 -0.0028581
vn 0.00681405 -0.999849 0.015995
vn 0.0162633 -0.999866 -0.00195827
vn 0.0067408 -0.999833 0.0169618
vn 0.0374772 -0.998597 0.0374014
vn -0.0160193 -0.999717 0.0175723
vn -0.00258779 -0.999958 0.00882575
vn 0.00108126 -0.999732 0.0231381
vn 0.0779503 -0.948926 0.305718
vn -0.00477297 -0.998385 0.0566055
vn 0.00387135 -0.999915 0.0124857
vn 0.0144376 -0.999813 0.0128326
vn 0.00576157 -0.999983 -0.000359193
vn 0.00415244 -0.999991 -0.000638659
vn -0.224736 -0.0128477 -0.974335
vn -0.178423 0.118264 -0.976821
vn -0.178175 0.00494356 -0.983986
vn -0.174342 0.0040055 -0.984677
vn -0.170507 -0.143538 -0.974846
vn -0.170161 -0.0289287 -0.984992
vn 0.0769107 0.58927 -0.804267
vn -0.0626715 -0.993067 -0.0994514
vn -0.0275406 -0.999526 0.0137699
vn 0.273007 -0.942851 0.19105
vn 0.273007 -0.942851 0.19105
vn -0.0662617 -0.234084 -0.969956
vn -0.0143582 0.0186808 -0.999722
vn 0.970712 -0.00844201 -0.240098
vn -0.236258 -0.475027 -0.847663
vn -0.160393 0.633062 -0.757302
vn -0.160393 0.633062 -0.757302
vn -0.000903489 -0.049862 -0.998756
vn -0.212233 0.00804583 -0.977186
vn -0.0519394 -0.0164317 -0.998515
vn -0.0849165 0.128548 -0.988061
vn -0.14059 0.0123978 -0.98999
vn -0.114025 0.00193441 -0.993476
vn -0.339414 0.120159 -0.932931
vn -0.178507 -0.035108 -0.983312
vn -0.182734 -0.0303014 -0.982695
vn -0.178627 0.0961374 -0.979209
vn -0.16403 0.0243914 -0.986154
vn -0.180583 -0.0709606 -0.980997
vn -0.168111 -0.00317731 -0.985763
vn -0.148213 -0.0210129 -0.988732
vn -0.160581 -0.000711412 -0.987023
vn 0.0109382 0.00466783 -0.999929
vn -0.563654 -0.0641452 -0.823517
vn -0.173075 0.0249859 -0.984592
vn 0.108073 -0.0298851 -0.993694
vn -0.999155 -0.0397705 0.0103393
vn -0.171227 0.00796735 -0.985199
vn -0.184802 0.011865 -0.982704
vn -0.162503 0.00292806 -0.986704
vn -0.907405 -0.0407511 0.418277
vn -0.158784 -0.00347875 -0.987307
vn -0.866497 0.00141592 0.49918
vn -0.471331 -0.0413608 -0.880986
vn 0.0281368 0.995431 0.0912462
vn -0.111002 0.993802 0.00595051
vn -0.982709 -0.0696243 0.171567
vn -0.606783 -0.787736 -0.106237
vn -0.183184 0.394011 -0.900666
vn -0.606783 -0.787736 -0.106237
vn -0.990461 -0.0744614 0.115945
vn 0.463662 0.88506 -0.0410541
vn 0.00650418 0.994788 -0.101753
vn -0.0039733 0.998605 0.0526441
vn -0.00150903 0.999813 0.01929
vn 0.0386969 0.998496 0.0388372
vn 0.0815298 -0.976652 -0.198756
vn -0.71925 0.343305 0.604005
vn -0.71925 0.343305 0.604005
vn -0.7208 -0.658724 -0.215709
vn 0.374993 -0.628809 0.68116
vn -0.0833967 -0.996492 -0.00693785
vn 0.261137 0.950547 0.168128
vn 0.927441 -0.0220943 0.373316
vn -0.841749 -0.109715 -0.528603
vn -0.834053 -0.179343 -0.52172
vn -0.739046 -0.127603 -0.661459
vn -0.613807 -0.198003 -0.764222
vn -0.877283 0.0501769 -0.477344
vn 0.505186 0.034955 0.862302
vn 0.262495 0.927274 0.266945
vn 0.355654 -0.283899 0.890456
vn 0.763991 -0.1694 0.622593
vn 0.00358005 0.903145 0.429321
vn -0.305316 -0.680821 0.665781
vn -0.669723 0.0277929 0.742091
vn -0.669723 0.0277929 0.742091
vn -0.669723 0.0277929 0.742091
vn -0.856509 -0.0557723 0.51311
vn -0.305316 -0.680821 0.665781
vn -0.840088 0.357897 0.40763
vn -0.624712 -0.101951 0.774171
vn -0.496486 -0.347317 0.795533
vn -0.215925 -0.422014 0.8805
vn -0.215925 -0.422014 0.8805
vn 0.540701 -0.053499 -0.839512
vn -0.282155 -0.157808 0.946301
vn 0.00287411 0.266484 0.963835
vn -0.118929 -0.102374 -0.987611
vn 0.172672 -0.219723 -0.960159
vn -0.1847 -0.254419 0.949293
vn 0.239487 -0.0321945 -0.970366
vn -0.0245315 -0.987647 0.15476
vn 0.00711839 -0.999956 0.00613258
vn 0.00688711 -0.999824 -0.0174426
vn -0.012933 -0.999773 -0.0169551
vn -0.00724769 -0.999927 -0.00965097
vn -0.000985954 -0.999994 0.00327333
vn -0.220063 0.326392 0.919261
vn -0.102938 -0.214983 0.971178
vn -0.120127 -0.0786936 0.989635
vn -0.0625768 -0.992498 0.105036
vn -0.0305856 -0.998356 0.0484687
vn -0.00577928 -0.999843 0.0167365
vn 0.015181 -0.999885 0.000516847
vn 0.00327129 -0.999972 -0.00679036
vn -0.000229356 -0.99999 -0.00442488
vn -0.00563817 -0.999973 0.00465994
vn -0.0132266 -0.999894 0.00611269
vn 0.0318352 -0.99877 0.0380067
vn 0.102021 -0.994259 0.0322589
vn -0.0139211 -0.999457 -0.029879
vn -0.0140565 -0.999787 0.0151195
vn 0.0261521 -0.999656 0.00190016
vn 0.00637404 -0.999848 0.0162486
vn -0.00290891 -0.99996 0.00844806
vn 0.020977 -0.999706 0.0121776
vn 0.0325872 -0.999428 0.00900747
vn 0.00511463 -0.999926 0.0110577
vn 0.0400357 -0.999154 0.00937062
vn 0.00960965 -0.99991 0.00932886
vn 0.00568187 -0.999877 0.0146114
vn -0.0130855 -0.996766 0.079282
vn 0.025709 -0.999498 -0.0185064
vn -0.0318589 -0.997651 0.0606501
vn 0.00657802 -0.999941 0.0087041
vn 0.00174225 -0.999998 -0.000466585
vn -0.00796515 -0.999879 0.0133872
vn 0.0423664 -0.975779 0.214618
vn 0.016609 -0.99901 0.0412811
vn 0.0101293 -0.999743 0.0202651
vn 0.0136197 -0.999879 0.00757537
vn 0.00481548 -0.999979 -0.00427672
vn 0.00369204 -0.999993 -0.000410288
vn -0.215296 0.0852635 -0.972819
vn -0.168534 0.00652586 -0.985674
vn -0.178188 0.00393729 -0.983989
vn -0.194212 -0.113129 -0.974414
vn -0.221628 -0.00644897 -0.97511
vn -0.129742 0.37878 -0.916348
vn 0.00300059 -0.98305 -0.183311
vn 0.31687 -0.94839 0.0122673
vn -0.04438 -0.0957585 -0.994415
vn 0.958504 0.017875 -0.284518
vn 0.29247 -0.775784 -0.559125
vn -0.160393 0.633062 -0.757302
vn -0.168262 0.0082655 -0.985708
vn -0.0817099 0.0380922 -0.995928
vn -0.112919 -0.049465 -0.992372
vn -0.918884 0.02051 0.393995
vn -0.15001 -0.00348766 -0.988678
vn -0.118148 -0.00234713 -0.992993
vn -0.428274 -0.0827552 -0.899852
vn -0.132868 -0.0200343 -0.990931
vn -0.270635 0.0984188 -0.957638
vn -0.197292 -0.250355 -0.947839
vn -0.168764 -0.0869408 -0.981815
vn -0.184125 0.0196776 -0.982706
vn -0.162028 0.00798776 -0.986754
vn -0.148032 0.0147751 -0.988872
vn -0.153498 -0.00799017 -0.988117
vn -0.0607878 -0.0912953 -0.993967
vn -0.636974 0.00919868 -0.77083
vn 0.184748 -0.0243067 -0.982485
vn -0.16598 -0.0953622 -0.981507
vn -0.992082 -0.108159 0.0638376
vn -0.167568 0.00734136 -0.985833
vn -0.185535 0.00366109 -0.982631
vn -0.164906 0.00321477 -0.986304
vn -0.184774 -0.021295 -0.98255
vn -0.849793 0.000113813 0.527117
vn -0.424009 -0.0441735 -0.90458
vn -0.129366 0.990488 -0.0468729
vn -0.101031 0.850105 -0.516831
vn -0.554115 0.821422 0.134992
vn -0.606783 -0.787736 -0.106237
vn -0.21366 0.443592 -0.870388
vn -0.201977 0.600021 -0.774068
vn -0.606783 -0.787736 -0.106237
vn -0.988746 -0.13727 -0.059481
vn 0.211122 0.977242 0.0206297
vn 0.6416 0.53253 -0.552051
vn 0.967269 0.192565 -0.165257
vn 0.0152207 0.999868 -0.00572934
vn 0.00422439 0.998044 -0.0623776
vn 0.0200225 0.999219 0.0340771
vn -0.0414231 0.981831 -0.185181
vn -0.383377 0.794136 -0.471562
vn 0.0121677 -0.999108 -0.0404446
vn -0.0706413 -0.995525 -0.0627723
vn -0.383377 0.794136 -0.471562
vn 0.377718 -0.671891 0.637096
vn -0.122339 -0.990287 0.0660623
vn 0.837037 -0.0171707 0.546877
vn 0.813636 -0.116534 0.569575
vn -0.778147 -0.302765 -0.550291
vn -0.724926 -0.309849 -0.615204
vn -0.541958 -0.00692387 -0.840377
vn -0.858727 -0.00346449 -0.512421
vn 0.47374 0.00657456 0.88064
vn 0.868234 -0.00865251 0.49608
vn 0.788175 -0.166125 0.592606
vn -0.669723 0.0277929 0.742091
vn -0.669723 0.0277929 0.742091
vn 0.538826 -0.0786686 -0.838736
vn -0.878856 -0.146156 0.454149
vn -0.883488 0.279902 0.375639
vn -0.898848 0.0412973 0.43631
vn 0.796224 0.331332 -0.506208
vn -0.577782 0.0585126 0.814091
vn 0.500084 -0.0936455 -0.860898
vn 0.500084 -0.0936455 -0.860898
vn 0.545503 -0.0482986 -0.836716
vn -0.18566 -0.200195 0.962004
vn -0.366569 0.129744 0.9213
vn 0.134053 -0.165794 -0.977007
vn -0.108817 -0.167137 -0.97991
vn -0.071084 -0.980818 0.181504
vn -0.00756495 -0.999963 0.00407707
vn -0.0134171 -0.999852 -0.0107532
vn -0.00964192 -0.999894 -0.0108778
vn 0.00722839 -0.999786 -0.0194007
vn -0.0023693 -0.999927 0.0118255
vn -0.0581975 0.175706 0.982721
vn -0.0924397 -0.35517 0.93022
vn -0.142486 -0.0431758 0.988855
vn -0.0322824 -0.994253 0.10207
vn -0.00282063 -0.999988 0.00396289
vn -0.00083947 -0.999994 0.0034987
vn 0.0083789 -0.999942 -0.00683353
vn -0.00159689 -0.999944 -0.0104803
vn -0.00573046 -0.999977 -0.00370409
vn -0.0031797 -0.999692 -0.0245941
vn -0.0139898 -0.999394 -0.0318821
vn -0.00595706 -0.999763 0.0209504
vn 0.0576763 -0.996124 0.0664132
vn 0.0137538 -0.983649 -0.179571
vn 0.00506487 -0.999863 0.0157455
vn -0.00971951 -0.999937 0.00567305
vn 0.0235139 -0.999716 0.00391133
vn 0.00367492 -0.999876 0.0152873
vn -0.00139443 -0.999942 0.0107096
vn 0.0151782 -0.99987 0.0054049
vn 0.0280169 -0.999558 0.00994447
vn 0.00587084 -0.999694 0.0240479
vn 0.0402614 -0.999189 -0.000599673
vn 0.00985069 -0.999402 0.0331568
vn -0.00619221 -0.999859 0.0156144
vn -0.0574802 -0.992097 0.111531
vn -0.0080006 -0.999722 -0.0221721
vn 0.00442983 -0.998855 0.0476292
vn -0.0216007 -0.999702 0.0113726
vn 0.00119788 -0.999999 -0.00112671
vn 0.00505994 -0.999972 0.0055408
vn 0.01263 -0.979964 0.198775
vn -0.0304649 -0.997574 0.0626001
vn 0.0251696 -0.999514 0.0183955
vn 0.0104903 -0.999943 -0.00193798
vn 0.00131341 -0.999995 -0.00276014
vn 0.00203869 -0.999995 -0.00255811
vn -0.185037 -0.00110004 -0.982731
vn -0.168606 0.00304064 -0.985679
vn -0.176449 -0.088507 -0.980322
vn -0.228813 0.0411427 -0.972601
vn -0.263151 0.397624 -0.879003
vn 0.0529974 -0.997839 -0.0388508
vn -0.0721323 0.0196728 -0.997201
vn 0.900943 0.132448 -0.413231
vn -0.118056 -0.968788 -0.217974
vn -0.162737 -0.00543711 -0.986655
vn -0.110785 -0.00238278 -0.993842
vn -0.152269 -0.00551753 -0.988324
vn -0.125979 -0.0118833 -0.991962
vn -0.482275 0.0186579 -0.875821
vn -0.124385 -0.116005 -0.98543
vn -0.301429 -0.315302 -0.899847
vn -0.20976 0.117702 -0.970643
vn -0.173952 0.0375309 -0.984039
vn -0.169247 0.00567993 -0.985557
vn -0.165687 0.00762871 -0.986149
vn -0.155656 -0.000352714 -0.987811
vn -0.161419 -0.0978512 -0.982023
vn -0.175386 -0.00657827 -0.984478
vn -0.355013 -0.027865 -0.934446
vn 0.135229 -0.018462 -0.990642
vn -0.315661 -0.0562611 -0.947203
vn -0.170964 0.0474178 -0.984136
vn -0.266105 0.895217 0.357457
vn -0.17621 -0.000880782 -0.984352
vn -0.170564 0.0143233 -0.985242
vn -0.162572 -0.00689711 -0.986673
vn -0.200566 -0.0369602 -0.978983
vn -0.843468 -0.023776 0.536653
vn -0.420164 -0.0243387 -0.907122
vn -0.0993455 0.912551 -0.396713
vn -0.554115 0.821422 0.134992
vn -0.554115 0.821422 0.134992
vn 0.885077 0.198573 -0.420961
vn -0.200421 0.450087 -0.870203
vn -0.108193 0.688168 0.717439
vn 0.35269 0.785858 0.507973
vn 0.0107307 0.999794 0.0172489
vn 0.953782 0.197286 -0.226666
vn 0.0107307 0.999794 0.0172489
vn -0.228304 0.435985 -0.870514
vn 0.949683 0.197637 -0.242984
vn -0.14992 0.98602 0.072722
vn -0.141578 0.95183 -0.271986
vn 0.00922311 0.998817 -0.0477411
vn -0.0112747 0.999089 -0.041159
vn -0.0826339 0.954011 -0.288156
vn -0.383377 0.794136 -0.471562
vn 0.00474485 -0.999696 -0.0242044
vn 0.0103858 -0.99913 -0.0403904
vn 0.00423629 -0.991154 -0.132652
vn -0.383377 0.794136 -0.471562
vn 0.743365 -0.0898475 0.662825
vn 0.895486 0.041934 0.44311
vn -0.636938 0.0291381 -0.770365
vn -0.871345 -0.048135 -0.488304
vn 0.441442 -0.00195215 0.897287
vn -0.577782 0.0585126 0.814091
vn 0.500084 -0.0936455 -0.860898
vn 0.500084 -0.0936455 -0.860898
vn 0.500084 -0.0936455 -0.860898
vn -0.943574 0.0513655 0.327155
vn -0.922048 0.240976 0.302915
vn -0.887612 0.0204239 0.460139
vn -0.577782 0.0585126 0.814091
vn -0.0954501 -0.14501 0.984815
vn -0.816514 0.068076 0.573298
vn -0.0534642 -0.0171603 0.998422
vn 0.042978 -0.984107 0.172295
vn -0.00830736 -0.999934 0.00794643
vn 0.00645981 -0.999977 0.0019731
vn 0.00513864 -0.999984 0.00235525
vn 0.00989785 -0.999822 -0.0160664
vn -0.00855181 -0.999777 0.0193096
vn -0.18122 0.130441 0.974754
vn -0.149843 -0.495422 0.855631
vn -0.0890334 -0.122774 0.988433
vn -0.0141423 -0.999895 0.003119
vn -0.00663935 -0.99987 0.0147302
vn 0.00964972 -0.999943 -0.00457957
vn 0.00817142 -0.99985 -0.0152957
vn 0.00964972 -0.999943 -0.00457957
vn -0.00341681 -0.999975 -0.00617186
vn -0.00553687 -0.999948 -0.00856874
vn -0.0307716 -0.988918 -0.145236
vn -0.0329371 -0.972682 -0.229792
vn -0.029099 -0.998971 -0.0347748
vn 0.0518175 -0.998539 0.0153189
vn 0.0812127 -0.943609 0.320946
vn 0.00215589 -0.999897 0.0141647
vn 0.00403279 -0.999963 0.00763146
vn -0.00558144 -0.999975 0.00434408
vn 0.0184912 -0.999784 0.00944808
vn -0.00566565 -0.99989 0.0137055
vn 0.00120437 -0.999983 0.00564058
vn 0.0117154 -0.999909 0.00666265
vn 0.0196247 -0.999694 0.0150537
vn 0.0206834 -0.99978 0.00358851
vn 0.0174854 -0.999709 0.0166054
vn -0.0451151 -0.997575 0.0529992
vn 0.00950007 -0.99995 0.00305223
vn -0.0425489 -0.998393 0.0374421
vn 0.00997989 -0.999695 0.0225846
vn -0.0249526 -0.998906 0.0395529
vn -0.00665781 -0.999949 -0.00759887
vn 0.000757639 -0.999999 0.00108757
vn -0.00265122 -0.999983 0.0051433
vn -0.039654 -0.979329 0.198348
vn -0.0402964 -0.984718 0.169433
vn 0.0109944 -0.999811 0.016018
vn -0.00992876 -0.999947 0.00270274
vn 0.0042131 -0.999991 -0.000429032
vn 0.00184758 -0.999975 -0.00689005
vn -0.174969 -1.71609e-05 -0.984574
vn -0.175525 -0.076868 -0.98147
vn -0.187015 0.0474967 -0.981208
vn -0.281976 0.520215 -0.806143
vn -0.0507097 -0.853225 -0.519071
vn -0.0265898 -0.990001 0.138529
vn -0.072789 0.00427634 -0.997338
vn -0.168131 -0.0125593 -0.985685
vn -0.133635 -0.0111167 -0.990968
vn -0.149587 -0.0156785 -0.988624
vn -0.123544 -0.120414 -0.985006
vn -0.436787 -0.193275 -0.878557
vn -0.161968 0.46251 -0.871694
vn -0.219218 0.225875 -0.94917
vn -0.201697 -0.0700653 -0.976939
vn -0.167037 0.00878818 -0.985911
vn -0.170462 0.00454037 -0.985354
vn -0.165134 -0.0097945 -0.986223
vn -0.155069 -0.102601 -0.982561
vn -0.166645 0.00355894 -0.98601
vn -0.173812 0.0443403 -0.98378
vn -0.15171 0.000899086 -0.988425
vn -0.0640746 0.0949821 -0.993415
vn -0.241189 -0.0858956 -0.966669
vn -0.943914 -0.0119222 0.329977
vn -0.167863 0.00629051 -0.98579
vn -0.943914 -0.0119222 0.329977
vn -0.171366 0.0414349 -0.984336
vn -0.15938 -0.00649334 -0.987196
vn -0.15706 -0.0156774 -0.987465
vn -0.242894 -0.0574017 -0.968353
vn -0.838701 -0.0757812 0.539293
vn -0.455523 -0.0464294 -0.889013
vn 0.0107307 0.999794 0.0172489
vn -0.108389 0.328576 -0.938238
vn -0.196771 0.980448 -0.00170754
vn -0.224942 0.918011 -0.326584
vn -0.255818 0.344559 -0.903237
vn -0.208955 0.208401 -0.955461
vn -0.0545204 0.966885 0.24932
vn -0.019468 0.998893 0.042834
vn -0.0562452 0.921104 -0.385233
vn -0.00215058 0.998616 -0.0525552
vn -0.0562452 0.921104 -0.385233
vn -0.383377 0.794136 -0.471562
vn 0.0227999 -0.99959 -0.0173265
vn 0.0216762 -0.998755 -0.0449198
vn -0.0149215 -0.995911 -0.0890997
vn 0.885579 0.0135713 0.464291
vn -0.626538 -0.0479897 -0.777912
vn 0.467378 0.0493375 0.88268
vn -0.644808 0.062543 -0.761782
vn -0.917524 -0.0558125 -0.393745
vn -0.577782 0.0585126 0.814091
vn -0.956828 -0.0207856 0.28991
vn -0.922048 0.240976 0.302915
vn -0.922048 0.240976 0.302915
vn -0.863851 -0.0959643 0.494522
vn -0.577782 0.0585126 0.814091
vn 0.759056 0.052881 0.648874
vn -0.749687 0.279753 0.599756
vn -0.0180064 -0.996311 0.0839008
vn -0.00676074 -0.999954 0.0067471
vn 0.0149786 -0.999709 0.018915
vn 0.015363 -0.999804 0.012496
vn 0.00832496 -0.999947 -0.00611895
vn 0.00405714 -0.999683 0.0248493
vn -0.107821 0.125998 0.986154
vn -0.161661 -0.316102 0.93485
vn -0.158529 -0.308987 0.937761
vn -0.00261173 -0.99975 0.0222072
vn 0.000832003 -0.999974 -0.00717101
vn 0.00964972 -0.999943 -0.00457957
vn 0.00437749 -0.999931 -0.0109045
vn 0.00686556 -0.999888 -0.0133133
vn -0.00359677 -0.999976 -0.00600318
vn -0.0177248 -0.986648 -0.1619
vn 0.0323529 -0.944789 0.326079
vn 0.0787733 -0.945287 0.316588
vn -0.113645 -0.980178 -0.162285
vn 0.0277968 -0.999495 -0.015416
vn 0.0120391 -0.803628 -0.59501
vn -0.00400211 -0.999856 0.016486
vn 0.00348074 -0.999942 0.0101721
vn 0.00468211 -0.99997 0.00625907
vn -0.00359702 -0.999963 0.00781781
vn 0.0162485 -0.999849 0.00611714
vn -0.00398708 -0.999917 0.0122392
vn 0.000645266 -0.999994 0.00344944
vn 0.00783261 -0.999947 0.0066289
vn 0.00614249 -0.999871 0.0148163
vn 0.0406396 -0.99914 0.00826743
vn 0.0105105 -0.999938 0.00361989
vn -0.0610558 -0.993463 0.0964545
vn 0.0212538 -0.99969 -0.0129759
vn -0.00503228 -0.99929 0.0373468
vn -0.0174587 -0.998774 0.0463117
vn -0.0637853 -0.99795 -0.00524758
vn -0.00385348 -0.999794 -0.0199452
vn 0.000567672 -0.999996 0.00272028
vn 0.0040902 -0.99999 -0.00176732
vn -0.0693775 -0.952147 0.297664
vn -0.038196 -0.998461 0.040214
vn 0.000672267 -0.999877 0.0156833
vn 0.00401752 -0.999992 -0.000293948
vn 0.00169628 -0.999936 -0.01117
vn -0.173986 -0.0638985 -0.982673
vn -0.201858 0.0594829 -0.977607
vn -0.159543 0.601323 -0.782916
vn -0.176744 -0.0162072 -0.984123
vn -0.141442 -0.0192445 -0.98976
vn -0.13085 -0.101855 -0.986156
vn -0.166388 0.406397 -0.898419
vn -0.252061 0.375483 -0.891896
vn -0.179446 -0.0874292 -0.979875
vn -0.157274 -0.0999297 -0.982486
vn -0.165195 0.00202298 -0.986259
vn -0.173654 -0.0116536 -0.984738
vn -0.163418 0.0629638 -0.984546
vn -0.169552 0.0354699 -0.984883
vn -0.10677 -0.0524776 -0.992898
vn -0.157265 0.00124162 -0.987556
vn -0.179763 0.00219964 -0.983708
vn -0.147808 0.0036746 -0.989009
vn -0.15017 0.00176769 -0.988659
vn -0.214063 0.096347 -0.972057
vn -0.943914 -0.0119222 0.329977
vn -0.172378 0.000863751 -0.98503
vn -0.152006 -0.00666463 -0.988357
vn -0.159118 -0.0113251 -0.987195
vn -0.16162 -0.0541542 -0.985366
vn -0.312749 -0.0617627 -0.947826
vn -0.8554 -0.122148 0.503359
vn -0.415404 0.0892945 -0.905244
vn -0.054317 0.119651 -0.991329
vn -0.0527317 0.998594 0.00540239
vn -0.150947 0.968291 -0.199068
vn -0.121265 0.263263 -0.957072
vn -0.135103 0.217304 -0.966709
vn 0.0439003 0.948308 0.314301
vn -0.0137253 0.998568 0.0517085
vn -0.0562452 0.921104 -0.385233
vn -0.0756974 0.158513 -0.984451
vn 0.0217291 -0.999607 -0.0177184
vn 0.0249757 -0.999505 -0.0191132
vn 0.0152393 -0.999593 -0.0241279
vn 0.0152393 -0.999593 -0.0241279
vn 0.0116925 -0.999322 -0.0349126
vn 0.0872918 -0.996106 0.0123963
vn 0.874994 0.00731353 0.484079
vn 0.505426 -0.0126416 0.862777
vn -0.63895 -0.0129598 -0.769139
vn -0.577996 9.51423e-05 -0.81604
vn -0.889397 0.037818 -0.455568
vn -0.965356 -0.0211477 0.260079
vn 0.605527 -0.667089 -0.433969
vn -0.591938 -0.135939 0.794437
vn -0.965356 -0.0211477 0.260079
vn -0.0471575 -0.99397 0.0989919
vn 0.00838467 -0.999943 0.00663958
vn 0.0135091 -0.999677 0.0215051
vn 0.00914923 -0.999822 0.016485
vn 0.00449783 -0.999984 -0.00357814
vn -0.0112158 -0.999674 0.0229535
vn -0.354867 0.0327154 0.934344
vn -0.354382 0.472977 0.806664
vn -0.0800028 -0.376493 0.922959
vn 0.00193969 -0.999998 0.000280934
vn -0.000978452 -0.999649 -0.026495
vn 0.00291398 -0.999801 -0.0197224
vn -0.00236472 -0.99995 -0.00967248
vn -0.0376586 -0.986937 -0.156641
vn -0.0496701 -0.962493 0.266722
vn -0.0678501 -0.830633 -0.552672
vn -0.0413994 -0.815071 -0.57788
vn 0.00826142 -0.95561 0.294518
vn -0.0964316 -0.995001 -0.0259708
vn 0.113979 -0.889277 0.442939
vn -0.00546757 -0.999945 0.00897369
vn -0.00468431 -0.999818 0.0184715
vn 0.00627637 -0.999953 0.00733535
vn 0.00514342 -0.99996 0.00734578
vn -0.00347838 -0.999965 0.00760272
vn 0.0168732 -0.999856 0.00197899
vn 0.01189 -0.999926 0.00274756
vn -0.000958929 -0.999988 0.00489263
vn 0.00436205 -0.999972 0.00615367
vn -0.00328464 -0.999941 0.0103906
vn 0.0445713 -0.998984 0.00671287
vn -0.0476242 -0.996904 0.0625638
vn -0.0250847 -0.998079 0.0566465
vn 0.00545983 -0.999982 0.0026046
vn 0.00411267 -0.999988 0.00268817
vn -0.0664298 -0.993033 0.0973323
vn -0.0026047 -0.998675 -0.0513932
vn 0.0010256 -0.999848 -0.0174082
vn 0.00559016 -0.999974 0.00446571
vn 4.73224e-05 -0.999973 -0.00731563
vn -0.0404769 -0.928838 0.36827
vn -0.0917929 -0.983476 0.156041
vn -0.00111891 -0.999674 0.0255078
vn 0.0039817 -0.999992 -9.21965e-05
vn 0.00207767 -0.999935 -0.0111826
vn -0.166576 0.0600789 -0.984197
vn -0.153618 0.48427 -0.861327
vn -0.102578 -0.526222 -0.844138
vn -0.1352 -0.00829044 -0.990784
vn -0.167356 -0.0754529 -0.983005
vn -0.173033 0.292465 -0.940491
vn -0.226155 -0.0895465 -0.969967
vn -0.158363 -0.0958029 -0.982722
vn -0.0556983 -0.985629 0.159478
vn -0.0571683 -0.256713 -0.964795
vn -0.163228 -0.0110371 -0.986527
vn -0.172233 0.0745425 -0.982232
vn -0.15428 -0.00580217 -0.98801
vn -0.174605 -0.00289892 -0.984634
vn -0.0677346 0.0256871 -0.997373
vn -0.161739 -0.000165479 -0.986834
vn -0.149435 -0.00913652 -0.988729
vn -0.180198 -0.00139774 -0.983629
vn -0.146407 0.0077072 -0.989194
vn -0.147872 0.00985369 -0.988957
vn -0.154963 0.18182 -0.971045
vn -0.170773 -0.0081687 -0.985277
vn -0.155653 -0.0145957 -0.987704
vn -0.146352 -0.0550117 -0.987702
vn -0.202226 0.163691 -0.965562
vn -0.363577 -0.117239 -0.924157
vn -0.802895 -0.296266 0.517287
vn -0.417668 0.240187 -0.876278
vn -0.164131 0.0262951 -0.986088
vn -0.0185132 0.999735 0.0137059
vn -0.0468145 0.985175 -0.165042
vn -0.0103142 0.989377 -0.145003
vn -0.136597 0.224999 -0.964737
vn -0.106993 0.275573 -0.955307
vn 0.00235956 0.955047 0.296446
vn -0.00980055 0.998626 0.0514792
vn -0.79465 -0.356578 -0.491307
vn -0.0936261 0.00534009 -0.995593
vn 0.0127346 -0.999128 -0.0397575
vn 0.0254929 -0.999552 -0.0157095
vn 0.0152393 -0.999593 -0.0241279
vn 0.0152393 -0.999593 -0.0241279
vn 0.267021 -0.960852 0.0739195
vn -0.0244203 -0.999448 -0.0225298
vn 0.299422 -0.95238 0.0576122
vn 0.868195 0.015645 0.495976
vn 0.421629 -0.0536237 0.905181
vn -0.577996 9.51423e-05 -0.81604
vn -0.577996 9.51423e-05 -0.81604
vn -0.413041 -0.0457497 -0.909563
vn 0.402608 -0.0174748 0.915206
vn -0.965356 -0.0211477 0.260079
vn 0.849417 -0.383563 -0.36245
vn -0.0508837 -0.988081 0.145282
vn -0.00445844 -0.99999 0.000878176
vn 0.0100902 -0.999803 0.0170686
vn -0.0036385 -0.999933 0.0109433
vn -0.000706909 -0.99998 -0.00632739
vn -0.0182392 -0.99961 0.0211417
vn -0.0212287 -0.109217 0.993791
vn -0.343039 -0.197089 0.918412
vn -0.000453026 -0.999532 -0.0305761
vn -0.00623732 -0.999612 -0.0271398
vn -0.00785224 -0.999803 -0.0182168
vn -0.0352712 -0.98595 -0.163272
vn -0.0252508 -0.993163 0.113973
vn -0.413376 -0.764689 -0.494339
vn 0.434066 -0.880204 0.191904
vn -0.163974 -0.731134 -0.662236
vn -0.0624978 -0.955497 0.288305
vn 0.048617 -0.955265 -0.291728
vn -0.00502147 -0.999968 0.00618208
vn -0.00751152 -0.999917 0.0105106
vn -2.50834e-05 -0.99991 0.0134299
vn 0.00714197 -0.999947 0.00739505
vn 0.00553129 -0.999955 0.00773685
vn -0.000972459 -0.999984 0.00562211
vn 0.0140113 -0.999902 0.000569337
vn 0.00754563 -0.999786 -0.0192719
vn -0.0019632 -0.999991 0.00384749
vn -0.000708334 -0.999991 0.00425979
vn -0.00320624 -0.999913 0.0128163
vn 0.048279 -0.998819 -0.00546399
vn -0.0867579 -0.992065 0.0909943
vn -0.00754121 -0.999822 0.0172873
vn -0.01322 -0.999318 0.0344807
vn 0.00825956 -0.999649 -0.0251639
vn -0.0297485 -0.993177 0.112762
vn 0.0151103 -0.999163 -0.038022
vn 0.00234324 -0.999922 -0.0122485
vn 0.00758949 -0.999971 0.000917482
vn -0.0025381 -0.999973 -0.00685621
vn 0.046616 -0.978688 0.199992
vn -0.00103122 -0.999303 0.0373297
vn 0.00315775 -0.999991 -0.00301659
vn 0.00610405 -0.999976 -0.00317454
vn -0.115852 0.382029 -0.91686
vn -0.266517 -0.467253 -0.842997
vn -0.131931 -0.0665725 -0.989021
vn -0.291982 0.0921156 -0.951978
vn -0.245146 -0.11656 -0.962454
vn -0.0617491 -0.995807 0.0674944
vn -0.137415 -0.958315 0.250497
vn 0.00917884 -0.996579 0.0821396
vn -0.0571683 -0.256713 -0.964795
vn -0.0571683 -0.256713 -0.964795
vn -0.173096 0.0745495 -0.982079
vn -0.168469 -0.0139934 -0.985608
vn -0.158607 -0.0253137 -0.987017
vn -0.179233 -0.00117498 -0.983806
vn -0.0737273 0.00318868 -0.997273
vn -0.161285 0.00976199 -0.98686
vn -0.153638 0.0026474 -0.988124
vn -0.143495 -0.0138691 -0.989554
vn -0.170242 0.0050827 -0.985389
vn -0.140772 0.0125826 -0.989962
vn -0.134174 0.0221275 -0.990711
vn -0.143782 0.197582 -0.969685
vn -0.168923 0.071733 -0.983016
vn -0.166411 -0.057258 -0.984393
vn -0.183324 0.110097 -0.976868
vn -0.409793 -0.232351 -0.88209
vn -0.226125 -0.522983 0.821801
vn -0.265143 0.154208 -0.951798
vn -0.0989913 -0.0826581 -0.991649
vn -0.0398301 0.980599 -0.191934
vn -0.013711 0.999883 0.00682242
vn 0.0149808 0.990446 -0.137084
vn -0.131901 0.246859 -0.960033
vn 0.0418746 0.334475 -0.941474
vn 0.0222693 0.964706 0.262385
vn 0.176353 0.984323 0.00276344
vn 0.886031 -0.0865351 -0.455478
vn -0.0870981 0.0180911 -0.996035
vn 0.0516224 -0.98996 0.131583
vn 0.0319826 -0.998509 -0.044242
vn 0.0203771 -0.999676 -0.015286
vn 0.0152393 -0.999593 -0.0241279
vn -0.0244203 -0.999448 -0.0225298
vn 0.577736 -0.760986 0.295164
vn -0.0244203 -0.999448 -0.0225298
vn -0.0299869 -0.998558 -0.0445265
vn 0.307402 -0.874408 0.375386
vn 0.857789 0.0375867 0.512626
vn -0.855171 -0.0381698 -0.516939
vn -0.577996 9.51423e-05 -0.81604
vn -0.577996 9.51423e-05 -0.81604
vn 0.78648 -0.0971782 0.609923
vn -0.0193199 -0.986315 0.163733
vn -0.0101388 -0.99994 -0.00423639
vn -0.00797745 -0.999848 0.0154778
vn -0.010277 -0.999945 -0.00224216
vn -0.00889971 -0.999956 0.00282528
vn -0.00740773 -0.999108 0.0415823
vn -0.346276 -0.182826 0.920146
vn -0.108641 -0.9588 0.262488
vn -0.283466 -0.0343371 0.958368
vn -0.00342503 -0.999507 -0.031224
vn -0.0377607 -0.990273 -0.13392
vn -0.0206794 -0.988966 -0.146692
vn -0.0317218 -0.998797 0.0374027
vn -0.289015 -0.645708 -0.706776
vn 0.410597 -0.908207 -0.0810525
vn -0.0120615 -0.936592 -0.350215
vn -0.00371333 -0.999963 0.00774037
vn -0.00326914 -0.999919 0.0123241
vn -0.00351419 -0.999939 0.0104916
vn -0.00629323 -0.999951 0.00765846
vn 0.00652115 -0.999952 0.00727647
vn 0.00574028 -0.999955 0.00759704
vn 0.00618943 -0.999977 0.00261898
vn 0.0124061 -0.999913 0.00438568
vn 0.0161196 -0.999747 -0.015673
vn -0.00351844 -0.999994 0.00024155
vn -0.0112561 -0.999903 0.00816854
vn -0.00863228 -0.999942 -0.00648139
vn 0.0372083 -0.995364 0.0886895
vn -0.0382418 -0.997488 0.0596218
vn 0.00114273 -0.9998 -0.0199796
vn -0.0351875 -0.996879 0.0706735
vn 0.0133256 -0.999269 -0.0358357
vn 0.00110628 -0.998446 0.0557128
vn 0.013142 -0.999766 -0.0171729
vn 0.00315478 -0.999986 -0.00422153
vn -0.00167477 -0.99997 -0.0075427
vn 0.000587877 -0.99999 -0.00445803
vn -0.0130908 -0.986309 0.164389
vn -0.00054113 -0.998648 0.0519766
vn 0.00458945 -0.999931 -0.0107901
vn 0.00568393 -0.999984 -5.40163e-05
vn -0.222829 -0.34646 -0.911215
vn -0.196426 -0.114646 -0.973793
vn -0.389048 -0.060471 -0.919231
vn 0.00428429 -0.999643 0.0263706
vn -0.174177 -0.0217125 -0.984475
vn -0.166129 -0.0219996 -0.985859
vn -0.165898 -0.0710801 -0.983578
vn -0.0632466 0.009088 -0.997957
vn -0.171288 0.0240241 -0.984928
vn -0.160789 0.00453463 -0.986978
vn -0.154042 0.0083397 -0.988029
vn -0.149162 -0.000973986 -0.988812
vn -0.142604 -0.0203898 -0.98957
vn -0.164969 0.072726 -0.983614
vn -0.121828 0.0238064 -0.992266
vn -0.144866 0.0262906 -0.989102
vn 0.0212149 0.308724 -0.950915
vn -0.165986 -0.0270121 -0.985758
vn -0.176721 0.0833174 -0.980728
vn -0.276428 0.268 -0.92291
vn -0.233461 0.244824 0.94104
vn -0.136019 -0.0883893 -0.986755
vn -0.169686 -0.817457 -0.550428
vn -0.0367523 0.975601 -0.216451
vn 0.180832 0.983004 -0.0316587
vn 0.0907667 0.967029 -0.237941
vn -0.0729937 0.296596 -0.95221
vn -0.0840799 0.323668 -0.942428
vn 0.12455 0.975812 0.179661
vn -0.0435772 0.99791 0.0477049
vn 0.909382 0.0821158 -0.407775
vn 0.113583 0.130006 -0.984986
vn -0.368225 -0.781121 -0.504242
vn 0.0234264 -0.99455 0.101598
vn 0.0301213 -0.997814 -0.0588158
vn -0.0244203 -0.999448 -0.0225298
vn 0.577736 -0.760986 0.295164
vn 0.577736 -0.760986 0.295164
vn -0.0244203 -0.999448 -0.0225298
vn -0.0584887 -0.998179 0.0147465
vn 0.0852344 -0.995816 -0.0329646
vn 0.307402 -0.874408 0.375386
vn 0.307402 -0.874408 0.375386
vn -0.855171 -0.0381698 -0.516939
vn -0.855171 -0.0381698 -0.516939
vn 0.663034 -0.01819 0.748369
vn -0.0752432 -0.983442 0.164864
vn 0.000999003 -0.999804 -0.0197815
vn -0.0189613 -0.999673 0.0171837
vn 0.0172955 -0.999787 0.011264
vn 0.0176251 -0.999733 0.0149557
vn -0.140394 -0.989585 -0.0318139
vn -0.14117 -0.228955 0.963146
vn -0.10635 -0.953885 0.280702
vn 0.0215007 -0.993573 -0.111128
vn -0.0499772 -0.997793 -0.0437095
vn 0.0143566 -0.999615 -0.0237466
vn -0.182576 -0.623693 -0.760048
vn -0.249731 -0.958807 0.135365
vn 0.0640054 -0.900028 0.431108
vn -0.0104224 -0.924804 -0.380302
vn -0.0860754 -0.994681 0.0565684
vn -0.00597929 -0.999926 0.0106233
vn -0.00212992 -0.999909 0.0133555
vn -0.00350442 -0.999919 0.0122346
vn -0.000614146 -0.99997 0.00768011
vn 0.0132486 -0.999785 -0.0159472
vn 0.00557291 -0.999958 0.00725333
vn 0.00528032 -0.999959 0.0074211
vn 0.0115323 -0.999913 0.00635474
vn 0.0164998 -0.999863 0.00159297
vn 0.000557379 -0.999781 0.0208996
vn -0.00623708 -0.999979 -0.00170211
vn -0.0121956 -0.999907 -0.00608849
vn 0.00499278 -0.996275 0.0860838
vn -0.00597034 -0.998081 0.0616402
vn -0.0186004 -0.999575 -0.0224381
vn -0.0352676 -0.997399 -0.0628615
vn -0.0293108 -0.995306 0.0922312
vn 0.0201087 -0.998147 -0.0574272
vn -0.00414416 -0.99999 0.0018797
vn -0.00265123 -0.999801 -0.0197964
vn 0.0023939 -0.999997 0.000873613
vn 0.00111262 -0.999926 -0.0121378
vn -0.00132673 -0.999992 -0.00386129
vn 0.0739412 -0.99275 0.0947604
vn -0.019847 -0.995482 0.0928517
vn 0.0049517 -0.999914 -0.0121175
vn 0.00241727 -0.99999 -0.00373117
vn -0.156862 0.0535478 -0.986168
vn -0.151213 -0.988189 -0.0248252
vn -0.172772 -0.0111529 -0.984899
vn -0.16322 -0.0868811 -0.982757
vn -0.172295 0.103463 -0.979597
vn -0.069968 0.0265478 -0.997196
vn -0.162035 0.0090494 -0.986744
vn -0.163415 0.0719465 -0.983931
vn -0.155011 0.00569939 -0.987896
vn -0.152125 0.00957081 -0.988315
vn -0.150263 -0.00695226 -0.988622
vn -0.0901832 0.00182704 -0.995924
vn -0.159873 -0.0298558 -0.986686
vn -0.146546 0.0288963 -0.988782
vn 0.140593 0.0680749 -0.987724
vn -0.208495 0.328068 -0.921358
vn -0.170877 -0.00685928 -0.985269
vn -0.272219 -0.954735 -0.119905
vn -0.272219 -0.954735 -0.119905
vn 0.284645 -0.0574337 -0.956911
vn 0.115532 0.968529 -0.220462
vn -0.0770267 0.996793 0.021692
vn -0.0747754 0.937355 -0.340258
vn -0.0405435 0.373953 -0.926561
vn -0.153513 0.250307 -0.955919
vn 0.0293724 0.985936 0.164521
vn 0.043947 0.993016 0.109488
vn 0.956585 0.0625976 -0.284652
vn -0.110125 0.2344 -0.965883
vn -0.133101 -0.453171 -0.881431
vn -0.110125 0.2344 -0.965883
vn 0.00540596 -0.99082 0.135079
vn -0.0126767 -0.998956 -0.0439
vn -0.00464138 -0.973294 0.229515
vn 0.0415243 -0.998122 0.0450396
vn 0.677235 -0.0374612 0.734813
vn -0.0841275 -0.970621 0.225428
vn 0.023079 -0.999572 0.0179627
vn -0.00174657 -0.999972 0.00728606
vn -0.149025 -0.98741 0.0530375
vn 0.0900033 -0.995926 -0.00550941
vn 0.147543 -0.708014 0.690614
vn 0.0492395 -0.995478 -0.0812339
vn -0.0479639 -0.98362 -0.173758
vn -0.284431 -0.644854 -0.70941
vn -0.0810445 -0.682504 -0.726375
vn 0.0640054 -0.900028 0.431108
vn 0.0640054 -0.900028 0.431108
vn 0.119138 -0.890755 -0.438591
vn 0.129557 -0.9837 0.124697
vn -0.0785831 -0.437391 -0.895831
vn -0.00410333 -0.9999 0.0135592
vn -0.00339404 -0.999892 0.0143237
vn -0.00315413 -0.999945 0.0100549
vn -0.00466785 -0.999955 0.00830489
vn 0.000511317 -0.99997 0.0077639
vn 0.0198399 -0.999314 -0.0312659
vn 0.00526555 -0.999962 0.00698798
vn 0.00464289 -0.999967 0.00660725
vn 0.0122462 -0.999912 0.00505606
vn 0.0170558 -0.999835 -0.0061892
vn -0.0163418 -0.998553 0.0512376
vn 0.0130511 -0.999701 0.0206539
vn 0.00283779 -0.99475 0.102295
vn 0.000518351 -0.999711 0.0240497
vn -0.0257282 -0.999533 -0.0165058
vn 0.0149356 -0.998021 -0.0610783
vn -0.111779 -0.990221 -0.0834772
vn -0.0335993 -0.995186 0.0920658
vn -0.0421501 -0.946184 -0.320873
vn -0.0165922 -0.999468 -0.0280838
vn -0.00281094 -0.999405 -0.0343868
vn 0.00052114 -0.999993 0.00369917
vn -0.000358147 -0.999888 -0.0149558
vn -0.00149434 -0.999995 -0.00283739
vn 0.00580081 -0.998089 -0.0615206
vn -0.0114805 -0.990281 0.138609
vn -0.00167285 -0.999993 -0.00334836
vn 0.0071556 -0.999929 -0.00955176
vn -0.207628 -0.968235 -0.139327
vn -0.167561 -0.101071 -0.980667
vn -0.195658 0.102643 -0.975286
vn -0.123312 0.0327045 -0.991829
vn -0.161458 0.0139218 -0.986781
vn -0.15818 0.00398505 -0.987402
vn -0.156042 -0.0256572 -0.987417
vn -0.149561 0.00614016 -0.988733
vn -0.156431 0.0070093 -0.987664
vn -0.0867572 -0.0270579 -0.995862
vn -0.15263 0.0157777 -0.988158
vn -0.16651 -0.0127437 -0.985957
vn 0.180129 0.061404 -0.981725
vn -0.306865 0.0165533 -0.951609
vn -0.358833 0.000751226 -0.933402
vn -0.167132 -0.109733 -0.979809
vn -0.272219 -0.954735 -0.119905
vn -0.0676885 0.994569 0.0790585
vn -0.0750386 0.938094 -0.338154
vn -0.151438 0.420215 -0.894699
vn -0.170105 0.260032 -0.950499
vn 0.0479495 0.988764 0.141587
vn 0.0615319 0.992675 0.103969
vn -0.110125 0.2344 -0.965883
vn -0.110125 0.2344 -0.965883
vn -0.24344 0.871553 -0.425597
vn -0.110125 0.2344 -0.965883
vn -0.0331021 -0.982726 0.182085
vn -0.00464138 -0.973294 0.229515
vn -0.00464138 -0.973294 0.229515
vn -0.0770057 0.915878 0.394001
vn 0.169843 -0.984043 0.0530263
vn 0.682641 -0.0418247 0.729556
vn -0.085111 0.956104 0.280396
vn -0.0631155 -0.957157 0.282607
vn -0.0438881 -0.998528 -0.0318641
vn -0.15082 -0.980539 -0.125684
vn 0.200839 -0.962089 0.18452
vn -0.0145861 0.772483 0.634868
vn -0.0138691 -0.976948 0.213025
vn 0.0492395 -0.995478 -0.0812339
vn 0.0492395 -0.995478 -0.0812339
vn -0.336748 -0.496472 -0.800073
vn -0.806311 -0.442776 -0.392188
vn 0.0729468 -0.978654 0.192135
vn -0.0351613 -0.883596 -0.466929
vn -0.00390286 -0.50661 -0.862167
vn -0.235453 -0.381365 -0.893936
vn -0.136246 -0.476675 -0.868457
vn -0.00356893 -0.999893 0.0141666
vn 0.0119727 -0.999923 -0.0034092
vn -0.00385941 -0.999958 0.00835248
vn -0.00447564 -0.999956 0.00825741
vn -0.00466324 -0.99995 0.00888198
vn 0.00173763 -0.999967 0.00795309
vn 0.00753061 -0.999968 -0.00252325
vn 0.00508917 -0.999968 0.00621534
vn 0.00791291 -0.999925 0.00936077
vn 0.0297589 -0.999511 0.0095853
vn 0.0346596 -0.997813 0.0562791
vn -0.0263521 -0.997303 0.0684991
vn 0.0132559 -0.996922 0.0772679
vn -0.0108857 -0.999937 0.00270254
vn -0.0144928 -0.999866 -0.0075602
vn -0.0654148 -0.995925 -0.0620795
vn -0.178177 -0.92201 -0.34373
vn 0.0229292 -0.981039 -0.19245
vn -0.023921 -0.995364 0.0931593
vn -0.0263521 -0.997303 0.0684991
vn -0.280734 -0.234093 -0.9308
vn -0.00559008 -0.999533 -0.0300417
vn 0.00330662 -0.999322 -0.0366697
vn -0.00208159 -0.999992 0.00338393
vn 0.000977965 -0.999767 -0.0215685
vn 0.0106841 -0.999936 -0.00368963
vn -0.00292776 -0.987983 -0.154537
vn 0.00158131 -0.988594 0.150598
vn 0.0115567 -0.999932 0.00160713
vn 0.00827585 -0.999806 -0.0179019
vn -0.170356 0.106501 -0.97961
vn -0.156533 -0.0165056 -0.987535
vn -0.155158 -0.00609862 -0.987871
vn -0.160617 0.0179907 -0.986853
vn -0.150153 3.13289e-06 -0.988663
vn -0.15289 -0.018273 -0.988074
vn -0.161425 0.00531895 -0.986871
vn -0.111913 0.0025732 -0.993715
vn -0.136733 -0.0318903 -0.990095
vn 0.193959 0.0363305 -0.980337
vn -0.162682 -0.110025 -0.980525
vn -0.257352 0.113531 -0.959625
vn -0.547207 -0.0459567 -0.835735
vn -0.0339796 -0.125889 -0.991462
vn -0.213387 0.0866557 -0.973117
vn 0.168628 0.984431 0.0495956
vn 0.0437411 0.854489 -0.517625
vn -0.0390182 0.94127 -0.335393
vn -0.156982 0.412136 -0.897497
vn -0.110179 0.272261 -0.955895
vn 0.00681364 0.99518 0.097827
vn 0.0340542 0.99929 0.0161379
vn 0.327841 0.885632 -0.328902
vn 0.25589 0.957082 0.136066
vn -0.129217 0.927435 0.350951
vn 0.682641 -0.0418247 0.729556
vn 0.682641 -0.0418247 0.729556
vn 0.0441372 0.998592 -0.0294209
vn -0.0631155 -0.957157 0.282607
vn -0.0631155 -0.957157 0.282607
vn -0.173282 -0.984838 -0.00824671
vn 0.034781 -0.996479 0.0762848
vn -0.0824348 0.723944 0.684915
vn -0.21275 -0.95025 0.227515
vn 0.00949258 -0.993079 -0.117061
vn -0.175502 -0.984476 -0.00237445
vn -0.188211 -0.757568 -0.625034
vn -0.103825 -0.990974 0.0848005
vn 0.0115375 -0.515364 -0.856894
vn -0.105124 -0.900057 -0.422903
vn -0.0662059 -0.120295 -0.990528
vn -0.123531 -0.472412 -0.872678
vn -0.380075 -0.52618 -0.760709
vn -0.00218106 -0.999892 0.0145518
vn -0.00436143 -0.999957 0.00821934
vn 0.0225702 -0.999459 -0.0239177
vn -0.00448385 -0.999957 0.00817143
vn -0.00458556 -0.999951 0.00874449
vn -0.00549157 -0.999951 0.00824094
vn -0.00418203 -0.999991 -0.000376844
vn -0.0075123 -0.99876 0.0492175
vn 0.00322655 -0.999932 0.011171
vn 0.00929354 -0.999637 0.0252868
vn 0.0256862 -0.998559 0.0471177
vn 0.0228163 -0.9994 0.0260764
vn -0.0263521 -0.997303 0.0684991
vn -0.0169954 -0.999854 -0.00186419
vn -0.0183218 -0.999822 -0.0045578
vn 0.0264632 -0.996951 -0.0734088
vn -0.00391883 -0.85889 -0.512144
vn -0.000799206 -0.995802 0.0915254
vn -0.00998363 -0.99679 0.0794374
vn 0.0304872 -0.999459 -0.0123567
vn 0.00139605 -0.999682 -0.0251734
vn 0.0118129 -0.999928 -0.00186648
vn 0.00201198 -0.999972 -0.00718736
vn 0.00131235 -0.999855 -0.0169695
vn 0.0094929 -0.9999 -0.0105306
vn -0.0344519 -0.9887 -0.145894
vn 0.0235943 -0.990047 0.138745
vn 0.00606335 -0.999929 0.0103094
vn 0.00261866 -0.999489 -0.0318585
vn -0.146447 -0.0135136 -0.989126
vn -0.144421 -0.00265786 -0.989513
vn -0.154677 0.000824519 -0.987965
vn -0.154483 0.0168157 -0.987852
vn -0.156388 0.00429413 -0.987686
vn -0.100266 -0.0535296 -0.99352
vn -0.116498 0.00399556 -0.993183
vn -0.120442 -0.00282685 -0.992716
vn 0.166274 -0.017791 -0.985919
vn -0.169534 0.0244131 -0.985222
vn -0.186493 0.038742 -0.981692
vn -0.371655 0.388172 -0.843324
vn 0.00920059 0.0483285 -0.998789
vn 0.0594046 0.109654 -0.992193
vn -0.0877429 0.859947 -0.502785
vn -0.0270055 0.952725 -0.30263
vn -0.155565 0.433832 -0.887463
vn 0.446873 0.380026 -0.809867
vn -0.0333159 0.997244 0.0662878
vn 0.360895 0.932278 -0.0247655
vn 0.26602 0.946298 -0.183722
vn 0.216032 0.973882 0.069889
vn -0.117702 -0.993045 -0.00291417
vn -0.433203 0.78475 0.443286
vn -0.939885 0.0162132 -0.341107
vn -0.196822 -0.691884 0.694663
vn -0.175502 -0.984476 -0.00237445
vn -0.175502 -0.984476 -0.00237445
vn 0.0620034 -0.804477 -0.590739
vn -0.139474 -0.908256 -0.394484
vn -0.352047 -0.566995 -0.744701
vn -0.168714 -0.947477 -0.271703
vn -0.0539992 -0.0265053 -0.998189
vn -0.0118067 -0.883441 -0.468394
vn -0.292641 -0.281864 -0.913736
vn -0.263438 -0.495465 -0.827717
vn -0.000403949 -0.999956 0.00940851
vn 0.0128177 -0.999907 0.00473911
vn -0.00166108 -0.999948 0.0100441
vn 0.0269228 -0.999593 -0.00943568
vn -0.00385388 -0.99995 0.00918293
vn -0.00577936 -0.999962 0.00652493
vn -0.000239253 -1 -0.000522634
vn -0.00929633 -0.99989 0.0115748
vn -0.00360326 -0.99988 0.0150992
vn -0.00579862 -0.999946 0.00865905
vn -0.00950719 -0.999948 -0.00377003
vn -0.00798192 -0.999959 -0.00425589
vn -0.0170238 -0.999836 -0.00613349
vn -0.0603211 -0.99654 -0.0571792
vn 0.0248735 -0.918471 -0.394707
vn 0.0180804 -0.99702 0.0749936
vn -0.0122929 -0.996286 0.0852238
vn 0.00668978 -0.999779 0.0199417
vn 0.0304872 -0.999459 -0.0123567
vn 0.0304872 -0.999459 -0.0123567
vn 0.00417384 -0.999964 -0.00740402
vn 0.00555032 -0.999984 -0.00137483
vn 0.00429667 -0.998714 0.0505082
vn 0.000164741 -0.999842 -0.0177945
vn 0.0138956 -0.999881 -0.00675633
vn -0.0012257 -0.999812 -0.01936
vn 0.0493904 -0.989275 -0.13746
vn 0.0251443 -0.99366 0.109576
vn -0.0272738 -0.997138 0.0705191
vn -0.00331452 -0.999546 -0.0299314
vn -0.102202 0.0376603 -0.994051
vn -0.136369 -0.00865078 -0.99062
vn -0.14346 0.0128191 -0.989573
vn -0.15194 0.0101042 -0.988338
vn -0.147068 0.0186211 -0.988951
vn -0.122073 0.00833712 -0.992486
vn -0.16583 -0.0989893 -0.981174
vn -0.116762 0.00856676 -0.993123
vn 0.0850005 -0.0495408 -0.995149
vn -0.120314 -0.0130143 -0.992651
vn -0.157418 0.0439291 -0.986555
vn -0.0794014 0.519263 -0.850918
vn 0.226604 0.0445859 -0.972966
vn -0.0927591 0.271213 -0.958039
vn -0.237935 0.109784 -0.965057
vn 0.313856 0.459078 -0.831109
vn 0.180215 0.432898 -0.883245
vn -0.625221 0.438292 -0.645755
vn -0.0929468 0.114855 -0.989024
vn 0.0527351 -0.998465 0.0169495
vn -0.939885 0.0162132 -0.341107
vn -0.939885 0.0162132 -0.341107
vn -0.0757259 -0.971568 -0.224322
vn -0.176971 -0.691419 0.700444
vn -0.443352 -0.767507 0.463004
vn -0.175502 -0.984476 -0.00237445
vn -0.175502 -0.984476 -0.00237445
vn -0.150575 -0.729517 -0.667183
vn 0.0859287 -0.689058 -0.719594
vn -0.283939 0.0930142 -0.95432
vn -0.113554 -0.880818 -0.459637
vn -0.0740842 -0.863492 -0.498891
vn -0.137089 -0.115673 -0.983782
vn 0.0384546 -0.561908 -0.826306
vn 0.00421665 -0.999931 0.0109542
vn 0.00102449 -0.999927 0.0120719
vn 0.0275693 -0.999389 -0.0214985
vn 0.000788027 -0.999953 0.00971365
vn -0.00389472 -0.99998 0.00503735
vn -0.00690394 -0.999956 0.00640221
vn -0.00263901 -0.999993 0.00277725
vn -0.00892949 -0.99996 -0.000584
vn -0.00941563 -0.999956 -0.000354044
vn -0.0127762 -0.999908 -0.00454805
vn -0.0166053 -0.999838 -0.00696882
vn -0.0171507 -0.999814 -0.00887176
vn -0.0118806 -0.9999 -0.00766855
vn -0.0552963 -0.991866 -0.114645
vn -0.0254974 -0.961279 -0.274395
vn 0.00377644 -0.997054 0.0766145
vn -0.0114673 -0.998957 0.0442098
vn 0.0348856 -0.999254 -0.0165609
vn -9.27681e-05 -0.999992 0.00407127
vn 0.00523232 -0.999866 -0.0155171
vn -0.00904459 -0.999602 0.0267351
vn -0.0038108 -0.996727 0.0807486
vn 0.00341744 -0.99991 -0.0129676
vn 0.00548903 -0.99997 -0.00545876
vn -0.0168664 -0.999824 -0.00827409
vn 0.0145653 -0.999795 -0.014054
vn 0.00958202 -0.994271 0.10646
vn 0.00463425 -0.999855 -0.0164109
vn -0.155324 -0.349996 -0.923784
vn -0.1334 0.0808941 -0.987755
vn -0.132894 -0.00596419 -0.991112
vn -0.149098 0.0181562 -0.988656
vn -0.14839 0.009499 -0.988883
vn -0.13369 0.0145477 -0.990916
vn -0.115638 -0.000757847 -0.993291
vn -0.00820867 -0.0179228 -0.999806
vn -0.0782061 -0.129736 -0.98846
vn -0.149279 0.0188591 -0.988615
vn -0.176548 0.0636775 -0.98223
vn 0.0559213 0.308008 -0.949739
vn -0.0641068 0.0479929 -0.996788
vn -0.126645 0.278575 -0.952028
vn -0.237935 0.109784 -0.965057
vn -0.237935 0.109784 -0.965057
vn -0.126645 0.278575 -0.952028
vn -0.53534 0.457492 -0.710008
vn 0.953472 -0.266282 -0.141369
vn -0.338228 -0.28056 -0.898269
vn -0.299558 0.537705 0.788123
vn 0.0110126 -0.999701 -0.0218363
vn 0.0489028 -0.94113 -0.33449
vn -0.239873 -0.968223 0.070749
vn 0.0316372 -0.979897 -0.196978
vn 0.227577 -0.831621 0.506572
vn -0.125626 -0.828763 -0.545317
vn -0.116197 -0.873855 -0.472098
vn -0.0955485 -0.0243964 -0.995126
vn -0.0104024 -0.686598 -0.726963
vn 0.0876505 -0.845739 -0.526349
vn 0.0103615 -0.999926 0.00643564
vn 0.0030202 -0.999944 0.0101172
vn 0.000949973 -0.999949 0.0100405
vn 0.000624484 -0.999991 0.00421844
vn -0.00473586 -0.999974 0.00546915
vn -0.011053 -0.99991 -0.00758339
vn -0.0124093 -0.999921 -0.00204002
vn -0.0122492 -0.999924 -0.0016722
vn -0.00520474 -0.999977 -0.00424532
vn -0.0145521 -0.999878 -0.00564714
vn -0.0142367 -0.999846 -0.0102158
vn -0.0126226 -0.999918 -0.00232392
vn 0.0377412 -0.995015 -0.092308
vn -0.00601871 -0.998481 -0.0547734
vn -0.000926665 -0.998546 0.0539054
vn 0.0101384 -0.999824 0.0157579
vn 0.0328416 -0.999229 -0.0215302
vn 0.0125559 -0.999915 0.00345869
vn 0.000374815 -0.999759 -0.0219346
vn -0.00324047 -0.999903 0.0135682
vn -0.0126935 -0.995875 0.0898424
vn 0.00568258 -0.998294 0.0581119
vn 0.0039085 -0.999992 0.00100373
vn -0.0515521 -0.998398 0.0233191
vn 0.0138499 -0.999887 0.00594108
vn -0.08629 -0.996207 -0.0112603
vn 0.0455696 -0.997183 0.0595716
vn -0.0700427 -0.997409 -0.0163867
vn -0.136354 0.0808857 -0.987352
vn -0.15519 -0.00816121 -0.987851
vn -0.154178 0.0160738 -0.987912
vn -0.141873 0.00393491 -0.989877
vn -0.119908 0.00831165 -0.99275
vn -0.0716927 -0.0321936 -0.996907
vn -0.113118 -0.0605851 -0.991733
vn -0.126768 -0.0863367 -0.988168
vn -0.185235 0.00665013 -0.982672
vn -0.129881 0.0112265 -0.991466
vn -0.125097 0.0601254 -0.990321
vn -0.126645 0.278575 -0.952028
vn -0.291867 0.263415 -0.919471
vn 0.424359 0.66542 -0.614113
vn -0.22153 0.736985 -0.638575
vn 0.476057 0.858713 -0.189688
vn -0.278986 -0.245983 -0.928256
vn -0.228779 0.57807 0.783259
vn 0.00279881 -0.998251 -0.0590517
vn -0.0626425 -0.997396 0.0357344
vn 0.297712 -0.893036 -0.337422
vn 0.0514814 -0.985102 -0.164082
vn 0.120299 -0.983053 -0.138329
vn -0.0389302 -0.999069 -0.0185659
vn -0.521175 -0.838632 0.158346
vn -0.176361 -0.768052 -0.615624
vn -0.350325 -0.92755 -0.130089
vn -0.147437 -0.0211372 -0.988846
vn 0.0059074 -0.999948 0.00826647
vn 0.00103267 -0.99995 0.0099857
vn 0.000391471 -0.999991 0.004194
vn 0.000388803 -0.999991 0.00417341
vn -0.00116667 -0.999974 -0.00706354
vn -0.0142821 -0.999894 -0.00296746
vn -0.012702 -0.999917 -0.00199126
vn -0.0102576 -0.999943 0.00300865
vn -0.000433648 -0.999999 -0.00133726
vn -0.0113352 -0.999918 -0.00590681
vn -0.0131407 -0.99991 0.00265614
vn 0.00734926 -0.999903 -0.0117943
vn -0.177263 -0.947555 -0.265926
vn 0.00220289 -0.99942 0.0339879
vn 0.0396993 -0.998969 -0.0220119
vn 0.0136622 -0.999879 0.00743933
vn 0.012608 -0.999906 0.00539093
vn 0.0181605 -0.999726 -0.0147476
vn 0.00408599 -0.999938 0.0103314
vn 0.0025568 -0.995742 0.0921464
vn -0.00571822 -0.997552 0.0696993
vn 0.00911414 -0.999217 0.0385121
vn 0.00959123 -0.999954 -0.000514278
vn 0.0130938 -0.999092 0.0405535
vn 0.0271678 -0.9995 -0.0161482
vn 0.0168409 -0.987807 0.154771
vn 0.0334526 -0.99544 -0.0893294
vn 0.0346672 -0.998028 -0.0523335
vn -0.164142 0.0721902 -0.983792
vn -0.15786 -0.016962 -0.987316
vn -0.139422 0.0190278 -0.99005
vn -0.1207 0.00125617 -0.992688
vn -0.112723 -0.00443216 -0.993617
vn -0.125089 -0.0701097 -0.989665
vn -0.0578112 -0.0735358 -0.995616
vn -0.173487 -0.0542482 -0.983341
vn -0.234012 -0.0145819 -0.972124
vn -0.204531 -0.0196909 -0.978662
vn -0.131843 0.0461942 -0.990194
vn -0.503865 0.117622 -0.855736
vn -0.254904 -0.220799 -0.94142
vn -0.247074 0.692099 0.678199
vn -0.0186365 -0.998728 0.0468458
vn 0.0260902 -0.996744 -0.0762954
vn -0.115106 -0.984454 0.132665
vn 0.140287 -0.989716 0.0279531
vn -0.999158 -0.0384921 0.0141941
vn 0.00803112 -0.999885 0.0128772
vn 0.0766087 -0.986 -0.148106
vn -0.0527095 -0.978931 0.197272
vn -0.521175 -0.838632 0.158346
vn -0.521175 -0.838632 0.158346
vn 0.0760944 -0.80854 -0.5835
vn 0.16684 -0.971324 0.169393
vn 0.00643311 -0.999934 0.00956815
vn -0.000532655 -0.999994 0.00339559
vn -0.000592914 -0.999995 0.00322323
vn 0.00336542 -0.999994 0.000968273
vn -0.00272177 -0.999935 -0.0110903
vn -0.0119669 -0.999928 0.000668205
vn -0.00992859 -0.999933 0.00596899
vn -0.00084387 -0.99995 -0.00992584
vn -0.0109013 -0.999915 -0.00716399
vn -0.00549822 -0.999982 0.00223035
vn -0.0401652 -0.999052 -0.0167736
vn -0.120952 -0.827642 -0.548069
vn 0.0187475 -0.999751 0.012065
vn 0.0361308 -0.999151 -0.0198076
vn 0.0134746 -0.999867 0.0091545
vn 0.021746 -0.999764 -0.000234235
vn 0.00286888 -0.999967 0.00766048
vn 0.0240132 -0.999701 0.00465508
vn 0.00231477 -0.996289 0.0860458
vn 0.00243703 -0.997199 0.0747612
vn 0.00519506 -0.998944 0.0456461
vn 0.0109277 -0.999539 0.0283367
vn -0.0083082 -0.999956 -0.00436969
vn 0.0143244 -0.99707 0.0751411
vn -0.0083082 -0.999956 -0.00436969
vn -0.0332045 -0.999403 -0.00956547
vn 0.105588 -0.98972 -0.0964694
vn 0.0555196 -0.993394 -0.100428
vn 0.00678477 -0.993681 -0.112035
vn -0.172368 0.0580632 -0.98332
vn -0.137403 -0.02185 -0.990274
vn -0.126822 0.0190949 -0.991742
vn -0.134903 -0.01044 -0.990804
vn -0.140474 -0.0243424 -0.989785
vn -0.093343 -0.114428 -0.989037
vn -0.0878858 -0.0539969 -0.994666
vn -0.0878858 -0.0539969 -0.994666
vn -0.0878858 -0.0539969 -0.994666
vn -0.252041 -0.00301846 -0.967712
vn -0.167578 -0.0428582 -0.984927
vn -0.00765339 -0.137584 -0.990461
vn -0.503865 0.117622 -0.855736
vn -0.503865 0.117622 -0.855736
vn -0.0220662 0.912109 0.409353
vn -0.0451134 -0.998279 0.0374714
vn 0.0163892 -0.998871 -0.0445925
vn -0.0276916 -0.997084 -0.0711059
vn -0.0517111 -0.993862 -0.0977977
vn -0.0451134 -0.998279 0.0374714
vn 0.124256 -0.968849 0.214225
vn -0.252066 -0.965699 0.0623538
vn 0.0598897 -0.997073 -0.0475187
vn -0.0526399 -0.986569 -0.154634
vn -0.999158 -0.0384921 0.0141942
vn -0.999158 -0.0384921 0.0141942
vn -0.0161531 -0.985051 0.171502
vn -0.0544166 -0.965648 0.254094
vn -0.000218445 -0.999947 0.0102754
vn 0.487772 -0.869361 -0.0793123
vn -0.0783083 -0.808218 -0.583654
vn 0.109772 -0.957634 0.266246
vn 0.00424838 -0.999991 0.000634227
vn -0.00143638 -0.999996 0.00252209
vn -0.00234671 -0.999989 0.00413548
vn -0.000625845 -0.999744 -0.02261
vn -0.00464001 -0.999979 0.00451301
vn -0.00951403 -0.999935 0.00624228
vn -0.00821317 -0.999966 0.00119113
vn 0.0545644 -0.984571 -0.16626
vn -0.0833794 -0.983633 -0.159728
vn -0.0540989 -0.994899 -0.0851392
vn -0.0207783 -0.855515 -0.517361
vn 0.042847 -0.998657 -0.0291384
vn 0.013435 -0.999869 0.00900395
vn 0.0107752 -0.999938 -0.00297158
vn 0.00172037 -0.99996 0.00872882
vn 0.0262391 -0.999654 -0.00157084
vn -0.00243327 -0.999969 0.0075523
vn 0.000918797 -0.998478 0.0551422
vn 0.00336171 -0.996501 0.0835121
vn -0.00402869 -0.998771 0.0494055
vn 0.0104376 -0.999476 0.0306468
vn 0.0228703 -0.999737 -0.0014271
vn -0.0083082 -0.999956 -0.00436969
vn 0.00431927 -0.99905 0.0433713
vn 0.0148578 -0.999847 0.00919628
vn 0.00138639 -0.999991 -0.00399074
vn 0.105588 -0.98972 -0.0964694
vn 0.105588 -0.98972 -0.0964694
vn 0.217549 -0.97302 -0.076835
vn 0.570221 -0.347799 0.744234
vn 0.0822084 -0.98622 -0.14357
vn -0.212941 -0.677476 -0.704047
vn -0.149358 0.0359866 -0.988128
vn -0.136685 -0.0304916 -0.990145
vn -0.148463 0.00958968 -0.988871
vn -0.146196 -0.0206895 -0.989039
vn -0.137958 -0.0408519 -0.989595
vn -0.0999956 -0.139213 -0.985201
vn -0.0878858 -0.0539969 -0.994666
vn -0.0878858 -0.0539969 -0.994666
vn -0.168888 -0.0844949 -0.982007
vn -0.19239 -0.0235492 -0.981036
vn 0.055575 0.938447 0.340924
vn -0.0451134 -0.998279 0.0374714
vn 0.0843335 -0.989306 -0.119002
vn -0.0299881 -0.999065 0.0311531
vn -0.0451134 -0.998279 0.0374714
vn -0.271218 0.573928 0.772688
vn -0.0305925 -0.999522 -0.00450987
vn -0.0491956 -0.953109 -0.298601
vn 0.0535016 -0.998533 -0.00831782
vn -0.0526399 -0.986569 -0.154634
vn 0.00462347 -0.971511 0.236948
vn -0.0526399 -0.986569 -0.154634
vn -0.999158 -0.0384921 0.0141942
vn -0.00625821 -0.999746 0.0216456
vn -0.0652488 -0.950666 0.303278
vn 0.000234927 -0.999987 0.00502013
vn -0.00132437 -0.999948 0.0100702
vn -0.0526399 -0.986569 -0.154634
vn -0.0452373 -0.94481 0.32448
vn 0.467654 -0.64538 0.603974
vn 0.009349 -0.758905 -0.651134
vn -0.0394738 -0.995736 0.0833799
vn 0.00189461 -0.999997 0.00126281
vn -0.00132823 -0.999995 0.00304207
vn 0.00292099 -0.999803 -0.0196217
vn -0.0030642 -0.999974 0.00650272
vn -0.0038305 -0.999988 0.00310843
vn -0.00805637 -0.999957 0.00470365
vn -0.030537 -0.995439 -0.0903854
vn 0.220938 -0.928888 0.297243
vn 0.0496328 -0.996049 0.0736447
vn 0.0238695 -0.960039 -0.278846
vn 0.0368079 -0.999187 -0.0164569
vn 0.018632 -0.999826 0.00083278
vn 0.0128035 -0.999916 0.00211032
vn -0.00202856 -0.999957 0.00902193
vn 0.00335866 -0.999994 -8.73205e-05
vn 0.00527073 -0.999917 0.0117632
vn 0.00676369 -0.999972 0.00328635
vn -0.00267649 -0.994096 0.108469
vn 0.00981798 -0.998931 0.0451834
vn 0.0058265 -0.999 0.044332
vn 0.0144231 -0.99976 0.016479
vn 0.0384606 -0.998758 -0.0316823
vn 0.0204768 -0.999755 -0.00839232
vn -0.000604332 -0.999912 -0.0132541
vn 0.00230021 -0.999997 -0.000555444
vn -0.0442416 0.168648 0.984683
vn 0.105588 -0.98972 -0.0964694
vn 0.105588 -0.98972 -0.0964694
vn -0.258173 -0.491876 0.831508
vn -0.258173 -0.491876 0.831508
vn 0.570221 -0.347799 0.744234
vn 0.570221 -0.347799 0.744234
vn 0.0780276 -0.74053 0.667478
vn -0.0430184 -0.992571 -0.11381
vn 0.00237294 -0.579668 -0.814849
vn -0.134842 0.0331992 -0.990311
vn -0.1497 -0.0339465 -0.988149
vn -0.153507 -0.00247659 -0.988144
vn -0.150239 -0.0237296 -0.988365
vn -0.0989997 -0.0626023 -0.993116
vn -0.133928 -0.0714621 -0.988411
vn -0.198097 0.0335058 -0.97961
vn -0.0426482 0.954026 0.296675
vn -0.271218 0.573928 0.772688
vn -0.0451134 -0.998279 0.0374714
vn -0.00498977 -0.999725 0.0229356
vn -0.121621 -0.983678 -0.13261
vn -0.271218 0.573928 0.772688
vn -0.00860324 -0.992158 -0.124695
vn 0.00955808 -0.986411 -0.164017
vn 0.0186348 -0.941992 0.335117
vn -0.0547831 -0.966569 -0.250487
vn -0.0215532 -0.994408 -0.103386
vn -0.0244359 -0.962942 0.2686
vn -0.0547831 -0.966569 -0.250487
vn -0.0526399 -0.986569 -0.154634
vn -0.0226243 -0.999272 0.0307183
vn -0.0149966 -0.999846 0.00914831
vn -0.00289997 -0.999992 0.00283033
vn -0.00627402 -0.999954 0.00729913
vn -0.000411294 -0.999996 0.00282807
vn -0.134116 -0.952084 0.274862
vn -0.434474 -0.90039 0.0230114
vn -0.210174 -0.794185 -0.570173
vn -0.18982 -0.978816 -0.0767311
vn 0.000983869 -0.999996 0.0026835
vn 0.00627533 -0.999975 -0.00325012
vn 0.00609605 -0.999978 -0.0025276
vn 0.0003703 -0.999988 0.00479977
vn -0.000370907 -0.999949 0.0100549
vn -0.00455836 -0.995588 -0.093717
vn -0.0218438 -0.939315 0.34236
vn -0.306342 -0.439783 -0.844243
vn 0.016368 -0.999836 0.00781987
vn 0.0231286 -0.99973 0.0021008
vn 0.0164538 -0.999864 0.00141769
vn 0.00560179 -0.999933 0.0101332
vn 0.00402356 -0.999922 0.0118578
vn 0.00640437 -0.999958 -0.00663385
vn 0.00293153 -0.991322 0.131421
vn 0.00824991 -0.999955 -0.00473255
vn 0.00409639 -0.999061 0.0431377
vn 0.00685724 -0.998542 0.0535432
vn 0.0159079 -0.999671 0.0201409
vn 0.0289244 -0.999498 -0.0129648
vn 0.0290307 -0.999507 -0.0119336
vn 0.0138749 -0.999879 -0.00704908
vn 0.0178371 -0.99984 -0.00145426
vn 0.00467902 -0.999875 0.0151148
vn -0.258173 -0.491876 0.831508
vn -0.258173 -0.491876 0.831508
vn -0.0250877 -0.880509 0.473364
vn -0.16539 -0.979372 0.116089
vn -0.156249 0.0317019 -0.987209
vn -0.14354 -0.0422264 -0.988743
vn -0.149356 -0.0193185 -0.988595
vn -0.152998 -0.0101723 -0.988174
vn -0.119798 -0.0364528 -0.992129
vn -0.137372 -0.0574834 -0.98885
vn -0.0875995 -0.0722701 -0.993531
vn -0.365769 0.064225 -0.928487
vn -0.0426482 0.954026 0.296675
vn -0.0426482 0.954026 0.296675
vn -0.0561965 -0.997824 0.034472
vn 0.0774926 -0.996993 0.000809967
vn 0.0287792 -0.967416 -0.251552
vn 0.107099 -0.993236 0.0448629
vn -0.151525 -0.970721 0.186389
vn 0.118714 -0.992384 -0.0328628
vn -0.00204802 -0.998111 0.0613989
vn -0.166741 -0.958546 0.231056
vn -0.0547831 -0.966569 -0.250487
vn 0.0678204 -0.997268 0.0292801
vn -0.134116 -0.952084 0.274862
vn 0.0167485 -0.99701 -0.0754373
vn -0.134116 -0.952084 0.274862
vn -0.0547831 -0.966569 -0.250487
vn -0.0212451 -0.999718 0.0106346
vn -0.0135063 -0.999907 0.00166288
vn 0.000105172 -0.999976 0.00688063
vn -0.00247817 -0.999963 0.00818608
vn 0.00170246 -0.999967 -0.00791819
vn -0.134116 -0.952084 0.274862
vn -0.0285263 -0.994894 -0.0968062
vn -0.134902 -0.862581 -0.487603
vn 0.065839 -0.985809 -0.15442
vn 0.000579765 -0.999987 0.0050751
vn 0.00850361 -0.999853 -0.0149129
vn 0.00063085 -0.999955 0.00948519
vn 0.000157931 -0.999956 0.00940327
vn -0.0148293 -0.996027 -0.0878117
vn 0.0644365 -0.939187 0.337307
vn 0.103338 -0.0755464 -0.991773
vn 0.103338 -0.0755464 -0.991773
vn 0.0148101 -0.99989 -0.000112932
vn 0.0201342 -0.999797 0.000673444
vn 0.0145278 -0.999894 0.000297554
vn 0.00391954 -0.999872 0.0155185
vn 0.015998 -0.999868 -0.00290862
vn 0.00384571 -0.999907 0.0130735
vn 0.0237526 -0.989303 0.14393
vn 0.00749292 -0.999032 0.0433435
vn 0.0104046 -0.99993 0.00567058
vn -0.00115876 -0.998862 0.0476721
vn 0.00720003 -0.999619 0.0266453
vn 0.01496 -0.999885 0.00255652
vn 0.0356036 -0.998819 -0.0330664
vn 0.0119932 -0.999928 3.99346e-05
vn 0.0048313 -0.999827 -0.0179608
vn -0.00662598 -0.999547 0.0293537
vn 0.0115892 -0.999909 0.00697307
vn -0.258173 -0.491876 0.831508
vn -0.283152 -0.896732 0.340143
vn 0.0796971 -0.964114 0.253242
vn -0.143531 0.0166464 -0.989506
vn -0.160973 -0.0555149 -0.985396
vn -0.162392 -0.0175364 -0.98657
vn -0.138427 -0.0191098 -0.990188
vn -0.141015 -0.022334 -0.989756
vn -0.097653 -0.0715204 -0.992647
vn 0.0733219 -0.992708 0.0956777
vn 0.101454 -0.994305 0.0326214
vn 0.0287792 -0.967416 -0.251552
vn 0.0287792 -0.967416 -0.251552
vn -0.0666273 -0.0654413 0.99563
vn -0.0828052 -0.98668 0.140024
vn 0.0521761 -0.988706 0.140491
vn 0.0582749 -0.993377 0.0990219
vn -0.0181088 -0.999792 0.00935975
vn -0.0534326 -0.996826 0.0590177
vn -0.166741 -0.958546 0.231056
vn -0.166741 -0.958546 0.231056
vn -0.0547831 -0.966569 -0.250487
vn -0.0359258 -0.993397 -0.108961
vn -0.0765142 -0.971215 0.225583
vn 0.0496489 -0.977743 0.203848
vn -0.134116 -0.952084 0.274862
vn -0.0239645 -0.982044 0.187123
vn -0.0119061 -0.999894 -0.00835139
vn -0.00414398 -0.999863 -0.0159995
vn -0.000369975 -0.999912 0.0132397
vn 0.00103251 -0.999866 0.0163584
vn 0.00170246 -0.999967 -0.00791819
vn 0.00170246 -0.999967 -0.00791819
vn -0.0487248 -0.99881 0.0019484
vn -0.156318 -0.278357 0.947672
vn 0.00727034 -0.913988 -0.405676
vn -0.13952 -0.989881 -0.0258973
vn 0.00371607 -0.999902 -0.0134791
vn 0.00707307 -0.999927 0.00980914
vn -0.000573016 -0.999993 0.00356955
vn -0.0653601 -0.989574 -0.128342
vn 0.100402 -0.912351 0.396907
vn 0.103338 -0.0755464 -0.991773
vn 0.00953685 -0.999951 -0.00254435
vn 0.014728 -0.999874 -0.00591053
vn 0.0231381 -0.999732 0.000604621
vn 0.0032622 -0.999904 0.0134901
vn 0.00784879 -0.99994 0.00760909
vn 0.0171544 -0.990086 0.139412
vn 0.0132095 -0.999912 0.0014908
vn 0.0106447 -0.999274 0.0365709
vn 0.00658557 -0.999162 0.0403848
vn 0.0203233 -0.999769 0.00697743
vn -0.00140563 -0.999285 0.037791
vn 0.0105282 -0.999938 0.00375595
vn 0.0271502 -0.999362 -0.0232003
vn 0.024503 -0.99963 -0.0118357
vn 0.00919195 -0.999917 -0.0090697
vn -0.0129538 -0.999621 -0.0242884
vn -0.0207923 -0.996672 0.078824
vn 0.0278352 -0.999613 -0.000180762
vn 0.0958952 -0.987951 0.121476
vn -0.304591 -0.949654 0.0733608
vn 0.134087 -0.964914 0.225747
vn 0.00077708 -0.996315 0.0857694
vn -0.183969 -0.0980158 -0.978033
vn -0.175403 0.0068635 -0.984473
vn -0.137512 -0.0167268 -0.990359
vn -0.14022 -0.0119509 -0.990048
vn -0.106384 -0.0206878 -0.99411
vn -0.057652 -0.102251 -0.993087
vn 0.0305949 -0.999527 -0.00315759
vn 0.041213 -0.997454 -0.0582012
vn -0.130131 -0.00170992 0.991495
vn 0.124715 -0.986893 0.102411
vn -0.0250111 -0.982994 0.181924
vn -0.0115829 -0.999923 -0.00455853
vn -0.0104795 -0.999775 -0.0184635
vn 0.00485526 -0.99907 0.0428389
vn -0.166741 -0.958546 0.231056
vn -0.166741 -0.958546 0.231056
vn -0.0182244 -0.985272 -0.170018
vn -0.0299603 -0.988171 0.150404
vn 0.000891449 -0.984945 0.172864
vn 0.0289881 -0.997628 0.0624299
vn -0.00927772 -0.999874 -0.0129089
vn 0.0097357 -0.999946 0.00373736
vn -0.00419062 -0.999921 0.0118215
vn 0.00642213 -0.999825 0.0175568
vn 0.0127356 -0.999761 0.0177701
vn 0.0650182 -0.996494 0.0526586
vn -0.144556 -0.561101 0.815028
vn -0.125267 -0.909072 -0.397362
vn 0.00827643 -0.965247 -0.261208
vn 0.0143757 -0.999827 0.0118205
vn 0.00932925 -0.999951 0.0034273
vn -0.0410304 -0.982504 -0.181666
vn -0.00626162 -0.857988 0.513631
vn 0.00159732 -0.862058 -0.506808
vn 0.00875632 -0.999945 -0.00572303
vn 0.0125077 -0.999841 0.0127123
vn 0.0245498 -0.999694 0.00295867
vn 0.00295284 -0.9999 0.0138022
vn 0.000986249 -0.999924 0.0122744
vn -0.00516101 -0.994561 0.10403
vn 0.00161795 -0.999545 0.0301073
vn 0.0125204 -0.999893 -0.00756652
vn 0.00401145 -0.9992 0.0397974
vn 0.00139362 -0.999202 0.0399134
vn 0.0336225 -0.999207 -0.0213504
vn 0.00348841 -0.999966 0.00751796
vn 0.0119398 -0.999914 -0.00536728
vn 0.0310734 -0.999064 -0.0301018
vn 0.0106073 -0.999846 -0.0139784
vn 0.00776443 -0.999968 -0.00164751
vn 0.063511 -0.992216 -0.10712
vn -0.022236 -0.993072 0.115382
vn 0.0272493 -0.999457 0.0185269
vn 0.0958952 -0.987951 0.121476
vn 0.0958952 -0.987951 0.121476
vn -0.192767 -0.978211 -0.0771
vn 0.0983147 -0.963296 0.24979
vn 0.00693102 -0.964202 0.265078
vn -0.0761696 -0.944469 0.31965
vn -0.115654 -0.072765 -0.990621
vn -0.134754 -0.00309037 -0.990874
vn -0.14677 -0.0115711 -0.989103
vn -0.114652 -0.0204515 -0.993195
vn -0.0930357 -0.0323412 -0.995137
vn 0.0207627 -0.999566 -0.0209111
vn 0.000400486 -0.988955 -0.148218
vn -0.0289567 0.034221 0.998995
vn 0.0484663 -0.779471 0.624561
vn 0.0757123 -0.996974 -0.0176268
vn -0.145414 -0.955163 -0.257912
vn -0.000581144 -0.999848 -0.0174148
vn 0.0130014 -0.99982 -0.0138264
vn 0.000996715 -0.999846 -0.0175512
vn 0.0101891 -0.998823 0.0474317
vn 0.028696 -0.973875 0.225264
vn 0.0267631 -0.998285 -0.0520683
vn 0.0523505 -0.997267 -0.0521432
vn 0.0272051 -0.999627 -0.00236678
vn 0.00281896 -0.999366 0.0354871
vn 0.309333 -0.924123 0.2243
vn -0.265161 -0.904802 -0.333202
vn -0.10172 -0.830008 -0.548397
vn 0.013636 -0.999902 0.00302307
vn -0.00781866 -0.980602 -0.195851
vn -0.00542395 -0.892267 0.451475
vn -0.075097 -0.902076 -0.424994
vn 0.0163216 -0.999766 0.0141809
vn 0.0186073 -0.999826 0.0014689
vn 0.0161783 -0.999867 0.00205039
vn -0.00130713 -0.999923 0.0123281
vn -0.0136983 -0.998034 0.0611617
vn 0.0085055 -0.99996 0.00264607
vn -0.0128639 -0.998446 0.0542213
vn 0.000589806 -0.999248 0.0387618
vn 0.0135361 -0.999908 -0.00130241
vn 0.00468114 -0.999329 0.036336
vn 0.00112426 -0.999881 0.0154049
vn 0.0338538 -0.998983 -0.0297792
vn 0.0135361 -0.999908 -0.00130241
vn 0.00656726 -0.999977 -0.0014558
vn 0.0265375 -0.999341 -0.0247558
vn 0.012558 -0.999519 -0.0283571
vn 0.0152028 -0.999881 0.00255231
vn 0.0129507 -0.999732 0.019208
vn 0.010511 -0.999163 0.039544
vn 0.476677 -0.60621 0.636623
vn 0.159385 -0.978239 0.132834
vn -0.11951 -0.961332 0.248108
vn -0.110587 -0.215456 -0.970232
vn -0.141756 -0.0366274 -0.989224
vn -0.0991221 -0.0236981 -0.994793
vn -0.148518 -0.0184751 -0.988737
vn -0.0752337 -0.997039 -0.0158836
vn 0.126904 -0.983163 -0.131479
vn 0.113687 0.293424 0.949198
vn 0.0484663 -0.779471 0.624561
vn 0.0484663 -0.779471 0.624561
vn 0.0187401 -0.926226 0.376504
vn -0.019148 -0.999545 -0.0233112
vn 0.0205194 -0.99955 -0.0218794
vn 0.012792 -0.999054 -0.0415571
vn 0.0246533 -0.999459 -0.0217859
vn 0.0018074 -0.996828 -0.079565
vn 0.0278422 -0.998343 -0.050361
vn 0.0763025 -0.995955 -0.0474414
vn 0.0969976 -0.995277 -0.00392722
vn -0.00300633 -0.99986 0.0164505
vn -0.00205367 -0.999961 -0.00854141
vn -0.0545236 -0.961988 -0.267595
vn -0.14583 -0.769361 -0.621946
vn -0.0316267 -0.978004 -0.206176
vn 0.0708637 -0.942721 0.325968
vn -0.32793 -0.840519 -0.431265
vn 0.0293899 -0.999407 0.0179386
vn 0.0292774 -0.99956 0.00472502
vn -0.0373883 -0.965629 -0.25722
vn 0.000532706 -0.999945 0.0104609
vn -0.0100853 -0.99938 0.0337411
vn -0.0121096 -0.995642 0.0924644
vn 0.0130063 -0.999898 -0.00586524
vn 0.00109114 -0.99958 0.028954
vn -0.00347561 -0.999359 0.0356425
vn 0.0135361 -0.999908 -0.00130241
vn 0.00373818 -0.999769 0.0211603
vn 0.00386485 -0.999992 -0.000485189
vn 0.0202364 -0.999659 -0.0164849
vn 0.00825585 -0.999941 -0.00708507
vn 0.0204143 -0.998273 -0.0550784
vn 0.00881708 -0.999891 0.0118444
vn 0.0179134 -0.999689 0.01737
vn 0.0158345 -0.999433 0.0297105
vn 0.476677 -0.60621 0.636623
vn 0.476677 -0.60621 0.636623
vn 0.159385 -0.978239 0.132834
vn 0.159385 -0.978239 0.132834
vn 0.162384 0.139715 -0.976786
vn -0.113108 -0.0725922 -0.990927
vn -0.126982 -0.0197749 -0.991708
vn 0.0684093 -0.9906 -0.11846
vn -0.0603503 -0.945748 0.319246
vn 0.0346791 -0.998989 -0.0285958
vn 0.0203829 -0.998761 -0.0454037
vn 0.00634539 -0.999045 -0.0432331
vn -0.0204951 -0.999771 -0.00614213
vn -0.0150572 -0.999239 -0.0359966
vn -0.00526303 -0.999984 0.00218778
vn -0.0923489 -0.988 -0.123803
vn 0.033072 -0.765777 -0.642256
vn 0.0556971 -0.93585 0.34797
vn 0.0392557 -0.889241 -0.455751
vn 0.0246697 -0.999684 -0.00475362
vn -0.052737 -0.937886 -0.342912
vn -0.065719 -0.937696 0.341185
vn 0.00755072 -0.999967 0.00303599
vn -0.00371972 -0.999782 0.0205332
vn -0.0172063 -0.99387 0.109205
vn 0.000138856 -0.999741 0.02276
vn -0.00670016 -0.999404 0.0338558
vn -0.00368808 -0.999688 0.0246884
vn 0.00725041 -0.99997 0.0027915
vn 0.00554876 -0.99998 -0.0031484
vn 0.006957 -0.999968 -0.00387563
vn 0.0193432 -0.998245 -0.0559748
vn 0.0153296 -0.999772 0.0148714
vn 0.0143893 -0.999775 0.0155934
vn 0.0105532 -0.999623 0.0253432
vn 0.0222914 -0.999727 -0.00696787
vn -0.222936 -0.830548 0.510382
vn 0.286376 -0.908421 -0.304566
vn 0.159385 -0.978239 0.132834
vn 0.159385 -0.978239 0.132834
vn -0.161602 -0.120074 -0.979524
vn 0.018573 -0.999632 -0.0197672
vn -0.00373952 -0.999951 -0.00911721
vn -0.0162389 -0.999865 -0.00242712
vn -0.0223646 -0.999195 -0.0332898
vn -0.0412422 -0.99882 0.0256431
vn -0.00711793 -0.999967 -0.00386291
vn -0.181903 -0.922776 -0.3397
vn -0.221956 -0.755936 -0.615871
vn -0.0889651 -0.883738 -0.459447
vn -0.00733703 -0.951703 0.306931
vn -0.00140751 -0.999913 0.0131398
vn -0.0162891 -0.995435 0.0940412
vn -0.0168123 -0.999437 0.0290241
vn -0.00844736 -0.999689 0.0234577
vn -0.00877462 -0.999608 0.0265867
vn -0.00645919 -0.999961 0.00599045
vn 0.00815551 -0.99996 -0.00364816
vn 0.0035413 -0.999264 -0.0381931
vn 0.000392203 -0.999992 0.00389967
vn 0.0212272 -0.99977 -0.00292547
vn 0.0174157 -0.99969 0.0178135
vn 0.0163527 -0.999665 0.020076
vn 0.0128924 -0.999838 0.0125874
vn -0.0378064 -0.84962 -0.526039
vn -0.0485041 -0.937686 0.344081
vn -0.046777 -0.0577113 0.997237
vn 0.00503639 -0.999987 0.000421625
vn -0.0150626 -0.999879 -0.00391729
vn -0.0292346 -0.999387 -0.0192694
vn -0.00525149 -0.999356 0.0354971
vn -0.0134579 -0.999763 -0.0171259
vn 0.0616378 -0.933548 -0.353114
vn 0.14424 -0.824967 -0.546466
vn -0.0927208 -0.914853 0.392998
vn -0.0421674 -0.998179 0.0431254
vn -0.0264236 -0.998757 0.0422616
vn -0.00938192 -0.999798 0.0177965
vn -0.0149161 -0.999457 0.0293658
vn -0.00796819 -0.999948 0.00632172
vn -0.002752 -0.999995 0.00176371
vn 0.0120372 -0.999469 -0.0302882
vn 0.0197998 -0.999741 -0.0112398
vn -0.0011059 -0.999981 0.00601162
vn 0.00259231 -0.999836 0.0179495
vn 0.0184644 -0.999643 0.0193024
vn 0.00821421 -0.999869 0.0139749
vn -0.00542126 -0.857975 -0.513664
vn -0.0444975 0.0574423 0.997357
vn -0.046777 -0.0577113 0.997237
vn -0.046777 -0.0577113 0.997237
vn -8.7412e-05 -0.999996 0.00271
vn -0.0198151 -0.999803 0.00124395
vn -0.0484198 -0.998707 0.0154726
vn 0.408998 -0.902901 -0.132248
vn 0.110251 -0.957336 -0.267119
vn -0.0606121 -0.995735 0.0695605
vn -0.0169687 -0.999553 0.0246338
vn -0.0153556 -0.999643 0.0218638
vn -0.0100739 -0.999866 0.0129303
vn -0.00938062 -0.999943 0.00518025
vn 0.00520492 -0.999848 -0.0166142
vn 0.0135664 -0.999877 -0.00790731
vn 0.0203259 -0.999793 0.000369425
vn -0.0351775 -0.998208 0.0484117
vn 0.00406692 -0.999672 0.0253012
vn -0.0148588 -0.999754 -0.0164763
vn -0.0201821 -0.892113 -0.451361
vn 0.121736 -0.851492 -0.510042
vn 0.0960362 0.0583567 0.993666
vn -0.00774968 -0.999949 0.0064709
vn -0.031547 -0.999238 0.0230018
vn 0.00253704 -0.974327 0.225125
vn 0.00155384 -0.953544 -0.301248
vn -0.236656 -0.961131 -0.142203
vn -0.025722 -0.998544 0.0474269
vn -0.0135402 -0.999819 0.013369
vn -0.0234873 -0.999524 0.0199842
vn -0.00562546 -0.999982 0.0022585
vn -0.00444482 -0.999988 -0.00225588
vn 0.00592984 -0.999786 -0.0198211
vn 0.013288 -0.999907 -0.00317512
vn 0.00875532 -0.999681 0.0236732
vn -0.0712397 -0.994946 0.0707579
vn -0.00670394 -0.998843 -0.0476172
vn -0.0268855 -0.931374 -0.36307
vn -0.0288493 -0.998326 0.0501289
vn 0.000653987 -0.995431 0.0954821
vn 0.128445 -0.985708 0.109007
vn -0.0870543 -0.928393 -0.361258
vn 0.152267 -0.983665 0.0960123
vn -0.0106223 -0.999865 0.012541
vn -0.0129196 -0.99973 0.0192979
vn -0.014055 -0.999821 0.0126532
vn -0.0105883 -0.999943 0.00150812
vn -0.00176586 -0.999629 -0.0271775
vn 0.0030686 -0.999985 0.00460728
vn 0.0123887 -0.999886 0.00868765
vn -0.0191203 -0.998346 -0.0542244
vn -0.0410867 -0.998204 0.0435927
vn -0.0212868 -0.958836 -0.28316
vn -0.053911 -0.996119 0.0695804
vn 0.0321705 -0.987338 0.155331
vn 0.128445 -0.985708 0.109007
vn 0.128445 -0.985708 0.109007
vn 0.0649057 -0.919365 -0.388014
vn 0.0772429 -0.934505 0.347469
vn -0.00285638 -0.999662 0.0258434
vn -0.0105334 -0.999664 0.0237014
vn -0.0099499 -0.999925 -0.00708602
vn -0.00163115 -0.999908 -0.0134791
vn -0.00397633 -0.999988 0.0027377
vn 0.005589 -0.999978 0.00353905
vn -0.0134641 -0.997958 -0.0624434
vn -0.0176626 -0.975757 -0.218143
vn -0.00171814 -0.999053 0.0434679
vn -0.00233914 -0.994192 0.107593
vn 0.000199511 -0.999459 -0.0328888
vn 0.128445 -0.985708 0.109007
vn 0.128445 -0.985708 0.109007
vn -0.089653 -0.815353 -0.571981
vn -0.0915335 -0.745065 0.660681
vn -0.00241558 -0.99983 0.0182796
vn -0.00996636 -0.999909 -0.00908103
vn -0.00988995 -0.99995 0.00161098
vn 0.00775018 -0.999963 -0.00386744
vn 0.00775018 -0.999963 -0.00386744
vn -0.00731679 -0.999944 0.00765641
vn 0.0279398 -0.998689 -0.0428799
vn -0.0679737 -0.980483 -0.18448
vn 0.00197622 -0.999968 0.00780639
vn 0.0178532 -0.999733 -0.0146697
vn 0.0459871 -0.993925 -0.0999884
vn 0.00334706 -0.999909 -0.0130754
vn 0.00749203 -0.775421 -0.6314
vn -0.167265 -0.933775 -0.316364
vn -0.28685 -0.516722 0.806669
vn -0.00712991 -0.999967 -0.00393615
vn -0.00799656 -0.999963 0.00332898
vn -0.00545261 -0.999943 -0.00918611
vn 0.00775018 -0.999963 -0.00386744
vn -0.000418609 -0.999989 -0.00464124
vn -0.00165738 -0.999974 0.00700649
vn -0.0581522 -0.966235 -0.251013
vn -0.00746774 -0.99996 -0.0048325
vn -0.00109807 -0.999898 -0.0142183
vn 0.182352 -0.952856 -0.242513
vn -0.005157 -0.999914 -0.0120354
vn 0.00548858 -0.999719 -0.0230845
vn -0.184269 -0.789639 -0.585248
vn -0.161605 -0.873712 -0.458815
vn -0.179136 -0.716385 0.674316
vn -0.00749983 -0.999969 -0.00229422
vn -0.0109433 -0.999925 -0.00543403
vn -0.00656957 -0.999972 0.003491
vn -0.007297 -0.999897 0.0123765
vn 0.113807 -0.974578 -0.192989
vn -0.109591 -0.923605 -0.367347
vn -0.0135287 -0.999885 -0.00682392
vn -0.00958524 -0.999861 -0.0136782
vn 0.0483925 -0.993144 -0.10641
vn -0.0063169 -0.999803 -0.0187968
vn -0.00254161 -0.999898 -0.0140665
vn -0.0933809 -0.793801 -0.600965
vn 0.151231 -0.870647 -0.468084
vn -0.012981 -0.999899 -0.00584914
vn -0.012342 -0.999917 -0.00362569
vn -0.0183862 -0.998641 0.0487724
vn 0.00483641 -0.998575 0.0531479
vn 0.646385 -0.236411 -0.725463
vn -0.0171105 -0.999821 -0.00808895
vn -0.0112301 -0.999901 -0.00849284
vn 0.108883 -0.946163 -0.304829
vn -0.00950303 -0.999955 -0.000162467
vn -0.00233491 -0.999758 -0.0218613
vn -0.00206602 -0.99995 -0.00980168
vn -0.0160835 -0.999848 -0.00671036
vn -0.0139748 -0.999489 0.0287469
vn 0.130025 -0.979053 -0.156678
vn -0.0178854 -0.999813 -0.00728999
vn -0.0130515 -0.999854 -0.0109893
vn 0.00712481 -0.999874 -0.0142149
vn -0.00557312 -0.999571 -0.0287618
vn -0.0127808 -0.99984 -0.0124813
vn 0.0202503 -0.9964 0.0823202
vn -2.86897e-05 -0.999517 0.0310921
vn 0.00197935 -0.998708 0.0507811
vn 0.00490799 -0.997563 0.0696035
vn 0.0588819 -0.993292 -0.0995213
vn -0.00314154 -0.999793 -0.0201258
vn -0.0141276 -0.999561 -0.0260307
vn 0.0278309 -0.991574 0.126519
vn 0.000979548 -0.999876 -0.0156877
vn 0.000845561 -0.999184 -0.0403728
vn 0.00824788 -0.983753 0.17934
vn -0.0127233 -0.999786 -0.0163334
vn -0.00870215 -0.998835 -0.0474685
vn 0.114131 -0.950783 0.288072
vn 0.00639935 -0.999936 -0.00931794
vn -0.0316826 -0.99724 -0.0671388
vn -0.0326248 -0.918648 0.393728
vn 0.0177636 -0.996802 -0.0779133
vn -0.0724666 -0.94012 0.33305
vn 0.640558 0.0431745 0.766695
vn 0.640558 0.0431745 0.766695
vn -0.11158 -0.0058721 0.993738
vn -0.00464778 -0.999933 -0.0106065
vn -0.0199863 -0.998915 0.0420568
vn -0.00686756 -0.99956 0.0288652
vn -0.0132139 -0.999343 0.0337454
vn -0.0018165 -0.999841 0.0177612
vn -0.0137614 -0.999417 0.0312331
vn 0.0026095 -0.999074 0.0429416
vn 0.0292555 -0.997955 0.0568381
vn -0.00732147 -0.999769 0.0201941
vn -0.0040385 -0.999709 0.0237674
vn -0.0152878 -0.998985 0.0423694
vn -0.01291 -0.999911 -0.00346064
vn -0.00335309 -0.99936 0.0356213
vn -0.00221177 -0.998744 0.0500623
vn -0.0209636 -0.997956 0.0603622
vn -0.00430435 -0.999834 0.0176971
vn -0.00373478 -0.999382 0.0349567
vn -0.00734917 -0.99978 0.0196329
vn -0.00426803 -0.999012 0.0442459
vn -0.00217214 -0.998801 0.0489054
vn -0.0234334 -0.999685 -0.00899354
vn -0.0387617 -0.995278 -0.0889889
vn -0.0124049 -0.997697 0.0666863
vn -0.00100016 -0.999664 0.0258865
vn -0.000233571 -0.999417 0.0341474
vn -0.00491436 -0.999801 0.0193257
vn -0.0139205 -0.996182 -0.0861811
vn -0.0395517 -0.99873 0.0312129
vn 0.00830025 -0.99859 0.0524295
vn 0.0203602 -0.996746 -0.0779963
vn -0.0123634 -0.99811 0.0601899
vn 0.0851103 -0.995568 -0.040007
vn -0.0565179 0.780876 -0.622124
vn 0.0106892 -0.998046 0.0615648
vn 0.102065 -0.99102 0.0863851
vn -0.0170455 -0.99491 -0.0993203
vn 0.00132602 -0.999648 0.0265093
vn -0.0295045 -0.999561 0.00272435
vn 0.0161922 -0.99966 0.0204422
vn -0.0076681 -0.99903 -0.0433583
vn 0.00174277 -0.997803 0.0662346
vn 0.0587858 -0.997972 0.0244239
vn -0.11209 0.884212 -0.453438
vn -0.0672676 0.801889 -0.593674
vn 0.0216328 -0.998915 0.0412314
vn -0.050074 -0.986037 0.158818
vn -0.0112746 -0.994304 -0.105986
vn -0.00277888 -0.999782 0.0206985
vn 0.000404839 -0.999906 -0.0136967
vn 0.0194721 -0.999698 0.0150178
vn 0.00320958 -0.999272 -0.0380225
vn 0.00745707 -0.999341 0.0355161
vn -0.0547816 0.832208 -0.551751
vn 0.0309638 -0.999068 0.0300641
vn 0.0204892 -0.998532 0.0501425
vn -0.0157267 -0.993207 -0.11529
vn -0.000157324 -0.999947 0.0102851
vn 0.0163882 -0.99986 -0.00339968
vn 0.0264873 -0.99947 0.0189354
vn -0.0210634 -0.999774 -0.00294904
vn -0.0467938 0.855279 -0.51605
vn -0.00252181 -0.999547 0.0299974
vn 0.0130599 -0.999318 0.0345344
vn 0.059209 -0.995017 0.0802263
vn -0.0218124 -0.993542 -0.111353
vn 0.0102842 -0.999912 0.00843576
vn 0.0109088 -0.999898 0.0092318
vn -0.00252181 -0.999547 0.0299974
vn -0.179496 0.805197 -0.565189
vn -0.00252181 -0.999547 0.0299974
vn -0.00338935 -0.999567 0.0292412
vn -0.0282942 -0.995298 0.0926384
vn -0.0213452 -0.995329 -0.0941539
vn -0.00153402 -0.999705 0.0242365
vn -0.000356418 -0.999675 0.0254921
vn -0.00252181 -0.999547 0.0299974
vn -0.0972387 0.742787 -0.662429
vn -0.00252181 -0.999547 0.0299974
vn 0.00180718 -0.999214 0.0395975
vn 0.000524565 -0.999626 0.0273462
vn -0.0247491 -0.996167 -0.0839006
vn -0.00581798 -0.999474 0.0319004
vn 0.00367911 -0.999526 0.030563
vn 0.00512769 -0.999742 0.0221059
vn 0.00159459 -0.9992 0.0399538
vn 0.185912 -0.724416 0.663821
vn 0.00226325 -0.999726 0.0232908
vn -0.0138182 -0.994828 -0.10063
vn 0.00161921 -0.999456 0.0329552
vn -0.00317459 -0.999379 0.0350919
vn -0.00213004 -0.99964 0.0267583
vn 0.0257415 -0.998375 0.0508477
vn 0.214587 -0.69768 0.683517
vn -0.00776977 -0.99939 0.0340458
vn -0.0391517 -0.994613 -0.0959838
vn -0.0046429 -0.999374 0.0350716
vn -0.0146577 -0.999288 0.0347777
vn -0.0154871 -0.999267 0.0350003
vn 0.0567629 -0.994299 0.0902627
vn -0.020477 -0.999013 0.0394174
vn -0.0890823 0.711816 -0.696693
vn -0.0355477 -0.997064 -0.0678293
vn -0.0100588 -0.99929 0.0363011
vn -0.00350358 -0.999627 0.0270855
vn -0.0118308 -0.999492 0.0295835
vn -0.05407 -0.990633 0.125389
vn -0.0127789 -0.999556 0.0269008
vn -0.120025 0.691636 -0.712204
vn -0.02239 -0.998064 -0.0580287
vn 0.00282531 -0.999601 0.0280901
vn -0.00588582 -0.999772 0.0205357
vn -0.00867249 -0.99969 0.0233394
vn -0.00626385 -0.998051 0.0620849
vn -0.00773192 -0.999771 0.0199677
vn -0.144826 0.615437 -0.774766
vn -0.00631498 -0.99782 -0.0656867
vn -0.00123031 -0.999662 0.0259835
vn -0.00871103 -0.99977 0.0195774
vn -0.00623818 -0.999726 0.0225404
vn -0.0356066 -0.978752 0.201933
vn -0.00966021 -0.99837 0.0562502
vn -0.0123264 -0.999647 0.023553
vn -0.0919121 0.608642 -0.788104
vn -0.00919876 -0.996166 -0.0869932
vn -0.0129281 -0.999319 0.0345554
vn -0.0108061 -0.999395 0.0330616
vn -0.0104962 -0.999803 0.0168456
vn 0.00910342 -0.990517 0.137088
vn -0.0126685 -0.999117 0.0400586
vn -0.0139883 -0.999733 0.0183727
vn -0.183357 0.600594 -0.778246
vn -0.0163998 -0.987242 -0.15838
vn -0.0168291 -0.999133 0.0380669
vn -0.0120188 -0.999539 0.027886
vn -0.0164153 -0.999567 0.0244252
vn -0.0308475 -0.991001 0.130248
vn -0.0382135 -0.998987 0.0237762
vn -0.0279654 -0.999579 0.00778826
vn -0.0584239 -0.962099 -0.266368
vn -0.00151763 -0.999107 0.0422278
vn -0.00449822 -0.999761 0.0213999
vn -0.00597205 -0.999738 0.0220865
vn -0.0552289 -0.994824 0.0852935
vn -0.036432 -0.999324 0.0048316
vn 0.00035597 -0.999988 -0.00494743
vn -0.0977136 -0.89798 -0.42905
vn 0.0201062 -0.999687 0.0148908
vn -0.0130501 -0.999458 0.0302182
vn -0.00594683 -0.999742 0.0219436
vn 0.00924121 -0.996543 0.0825626
vn 0.0479731 -0.99862 0.0213735
vn -0.00113073 -0.999958 0.00906652
vn -0.00947346 -0.99968 -0.0234593
vn -0.0229657 -0.999355 0.0275959
vn -0.0147583 -0.999002 0.0421561
vn 0.103509 -0.988467 0.110536
vn 0.0787308 -0.994322 0.0715921
vn -0.0407293 -0.99858 0.0343278
vn -0.0107903 -0.998114 -0.0604349
vn -0.0123303 -0.999853 0.0119462
vn -0.0267049 -0.99869 0.0436372
vn -0.0525085 -0.998608 -0.00496003
vn -0.0689747 -0.990342 0.120267
vn -0.0449417 -0.998355 0.0356091
vn -0.0202692 -0.99644 -0.0818368
vn -0.0142841 -0.999871 0.00735996
vn -0.0246954 -0.999577 0.0153379
vn -0.0882842 -0.996069 -0.00722898
vn 0.00148686 -0.998723 0.0505033
vn -0.0449417 -0.998355 0.0356091
vn -0.0449417 -0.998355 0.0356091
vn 0.00226055 -0.99353 -0.11355
vn -0.00425951 -0.999929 0.0111166
vn 0.0902727 -0.988202 -0.123722
vn 0.00133618 -0.998873 0.0474351
vn 0.0106177 -0.998414 0.0552791
vn -0.00290979 -0.998388 0.0566874
vn 0.0350158 -0.986354 -0.160871
vn -0.00425951 -0.999929 0.0111166
vn -0.00425951 -0.999929 0.0111166
vn 0.198265 -0.937398 -0.286316
vn 0.162865 -0.980665 0.108499
vn -0.000976072 -0.999536 0.0304616
vn 0.0983271 -0.99483 -0.0253975
vn 0.0524756 -0.997622 0.0446741
vn 0.155907 0.49819 -0.852936
vn 0.110769 -0.989881 -0.0886879
vn 0.121805 -0.958207 0.25885
vn -0.137407 -0.977632 -0.159233
vn 0.0848887 -0.993112 0.0807573
vn 0.00192694 -0.938529 0.345196
vn 0.0479263 -0.993918 -0.0991507
vn 0.115257 -0.990772 -0.0713226
vn 0.344947 0.800661 -0.48985
vn 0.0132102 -0.999668 -0.0221048
vn -0.199803 -0.949369 0.242443
vn -0.0542449 -0.998456 -0.0119861
vn 0.0914768 -0.973405 0.210035
vn 0.0994416 -0.992787 0.0669781
vn -0.204557 -0.93073 -0.303148
vn -0.333533 -0.91076 -0.24346
vn -0.0274722 -0.980534 0.194417
vn 0.0438828 -0.999034 0.0021892
vn 0.154995 -0.955045 0.252716
vn 0.131895 -0.963683 0.232203
vn -0.204557 -0.93073 -0.303148
vn -0.204557 -0.93073 -0.303148
vn -0.099697 -0.989731 -0.102439
vn 0.0915758 -0.984757 0.14788
vn 0.000269298 -0.999396 0.0347498
vn -0.0595174 -0.979893 0.190438
vn 0.0379746 -0.995572 -0.0859888
vn 0.0234432 -0.995845 0.0879944
vn -0.00780096 -0.997852 0.0650459
vn 0.0234432 -0.995845 0.0879944
vn 0.047981 -0.992027 0.116537
vn -0.0182346 -0.999161 0.0366769
vn 0.0234432 -0.995845 0.0879944
vn 0.00165973 -0.999841 0.0177399
vn -0.00576942 -0.998684 0.0509648
vn 0.0234432 -0.995845 0.0879944
vn -0.0546179 -0.992998 0.104749
vn 0.122999 -0.992398 0.00423902
vn 0.0234432 -0.995845 0.0879944
vn 0.0409803 -0.998573 0.0342552
vn -0.0132374 -0.999542 0.0272006
vn -0.0160967 -0.998747 0.0473783
vn -0.027977 -0.999183 0.029154
vn -0.0803452 -0.996523 0.0220537
vn -0.123665 -0.988241 0.0899233
vn -0.259976 0.647111 -0.716701
vn -0.0343823 -0.998838 0.0337784
vn -0.0154662 -0.999459 0.0290163
vn -0.00669394 -0.999241 0.0383886
vn -0.0106243 -0.999561 0.0276584
vn -0.0803452 -0.996523 0.0220537
vn -0.0803452 -0.996523 0.0220537
vn -0.62539 -0.578427 0.523746
vn 0.00170653 -0.999593 0.0284775
vn -0.00393702 -0.999698 0.0242755
vn 0.00342127 -0.999501 0.0313869
vn 0.00407713 -0.999519 0.0307314
vn -0.0226795 -0.999667 0.0123401
vn -0.0803452 -0.996523 0.0220537
vn -0.0803452 -0.996523 0.0220537
vn -0.41857 -0.280936 -0.86364
vn 0.124167 -0.851987 0.508626
vn 0.278857 0.112707 0.953696
vn -0.00551317 -0.99976 0.0211988
vn -0.00227185 -0.999596 0.0283195
vn 0.000479562 -0.999567 0.0294114
vn -0.0030343 -0.999507 0.0312449
vn 0.00557062 -0.999975 0.00437922
vn -0.0267394 -0.954734 0.296256
vn -0.340874 0.52844 -0.777532
vn 0.142488 -0.333639 -0.93187
vn 0.820593 -0.171749 0.545095
vn -0.0114531 -0.999552 0.0276536
vn 0.00659207 -0.9996 0.0275191
vn 0.00328354 -0.999708 0.0239514
vn -0.00284579 -0.999662 0.0258377
vn 0.000588692 -0.999813 0.0193081
vn 0.00827429 -0.981294 0.192337
vn -0.0816674 0.533129 -0.842083
vn 0.0539442 -0.998237 0.0247392
vn 0.0192079 -0.999731 0.0129674
vn 0.00268094 -0.999585 0.0286701
vn -0.00460354 -0.999557 0.0293925
vn 0.00144295 -0.999749 0.0223769
vn -0.00446265 -0.999557 0.0294212
vn 0.00923625 -0.99212 0.124947
vn -0.23367 0.567833 -0.789281
vn 0.0301575 -0.997777 -0.0594284
vn -0.0127125 -0.999839 0.0126946
vn -0.00615154 -0.999536 0.0298381
vn -0.00319438 -0.999365 0.0354878
vn -0.00125972 -0.999604 0.0281311
vn 0.00243064 -0.999617 0.0275584
vn 0.00276158 -0.995935 0.0900313
vn -0.142692 0.613088 -0.777022
vn -0.012364 -0.994006 -0.108624
vn -0.00582292 -0.999764 0.0209228
vn -0.00436064 -0.99974 0.0223859
vn -0.00010556 -0.999359 0.0357955
vn -0.000151068 -0.999492 0.0318763
vn 0.00403798 -0.999627 0.0269978
vn -0.00577195 -0.997865 0.0650613
vn -0.109345 0.646141 -0.755345
vn -0.0745849 -0.983514 -0.164733
vn 0.0216504 -0.999552 -0.0206664
vn -0.00279922 -0.999856 0.0167594
vn 0.00739686 -0.999457 0.0320961
vn 0.00375627 -0.999512 0.0310052
vn -0.00281886 -0.999594 0.0283457
vn -0.00566681 -0.999403 0.0340691
vn -0.0937953 0.644619 -0.758729
vn -0.047662 -0.974647 -0.218612
vn -0.047662 -0.974647 -0.218612
vn 0.000527427 -0.998223 -0.0595853
vn 0.00297658 -0.999859 0.0165157
vn 0.00120663 -0.999488 0.0319867
vn -0.00360532 -0.999636 0.0267466
vn 0.000820629 -0.999701 0.0244266
vn -0.00901881 -0.999788 0.0184905
vn -0.00623058 -0.869509 0.493878
vn -0.0343316 0.620295 -0.783617
vn -0.047662 -0.974647 -0.218612
vn -0.121361 0.640256 -0.758515
vn -0.021936 -0.997059 -0.0734306
vn -0.00207632 -0.999794 0.0201813
vn 0.00565886 -0.999614 0.0272037
vn -0.00682311 -0.999829 0.0171683
vn -0.011141 -0.999642 0.0243382
vn 0.045258 -0.997939 0.0454821
vn 0.0263404 -0.962644 0.269486
vn -0.0319687 0.730496 -0.682169
vn -0.010047 -0.996332 -0.084982
vn 0.011178 -0.999825 0.0150161
vn -0.000695036 -0.999954 0.00958594
vn -0.0153412 -0.999805 0.01244
vn -0.0236262 -0.999625 0.0138754
vn -0.0486823 -0.996996 0.0602354
vn 0.14334 -0.966869 0.211229
vn -0.111646 0.783403 -0.611404
vn -0.00328171 -0.995082 -0.098998
vn 0.011879 -0.999826 0.0144147
vn -0.0078708 -0.999943 0.00728323
vn 0.00152503 -0.999973 0.00717175
vn 0.000363622 -0.999887 0.0150558
vn -0.0234196 -0.999361 0.0270231
vn 0.0549359 -0.989204 0.135862
vn 0.135501 -0.98728 0.0831672
vn -0.0253886 -0.996542 -0.0791221
vn -0.0112235 -0.999829 0.0147162
vn -0.0151523 -0.999682 0.0201673
vn 0.00528033 -0.99973 0.0226449
vn -0.00662622 -0.999715 0.0229191
vn 0.0901431 -0.993166 0.0741271
vn 0.0121079 -0.940221 0.34035
vn 0.0549359 -0.989204 0.135862
vn 0.0549359 -0.989204 0.135862
vn 0.0549359 -0.989204 0.135862
vn -0.0200269 -0.998246 -0.0557123
vn -0.0157122 -0.999851 0.00722139
vn -0.0604811 -0.998047 0.0156158
vn -0.00606173 -0.999956 -0.00716365
vn -0.0691574 -0.996026 0.0561156
vn -0.129529 -0.988301 0.0805141
vn 0.0390382 -0.954454 0.295792
vn 0.0121079 -0.940221 0.34035
vn 0.0121079 -0.940221 0.34035
vn 0.0549359 -0.989204 0.135862
vn -0.0235576 -0.998509 -0.0492531
vn -0.0206879 -0.999486 -0.024481
vn -0.0697912 -0.997489 -0.0120617
vn -0.0963499 -0.99534 -0.00375539
vn -0.0831125 -0.992668 -0.0877595
vn -0.105981 -0.99356 0.0400809
vn -0.166129 -0.925824 0.339488
vn 0.0121079 -0.940221 0.34035
vn 0.0121079 -0.940221 0.34035
vn 0.0110683 -0.998269 -0.0577558
vn -0.0347445 -0.996803 -0.0719513
vn -0.0211603 -0.998801 -0.0441526
vn -0.200525 -0.971343 -0.1276
vn -0.0501252 -0.99851 0.0215586
vn -0.00556638 -0.997585 -0.0692357
vn 6.66368e-05 -0.994812 -0.101728
vn 0.0072011 -0.99579 -0.0913863
vn -0.500989 -0.837313 -0.218899
vn -0.16653 -0.983556 0.0699021
vn 0.0643732 -0.967361 -0.245088
vn -0.0327879 -0.999453 0.0042694
vn -0.0287193 -0.999172 -0.0288075
vn 0.0286377 -0.994139 -0.104251
vn -0.00425698 -0.992209 -0.124509
vn -0.500989 -0.837313 -0.218899
vn -0.500989 -0.837313 -0.218899
vn -0.00641699 -0.999935 -0.00947027
vn -0.0282152 -0.999593 0.00415052
vn 0.0325916 -0.999455 0.00518456
vn -0.0490905 -0.986495 -0.156262
vn -0.0386829 -0.999229 0.00675571
vn 0.0478085 -0.984814 -0.166903
vn -0.0797497 -0.99652 0.0242666
vn -0.0602874 -0.998148 -0.00815656
vn 0.0433046 -0.995674 -0.0822018
vn 0.0478085 -0.984814 -0.166903
vn 0.0478085 -0.984814 -0.166903
vn 0.600072 -0.0373778 0.799073
vn 0.600072 -0.0373779 0.799073
vn -0.0281283 -0.250158 0.967796
vn -0.232443 -0.111197 0.966233
vn -0.146139 -0.387973 0.910011
vn -0.105997 -0.0795053 0.991183
vn -0.185692 -0.323573 0.927803
vn -0.237473 -0.0881385 0.967387
vn -0.171149 -0.320223 0.931754
vn -0.303674 -0.209047 0.92956
vn -0.149275 -0.343047 0.927381
vn -0.127097 -0.277158 0.952381
vn -0.100229 -0.206437 0.973313
vn -0.217024 -0.613345 0.759413
vn -0.157591 -0.258627 0.953036
vn -0.174043 0.060094 0.982903
vn 0.0810563 -0.546398 0.833594
vn -0.0994568 -0.190754 0.976587
vn -0.182553 0.139972 0.973182
vn -0.0291373 -0.468378 0.883048
vn -0.130645 0.794103 0.593576
vn -0.188613 -0.163373 0.968367
vn -0.203338 0.126466 0.970907
vn 0.0995692 -0.196364 0.975462
vn -0.130645 0.794103 0.593576
vn -0.130645 0.794103 0.593576
vn -0.144408 -0.182781 0.97249
vn -0.217479 0.111259 0.969703
vn -0.171552 0.0206363 0.984959
vn -0.113125 -0.162578 0.980189
vn -0.229125 0.105727 0.967638
vn -0.172536 0.0193387 0.984813
vn -0.174733 0.107383 0.978743
vn -0.127587 -0.120068 0.984533
vn -0.195624 0.085727 0.976925
vn -0.0759223 -0.144225 0.986628
vn -0.160877 -0.0657934 0.984779
vn -0.153421 0.0451605 0.987128
vn -0.165348 -0.1551 0.973963
vn -0.113189 -0.189446 0.975345
vn 0.0426638 0.000736755 0.999089
vn -0.126604 -0.107023 0.986163
vn 0.0229678 -0.11398 0.993218
vn -0.224344 -0.0664795 0.97224
vn -0.00901531 0.025353 0.999638
vn -0.209513 0.14957 0.966299
vn -0.204447 -0.0595723 0.977063
vn -0.13074 -0.0359111 0.990766
vn -0.102446 -0.188246 0.976764
vn -0.13728 -0.0564939 0.98892
vn -0.21427 0.200148 0.956049
vn -0.103356 -0.213882 0.971376
vn -0.177671 0.360244 0.915782
vn 0.0153259 0.101234 0.994745
vn 0.0329874 -0.165282 0.985695
vn -0.132055 0.234614 0.963077
vn -0.153088 -0.170266 0.973434
vn -0.148949 0.14114 0.978721
vn -0.396148 0.0704041 0.915484
vn -0.19621 0.0384082 0.979809
vn -0.29733 -0.339564 0.892351
vn -0.144687 -0.0849755 0.985822
vn 0.125741 -0.269443 0.954772
vn -0.173893 -0.00732272 0.984737
vn -0.0216263 -0.0276548 0.999384
vn -0.151264 0.394111 -0.90653
vn -0.139312 0.410996 -0.90093
vn -0.920605 -0.318245 -0.226288
vn -0.131447 0.366043 -0.921268
vn -0.139312 0.410996 -0.90093
vn -0.139312 0.410996 -0.90093
vn -0.920605 -0.318245 -0.226288
vn -0.920605 -0.318245 -0.226288
vn -0.131447 0.366043 -0.921268
vn -0.131447 0.366043 -0.921268
vn -0.345414 -0.637114 -0.689039
vn -0.166092 0.330355 -0.929128
vn -0.131447 0.366043 -0.921268
vn -0.131447 0.366043 -0.921268
vn -0.182036 -0.848133 -0.497527
vn -0.167867 0.441439 -0.881449
vn -0.113295 -0.929685 -0.350499
vn -0.357401 -0.80341 -0.476232
vn 0.151864 -0.771777 -0.617493
vn 0.309504 -0.697662 -0.646123
vn 0.0582473 -0.819277 -0.570431
vn 0.309504 -0.697662 -0.646123
vn 0.309504 -0.697662 -0.646123
vn -0.164447 -0.878852 -0.447858
vn 0.423456 -0.695735 0.580205
vn -0.089536 -0.958355 -0.271181
vn -0.0511909 -0.960751 -0.272649
vn -0.0234198 -0.959497 -0.280744
vn -0.200056 0.844274 -0.497172
vn -0.0315805 -0.963198 -0.266933
vn -0.200056 0.844274 -0.497172
vn -0.200056 0.844274 -0.497172
vn -0.0273034 -0.974458 -0.222903
vn -0.0471935 -0.972735 -0.227068
vn -0.0875787 -0.956773 -0.277338
vn 0.0404329 -0.948941 -0.312853
vn -0.106523 -0.987824 -0.113385
vn -0.043305 -0.977337 -0.207211
vn -0.106523 -0.987824 -0.113385
vn -0.106523 -0.987824 -0.113385
vn -0.0657693 -0.997223 -0.034941
vn 0.0349631 -0.995579 0.0871754
vn 0.0349631 -0.995579 0.0871754
vn 0.0349631 -0.995579 0.0871754
vn 0.0349631 -0.995579 0.0871754
vn 0.0349631 -0.995579 0.0871754
vn 0.095639 0.184485 0.978171
vn 0.095639 0.184485 0.978171
vn 0.095639 0.184485 0.978171
vn 0.0507084 0.17766 0.982785
vn 0.0738353 0.105402 0.991685
vn -0.16103 0.132211 0.978054
vn 0.00622347 0.0437915 0.999021
vn 0.0246285 -0.502571 0.864185
vn -0.202044 -0.0127432 0.979294
vn -0.200203 0.0748538 0.976891
vn 0.140125 -0.392395 0.909061
vn -0.1618 -0.25676 0.952835
vn -0.195349 -0.000577855 0.980734
vn -0.69504 0.0496984 0.717252
vn -0.181697 -0.259387 0.948528
vn -0.589599 0.0217349 0.807403
vn -0.454989 -0.273706 0.84739
vn 0.198565 -0.957942 0.207168
vn 0.198565 -0.957942 0.207168
vn 0.198565 -0.957942 0.207168
vn 0.198565 -0.957942 0.207168
vn 0.198565 -0.957942 0.207168
vn 0.198565 -0.957942 0.207168
vn -0.910256 0.0324666 0.412772
vn -0.910256 0.0324666 0.412772
vn -0.910256 0.0324666 0.412772
vn -0.910256 0.0324666 0.412772
vn -0.910256 0.0324666 0.412772
vn -0.910256 0.0324666 0.412772
vn -0.498316 -0.0042634 -0.866985
vn -0.116398 0.0598754 -0.991396
vn 0.972948 -0.0739096 -0.218881
vn 0.110444 0.273246 -0.955583
vn 0.939864 -0.0458191 -0.338462
vn 0.110444 0.273246 -0.955583
vn 0.110444 0.273246 -0.955583
vn 0.868242 0.0878947 -0.488293
vn 0.429753 -0.886896 -0.169493
vn 0.090212 -0.350147 -0.932341
vn 0.090212 -0.350147 -0.93234
vn 0.090212 -0.350147 -0.932341
vn 0.090212 -0.350147 -0.932341
vn 0.090212 -0.350147 -0.93234
vn 0.090212 -0.350147 -0.93234
vn 0.0788446 0.660677 -0.746519
vn 0.0788446 0.660677 -0.746519
vn 0.0788446 0.660677 -0.746519
vn -0.26823 0.25115 -0.930041
vn -0.26823 0.25115 -0.930041
vn -0.26823 0.25115 -0.930041
vn 0.497362 0.267615 0.825235
vn 0.513755 0.319597 0.796187
vn 0.733147 -0.339686 0.58916
vn 0.513755 0.319597 0.796187
vn 0.513755 0.319597 0.796187
vn 0.513755 0.319597 0.796187
vn 0.513755 0.319597 0.796187
vn -0.702389 -0.224747 0.67538
vn -0.702389 -0.224747 0.67538
vn -0.702389 -0.224747 0.67538
vn 0.761385 -0.0460355 0.646664
vn 0.761385 -0.0460354 0.646664
vn 0.761385 -0.0460355 0.646664
vn 0.761385 -0.0460355 0.646664
vn 0.761385 -0.0460354 0.646664
vn 0.761385 -0.0460354 0.646664
vn 0.0286283 -0.968396 0.24777
vn 0.0286283 -0.968396 0.24777
vn 0.0286283 -0.968396 0.24777
vn 0.0286283 -0.968396 0.24777
vn 0.0286283 -0.968396 0.24777
vn 0.0286283 -0.968396 0.24777
vn -0.199107 0.764339 -0.613304
vn -0.199107 0.764339 -0.613304
vn -0.199107 0.764339 -0.613304
vn 0.1508 -0.938694 -0.310022
vn -0.223751 -0.91585 -0.333399
vn -0.115696 -0.970981 -0.209311
vn -0.149777 -0.952537 -0.265028
vn -0.00321999 -0.964107 -0.265494
vn 0.104661 -0.973167 -0.204922
vn 0.00738633 -0.98955 -0.144004
vn -0.220057 0.883961 -0.412537
vn -0.0471364 -0.992239 -0.115063
vn 0.109366 -0.57108 -0.813577
vn -0.0566965 -0.996977 -0.0531284
vn -0.056195 0.732163 -0.678807
vn -0.220057 0.883961 -0.412537
vn -0.220057 0.883961 -0.412537
vn -0.0463079 -0.982819 -0.178666
vn 0.135212 -0.749649 0.647876
vn 0.109366 -0.57108 -0.813577
vn 0.109366 -0.57108 -0.813577
vn -0.0512413 0.512665 -0.857059
vn -6.26933e-05 -0.996166 -0.0874824
vn -0.220057 0.883961 -0.412537
vn -0.220057 0.883961 -0.412537
vn -0.0822579 -0.957554 -0.276267
vn 0.259212 -0.556924 0.789079
vn 0.886399 -0.443943 0.131195
vn -0.329168 -0.463976 0.82242
vn -0.125186 0.481811 -0.867287
vn 0.00430389 -0.985667 -0.168648
vn -0.00225639 -0.794678 -0.607027
vn -0.147146 0.550496 -0.821768
vn -0.0632242 -0.978426 -0.196684
vn -0.0512703 -0.284016 -0.957448
vn -0.0445185 -0.97342 -0.224657
vn -0.0614162 -0.097721 -0.993317
vn 0.0485982 -0.729779 0.681954
vn 0.104597 -0.893055 -0.437621
vn 0.00962744 -0.0429612 -0.99903
vn 0.0530318 -0.931446 0.359996
vn 0.145433 -0.707487 0.691601
vn -0.288302 -0.843605 -0.453004
vn 0.0268833 -0.976428 0.214164
vn -0.162208 -0.055464 -0.985197
vn 0.0268833 -0.976428 0.214164
vn -0.071734 -0.939537 -0.334851
vn 0.0268833 -0.976428 0.214164
vn -0.306857 -0.252661 -0.917606
vn -0.080192 -0.940459 -0.330311
vn -0.0575113 -0.286588 -0.956326
vn 0.227796 -0.883222 0.409912
vn -0.0100208 -0.952767 -0.303536
vn -0.149942 0.265683 -0.952329
vn -0.140529 -0.386373 -0.911574
vn 0.227796 -0.883222 0.409912
vn 0.227796 -0.883222 0.409912
vn -0.0646829 -0.963787 -0.25871
vn -0.538105 -0.840474 0.0636119
vn -0.046434 -0.975865 -0.213381
vn -0.698979 0.171895 -0.694176
vn 0.00252217 -0.950721 -0.310039
vn -0.176275 -0.939181 -0.294732
vn -0.037885 -0.966592 -0.253504
vn -0.016029 -0.99004 -0.139873
vn -0.736993 0.200612 0.645443
vn -0.736993 0.200612 0.645443
vn -0.736993 0.200612 0.645443
vn -0.768082 0.114015 0.630119
vn -0.519623 0.312585 0.795162
vn -0.544244 0.116806 0.830755
vn -0.868919 0.115299 0.481338
vn -0.185456 0.480953 0.856907
vn -0.537928 0.166423 0.8264
vn -0.437432 0.191001 0.878733
vn -0.984537 0.174949 -0.00887054
vn 0.0660098 0.989952 -0.125051
vn -0.498233 0.155189 0.853042
vn -0.190261 0.914111 -0.358054
vn -0.0242201 0.999104 0.0347181
vn 0.129878 0.983572 -0.125368
vn -0.348917 0.926592 -0.140299
vn -0.380577 0.686823 0.619222
vn -0.0106015 0.997111 0.075221
vn 0.725822 0.624322 0.288801
vn -0.620482 0.674011 0.400887
vn -0.620482 0.674011 0.400887
vn -0.404473 -0.730649 0.550048
vn -0.323968 0.636753 0.699707
vn 0.532334 0.727537 0.432793
vn -0.620482 0.674011 0.400887
vn -0.756868 -0.496524 0.424987
vn 0.156951 0.502545 0.850185
vn 0.156951 0.502545 0.850185
vn 0.156951 0.502545 0.850185
vn -0.901215 0.0112443 0.433226
vn -0.901215 0.0112443 0.433226
vn -0.901215 0.0112443 0.433226
vn -0.901215 0.0112443 0.433226
vn -0.901215 0.0112443 0.433226
vn -0.901215 0.0112443 0.433226
vn -0.122382 0.582263 0.803736
vn -0.421568 -0.899849 0.112032
vn -0.122382 0.582263 0.803736
vn -0.122382 0.582263 0.803736
vn 0.00212251 -0.996154 0.087597
vn 0.225656 -0.908327 0.352167
vn 0.00516016 0.777985 0.628262
vn 0.0131144 -0.986656 -0.162293
vn 0.316967 -0.406861 -0.856736
vn 0.128765 -0.990514 0.0479667
vn -0.00156841 -0.981357 0.192187
vn -0.0378655 -0.99923 0.0103257
vn 0.316967 -0.406861 -0.856736
vn 0.316967 -0.406861 -0.856736
vn -0.0378655 -0.99923 0.0103257
vn -0.0378655 -0.99923 0.0103257
vn -0.0873287 -0.969139 0.23053
vn -0.0378655 -0.99923 0.0103257
vn -0.0378655 -0.99923 0.0103257
vn -0.0267061 -0.953802 0.299246
vn -0.0924561 -0.954298 0.284196
vn -0.172025 0.832912 0.52599
vn -0.04234 -0.949967 0.309469
vn -0.0849135 0.828925 0.552877
vn -0.0736205 -0.947811 0.310216
vn 0.121145 -0.727363 -0.675475
vn 0.0431686 -0.838232 -0.543603
vn -0.0603324 -0.949696 0.307308
vn -0.171205 0.919805 0.353056
vn 0.152051 -0.868818 -0.471207
vn -0.0884468 -0.947552 0.30712
vn -0.0388999 -0.851272 -0.523281
vn 0.0195983 -0.947266 0.319847
vn 0.0519561 -0.977662 0.20366
vn 0.142043 -0.742721 -0.654362
vn 0.0307747 -0.991359 0.127516
vn 0.0307747 -0.991359 0.127516
vn 0.0307747 -0.991359 0.127516
vn 0.0307747 -0.991359 0.127516
vn 0.0307747 -0.991359 0.127516
vn -0.0610978 -0.997511 0.0351984
vn -0.0865966 -0.982567 0.164511
vn -0.0607634 -0.997372 -0.0394662
vn -0.0787004 -0.97435 0.210828
vn -0.0676583 -0.973383 0.218968
vn -0.0870301 0.706287 0.702556
vn -0.859064 0.48188 0.172628
vn -0.859064 0.48188 0.172628
vn -0.859064 0.48188 0.172628
vn -0.859064 0.48188 0.172628
vn -0.859064 0.48188 0.172628
vn -0.859064 0.48188 0.172628
vn -0.39284 -0.918182 -0.0511751
vn -0.734914 -0.52619 -0.427814
vn -0.39284 -0.918182 -0.0511751
vn -0.39284 -0.918182 -0.0511751
vn -0.734914 -0.52619 -0.427814
vn -0.734914 -0.52619 -0.427814
vn -0.502977 -0.357488 -0.786903
vn -0.734914 -0.52619 -0.427814
vn -0.734914 -0.52619 -0.427814
vn -0.170223 0.253708 0.952185
vn -0.0434504 -0.998608 -0.0299106
vn -0.170223 0.253708 0.952185
vn -0.170223 0.253708 0.952185
vn -0.0131885 -0.993538 -0.112734
vn -0.0255406 -0.998675 0.0446718
vn -0.0307371 0.331895 0.942816
vn -0.239094 0.640767 0.729556
vn -0.177734 0.62686 0.758589
vn 0.0486513 -0.97523 -0.215776
vn 0.0154956 -0.996592 0.0810148
vn -0.0296214 0.193797 0.980594
vn -0.119097 0.610883 0.782712
vn 0.0141302 -0.96071 -0.277195
vn 0.0154956 -0.996592 0.0810148
vn 0.0154956 -0.996592 0.0810148
vn -0.133749 0.193963 0.971848
vn -0.184143 0.206193 0.961028
vn -0.143722 0.60289 0.784772
vn -0.133749 0.193963 0.971848
vn -0.133749 0.193963 0.971848
vn -0.184143 0.206193 0.961028
vn -0.184143 0.206193 0.961028
vn -0.286576 0.920501 -0.265617
vn -0.398706 -0.477614 -0.782891
vn -0.286576 0.920501 -0.265617
vn -0.286576 0.920501 -0.265617
vn -0.620881 -0.0609791 -0.78153
vn 0.271204 -0.309096 -0.911542
vn -0.672071 -0.0811231 -0.73603
vn 0.382304 -0.0758654 -0.920917
vn -0.115127 -0.201768 -0.972644
vn 0.44368 -0.106605 -0.889822
vn -0.0921488 -0.0384765 -0.995002
vn -0.10177 -0.165394 -0.980963
vn -0.0390542 -0.0299688 -0.998788
vn -0.0999188 -0.0348804 -0.994384
vn -0.133324 -0.157546 -0.97847
vn -0.0977772 0.02581 -0.994874
vn 0.0130207 -0.0147863 -0.999806
vn -0.127879 -0.0217286 -0.991552
vn -0.116449 -0.164184 -0.979532
vn -0.0823556 -0.00779045 -0.996573
vn -0.128698 0.017914 -0.991522
vn 0.0317993 -0.00653884 -0.999473
vn -0.11127 0.00576531 -0.993774
vn -0.125348 -0.15974 -0.979169
vn -0.0834784 -0.00225324 -0.996507
vn -0.141253 -0.00151643 -0.989972
vn -0.0984513 0.00547879 -0.995127
vn 0.072758 -0.00884149 -0.99731
vn -0.124715 0.0131664 -0.992105
vn -0.109901 -0.140843 -0.983913
vn -0.098891 0.000223621 -0.995098
vn -0.130279 -0.0017853 -0.991476
vn -0.106627 -0.0105115 -0.994244
vn -0.123109 0.0123452 -0.992316
vn 0.122405 -0.019274 -0.992293
vn -0.0963949 0.00841164 -0.995308
vn -0.112929 -0.153335 -0.9817
vn -0.115528 -0.00353191 -0.993298
vn -0.103298 -0.00621165 -0.994631
vn -0.12362 0.00268567 -0.992326
vn -0.102977 -0.00603285 -0.994665
vn -0.10176 0.0128263 -0.994726
vn 0.13764 0.0262306 -0.990135
vn -0.122916 0.0144351 -0.992312
vn -0.0827968 -0.312985 -0.946142
vn -0.106706 0.00101466 -0.99429
vn -0.130936 -0.00147809 -0.99139
vn -0.103588 0.000984827 -0.99462
vn -0.0869142 -5.88847e-05 -0.996216
vn -0.118382 -0.00384897 -0.992961
vn -0.12892 -0.00307501 -0.99165
vn 0.13764 -0.0066379 -0.99046
vn -0.134912 0.0397683 -0.990059
vn -0.130513 0.00663866 -0.991424
vn -0.0966248 0.00464438 -0.99531
vn -0.0903652 -0.00659966 -0.995887
vn -0.0984619 -0.00476487 -0.995129
vn -0.130174 0.000335738 -0.991491
vn -0.129157 -0.00499146 -0.991612
vn -0.112691 -0.00800705 -0.993598
vn 0.15916 0.00634863 -0.987232
vn -0.0319143 0.0601089 -0.997682
vn -0.120948 0.01616 -0.992527
vn -0.0977491 0.0114851 -0.995145
vn -0.0966148 -0.00348557 -0.995316
vn -0.12064 -0.00464805 -0.992685
vn -0.180555 -0.0631424 -0.981536
vn -0.127845 -0.00881262 -0.991755
vn -0.124516 -0.0118879 -0.992146
vn -0.0809401 -0.0463745 -0.99564
vn 0.146204 -0.0822436 -0.98583
vn -0.100958 0.000175077 -0.994891
vn -0.121744 -0.00181503 -0.99256
vn -0.131093 -0.0130652 -0.991284
vn 0.0955949 0.0301791 -0.994963
vn -0.112255 0.0324609 -0.993149
vn -0.00247819 0.138942 -0.990297
vn -0.12431 -0.000247926 -0.992243
vn -0.015797 0.075036 -0.997056
vn 0.121336 0.0527777 -0.991207
vn -0.130396 0.211313 -0.968681
vn -0.13456 0.0211142 -0.990681
vn -0.133615 -0.00709799 -0.991008
vn 0.0603861 0.104021 -0.99274
vn 0.0847623 0.150665 -0.984944
vn 0.0919071 -0.10177 -0.990553
vn -0.197145 0.0596748 -0.978557
vn -0.221713 0.0664969 -0.972842
vn -0.108463 0.0459369 -0.993039
vn -0.0615844 0.0439637 -0.997133
vn 0.0507577 -0.194693 -0.97955
vn -0.197145 0.0596748 -0.978557
vn 0.13333 0.556532 -0.820058
vn -0.197145 0.0596748 -0.978557
vn -0.116592 -0.00516323 -0.993167
vn -0.0615844 0.0439637 -0.997133
vn -0.0615844 0.0439637 -0.997133
vn -0.123116 -0.114602 -0.985753
vn -0.197145 0.0596748 -0.978557
vn -0.197145 0.0596748 -0.978557
vn -0.203649 0.0833341 -0.975491
vn 0.0171666 -0.103846 -0.994445
vn -0.0615844 0.0439637 -0.997133
vn -0.0615844 0.0439637 -0.997133
vn -0.167754 0.00569256 -0.985812
vn -0.115845 0.000106213 -0.993267
vn 0.146593 0.132038 -0.980345
vn -0.0899085 0.285748 -0.954078
vn 0.993926 0.0206857 0.108091
vn 0.993926 0.0206857 0.108091
vn 0.993926 0.0206857 0.108091
vn 0.999427 0.0115061 0.0318293
vn 0.994566 0.014417 0.103105
vn 0.99862 0.0389827 0.0352031
vn 0.999367 0.00560476 0.0351307
vn 0.997799 -0.00194703 0.0662812
vn 0.99862 0.0389827 0.0352031
vn 0.99862 0.0389827 0.0352031
vn 0.998646 0.0492748 0.0166812
vn 0.999479 0.00150458 0.0322388
vn 0.999148 -0.00481562 -0.0409882
vn 0.999934 0.00619268 -0.00972514
vn 0.998906 0.0196933 0.0424239
vn 0.999715 0.0153447 -0.0182695
vn 0.997822 0.0242855 0.0613231
vn 0.999438 0.0199491 -0.0269564
vn 0.998177 0.0177096 0.0577049
vn 0.998965 0.0299411 -0.0342406
vn 0.999525 -0.000145119 0.0308093
vn 0.998081 0.0565294 -0.0252813
vn 0.984493 0.0896866 -0.150767
vn -0.671722 -0.5969 0.438748
vn -0.0704395 -0.792528 0.605754
vn -0.671722 -0.5969 0.438748
vn -0.671722 -0.5969 0.438748
vn -0.0704395 -0.792528 0.605754
vn -0.0704395 -0.792528 0.605754
vn 0.249462 -0.966866 0.0542113
vn -0.0704395 -0.792528 0.605754
vn -0.0704395 -0.792528 0.605754
vn -0.347229 -0.707305 0.615752
vn -0.0999638 -0.843385 0.527929
vn 0.0992519 -0.825489 0.555623
vn 0.0672434 -0.83098 0.552223
vn 0.246356 -0.735731 0.630878
vn -0.0291034 0.817645 0.574986
vn 0.246356 -0.735731 0.630878
vn 0.246356 -0.735731 0.630878
vn -0.320527 0.852547 0.412827
vn -0.175335 0.797864 0.576776
vn -0.175335 0.797864 0.576776
vn 0.0700926 -0.751471 0.656033
vn -0.175335 0.797864 0.576776
vn -0.175335 0.797864 0.576776
vn -0.175335 0.797864 0.576776
vn 0.743224 -0.539358 -0.395867
vn 0.743224 -0.539358 -0.395867
vn 0.743224 -0.539358 -0.395867
vn 0.743224 -0.539358 -0.395867
vn 0.743224 -0.539358 -0.395867
vn 0.743224 -0.539358 -0.395867
vn 0.175414 -0.00326632 -0.984489
vn 0.175414 -0.00326632 -0.984489
vn 0.175414 -0.00326632 -0.984489
vn 0.175414 -0.00326632 -0.984489
vn 0.175414 -0.00326632 -0.984489
vn 0.175414 -0.00326632 -0.984489
vn -0.18136 0.763733 0.619532
vn -0.18136 0.763733 0.619532
vn -0.18136 0.763733 0.619532
vn -0.519897 -0.127439 0.844669
vn -0.084895 -0.250851 0.964296
vn -0.0464598 -0.863135 -0.502832
vn 0.365811 -0.66112 0.65506
vn -0.112932 0.690827 0.714146
vn 0.0769492 -0.975713 -0.205095
vn 0.0340372 0.460132 0.887198
vn -0.0547007 0.628409 0.775958
vn -0.104622 -0.983819 -0.145445
vn -0.175878 0.487281 0.855351
vn -0.999044 1.15002e-05 0.0437156
vn -0.999488 0.0316836 -0.00457468
vn -0.999044 1.15002e-05 0.0437156
vn -0.999044 1.15002e-05 0.0437156
vn -0.999488 0.0316836 -0.00457468
vn -0.999488 0.0316836 -0.00457468
vn -0.99864 0.0520374 -0.00334727
vn -0.999488 0.0316836 -0.00457468
vn -0.999488 0.0316836 -0.00457468
vn -0.0440808 0.953657 -0.297651
vn -0.0440808 0.953657 -0.297651
vn -0.0440808 0.953657 -0.297651
vn -0.0440808 0.953657 -0.297651
vn -0.0440808 0.953657 -0.297651
vn -0.0440808 0.953657 -0.297651
vn 0.223129 -0.973333 -0.05325
vn 0.223129 -0.973333 -0.05325
vn 0.223129 -0.973333 -0.05325
vn 0.223129 -0.973333 -0.05325
vn 0.223129 -0.973333 -0.05325
vn 0.223129 -0.973333 -0.05325
vn -0.806565 0.055281 0.588555
vn 0.994251 0.103201 0.0285482
vn -0.806565 0.055281 0.588555
vn -0.806565 0.055281 0.588555
vn -0.629786 -0.776323 -0.0262845
vn -0.305014 -0.0643059 -0.950174
vn 0.918283 0.395871 -0.00657911
vn -0.735153 -0.0175622 0.677674
vn -0.640212 0.0890784 0.763016
vn -0.277956 0.0794755 -0.9573
vn 0.719627 0.0404002 -0.693185
vn 0.698054 0.0916805 -0.710152
vn 0.719627 0.0404002 -0.693185
vn 0.719627 0.0404002 -0.693185
vn 0.719627 0.0404002 -0.693185
vn 0.719627 0.0404002 -0.693185
vn 0.143132 -0.985509 0.0910267
vn 0.143132 -0.985509 0.0910267
vn 0.143132 -0.985509 0.0910267
vn 0.143132 -0.985509 0.0910267
vn 0.143132 -0.985509 0.0910267
vn 0.143132 -0.985509 0.0910267
vn 0.970811 0.236195 0.0416905
vn 0.970811 0.236195 0.0416905
vn 0.970811 0.236195 0.0416905
vn 0.970811 0.236195 0.0416905
vn 0.970811 0.236195 0.0416905
vn 0.970811 0.236195 0.0416905
vn -0.679874 -0.0118356 -0.733233
vn -0.7574 -0.00712445 -0.652913
vn -0.841662 -0.0267808 -0.539341
vn -0.770947 -0.0633752 -0.633738
vn -0.124229 -0.0947134 0.987723
vn -0.124229 -0.0947134 0.987723
vn -0.145731 0.101582 0.984095
vn -0.145731 0.101582 0.984095
vn -0.158775 0.04791 0.986152
vn -0.126952 0.0227308 0.991648
vn -0.151703 0.470265 0.869389
vn -0.203028 -0.861946 0.464574
vn -0.166448 0.516703 0.839829
vn -0.184965 0.542363 0.819531
vn -0.292373 0.594009 0.749447
vn -0.235075 -0.861061 0.450903
vn -0.158815 0.586273 0.794394
vn -0.0614874 0.509641 0.858187
vn -0.105007 0.720419 0.685544
vn -0.10795 -0.909755 0.400865
vn -0.0487088 0.62873 0.776097
vn -0.134491 0.554847 0.82101
vn -0.134491 0.554847 0.82101
vn -0.176379 0.726908 0.663698
vn -0.00948807 -0.878799 0.477098
vn -0.0722845 0.587742 0.805813
vn -0.134491 0.554847 0.82101
vn -0.134491 0.554847 0.82101
vn -0.134491 0.554847 0.82101
vn 0.0461445 -0.926843 -0.372602
vn -0.117693 0.835038 0.537456
vn -0.17091 -0.320575 -0.931677
vn -0.17091 -0.320575 -0.931677
vn 0.153031 -0.60004 -0.785196
vn 0.120592 0.6559 0.745153
vn 0.0194034 -0.956755 -0.290248
vn 0.0868574 -0.448161 -0.889723
vn -0.212081 0.462714 0.860765
vn 0.0194034 -0.956755 -0.290248
vn 0.0194034 -0.956755 -0.290248
vn 0.0868574 -0.448161 -0.889723
vn 0.0868574 -0.448161 -0.889723
vn 0.0194034 -0.956755 -0.290248
vn 0.0868574 -0.448161 -0.889723
vn 0.0194034 -0.956755 -0.290248
vn 0.0868574 -0.448161 -0.889723
vn -0.975129 -0.106529 -0.194358
vn -0.975129 -0.106529 -0.194358
vn 0.412914 -0.907045 -0.0822926
vn 0.410259 -0.906555 0.0992273
vn -0.1372 0.0727474 0.987868
vn -0.1372 0.0727474 0.987868
vn 0.00850519 0.324263 0.945929
vn 0.314166 0.189848 -0.930192
vn 0.314165 0.189848 -0.930192
vn 0.0197777 0.997603 0.0663176
vn 0.0197777 0.997603 0.0663176
vn -0.097242 -0.395736 -0.913202
vn -0.097242 -0.395736 -0.913202
vn 0.86858 0.0248094 0.494928
vn 0.86858 0.0248094 0.494928
vn 0.0486724 -0.986318 0.157504
vn -0.150176 -0.861527 0.484993
vn -0.138903 -0.984993 0.102441
vn 0.215568 -0.220779 0.951203
vn 0.215568 -0.220779 0.951203
vn 0.613801 0.00457222 0.789448
vn 0.613801 0.00457222 0.789448
vn -0.008127 -0.824409 0.565936
vn -0.114414 -0.659848 0.742637
vn 0.11599 -0.943669 -0.309896
vn 0.11599 -0.943669 -0.309896
vn -0.659449 -0.0567286 -0.749606
vn 0.596365 0.0557022 0.800778
vn 0.637419 0.00845185 0.770471
vn 0.679403 0.0154019 0.733604
vn 0.899476 -0.435722 0.032998
vn 0.899476 -0.435722 0.032998
vn 0.0120915 -0.987196 0.159052
vn 0.180179 0.7807 -0.598367
vn 0.180179 0.7807 -0.598367
vn -0.230989 -0.338055 -0.912339
vn 0.0319474 -0.955982 0.291681
vn 0.0105413 -0.956803 0.290547
vn -0.0394228 -0.957733 0.284946
vn -0.00196457 -0.943557 0.331203
vn -0.465896 -0.543168 -0.698506
vn 0.185994 -0.969116 -0.161926
vn 0.185994 -0.969116 -0.161926
vn 0.845912 -0.0656634 0.529264
vn -0.500051 0.859969 0.101993
vn 0.443284 -0.590191 0.674665
vn 0.443284 -0.590191 0.674665
vn -0.0815115 0.549907 -0.831239
vn -0.987743 0.0145872 -0.155404
vn 0.834802 -0.0120842 -0.550417
vn 0.834802 -0.0120841 -0.550417
vn -0.0939685 0.716678 0.691045
vn -0.245029 0.915049 0.320384
vn -0.285753 0.94741 0.144085
vn -0.324914 0.48901 0.809506
vn -0.368953 0.92944 0.00387883
vn -0.368953 0.92944 0.00387883
vn -0.598077 -0.359367 0.716351
vn -0.598077 -0.359367 0.716351
vn 0.361247 0.770719 0.524875
vn 0.361247 0.770719 0.524875
vn 0.901668 -0.163182 0.400459
vn -0.311216 -0.854099 0.416725
vn -0.311216 -0.854099 0.416725
vn 0.0179346 0.99339 -0.113378
vn 0.0179347 0.99339 -0.113378
vn 0.172694 -0.920029 -0.351743
vn -0.101679 0.820968 0.561847
vn -0.101679 0.820969 0.561847
vn -0.605565 -0.773885 -0.185455
vn -0.605565 -0.773885 -0.185455
vn -0.0431119 -0.543531 0.838281
vn -0.0431119 -0.543531 0.838281
vn -0.306439 -0.0187437 0.951706
vn -0.306439 -0.0187438 0.951706
vn -0.0121033 -0.989968 -0.140771
vn -0.0121033 -0.989968 -0.140771
vn 0.934883 -0.341575 -0.0965482
vn 0.934883 -0.341575 -0.0965482
vn 0.899835 -0.127531 -0.417171
vn -0.869357 0.0355692 0.492903
vn -0.869357 0.0355692 0.492903
vn 0.233768 -0.922265 0.307863
vn 0.233768 -0.922265 0.307863
vn -0.882383 -0.0128657 -0.470356
vn -0.876999 -0.00192757 -0.480488
vn 0.883625 0.00469646 0.468171
vn 0.881338 -0.0126909 -0.472316
vn -0.853346 -0.131703 -0.504435
f 1//2 4//2 5//2 2//2 
f 1//5 7//5 8//5 4//5 
f 5//6 4//6 8//6 9//6 
f 10//7 11//7 2//7 5//7 
f 11//8 12//8 6//8 2//8 
f 13//9 8//9 7//9 14//9 
f 8//10 13//10 15//10 9//10 
f 9//11 16//11 17//11 5//11 
f 10//12 5//12 18//12 19//12 
f 20//13 21//13 13//13 14//13 
f 22//14 15//14 13//14 21//14 
f 24//16 25//16 16//16 9//16 
f 16//17 18//17 5//17 17//17 
f 26//18 19//18 18//18 27//18 
f 28//19 29//19 21//19 20//19 
f 30//20 31//20 15//20 22//20 
f 21//21 32//21 33//21 22//21 
f 25//25 27//25 18//25 16//25 
f 35//26 36//26 29//26 28//26 
f 29//27 33//27 32//27 21//27 
f 37//28 28//28 20//28 38//28 
f 40//30 30//30 22//30 33//30 
f 44//35 27//35 25//35 43//35 
f 35//36 45//36 46//36 36//36 
f 29//37 36//37 47//37 33//37 
f 48//38 35//38 28//38 37//38 
f 49//39 37//39 38//39 50//39 
f 40//42 52//42 51//42 30//42 
f 47//43 53//43 40//43 33//43 
f 56//49 45//49 35//49 48//49 
f 57//50 58//50 46//50 45//50 
f 60//53 48//53 37//53 49//53 
f 61//54 62//54 49//54 50//54 
f 51//55 63//55 64//55 31//55 
f 53//56 65//56 52//56 40//56 
f 51//57 52//57 66//57 63//57 
f 67//58 68//58 53//58 47//58 
f 64//61 69//61 55//61 42//61 
f 56//62 70//62 57//62 45//62 
f 60//63 71//63 56//63 48//63 
f 57//64 72//64 73//64 58//64 
f 58//65 74//65 75//65 46//65 
f 76//68 60//68 49//68 62//68 
f 77//69 62//69 61//69 78//69 
f 61//70 50//70 79//70 80//70 
f 63//71 81//71 69//71 64//71 
f 68//72 82//72 65//72 53//72 
f 83//73 66//73 52//73 65//73 
f 66//74 84//74 81//74 63//74 
f 75//75 85//75 68//75 67//75 
f 87//77 70//77 56//77 71//77 
f 88//78 72//78 57//78 70//78 
f 76//79 89//79 71//79 60//79 
f 72//80 90//80 91//80 73//80 
f 58//81 73//81 92//81 74//81 
f 74//82 93//82 85//82 75//82 
f 94//84 76//84 62//84 77//84 
f 78//85 61//85 80//85 95//85 
f 96//86 77//86 78//86 97//86 
f 81//87 98//87 99//87 69//87 
f 85//88 100//88 82//88 68//88 
f 83//90 102//90 84//90 66//90 
f 84//92 103//92 98//92 81//92 
f 105//95 88//95 70//95 87//95 
f 89//96 106//96 87//96 71//96 
f 88//97 107//97 90//97 72//97 
f 108//98 89//98 76//98 94//98 
f 90//99 109//99 110//99 91//99 
f 73//100 91//100 111//100 92//100 
f 92//101 112//101 93//101 74//101 
f 93//102 113//102 100//102 85//102 
f 114//103 94//103 77//103 96//103 
f 95//104 80//104 115//104 116//104 
f 99//106 98//106 118//106 119//106 
f 100//107 120//107 121//107 82//107 
f 102//110 122//110 103//110 84//110 
f 103//111 123//111 118//111 98//111 
f 125//114 107//114 88//114 105//114 
f 126//115 105//115 87//115 106//115 
f 108//116 127//116 106//116 89//116 
f 107//117 128//117 109//117 90//117 
f 129//118 108//118 94//118 114//118 
f 109//119 130//119 131//119 110//119 
f 110//120 132//120 111//120 91//120 
f 111//121 133//121 112//121 92//121 
f 112//122 134//122 113//122 93//122 
f 113//123 135//123 120//123 100//123 
f 118//127 139//127 140//127 119//127 
f 99//128 119//128 141//128 124//128 
f 120//129 142//129 143//129 121//129 
f 121//131 143//131 122//131 102//131 
f 122//132 144//132 123//132 103//132 
f 123//133 145//133 139//133 118//133 
f 124//134 146//134 147//134 104//134 
f 125//135 148//135 128//135 107//135 
f 149//136 125//136 105//136 126//136 
f 127//137 150//137 126//137 106//137 
f 129//138 151//138 127//138 108//138 
f 128//139 152//139 130//139 109//139 
f 153//140 129//140 114//140 154//140 
f 155//141 156//141 131//141 130//141 
f 110//142 131//142 157//142 132//142 
f 111//143 132//143 158//143 133//143 
f 112//144 133//144 159//144 134//144 
f 134//145 160//145 135//145 113//145 
f 135//146 161//146 142//146 120//146 
f 139//152 164//152 165//152 140//152 
f 119//153 140//153 166//153 141//153 
f 167//154 146//154 124//154 141//154 
f 142//155 168//155 169//155 143//155 
f 122//156 143//156 169//156 144//156 
f 144//157 170//157 145//157 123//157 
f 145//158 171//158 164//158 139//158 
f 149//160 173//160 148//160 125//160 
f 148//161 174//161 152//161 128//161 
f 150//162 175//162 149//162 126//162 
f 151//163 176//163 150//163 127//163 
f 177//164 151//164 129//164 153//164 
f 178//165 155//165 130//165 152//165 
f 179//166 153//166 154//166 180//166 
f 155//167 181//167 182//167 156//167 
f 131//168 156//168 183//168 157//168 
f 132//169 157//169 184//169 158//169 
f 158//170 185//170 159//170 133//170 
f 134//171 159//171 186//171 160//171 
f 160//172 187//172 161//172 135//172 
f 161//173 188//173 168//173 142//173 
f 193//180 165//180 164//180 194//180 
f 195//181 166//181 140//181 165//181 
f 167//182 141//182 166//182 196//182 
f 168//184 197//184 198//184 169//184 
f 144//185 169//185 198//185 170//185 
f 199//186 171//186 145//186 170//186 
f 171//187 200//187 194//187 164//187 
f 175//189 201//189 173//189 149//189 
f 202//190 174//190 148//190 173//190 
f 174//191 203//191 178//191 152//191 
f 204//192 175//192 150//192 176//192 
f 177//193 205//193 176//193 151//193 
f 206//194 177//194 153//194 179//194 
f 178//195 207//195 181//195 155//195 
f 209//197 210//197 179//197 180//197 
f 211//198 212//198 182//198 181//198 
f 156//199 182//199 213//199 183//199 
f 157//200 183//200 214//200 184//200 
f 158//201 184//201 215//201 185//201 
f 159//202 185//202 216//202 186//202 
f 160//203 186//203 217//203 187//203 
f 161//204 187//204 218//204 188//204 
f 188//205 219//205 197//205 168//205 
f 195//213 165//213 193//213 224//213 
f 193//214 194//214 225//214 226//214 
f 195//215 227//215 196//215 166//215 
f 228//216 167//216 196//216 229//216 
f 198//217 197//217 230//217 231//217 
f 198//218 231//218 199//218 170//218 
f 199//219 232//219 200//219 171//219 
f 233//220 225//220 194//220 200//220 
f 147//221 167//221 234//221 235//221 
f 204//222 236//222 201//222 175//222 
f 201//223 237//223 202//223 173//223 
f 202//224 238//224 203//224 174//224 
f 203//225 239//225 207//225 178//225 
f 205//226 240//226 204//226 176//226 
f 206//227 241//227 205//227 177//227 
f 242//228 206//228 179//228 210//228 
f 211//229 181//229 207//229 243//229 
f 244//231 210//231 209//231 245//231 
f 209//232 180//232 223//232 246//232 
f 211//233 247//233 248//233 212//233 
f 182//234 212//234 249//234 213//234 
f 183//235 213//235 250//235 214//235 
f 184//236 214//236 251//236 215//236 
f 185//237 215//237 252//237 216//237 
f 186//238 216//238 253//238 217//238 
f 187//239 217//239 254//239 218//239 
f 218//240 255//240 219//240 188//240 
f 256//241 197//241 219//241 255//241 
f 258//247 224//247 193//247 226//247 
f 195//248 224//248 259//248 227//248 
f 229//249 196//249 227//249 260//249 
f 261//250 228//250 229//250 262//250 
f 231//251 230//251 263//251 264//251 
f 199//252 231//252 264//252 232//252 
f 265//253 233//253 200//253 232//253 
f 266//254 234//254 167//254 267//254 
f 268//255 235//255 234//255 269//255 
f 44//256 147//256 235//256 270//256 
f 271//257 236//257 204//257 240//257 
f 236//258 272//258 237//258 201//258 
f 237//259 273//259 238//259 202//259 
f 238//260 274//260 239//260 203//260 
f 239//261 275//261 243//261 207//261 
f 241//262 276//262 240//262 205//262 
f 242//263 277//263 241//263 206//263 
f 278//264 242//264 210//264 244//264 
f 211//265 243//265 279//265 247//265 
f 280//266 245//266 209//266 246//266 
f 281//267 244//267 245//267 282//267 
f 283//268 246//268 223//268 222//268 
f 248//269 247//269 284//269 285//269 
f 212//270 248//270 286//270 249//270 
f 213//271 249//271 287//271 250//271 
f 214//272 250//272 288//272 251//272 
f 215//273 251//273 289//273 252//273 
f 216//274 252//274 290//274 253//274 
f 217//275 253//275 291//275 254//275 
f 218//276 254//276 292//276 255//276 
f 258//282 297//282 259//282 224//282 
f 298//283 260//283 227//283 259//283 
f 262//284 229//284 260//284 299//284 
f 261//285 262//285 300//285 301//285 
f 230//286 302//286 303//286 263//286 
f 263//287 304//287 305//287 264//287 
f 305//288 265//288 232//288 264//288 
f 261//289 269//289 234//289 266//289 
f 266//290 267//290 306//290 307//290 
f 308//291 270//291 235//291 268//291 
f 268//292 269//292 309//292 310//292 
f 44//293 311//293 312//293 147//293 
f 44//294 270//294 313//294 314//294 
f 271//295 315//295 272//295 236//295 
f 316//296 271//296 240//296 276//296 
f 317//297 273//297 237//297 272//297 
f 273//298 318//298 274//298 238//298 
f 319//299 275//299 239//299 274//299 
f 243//300 275//300 320//300 279//300 
f 321//301 276//301 241//301 277//301 
f 322//302 277//302 242//302 278//302 
f 323//303 278//303 244//303 281//303 
f 279//304 324//304 284//304 247//304 
f 325//305 282//305 245//305 280//305 
f 326//306 280//306 246//306 283//306 
f 327//307 281//307 282//307 328//307 
f 283//308 222//308 296//308 329//308 
f 330//309 331//309 285//309 284//309 
f 286//310 248//310 285//310 332//310 
f 249//311 286//311 333//311 287//311 
f 250//312 287//312 334//312 288//312 
f 251//313 288//313 335//313 289//313 
f 253//316 290//316 337//316 291//316 
f 291//317 338//317 292//317 254//317 
f 292//318 339//318 340//318 255//318 
f 298//325 259//325 297//325 344//325 
f 299//326 260//326 298//326 345//326 
f 262//327 299//327 346//327 300//327 
f 269//328 261//328 301//328 309//328 
f 347//329 303//329 302//329 340//329 
f 263//330 303//330 348//330 304//330 
f 349//331 350//331 306//331 267//331 
f 307//332 306//332 351//332 352//332 
f 353//333 313//333 270//333 308//333 
f 308//334 268//334 310//334 354//334 
f 44//335 314//335 355//335 311//335 
f 356//336 312//336 311//336 357//336 
f 147//337 312//337 358//337 359//337 
f 360//338 314//338 313//338 361//338 
f 271//339 316//339 362//339 315//339 
f 363//340 317//340 272//340 315//340 
f 364//341 316//341 276//341 321//341 
f 365//342 318//342 273//342 317//342 
f 366//343 319//343 274//343 318//343 
f 319//344 367//344 320//344 275//344 
f 368//345 324//345 279//345 320//345 
f 322//346 369//346 321//346 277//346 
f 323//347 370//347 322//347 278//347 
f 327//348 371//348 323//348 281//348 
f 324//349 372//349 330//349 284//349 
f 373//350 328//350 282//350 325//350 
f 325//351 280//351 326//351 374//351 
f 375//352 326//352 283//352 329//352 
f 376//353 327//353 328//353 377//353 
f 378//354 329//354 296//354 379//354 
f 380//355 381//355 331//355 330//355 
f 332//356 285//356 331//356 382//356 
f 333//357 286//357 332//357 383//357 
f 287//358 333//358 384//358 334//358 
f 334//359 385//359 335//359 288//359 
f 289//360 335//360 386//360 387//360 
f 291//364 337//364 390//364 338//364 
f 292//365 338//365 391//365 339//365 
f 347//366 340//366 339//366 392//366 
f 256//368 341//368 393//368 394//368 
f 395//372 345//372 298//372 344//372 
f 309//373 301//373 396//373 397//373 
f 349//374 398//374 399//374 350//374 
f 350//375 400//375 351//375 306//375 
f 401//376 361//376 313//376 353//376 
f 353//377 308//377 354//377 402//377 
f 360//378 403//378 355//378 314//378 
f 355//379 404//379 357//379 311//379 
f 358//380 312//380 356//380 405//380 
f 406//381 356//381 357//381 407//381 
f 349//382 408//382 359//382 358//382 
f 409//383 410//383 360//383 361//383 
f 364//384 411//384 362//384 316//384 
f 362//385 412//385 363//385 315//385 
f 363//386 413//386 365//386 317//386 
f 369//387 414//387 364//387 321//387 
f 365//388 415//388 366//388 318//388 
f 366//389 416//389 367//389 319//389 
f 417//390 368//390 320//390 367//390 
f 368//391 418//391 419//391 324//391 
f 420//392 369//392 322//392 370//392 
f 421//393 370//393 323//393 371//393 
f 376//394 422//394 371//394 327//394 
f 380//396 330//396 372//396 424//396 
f 425//397 377//397 328//397 373//397 
f 373//398 325//398 374//398 426//398 
f 427//399 374//399 326//399 375//399 
f 375//400 329//400 378//400 428//400 
f 429//401 378//401 379//401 430//401 
f 380//402 431//402 432//402 381//402 
f 381//403 433//403 382//403 331//403 
f 332//404 382//404 434//404 383//404 
f 333//405 383//405 435//405 384//405 
f 334//406 384//406 436//406 385//406 
f 335//407 385//407 437//407 386//407 
f 387//408 386//408 438//408 439//408 
f 337//412 439//412 440//412 390//412 
f 338//413 390//413 441//413 391//413 
f 392//414 339//414 391//414 442//414 
f 341//415 443//415 444//415 393//415 
f 394//416 393//416 444//416 445//416 
f 394//417 446//417 447//417 256//417 
f 301//419 448//419 449//419 396//419 
f 398//420 349//420 358//420 405//420 
f 450//421 451//421 399//421 398//421 
f 399//422 452//422 400//422 350//422 
f 453//423 409//423 361//423 401//423 
f 401//424 353//424 402//424 454//424 
f 402//425 354//425 455//425 456//425 
f 457//426 403//426 360//426 410//426 
f 403//427 458//427 404//427 355//427 
f 459//428 407//428 357//428 404//428 
f 406//429 460//429 405//429 356//429 
f 461//430 462//430 406//430 407//430 
f 463//431 464//431 410//431 409//431 
f 414//432 465//432 411//432 364//432 
f 466//433 412//433 362//433 411//433 
f 467//434 413//434 363//434 412//434 
f 413//435 468//435 415//435 365//435 
f 369//436 469//436 470//436 414//436 
f 415//437 471//437 416//437 366//437 
f 417//438 367//438 416//438 472//438 
f 417//439 473//439 418//439 368//439 
f 418//440 474//440 475//440 419//440 
f 421//443 477//443 420//443 370//443 
f 422//444 478//444 421//444 371//444 
f 424//446 372//446 419//446 475//446 
f 380//447 424//447 479//447 431//447 
f 425//448 373//448 426//448 480//448 
f 481//449 426//449 374//449 427//449 
f 427//450 375//450 428//450 482//450 
f 428//451 378//451 429//451 483//451 
f 379//452 342//452 484//452 430//452 
f 429//453 430//453 485//453 486//453 
f 431//454 487//454 488//454 432//454 
f 489//455 433//455 381//455 432//455 
f 490//456 434//456 382//456 433//456 
f 491//457 435//457 383//457 434//457 
f 384//458 435//458 492//458 436//458 
f 436//459 493//459 437//459 385//459 
f 437//460 494//460 438//460 386//460 
f 439//461 438//461 495//461 440//461 
f 440//464 496//464 441//464 390//464 
f 497//465 442//465 391//465 441//465 
f 394//467 445//467 499//467 500//467 
f 447//469 446//469 500//469 502//469 
f 256//470 447//470 503//470 504//470 
f 448//471 505//471 506//471 449//471 
f 398//472 405//472 460//472 450//472 
f 450//473 507//473 508//473 451//473 
f 399//474 451//474 509//474 452//474 
f 463//475 409//475 453//475 510//475 
f 453//476 401//476 454//476 511//476 
f 454//477 402//477 456//477 512//477 
f 457//478 513//478 458//478 403//478 
f 464//479 514//479 457//479 410//479 
f 459//480 404//480 458//480 515//480 
f 459//481 516//481 461//481 407//481 
f 406//482 462//482 517//482 460//482 
f 461//483 518//483 519//483 462//483 
f 520//484 521//484 464//484 463//484 
f 414//485 470//485 522//485 465//485 
f 465//486 523//486 466//486 411//486 
f 466//487 524//487 467//487 412//487 
f 467//488 525//488 468//488 413//488 
f 468//489 526//489 471//489 415//489 
f 469//491 527//491 528//491 470//491 
f 529//492 472//492 416//492 471//492 
f 417//493 472//493 530//493 473//493 
f 473//494 531//494 474//494 418//494 
f 532//495 533//495 475//495 474//495 
f 421//497 478//497 534//497 477//497 
f 424//498 475//498 533//498 479//498 
f 535//499 487//499 431//499 479//499 
f 480//500 426//500 481//500 536//500 
f 481//501 427//501 482//501 537//501 
f 428//502 483//502 538//502 482//502 
f 483//503 429//503 486//503 539//503 
f 485//504 430//504 484//504 540//504 
f 541//505 486//505 485//505 542//505 
f 488//506 487//506 543//506 544//506 
f 489//507 432//507 488//507 545//507 
f 489//508 546//508 490//508 433//508 
f 491//509 434//509 490//509 547//509 
f 492//510 435//510 491//510 548//510 
f 436//511 492//511 549//511 493//511 
f 550//512 494//512 437//512 493//512 
f 494//513 551//513 495//513 438//513 
f 440//514 495//514 552//514 496//514 
f 496//515 553//515 497//515 441//515 
f 556//518 500//518 499//518 557//518 
f 502//521 500//521 556//521 558//521 
f 447//522 502//522 559//522 503//522 
f 560//523 561//523 504//523 503//523 
f 448//524 562//524 563//524 505//524 
f 506//525 505//525 564//525 565//525 
f 450//526 460//526 517//526 507//526 
f 566//527 567//527 508//527 507//527 
f 508//528 568//528 509//528 451//528 
f 453//529 511//529 569//529 510//529 
f 520//530 463//530 510//530 570//530 
f 571//531 511//531 454//531 512//531 
f 514//532 572//532 513//532 457//532 
f 513//533 573//533 515//533 458//533 
f 521//534 574//534 514//534 464//534 
f 459//535 515//535 575//535 516//535 
f 461//536 516//536 576//536 518//536 
f 519//537 577//537 517//537 462//537 
f 519//538 518//538 578//538 579//538 
f 580//539 581//539 521//539 520//539 
f 470//540 528//540 582//540 522//540 
f 465//541 522//541 583//541 523//541 
f 523//542 584//542 524//542 466//542 
f 524//543 585//543 525//543 467//543 
f 525//544 586//544 526//544 468//544 
f 529//545 471//545 526//545 587//545 
f 528//547 527//547 588//547 589//547 
f 529//548 590//548 530//548 472//548 
f 473//549 530//549 591//549 531//549 
f 531//550 592//550 532//550 474//550 
f 593//551 594//551 533//551 532//551 
f 535//553 479//553 533//553 594//553 
f 595//554 543//554 487//554 535//554 
f 536//555 481//555 537//555 596//555 
f 537//556 482//556 538//556 597//556 
f 598//557 538//557 483//557 539//557 
f 599//558 539//558 486//558 541//558 
f 484//559 600//559 601//559 540//559 
f 485//560 540//560 602//560 542//560 
f 541//561 542//561 603//561 604//561 
f 605//562 544//562 543//562 606//562 
f 607//563 545//563 488//563 544//563 
f 489//564 545//564 608//564 546//564 
f 609//565 547//565 490//565 546//565 
f 491//566 547//566 610//566 548//566 
f 611//567 549//567 492//567 548//567 
f 550//568 493//568 549//568 612//568 
f 550//569 613//569 551//569 494//569 
f 495//570 551//570 614//570 552//570 
f 496//571 552//571 615//571 553//571 
f 341//572 616//572 617//572 554//572 
f 618//575 556//575 557//575 619//575 
f 618//576 568//576 558//576 556//576 
f 502//577 558//577 567//577 559//577 
f 560//578 503//578 559//578 620//578 
f 621//579 622//579 561//579 560//579 
f 623//580 624//580 504//580 561//580 
f 625//581 564//581 505//581 563//581 
f 564//582 626//582 627//582 565//582 
f 507//583 517//583 577//583 566//583 
f 620//584 559//584 567//584 566//584 
f 508//585 567//585 558//585 568//585 
f 628//586 509//586 568//586 618//586 
f 511//587 571//587 629//587 569//587 
f 569//588 630//588 570//588 510//588 
f 631//589 580//589 520//589 570//589 
f 514//590 574//590 632//590 572//590 
f 633//591 573//591 513//591 572//591 
f 634//592 575//592 515//592 573//592 
f 635//593 574//593 521//593 581//593 
f 636//594 576//594 516//594 575//594 
f 637//595 578//595 518//595 576//595 
f 519//596 579//596 638//596 577//596 
f 639//597 640//597 579//597 578//597 
f 641//598 642//598 581//598 580//598 
f 528//599 589//599 643//599 582//599 
f 583//600 522//600 582//600 644//600 
f 523//601 583//601 645//601 584//601 
f 584//602 646//602 585//602 524//602 
f 585//603 647//603 586//603 525//603 
f 526//604 586//604 648//604 587//604 
f 529//605 587//605 649//605 590//605 
f 650//606 588//606 527//606 477//606 
f 590//607 651//607 591//607 530//607 
f 652//608 592//608 531//608 591//608 
f 593//609 532//609 592//609 653//609 
f 593//610 654//610 655//610 594//610 
f 595//611 535//611 594//611 655//611 
f 595//612 656//612 606//612 543//612 
f 657//613 596//613 537//613 597//613 
f 658//614 597//614 538//614 598//614 
f 598//615 539//615 599//615 659//615 
f 599//616 541//616 604//616 660//616 
f 661//617 662//617 601//617 600//617 
f 602//618 540//618 601//618 663//618 
f 603//619 542//619 602//619 664//619 
f 665//620 604//620 603//620 666//620 
f 607//621 544//621 605//621 667//621 
f 605//622 606//622 668//622 669//622 
f 608//623 545//623 607//623 670//623 
f 608//624 671//624 609//624 546//624 
f 609//625 672//625 610//625 547//625 
f 611//626 548//626 610//626 673//626 
f 611//627 674//627 612//627 549//627 
f 550//628 612//628 675//628 613//628 
f 551//629 613//629 676//629 677//629 
f 552//631 614//631 679//631 615//631 
f 617//632 680//632 681//632 555//632 
f 618//633 619//633 682//633 628//633 
f 560//634 620//634 638//634 621//634 
f 640//635 683//635 622//635 621//635 
f 623//636 561//636 622//636 684//636 
f 625//638 686//638 395//638 564//638 
f 638//640 620//640 566//640 577//640 
f 569//641 629//641 688//641 630//641 
f 631//642 570//642 630//642 689//642 
f 641//643 580//643 631//643 690//643 
f 691//644 632//644 574//644 635//644 
f 692//645 633//645 572//645 632//645 
f 693//646 634//646 573//646 633//646 
f 634//647 694//647 636//647 575//647 
f 642//648 695//648 635//648 581//648 
f 636//649 696//649 637//649 576//649 
f 639//650 578//650 637//650 697//650 
f 640//651 621//651 638//651 579//651 
f 639//652 698//652 683//652 640//652 
f 699//653 700//653 642//653 641//653 
f 701//654 644//654 582//654 643//654 
f 583//655 644//655 702//655 645//655 
f 584//656 645//656 703//656 646//656 
f 646//657 704//657 647//657 585//657 
f 705//658 648//658 586//658 647//658 
f 649//659 587//659 648//659 706//659 
f 649//660 707//660 651//660 590//660 
f 652//661 591//661 651//661 708//661 
f 652//662 709//662 653//662 592//662 
f 593//663 653//663 710//663 654//663 
f 711//664 655//664 654//664 712//664 
f 595//665 655//665 711//665 656//665 
f 713//666 668//666 606//666 656//666 
f 714//667 657//667 597//667 658//667 
f 658//668 598//668 659//668 715//668 
f 659//669 599//669 660//669 716//669 
f 660//670 604//670 665//670 717//670 
f 695//671 662//671 661//671 718//671 
f 663//672 601//672 662//672 700//672 
f 661//673 600//673 719//673 720//673 
f 721//674 664//674 602//674 663//674 
f 666//675 603//675 664//675 722//675 
f 665//676 666//676 723//676 724//676 
f 667//677 605//677 669//677 725//677 
f 607//678 667//678 726//678 670//678 
f 727//679 669//679 668//679 728//679 
f 608//680 670//680 729//680 671//680 
f 609//681 671//681 730//681 672//681 
f 610//682 672//682 731//682 673//682 
f 611//683 673//683 732//683 674//683 
f 675//684 612//684 674//684 733//684 
f 613//685 675//685 734//685 676//685 
f 735//686 736//686 677//686 676//686 
f 677//689 736//689 679//689 614//689 
f 737//690 738//690 681//690 680//690 
f 739//691 628//691 682//691 740//691 
f 684//692 622//692 683//692 741//692 
f 742//693 743//693 623//693 684//693 
f 745//696 746//696 686//696 625//696 
f 689//699 630//699 688//699 747//699 
f 631//700 689//700 748//700 690//700 
f 699//701 641//701 690//701 749//701 
f 691//702 750//702 692//702 632//702 
f 695//703 718//703 691//703 635//703 
f 692//704 751//704 693//704 633//704 
f 693//705 752//705 694//705 634//705 
f 636//706 694//706 753//706 696//706 
f 642//707 700//707 662//707 695//707 
f 696//708 754//708 697//708 637//708 
f 639//709 697//709 755//709 698//709 
f 756//710 741//710 683//710 698//710 
f 721//711 663//711 700//711 699//711 
f 701//712 757//712 702//712 644//712 
f 645//713 702//713 758//713 703//713 
f 705//716 647//716 704//716 760//716 
f 705//717 761//717 706//717 648//717 
f 649//718 706//718 762//718 707//718 
f 707//719 763//719 708//719 651//719 
f 652//720 708//720 764//720 709//720 
f 765//721 710//721 653//721 709//721 
f 654//722 710//722 766//722 712//722 
f 767//723 768//723 711//723 712//723 
f 768//724 713//724 656//724 711//724 
f 769//725 728//725 668//725 713//725 
f 714//726 658//726 715//726 770//726 
f 771//727 715//727 659//727 716//727 
f 716//728 660//728 717//728 772//728 
f 717//729 665//729 724//729 773//729 
f 718//730 661//730 720//730 774//730 
f 775//731 720//731 719//731 776//731 
f 721//732 777//732 722//732 664//732 
f 666//733 722//733 778//733 723//733 
f 727//734 779//734 725//734 669//734 
f 667//735 725//735 780//735 726//735 
f 781//736 729//736 670//736 726//736 
f 727//737 728//737 782//737 783//737 
f 784//738 730//738 671//738 729//738 
f 785//739 731//739 672//739 730//739 
f 732//740 673//740 731//740 786//740 
f 674//741 732//741 787//741 733//741 
f 788//742 734//742 675//742 733//742 
f 735//743 676//743 734//743 789//743 
f 737//744 790//744 791//744 738//744 
f 792//745 793//745 739//745 740//745 
f 794//746 742//746 684//746 741//746 
f 742//747 795//747 796//747 743//747 
f 745//750 798//750 799//750 746//750 
f 746//751 800//751 801//751 686//751 
f 749//752 690//752 748//752 802//752 
f 721//753 699//753 749//753 777//753 
f 718//754 774//754 750//754 691//754 
f 803//755 751//755 692//755 750//755 
f 804//756 752//756 693//756 751//756 
f 753//757 694//757 752//757 805//757 
f 806//758 754//758 696//758 753//758 
f 754//759 807//759 755//759 697//759 
f 808//760 756//760 698//760 755//760 
f 794//761 741//761 756//761 809//761 
f 810//762 811//762 757//762 701//762 
f 757//763 812//763 813//763 702//763 
f 758//764 702//764 813//764 814//764 
f 703//765 758//765 814//765 815//765 
f 703//767 815//767 760//767 704//767 
f 705//768 760//768 816//768 761//768 
f 817//769 762//769 706//769 761//769 
f 818//770 763//770 707//770 762//770 
f 763//771 819//771 764//771 708//771 
f 820//772 765//772 709//772 764//772 
f 765//773 821//773 766//773 710//773 
f 767//774 712//774 766//774 822//774 
f 767//775 823//775 824//775 768//775 
f 769//776 713//776 768//776 824//776 
f 769//777 825//777 782//777 728//777 
f 770//778 715//778 771//778 826//778 
f 771//779 716//779 772//779 827//779 
f 772//780 717//780 773//780 828//780 
f 775//781 829//781 774//781 720//781 
f 830//782 831//782 775//782 776//782 
f 777//783 832//783 778//783 722//783 
f 727//784 783//784 833//784 779//784 
f 834//785 780//785 725//785 779//785 
f 835//786 781//786 726//786 780//786 
f 784//787 729//787 781//787 836//787 
f 782//788 837//788 838//788 783//788 
f 784//789 839//789 785//789 730//789 
f 840//790 786//790 731//790 785//790 
f 841//791 787//791 732//791 786//791 
f 788//792 733//792 787//792 842//792 
f 788//793 843//793 789//793 734//793 
f 844//794 845//794 735//794 789//794 
f 846//795 790//795 737//795 847//795 
f 846//796 848//796 791//796 790//796 
f 740//797 849//797 850//797 792//797 
f 794//798 851//798 795//798 742//798 
f 743//799 796//799 852//799 797//799 
f 850//800 849//800 799//800 798//800 
f 777//803 749//803 802//803 832//803 
f 829//804 803//804 750//804 774//804 
f 803//805 854//805 804//805 751//805 
f 804//806 855//806 805//806 752//806 
f 806//807 753//807 805//807 856//807 
f 806//808 857//808 807//808 754//808 
f 858//809 808//809 755//809 807//809 
f 859//810 809//810 756//810 808//810 
f 860//811 851//811 794//811 809//811 
f 811//812 861//812 812//812 757//812 
f 815//813 814//813 813//813 862//813 
f 815//814 862//814 816//814 760//814 
f 817//815 761//815 816//815 863//815 
f 817//816 864//816 818//816 762//816 
f 818//817 865//817 819//817 763//817 
f 820//818 764//818 819//818 866//818 
f 820//819 867//819 821//819 765//819 
f 822//820 766//820 821//820 868//820 
f 767//821 822//821 869//821 823//821 
f 823//822 870//822 871//822 824//822 
f 769//823 824//823 871//823 825//823 
f 872//824 837//824 782//824 825//824 
f 771//825 827//825 873//825 826//825 
f 775//826 831//826 874//826 829//826 
f 830//827 875//827 876//827 831//827 
f 877//828 833//828 783//828 838//828 
f 834//829 779//829 833//829 878//829 
f 835//830 780//830 834//830 879//830 
f 835//831 880//831 836//831 781//831 
f 784//832 836//832 881//832 839//832 
f 837//833 882//833 883//833 838//833 
f 884//834 840//834 785//834 839//834 
f 841//835 786//835 840//835 885//835 
f 842//836 787//836 841//836 886//836 
f 788//837 842//837 887//837 843//837 
f 844//838 789//838 843//838 888//838 
f 844//839 889//839 890//839 845//839 
f 735//840 845//840 891//840 892//840 
f 892//841 891//841 848//841 846//841 
f 798//842 893//842 792//842 850//842 
f 851//843 894//843 895//843 795//843 
f 829//845 874//845 854//845 803//845 
f 896//846 855//846 804//846 854//846 
f 897//847 856//847 805//847 855//847 
f 806//848 856//848 898//848 857//848 
f 899//849 858//849 807//849 857//849 
f 859//850 808//850 858//850 900//850 
f 901//851 860//851 809//851 859//851 
f 860//852 902//852 894//852 851//852 
f 862//853 813//853 903//853 904//853 
f 862//854 904//854 863//854 816//854 
f 905//855 864//855 817//855 863//855 
f 906//856 865//856 818//856 864//856 
f 866//857 819//857 865//857 907//857 
f 820//858 866//858 908//858 867//858 
f 867//859 909//859 868//859 821//859 
f 869//860 822//860 868//860 910//860 
f 869//861 911//861 870//861 823//861 
f 870//862 912//862 913//862 871//862 
f 872//863 825//863 871//863 913//863 
f 872//864 914//864 882//864 837//864 
f 876//865 915//865 874//865 831//865 
f 875//866 916//866 917//866 876//866 
f 877//867 918//867 878//867 833//867 
f 877//868 838//868 883//868 919//868 
f 834//869 878//869 920//869 879//869 
f 835//870 879//870 921//870 880//870 
f 881//871 836//871 880//871 922//871 
f 884//872 839//872 881//872 923//872 
f 924//873 925//873 883//873 882//873 
f 884//874 926//874 885//874 840//874 
f 841//875 885//875 927//875 886//875 
f 842//876 886//876 928//876 887//876 
f 929//877 888//877 843//877 887//877 
f 844//878 888//878 930//878 889//878 
f 931//879 890//879 889//879 932//879 
f 915//880 896//880 854//880 874//880 
f 933//881 897//881 855//881 896//881 
f 897//882 934//882 898//882 856//882 
f 899//883 857//883 898//883 935//883 
f 899//884 936//884 900//884 858//884 
f 937//885 901//885 859//885 900//885 
f 901//886 938//886 902//886 860//886 
f 903//887 813//887 939//887 940//887 
f 904//888 903//888 941//888 942//888 
f 904//889 942//889 905//889 863//889 
f 906//891 944//891 907//891 865//891 
f 945//892 906//892 864//892 946//892 
f 866//893 907//893 947//893 908//893 
f 948//894 909//894 867//894 908//894 
f 949//895 910//895 868//895 909//895 
f 869//896 910//896 950//896 911//896 
f 870//897 911//897 951//897 912//897 
f 952//898 953//898 913//898 912//898 
f 872//899 913//899 953//899 914//899 
f 924//900 882//900 914//900 954//900 
f 917//901 955//901 915//901 876//901 
f 956//902 916//902 875//902 189//902 
f 957//903 958//903 917//903 916//903 
f 877//904 919//904 959//904 918//904 
f 918//905 960//905 920//905 878//905 
f 919//906 883//906 925//906 961//906 
f 921//907 879//907 920//907 962//907 
f 921//908 963//908 922//908 880//908 
f 884//911 923//911 965//911 926//911 
f 924//912 966//912 967//912 925//912 
f 968//913 927//913 885//913 926//913 
f 969//914 928//914 886//914 927//914 
f 929//915 887//915 928//915 970//915 
f 929//916 971//916 930//916 888//916 
f 972//917 932//917 889//917 930//917 
f 931//918 932//918 973//918 974//918 
f 955//919 933//919 896//919 915//919 
f 933//920 975//920 934//920 897//920 
f 935//921 898//921 934//921 976//921 
f 899//922 935//922 977//922 936//922 
f 936//923 978//923 937//923 900//923 
f 937//924 979//924 938//924 901//924 
f 980//925 981//925 902//925 938//925 
f 942//927 983//927 946//927 905//927 
f 945//930 984//930 944//930 906//930 
f 985//931 947//931 907//931 944//931 
f 987//933 948//933 908//933 947//933 
f 948//934 988//934 949//934 909//934 
f 949//935 989//935 950//935 910//935 
f 990//936 951//936 911//936 950//936 
f 952//937 912//937 951//937 991//937 
f 952//938 992//938 993//938 953//938 
f 993//939 954//939 914//939 953//939 
f 924//940 954//940 994//940 966//940 
f 958//941 995//941 955//941 917//941 
f 996//942 957//942 916//942 956//942 
f 957//943 997//943 998//943 958//943 
f 999//944 959//944 919//944 961//944 
f 918//945 959//945 1000//945 960//945 
f 1001//946 962//946 920//946 960//946 
f 961//947 925//947 967//947 1002//947 
f 923//952 1005//952 1006//952 965//952 
f 965//953 1007//953 968//953 926//953 
f 966//954 1008//954 1009//954 967//954 
f 969//955 927//955 968//955 1010//955 
f 969//956 1011//956 970//956 928//956 
f 929//957 970//957 1012//957 971//957 
f 972//958 930//958 971//958 1013//958 
f 972//959 1014//959 973//959 932//959 
f 1015//960 974//960 973//960 1016//960 
f 955//961 995//961 975//961 933//961 
f 975//962 1017//962 976//962 934//962 
f 935//963 976//963 1018//963 977//963 
f 936//964 977//964 1019//964 978//964 
f 937//965 978//965 1020//965 979//965 
f 1021//966 980//966 938//966 979//966 
f 980//967 1022//967 1023//967 981//967 
f 942//970 1024//970 1025//970 983//970 
f 1026//972 1027//972 984//972 945//972 
f 984//973 1028//973 985//973 944//973 
f 985//974 1029//974 987//974 947//974 
f 988//976 948//976 987//976 1030//976 
f 988//977 1031//977 989//977 949//977 
f 990//978 950//978 989//978 1032//978 
f 990//979 1033//979 991//979 951//979 
f 952//980 991//980 1034//980 992//980 
f 1035//981 993//981 992//981 1036//981 
f 994//982 954//982 993//982 1035//982 
f 994//983 1037//983 1008//983 966//983 
f 958//984 998//984 1038//984 995//984 
f 1039//985 997//985 957//985 996//985 
f 1040//986 1041//986 998//986 997//986 
f 999//987 1042//987 1000//987 959//987 
f 999//988 961//988 1002//988 1043//988 
f 1044//989 1001//989 960//989 1000//989 
f 1045//990 962//990 1001//990 1046//990 
f 1002//991 967//991 1009//991 1047//991 
f 1004//995 1048//995 1005//995 923//995 
f 1049//996 1006//996 1005//996 1050//996 
f 965//997 1006//997 1051//997 1007//997 
f 968//998 1007//998 1052//998 1010//998 
f 1053//999 1009//999 1008//999 1054//999 
f 969//1000 1010//1000 1055//1000 1011//1000 
f 1012//1001 970//1001 1011//1001 1056//1001 
f 1013//1002 971//1002 1012//1002 1057//1002 
f 972//1003 1013//1003 1058//1003 1014//1003 
f 1014//1004 1059//1004 1016//1004 973//1004 
f 1060//1005 1061//1005 974//1005 1015//1005 
f 1015//1006 1016//1006 1062//1006 1063//1006 
f 1038//1007 1017//1007 975//1007 995//1007 
f 1017//1008 1064//1008 1018//1008 976//1008 
f 1065//1009 1019//1009 977//1009 1018//1009 
f 1066//1010 1020//1010 978//1010 1019//1010 
f 1067//1011 1021//1011 979//1011 1020//1011 
f 1021//1012 1068//1012 1022//1012 980//1012 
f 985//1014 1028//1014 1069//1014 1029//1014 
f 987//1015 1029//1015 1070//1015 1030//1015 
f 988//1017 1071//1017 1072//1017 1031//1017 
f 1032//1018 989//1018 1031//1018 1073//1018 
f 990//1019 1032//1019 1074//1019 1033//1019 
f 1075//1020 1034//1020 991//1020 1033//1020 
f 1076//1021 1036//1021 992//1021 1034//1021 
f 1077//1022 1078//1022 1035//1022 1036//1022 
f 994//1023 1035//1023 1078//1023 1037//1023 
f 1037//1024 1079//1024 1054//1024 1008//1024 
f 998//1025 1041//1025 1080//1025 1038//1025 
f 1039//1026 1081//1026 1040//1026 997//1026 
f 1082//1027 1083//1027 1041//1027 1040//1027 
f 999//1028 1043//1028 1084//1028 1042//1028 
f 1044//1029 1000//1029 1042//1029 1085//1029 
f 1043//1030 1002//1030 1047//1030 1086//1030 
f 1044//1031 1087//1031 1046//1031 1001//1031 
f 1088//1032 1045//1032 1046//1032 1089//1032 
f 1053//1033 1090//1033 1047//1033 1009//1033 
f 1048//1035 1004//1035 1050//1035 1005//1035 
f 1049//1036 1091//1036 1051//1036 1006//1036 
f 1049//1037 1050//1037 1088//1037 1092//1037 
f 1093//1038 1052//1038 1007//1038 1051//1038 
f 1094//1039 1055//1039 1010//1039 1052//1039 
f 1095//1040 1053//1040 1054//1040 1096//1040 
f 1055//1041 1097//1041 1056//1041 1011//1041 
f 1098//1042 1057//1042 1012//1042 1056//1042 
f 1099//1043 1058//1043 1013//1043 1057//1043 
f 1058//1044 1100//1044 1059//1044 1014//1044 
f 1016//1045 1059//1045 1101//1045 1062//1045 
f 1102//1046 1060//1046 1015//1046 1063//1046 
f 1063//1047 1062//1047 1103//1047 1104//1047 
f 1038//1048 1080//1048 1064//1048 1017//1048 
f 1064//1049 1105//1049 1065//1049 1018//1049 
f 1066//1050 1019//1050 1065//1050 1106//1050 
f 1066//1051 1107//1051 1067//1051 1020//1051 
f 1067//1052 1108//1052 1068//1052 1021//1052 
f 1068//1053 1109//1053 1110//1053 1022//1053 
f 1069//1054 1111//1054 1070//1054 1029//1054 
f 1026//1055 1025//1055 1112//1055 1113//1055 
f 1073//1058 1031//1058 1116//1058 1117//1058 
f 1032//1059 1073//1059 1118//1059 1074//1059 
f 1075//1060 1033//1060 1074//1060 1119//1060 
f 1075//1061 1120//1061 1076//1061 1034//1061 
f 1077//1062 1036//1062 1076//1062 1121//1062 
f 1078//1064 1123//1064 1079//1064 1037//1064 
f 1124//1065 1096//1065 1054//1065 1079//1065 
f 1041//1066 1083//1066 1125//1066 1080//1066 
f 1082//1067 1040//1067 1081//1067 1126//1067 
f 1082//1068 1127//1068 1128//1068 1083//1068 
f 1084//1069 1043//1069 1086//1069 1129//1069 
f 1084//1070 1130//1070 1085//1070 1042//1070 
f 1131//1071 1087//1071 1044//1071 1085//1071 
f 1090//1072 1132//1072 1086//1072 1047//1072 
f 1133//1073 1089//1073 1046//1073 1087//1073 
f 1050//1074 1004//1074 1045//1074 1088//1074 
f 1088//1075 1089//1075 1134//1075 1092//1075 
f 1095//1076 1135//1076 1090//1076 1053//1076 
f 1049//1077 1092//1077 1136//1077 1091//1077 
f 1091//1078 1137//1078 1093//1078 1051//1078 
f 1093//1079 1138//1079 1094//1079 1052//1079 
f 1094//1080 1139//1080 1097//1080 1055//1080 
f 1095//1081 1096//1081 1140//1081 1141//1081 
f 1098//1082 1056//1082 1097//1082 1142//1082 
f 1099//1083 1057//1083 1098//1083 1143//1083 
f 1099//1084 1144//1084 1100//1084 1058//1084 
f 1100//1085 1145//1085 1101//1085 1059//1085 
f 1101//1086 1146//1086 1103//1086 1062//1086 
f 1147//1087 1102//1087 1063//1087 1104//1087 
f 1148//1088 1149//1088 1104//1088 1103//1088 
f 1125//1089 1105//1089 1064//1089 1080//1089 
f 1105//1090 1150//1090 1106//1090 1065//1090 
f 1151//1091 1107//1091 1066//1091 1106//1091 
f 1152//1092 1108//1092 1067//1092 1107//1092 
f 1108//1093 1153//1093 1109//1093 1068//1093 
f 1026//1094 1113//1094 1154//1094 1155//1094 
f 1157//1099 1158//1099 1117//1099 1116//1099 
f 1159//1100 1118//1100 1073//1100 1117//1100 
f 1160//1101 1119//1101 1074//1101 1118//1101 
f 1075//1102 1119//1102 1161//1102 1120//1102 
f 1162//1103 1121//1103 1076//1103 1120//1103 
f 1163//1104 1164//1104 1077//1104 1121//1104 
f 1124//1107 1079//1107 1123//1107 1165//1107 
f 1140//1108 1096//1108 1124//1108 1166//1108 
f 1128//1109 1167//1109 1125//1109 1083//1109 
f 271//1110 1127//1110 1082//1110 1126//1110 
f 1127//1111 1168//1111 1169//1111 1128//1111 
f 1170//1112 1129//1112 1086//1112 1132//1112 
f 1084//1113 1129//1113 1171//1113 1130//1113 
f 1172//1114 1131//1114 1085//1114 1130//1114 
f 1173//1115 1133//1115 1087//1115 1131//1115 
f 1174//1116 1132//1116 1090//1116 1135//1116 
f 1175//1117 1134//1117 1089//1117 1133//1117 
f 1095//1119 1141//1119 1177//1119 1135//1119 
f 1091//1121 1136//1121 1178//1121 1137//1121 
f 1093//1122 1137//1122 1179//1122 1138//1122 
f 1138//1123 1180//1123 1139//1123 1094//1123 
f 1139//1124 1181//1124 1142//1124 1097//1124 
f 1182//1125 1183//1125 1141//1125 1140//1125 
f 1184//1126 1143//1126 1098//1126 1142//1126 
f 1099//1127 1143//1127 1185//1127 1144//1127 
f 1186//1128 1145//1128 1100//1128 1144//1128 
f 1187//1129 1146//1129 1101//1129 1145//1129 
f 1188//1130 1148//1130 1103//1130 1146//1130 
f 1189//1131 1190//1131 1102//1131 1147//1131 
f 1191//1132 1147//1132 1104//1132 1149//1132 
f 1192//1133 1149//1133 1148//1133 1193//1133 
f 1125//1134 1167//1134 1150//1134 1105//1134 
f 1194//1135 1151//1135 1106//1135 1150//1135 
f 1151//1136 1195//1136 1152//1136 1107//1136 
f 1155//1137 1154//1137 1196//1137 1197//1137 
f 1156//1138 1198//1138 1199//1138 1072//1138 
f 1157//1139 1116//1139 1072//1139 1199//1139 
f 1157//1140 1200//1140 1201//1140 1158//1140 
f 1158//1141 1202//1141 1159//1141 1117//1141 
f 1159//1142 1203//1142 1160//1142 1118//1142 
f 1160//1143 1204//1143 1161//1143 1119//1143 
f 1162//1144 1120//1144 1161//1144 1205//1144 
f 1163//1145 1121//1145 1162//1145 1206//1145 
f 1163//1146 1207//1146 1208//1146 1164//1146 
f 1165//1149 1123//1149 1208//1149 1209//1149 
f 1210//1150 1166//1150 1124//1150 1165//1150 
f 1182//1151 1140//1151 1166//1151 1211//1151 
f 1128//1152 1169//1152 1212//1152 1167//1152 
f 271//1153 1213//1153 1168//1153 1127//1153 
f 1168//1154 1214//1154 1215//1154 1169//1154 
f 1170//1155 1216//1155 1171//1155 1129//1155 
f 1174//1156 1217//1156 1170//1156 1132//1156 
f 1172//1157 1130//1157 1171//1157 1218//1157 
f 1173//1158 1131//1158 1172//1158 1219//1158 
f 1175//1159 1133//1159 1173//1159 1220//1159 
f 1174//1160 1135//1160 1177//1160 1221//1160 
f 1222//1162 1177//1162 1141//1162 1183//1162 
f 1224//1164 1178//1164 1136//1164 1223//1164 
f 1225//1165 1179//1165 1137//1165 1178//1165 
f 1226//1166 1180//1166 1138//1166 1179//1166 
f 1139//1167 1180//1167 1227//1167 1181//1167 
f 1184//1168 1142//1168 1181//1168 1228//1168 
f 1182//1169 1229//1169 1230//1169 1183//1169 
f 1184//1170 1231//1170 1185//1170 1143//1170 
f 1186//1171 1144//1171 1185//1171 1232//1171 
f 1186//1172 1233//1172 1187//1172 1145//1172 
f 1234//1173 1188//1173 1146//1173 1187//1173 
f 1193//1174 1148//1174 1188//1174 1235//1174 
f 1236//1175 1189//1175 1147//1175 1191//1175 
f 1237//1176 1191//1176 1149//1176 1192//1176 
f 1192//1177 1193//1177 1238//1177 1239//1177 
f 1212//1178 1194//1178 1150//1178 1167//1178 
f 1240//1179 1195//1179 1151//1179 1194//1179 
f 1195//1180 1241//1180 211//1180 1152//1180 
f 1242//1181 1198//1181 1197//1181 1196//1181 
f 1155//1182 1197//1182 1243//1182 1244//1182 
f 1243//1183 1197//1183 1198//1183 1156//1183 
f 1242//1184 1245//1184 1199//1184 1198//1184 
f 1157//1185 1199//1185 1245//1185 1246//1185 
f 1200//1186 1247//1186 1248//1186 1201//1186 
f 1158//1187 1201//1187 1249//1187 1202//1187 
f 1250//1188 1203//1188 1159//1188 1202//1188 
f 1160//1189 1203//1189 1251//1189 1204//1189 
f 1252//1190 1205//1190 1161//1190 1204//1190 
f 1162//1191 1205//1191 1253//1191 1206//1191 
f 1163//1192 1206//1192 1254//1192 1207//1192 
f 1255//1193 1209//1193 1208//1193 1207//1193 
f 1256//1194 1210//1194 1165//1194 1209//1194 
f 1210//1195 1257//1195 1211//1195 1166//1195 
f 1182//1196 1211//1196 1258//1196 1229//1196 
f 1215//1197 1259//1197 1212//1197 1169//1197 
f 1214//1198 1260//1198 1261//1198 1215//1198 
f 1170//1199 1217//1199 1262//1199 1216//1199 
f 1171//1200 1216//1200 1263//1200 1218//1200 
f 1174//1201 1221//1201 1264//1201 1217//1201 
f 1172//1202 1218//1202 1265//1202 1219//1202 
f 1173//1203 1219//1203 1266//1203 1220//1203 
f 1175//1204 1220//1204 1267//1204 1223//1204 
f 1222//1205 1268//1205 1221//1205 1177//1205 
f 1222//1207 1183//1207 1230//1207 1269//1207 
f 1224//1208 1270//1208 1225//1208 1178//1208 
f 1271//1209 1224//1209 1223//1209 1267//1209 
f 1226//1210 1179//1210 1225//1210 1272//1210 
f 1226//1211 1273//1211 1227//1211 1180//1211 
f 1274//1212 1275//1212 1181//1212 1227//1212 
f 1277//1214 1231//1214 1184//1214 1228//1214 
f 1278//1215 1279//1215 1230//1215 1229//1215 
f 1280//1216 1232//1216 1185//1216 1231//1216 
f 1281//1217 1233//1217 1186//1217 1232//1217 
f 1234//1218 1187//1218 1233//1218 1282//1218 
f 1234//1219 1283//1219 1235//1219 1188//1219 
f 1284//1220 1238//1220 1193//1220 1235//1220 
f 1285//1221 1236//1221 1191//1221 1237//1221 
f 1237//1222 1192//1222 1239//1222 1286//1222 
f 1287//1223 1239//1223 1238//1223 1288//1223 
f 1212//1224 1259//1224 1240//1224 1194//1224 
f 1240//1225 1289//1225 1241//1225 1195//1225 
f 1242//1226 1196//1226 1290//1226 1291//1226 
f 1242//1227 1291//1227 1292//1227 1245//1227 
f 1292//1228 1293//1228 1246//1228 1245//1228 
f 1248//1229 1247//1229 1294//1229 1295//1229 
f 1201//1230 1248//1230 1296//1230 1249//1230 
f 1250//1232 1298//1232 1251//1232 1203//1232 
f 1252//1234 1204//1234 1251//1234 1299//1234 
f 1253//1235 1205//1235 1252//1235 1300//1235 
f 1253//1236 1301//1236 1254//1236 1206//1236 
f 1255//1237 1207//1237 1254//1237 1302//1237 
f 1256//1238 1209//1238 1255//1238 1303//1238 
f 1256//1239 1304//1239 1257//1239 1210//1239 
f 1258//1240 1211//1240 1257//1240 1305//1240 
f 1278//1241 1229//1241 1258//1241 1306//1241 
f 1262//1242 1217//1242 1264//1242 1307//1242 
f 1308//1243 1263//1243 1216//1243 1262//1243 
f 1265//1244 1218//1244 1263//1244 1309//1244 
f 1310//1245 1264//1245 1221//1245 1268//1245 
f 1265//1246 1311//1246 1266//1246 1219//1246 
f 1267//1247 1220//1247 1266//1247 1312//1247 
f 1222//1248 1269//1248 1313//1248 1268//1248 
f 1279//1249 1314//1249 1269//1249 1230//1249 
f 1271//1250 1315//1250 1270//1250 1224//1250 
f 1316//1251 1272//1251 1225//1251 1270//1251 
f 1271//1252 1267//1252 1312//1252 1317//1252 
f 1226//1253 1272//1253 1318//1253 1273//1253 
f 1319//1254 1274//1254 1227//1254 1273//1254 
f 1320//1255 1275//1255 1274//1255 1321//1255 
f 1277//1258 1322//1258 1280//1258 1231//1258 
f 1320//1259 1277//1259 1228//1259 1275//1259 
f 1323//1260 1279//1260 1278//1260 1324//1260 
f 1281//1261 1232//1261 1280//1261 1325//1261 
f 1281//1262 1326//1262 1282//1262 1233//1262 
f 1234//1263 1282//1263 1327//1263 1283//1263 
f 1284//1265 1329//1265 1288//1265 1238//1265 
f 1330//1267 1285//1267 1237//1267 1286//1267 
f 1331//1268 1286//1268 1239//1268 1287//1268 
f 1287//1269 1288//1269 1332//1269 1333//1269 
f 1259//1270 1334//1270 1289//1270 1240//1270 
f 1293//1271 1335//1271 1336//1271 1246//1271 
f 1294//1272 1337//1272 1338//1272 1295//1272 
f 1248//1273 1295//1273 1339//1273 1296//1273 
f 1340//1274 1341//1274 1249//1274 1296//1274 
f 1342//1276 1343//1276 1298//1276 1250//1276 
f 1344//1277 1299//1277 1251//1277 1298//1277 
f 1346//1279 1300//1279 1252//1279 1299//1279 
f 1253//1280 1300//1280 1347//1280 1301//1280 
f 1301//1281 1348//1281 1302//1281 1254//1281 
f 1255//1282 1302//1282 1349//1282 1303//1282 
f 1256//1283 1303//1283 1350//1283 1304//1283 
f 1304//1284 1351//1284 1305//1284 1257//1284 
f 1352//1285 1306//1285 1258//1285 1305//1285 
f 1353//1286 1324//1286 1278//1286 1306//1286 
f 1310//1287 1354//1287 1307//1287 1264//1287 
f 1355//1288 1308//1288 1262//1288 1307//1288 
f 1308//1289 1356//1289 1309//1289 1263//1289 
f 1357//1290 1311//1290 1265//1290 1309//1290 
f 1310//1291 1268//1291 1313//1291 1358//1291 
f 1312//1292 1266//1292 1311//1292 1359//1292 
f 1269//1293 1314//1293 1360//1293 1313//1293 
f 1323//1294 1361//1294 1314//1294 1279//1294 
f 1271//1295 1317//1295 1362//1295 1315//1295 
f 1316//1296 1270//1296 1315//1296 1363//1296 
f 1316//1297 1364//1297 1318//1297 1272//1297 
f 1317//1298 1312//1298 1359//1298 1365//1298 
f 1366//1299 1319//1299 1273//1299 1318//1299 
f 1321//1301 1274//1301 1368//1301 1369//1301 
f 1320//1302 1321//1302 1370//1302 1371//1302 
f 1320//1303 1371//1303 1322//1303 1277//1303 
f 1372//1304 1325//1304 1280//1304 1322//1304 
f 1323//1305 1324//1305 1373//1305 1374//1305 
f 1281//1306 1325//1306 1375//1306 1326//1306 
f 1376//1307 1327//1307 1282//1307 1326//1307 
f 1377//1308 1283//1308 1327//1308 1378//1308 
f 1379//1310 1329//1310 1284//1310 1380//1310 
f 1329//1311 1381//1311 1332//1311 1288//1311 
f 1330//1312 1382//1312 1383//1312 1285//1312 
f 1330//1313 1286//1313 1331//1313 1384//1313 
f 1331//1314 1287//1314 1333//1314 1385//1314 
f 1333//1315 1332//1315 1386//1315 1387//1315 
f 1335//1316 1388//1316 1389//1316 1336//1316 
f 1390//1317 1391//1317 1338//1317 1337//1317 
f 1339//1318 1295//1318 1338//1318 1392//1318 
f 1393//1319 1340//1319 1296//1319 1339//1319 
f 1345//1320 1341//1320 1340//1320 1394//1320 
f 1342//1322 1395//1322 1396//1322 1343//1322 
f 1343//1323 1397//1323 1344//1323 1298//1323 
f 1342//1324 1250//1324 1345//1324 1395//1324 
f 1346//1325 1299//1325 1344//1325 1398//1325 
f 1346//1326 1399//1326 1347//1326 1300//1326 
f 1301//1327 1347//1327 1400//1327 1348//1327 
f 1349//1328 1302//1328 1348//1328 1401//1328 
f 1350//1329 1303//1329 1349//1329 1402//1329 
f 1350//1330 1403//1330 1351//1330 1304//1330 
f 1352//1331 1305//1331 1351//1331 1404//1331 
f 1353//1332 1306//1332 1352//1332 1405//1332 
f 1353//1333 1406//1333 1373//1333 1324//1333 
f 1310//1334 1358//1334 1407//1334 1354//1334 
f 1355//1335 1307//1335 1354//1335 1408//1335 
f 1409//1336 1356//1336 1308//1336 1355//1336 
f 1357//1337 1309//1337 1356//1337 1410//1337 
f 1357//1338 1411//1338 1359//1338 1311//1338 
f 1412//1339 1358//1339 1313//1339 1360//1339 
f 1413//1340 1360//1340 1314//1340 1361//1340 
f 1323//1341 1374//1341 1414//1341 1361//1341 
f 1317//1342 1365//1342 1415//1342 1362//1342 
f 1363//1343 1315//1343 1362//1343 1416//1343 
f 1316//1344 1363//1344 1417//1344 1364//1344 
f 1366//1345 1318//1345 1364//1345 1418//1345 
f 1365//1346 1359//1346 1411//1346 1419//1346 
f 1366//1347 1420//1347 1368//1347 1319//1347 
f 1368//1350 1420//1350 1421//1350 1369//1350 
f 1321//1351 1369//1351 1422//1351 1370//1351 
f 1370//1352 1423//1352 1424//1352 1371//1352 
f 1372//1353 1322//1353 1371//1353 1424//1353 
f 1372//1354 1425//1354 1375//1354 1325//1354 
f 1426//1355 1374//1355 1373//1355 1427//1355 
f 1375//1356 1428//1356 1376//1356 1326//1356 
f 1376//1357 1429//1357 1378//1357 1327//1357 
f 1377//1358 1380//1358 1284//1358 1283//1358 
f 1377//1359 1378//1359 1430//1359 1431//1359 
f 1379//1360 1432//1360 1381//1360 1329//1360 
f 1379//1361 1380//1361 1433//1361 1434//1361 
f 1332//1362 1381//1362 1435//1362 1386//1362 
f 1330//1363 1384//1363 1436//1363 1382//1363 
f 1384//1364 1331//1364 1385//1364 1437//1364 
f 1385//1365 1333//1365 1387//1365 1438//1365 
f 1387//1366 1386//1366 1439//1366 1440//1366 
f 1388//1367 1441//1367 1442//1367 1389//1367 
f 1443//1368 1444//1368 1391//1368 1390//1368 
f 1445//1369 1392//1369 1338//1369 1391//1369 
f 1393//1370 1339//1370 1392//1370 1446//1370 
f 1393//1371 1447//1371 1394//1371 1340//1371 
f 1448//1372 1395//1372 1345//1372 1394//1372 
f 1448//1373 1449//1373 1396//1373 1395//1373 
f 1343//1374 1450//1374 1451//1374 1397//1374 
f 1344//1375 1397//1375 1452//1375 1398//1375 
f 1346//1376 1398//1376 1453//1376 1399//1376 
f 1399//1377 1454//1377 1400//1377 1347//1377 
f 1348//1378 1400//1378 1455//1378 1401//1378 
f 1456//1379 1402//1379 1349//1379 1401//1379 
f 1350//1380 1402//1380 1457//1380 1403//1380 
f 1404//1381 1351//1381 1403//1381 1458//1381 
f 1352//1382 1404//1382 1459//1382 1405//1382 
f 1353//1383 1405//1383 1460//1383 1406//1383 
f 1406//1384 1461//1384 1427//1384 1373//1384 
f 1412//1385 1462//1385 1407//1385 1358//1385 
f 1408//1386 1354//1386 1407//1386 1463//1386 
f 1409//1387 1355//1387 1408//1387 1464//1387 
f 1409//1388 1465//1388 1410//1388 1356//1388 
f 1357//1389 1410//1389 1466//1389 1411//1389 
f 1412//1390 1360//1390 1413//1390 1467//1390 
f 1414//1391 1468//1391 1413//1391 1361//1391 
f 1414//1392 1374//1392 1426//1392 1469//1392 
f 1365//1393 1419//1393 1470//1393 1415//1393 
f 1416//1394 1362//1394 1415//1394 1471//1394 
f 1363//1395 1416//1395 1472//1395 1417//1395 
f 1364//1396 1417//1396 1473//1396 1418//1396 
f 1366//1397 1418//1397 1474//1397 1420//1397 
f 1475//1398 1419//1398 1411//1398 1466//1398 
f 1476//1399 1421//1399 1420//1399 1474//1399 
f 1422//1400 1369//1400 1421//1400 1477//1400 
f 1422//1401 1478//1401 1423//1401 1370//1401 
f 1479//1402 1424//1402 1423//1402 1480//1402 
f 1372//1403 1424//1403 1479//1403 1425//1403 
f 1375//1404 1425//1404 1481//1404 1428//1404 
f 1482//1405 1426//1405 1427//1405 1483//1405 
f 1376//1406 1428//1406 1484//1406 1429//1406 
f 1430//1407 1378//1407 1429//1407 1485//1407 
f 1377//1408 1431//1408 1433//1408 1380//1408 
f 1431//1409 1430//1409 1486//1409 1487//1409 
f 1379//1410 1434//1410 1488//1410 1432//1410 
f 1435//1411 1381//1411 1432//1411 1489//1411 
f 1433//1412 1490//1412 1491//1412 1434//1412 
f 1386//1413 1435//1413 1492//1413 1439//1413 
f 1384//1414 1437//1414 1493//1414 1436//1414 
f 1437//1415 1385//1415 1438//1415 1494//1415 
f 1387//1416 1440//1416 1495//1416 1438//1416 
f 1440//1417 1439//1417 1496//1417 1497//1417 
f 1441//1418 1498//1418 1499//1418 1442//1418 
f 1443//1419 1500//1419 1501//1419 1444//1419 
f 1445//1420 1391//1420 1444//1420 1502//1420 
f 1445//1421 1503//1421 1446//1421 1392//1421 
f 1504//1422 1447//1422 1393//1422 1446//1422 
f 1448//1423 1394//1423 1447//1423 1505//1423 
f 1448//1424 1505//1424 1506//1424 1449//1424 
f 1451//1425 1507//1425 1452//1425 1397//1425 
f 1453//1426 1398//1426 1452//1426 1508//1426 
f 1453//1427 1509//1427 1454//1427 1399//1427 
f 1510//1428 1455//1428 1400//1428 1454//1428 
f 1456//1429 1401//1429 1455//1429 1511//1429 
f 1456//1430 1512//1430 1457//1430 1402//1430 
f 1513//1431 1458//1431 1403//1431 1457//1431 
f 1404//1432 1458//1432 1514//1432 1459//1432 
f 1460//1433 1405//1433 1459//1433 1515//1433 
f 1406//1434 1460//1434 1516//1434 1461//1434 
f 1517//1435 1483//1435 1427//1435 1461//1435 
f 1412//1436 1467//1436 1518//1436 1462//1436 
f 1407//1437 1462//1437 1519//1437 1463//1437 
f 1520//1438 1464//1438 1408//1438 1463//1438 
f 1409//1439 1464//1439 1521//1439 1465//1439 
f 1466//1440 1410//1440 1465//1440 1522//1440 
f 1468//1441 1523//1441 1467//1441 1413//1441 
f 1524//1442 1468//1442 1414//1442 1469//1442 
f 1525//1443 1469//1443 1426//1443 1482//1443 
f 1475//1444 1526//1444 1470//1444 1419//1444 
f 1527//1445 1471//1445 1415//1445 1470//1445 
f 1472//1446 1416//1446 1471//1446 1528//1446 
f 1472//1447 1529//1447 1473//1447 1417//1447 
f 1530//1448 1474//1448 1418//1448 1473//1448 
f 1475//1449 1466//1449 1522//1449 1531//1449 
f 1476//1450 1532//1450 1477//1450 1421//1450 
f 1476//1451 1474//1451 1530//1451 1533//1451 
f 1422//1452 1477//1452 1534//1452 1478//1452 
f 1535//1453 1480//1453 1423//1453 1478//1453 
f 1536//1454 1537//1454 1479//1454 1480//1454 
f 1479//1455 1537//1455 1481//1455 1425//1455 
f 1481//1456 1538//1456 1484//1456 1428//1456 
f 1482//1457 1483//1457 1539//1457 1540//1457 
f 1541//1458 1485//1458 1429//1458 1484//1458 
f 1430//1459 1485//1459 1542//1459 1486//1459 
f 1433//1460 1431//1460 1487//1460 1490//1460 
f 1487//1461 1486//1461 1543//1461 1544//1461 
f 1434//1462 1491//1462 1545//1462 1488//1462 
f 1488//1463 1546//1463 1489//1463 1432//1463 
f 1492//1464 1435//1464 1489//1464 1547//1464 
f 1490//1465 1548//1465 1549//1465 1491//1465 
f 1496//1466 1439//1466 1492//1466 1550//1466 
f 1437//1467 1494//1467 1551//1467 1493//1467 
f 1494//1468 1438//1468 1495//1468 1552//1468 
f 1553//1469 1495//1469 1440//1469 1497//1469 
f 1554//1470 1497//1470 1496//1470 1555//1470 
f 1556//1471 1557//1471 1499//1471 1498//1471 
f 1558//1472 1559//1472 1501//1472 1500//1472 
f 1501//1473 1560//1473 1502//1473 1444//1473 
f 1445//1474 1502//1474 1561//1474 1503//1474 
f 1562//1475 1505//1475 1447//1475 1504//1475 
f 1506//1476 1505//1476 1562//1476 1563//1476 
f 1507//1477 1564//1477 1508//1477 1452//1477 
f 1453//1478 1508//1478 1565//1478 1509//1478 
f 1510//1479 1454//1479 1509//1479 1566//1479 
f 1511//1480 1455//1480 1510//1480 1567//1480 
f 1456//1481 1511//1481 1568//1481 1512//1481 
f 1569//1482 1513//1482 1457//1482 1512//1482 
f 1513//1483 1570//1483 1514//1483 1458//1483 
f 1514//1484 1571//1484 1515//1484 1459//1484 
f 1460//1485 1515//1485 1572//1485 1516//1485 
f 1573//1486 1517//1486 1461//1486 1516//1486 
f 1574//1487 1539//1487 1483//1487 1517//1487 
f 1575//1488 1518//1488 1467//1488 1523//1488 
f 1576//1489 1519//1489 1462//1489 1518//1489 
f 1520//1490 1463//1490 1519//1490 1577//1490 
f 1578//1491 1521//1491 1464//1491 1520//1491 
f 1579//1492 1522//1492 1465//1492 1521//1492 
f 1524//1493 1580//1493 1523//1493 1468//1493 
f 1525//1494 1581//1494 1524//1494 1469//1494 
f 1525//1495 1482//1495 1540//1495 1582//1495 
f 1527//1497 1470//1497 1526//1497 1584//1497 
f 1527//1498 1585//1498 1528//1498 1471//1498 
f 1586//1499 1529//1499 1472//1499 1528//1499 
f 1530//1500 1473//1500 1529//1500 1587//1500 
f 1588//1501 1531//1501 1522//1501 1579//1501 
f 1476//1503 1533//1503 1589//1503 1532//1503 
f 1590//1504 1534//1504 1477//1504 1532//1504 
f 1530//1505 1587//1505 1591//1505 1533//1505 
f 1535//1506 1478//1506 1534//1506 1592//1506 
f 1536//1507 1480//1507 1535//1507 1593//1507 
f 1536//1508 1594//1508 1595//1508 1537//1508 
f 1595//1509 1538//1509 1481//1509 1537//1509 
f 1596//1510 1541//1510 1484//1510 1538//1510 
f 1597//1511 1598//1511 1540//1511 1539//1511 
f 1541//1512 1599//1512 1542//1512 1485//1512 
f 1486//1513 1542//1513 1600//1513 1543//1513 
f 1487//1514 1544//1514 1548//1514 1490//1514 
f 1544//1515 1543//1515 1601//1515 1602//1515 
f 1491//1516 1549//1516 1603//1516 1545//1516 
f 1546//1517 1604//1517 1547//1517 1489//1517 
f 1492//1518 1547//1518 1605//1518 1550//1518 
f 1606//1519 1607//1519 1549//1519 1548//1519 
f 1496//1520 1550//1520 1608//1520 1555//1520 
f 1552//1521 1495//1521 1553//1521 1609//1521 
f 1553//1522 1497//1522 1554//1522 1610//1522 
f 1554//1523 1555//1523 1611//1523 1612//1523 
f 1556//1524 1613//1524 1614//1524 1557//1524 
f 1558//1525 1615//1525 1616//1525 1559//1525 
f 1559//1526 1617//1526 1560//1526 1501//1526 
f 1561//1527 1502//1527 1560//1527 1618//1527 
f 1562//1528 1504//1528 1619//1528 1620//1528 
f 1562//1529 1620//1529 1621//1529 1563//1529 
f 1564//1530 1622//1530 1565//1530 1508//1530 
f 1623//1531 1566//1531 1509//1531 1565//1531 
f 1624//1532 1567//1532 1510//1532 1566//1532 
f 1625//1533 1568//1533 1511//1533 1567//1533 
f 1569//1534 1512//1534 1568//1534 1626//1534 
f 1569//1535 1627//1535 1570//1535 1513//1535 
f 1628//1536 1571//1536 1514//1536 1570//1536 
f 1515//1537 1571//1537 1629//1537 1572//1537 
f 1573//1538 1516//1538 1572//1538 1630//1538 
f 1573//1539 1631//1539 1574//1539 1517//1539 
f 1597//1540 1539//1540 1574//1540 1632//1540 
f 1575//1541 1633//1541 1576//1541 1518//1541 
f 1634//1542 1575//1542 1523//1542 1580//1542 
f 1635//1543 1577//1543 1519//1543 1576//1543 
f 1578//1544 1520//1544 1577//1544 1636//1544 
f 1578//1545 1637//1545 1579//1545 1521//1545 
f 1524//1546 1581//1546 1638//1546 1580//1546 
f 1525//1547 1582//1547 1639//1547 1581//1547 
f 1640//1548 1582//1548 1540//1548 1598//1548 
f 1584//1550 1526//1550 1641//1550 1642//1550 
f 1527//1551 1584//1551 1643//1551 1585//1551 
f 1586//1552 1528//1552 1585//1552 1644//1552 
f 1586//1553 1645//1553 1587//1553 1529//1553 
f 1588//1555 1579//1555 1637//1555 1646//1555 
f 1589//1556 1533//1556 1591//1556 1647//1556 
f 1589//1557 1648//1557 1590//1557 1532//1557 
f 1590//1558 1649//1558 1592//1558 1534//1558 
f 1587//1559 1645//1559 1650//1559 1591//1559 
f 1651//1560 1593//1560 1535//1560 1592//1560 
f 1536//1561 1593//1561 1652//1561 1594//1561 
f 1653//1562 1595//1562 1594//1562 1654//1562 
f 1596//1563 1538//1563 1595//1563 1653//1563 
f 1596//1564 1655//1564 1599//1564 1541//1564 
f 1597//1565 1656//1565 1657//1565 1598//1565 
f 1542//1566 1599//1566 1658//1566 1600//1566 
f 1544//1568 1660//1568 1606//1568 1548//1568 
f 1661//1569 1601//1569 1543//1569 1662//1569 
f 1603//1572 1549//1572 1607//1572 1665//1572 
f 1666//1573 1545//1573 1603//1573 1667//1573 
f 1546//1574 1666//1574 1668//1574 1604//1574 
f 1604//1575 1669//1575 1605//1575 1547//1575 
f 1550//1576 1605//1576 1670//1576 1608//1576 
f 1606//1577 1671//1577 1672//1577 1607//1577 
f 1673//1578 1611//1578 1555//1578 1608//1578 
f 1553//1579 1610//1579 1674//1579 1609//1579 
f 1554//1580 1612//1580 1675//1580 1610//1580 
f 1612//1581 1611//1581 1676//1581 1677//1581 
f 1678//1582 1614//1582 1613//1582 1679//1582 
f 1680//1583 1616//1583 1615//1583 1681//1583 
f 1559//1584 1616//1584 1682//1584 1617//1584 
f 1618//1585 1560//1585 1617//1585 1683//1585 
f 1620//1586 1619//1586 1684//1586 1685//1586 
f 1620//1587 1685//1587 1686//1587 1621//1587 
f 1622//1588 1687//1588 1623//1588 1565//1588 
f 1624//1589 1566//1589 1623//1589 1688//1589 
f 1624//1590 1689//1590 1625//1590 1567//1590 
f 1625//1591 1690//1591 1626//1591 1568//1591 
f 1569//1592 1626//1592 1691//1592 1627//1592 
f 1628//1593 1570//1593 1627//1593 1692//1593 
f 1628//1594 1693//1594 1629//1594 1571//1594 
f 1694//1595 1630//1595 1572//1595 1629//1595 
f 1573//1596 1630//1596 1695//1596 1631//1596 
f 1574//1597 1631//1597 1696//1597 1632//1597 
f 1697//1598 1656//1598 1597//1598 1632//1598 
f 1634//1599 1698//1599 1633//1599 1575//1599 
f 1635//1600 1576//1600 1633//1600 1699//1600 
f 1634//1601 1580//1601 1638//1601 1700//1601 
f 1636//1602 1577//1602 1635//1602 1701//1602 
f 1578//1603 1636//1603 1702//1603 1637//1603 
f 1703//1604 1638//1604 1581//1604 1639//1604 
f 1640//1605 1704//1605 1639//1605 1582//1605 
f 1640//1606 1598//1606 1657//1606 1705//1606 
f 1706//1608 1642//1608 1641//1608 1707//1608 
f 1584//1609 1642//1609 1708//1609 1643//1609 
f 1644//1610 1585//1610 1643//1610 1709//1610 
f 1586//1611 1644//1611 1710//1611 1645//1611 
f 1702//1612 1711//1612 1646//1612 1637//1612 
f 1588//1613 1646//1613 1707//1613 1641//1613 
f 1712//1614 1647//1614 1591//1614 1650//1614 
f 1713//1615 1648//1615 1589//1615 1647//1615 
f 1590//1616 1648//1616 1714//1616 1649//1616 
f 1651//1617 1592//1617 1649//1617 1715//1617 
f 1716//1618 1650//1618 1645//1618 1710//1618 
f 1651//1619 1717//1619 1652//1619 1593//1619 
f 1718//1620 1654//1620 1594//1620 1652//1620 
f 1653//1621 1654//1621 1719//1621 1720//1621 
f 1596//1622 1653//1622 1720//1622 1655//1622 
f 1722//1624 1723//1624 1657//1624 1656//1624 
f 1606//1630 1660//1630 1725//1630 1671//1630 
f 1726//1631 1601//1631 1661//1631 1727//1631 
f 1661//1632 1662//1632 1728//1632 1729//1632 
f 1607//1636 1672//1636 1731//1636 1665//1636 
f 1603//1637 1665//1637 1732//1637 1667//1637 
f 1666//1638 1733//1638 1734//1638 1545//1638 
f 1666//1639 1667//1639 1735//1639 1668//1639 
f 1604//1640 1668//1640 1736//1640 1669//1640 
f 1669//1641 1737//1641 1670//1641 1605//1641 
f 1673//1642 1608//1642 1670//1642 1738//1642 
f 1672//1643 1671//1643 1739//1643 1740//1643 
f 1676//1644 1611//1644 1673//1644 1741//1644 
f 1675//1645 1742//1645 1674//1645 1610//1645 
f 1675//1646 1612//1646 1677//1646 1743//1646 
f 1677//1647 1676//1647 1744//1647 1745//1647 
f 1746//1648 1747//1648 1678//1648 1679//1648 
f 1680//1649 1748//1649 1682//1649 1616//1649 
f 1680//1650 1681//1650 1749//1650 1750//1650 
f 1685//1653 1684//1653 1752//1653 1753//1653 
f 1686//1654 1685//1654 1753//1654 1754//1654 
f 1622//1655 1755//1655 1756//1655 1687//1655 
f 1687//1656 1757//1656 1688//1656 1623//1656 
f 1624//1657 1688//1657 1758//1657 1689//1657 
f 1625//1658 1689//1658 1759//1658 1690//1658 
f 1760//1659 1691//1659 1626//1659 1690//1659 
f 1691//1660 1761//1660 1692//1660 1627//1660 
f 1628//1661 1692//1661 1762//1661 1693//1661 
f 1694//1662 1629//1662 1693//1662 1763//1662 
f 1694//1663 1764//1663 1695//1663 1630//1663 
f 1696//1664 1631//1664 1695//1664 1765//1664 
f 1697//1665 1632//1665 1696//1665 1766//1665 
f 1697//1666 1767//1666 1722//1666 1656//1666 
f 1768//1667 1698//1667 1634//1667 1700//1667 
f 1633//1668 1698//1668 1769//1668 1699//1668 
f 1701//1669 1635//1669 1699//1669 1770//1669 
f 1771//1670 1700//1670 1638//1670 1703//1670 
f 1636//1671 1701//1671 1772//1671 1702//1671 
f 1773//1672 1703//1672 1639//1672 1704//1672 
f 1640//1673 1705//1673 1774//1673 1704//1673 
f 1723//1674 1775//1674 1705//1674 1657//1674 
f 1706//1675 1776//1675 1708//1675 1642//1675 
f 1706//1676 1707//1676 1777//1676 1778//1676 
f 1643//1677 1708//1677 1779//1677 1709//1677 
f 1644//1678 1709//1678 1780//1678 1710//1678 
f 1702//1679 1772//1679 1781//1679 1711//1679 
f 1777//1680 1707//1680 1646//1680 1711//1680 
f 1712//1681 1782//1681 1713//1681 1647//1681 
f 1783//1682 1712//1682 1650//1682 1784//1682 
f 1713//1683 1785//1683 1714//1683 1648//1683 
f 1715//1684 1649//1684 1714//1684 1786//1684 
f 1651//1685 1715//1685 1787//1685 1717//1685 
f 1788//1686 1784//1686 1650//1686 1716//1686 
f 1788//1687 1716//1687 1710//1687 1780//1687 
f 1718//1688 1652//1688 1717//1688 1789//1688 
f 1719//1689 1654//1689 1718//1689 1790//1689 
f 1791//1690 1792//1690 1720//1690 1719//1690 
f 1792//1691 1793//1691 1655//1691 1720//1691 
f 1722//1693 1794//1693 1795//1693 1723//1693 
f 1725//1697 1660//1697 1602//1697 1730//1697 
f 1725//1698 1798//1698 1739//1698 1671//1698 
f 1730//1699 1601//1699 1726//1699 1799//1699 
f 1727//1700 1661//1700 1800//1700 1801//1700 
f 1726//1701 1727//1701 1802//1701 1803//1701 
f 1658//1703 1729//1703 1728//1703 1797//1703 
f 1661//1704 1729//1704 1804//1704 1800//1704 
f 1731//1705 1672//1705 1740//1705 1805//1705 
f 1665//1706 1731//1706 1806//1706 1732//1706 
f 1735//1707 1667//1707 1732//1707 1807//1707 
f 1734//1708 1733//1708 1808//1708 1809//1708 
f 1669//1711 1736//1711 1811//1711 1737//1711 
f 1737//1712 1812//1712 1738//1712 1670//1712 
f 1741//1713 1673//1713 1738//1713 1813//1713 
f 1744//1714 1676//1714 1741//1714 1814//1714 
f 1675//1715 1743//1715 1815//1715 1742//1715 
f 1816//1716 1743//1716 1677//1716 1745//1716 
f 1817//1717 1745//1717 1744//1717 1818//1717 
f 1746//1718 1819//1718 1820//1718 1747//1718 
f 1680//1719 1750//1719 1821//1719 1748//1719 
f 1748//1720 1822//1720 1823//1720 1682//1720 
f 1824//1721 1825//1721 1750//1721 1749//1721 
f 1753//1724 1752//1724 1827//1724 1828//1724 
f 1753//1725 1828//1725 1829//1725 1754//1725 
f 1755//1726 1830//1726 1831//1726 1756//1726 
f 1687//1727 1756//1727 1832//1727 1757//1727 
f 1758//1728 1688//1728 1757//1728 1833//1728 
f 1758//1729 1834//1729 1759//1729 1689//1729 
f 1760//1730 1690//1730 1759//1730 1835//1730 
f 1760//1731 1836//1731 1761//1731 1691//1731 
f 1762//1732 1692//1732 1761//1732 1837//1732 
f 1762//1733 1838//1733 1763//1733 1693//1733 
f 1694//1734 1763//1734 1839//1734 1764//1734 
f 1764//1735 1840//1735 1765//1735 1695//1735 
f 1841//1736 1766//1736 1696//1736 1765//1736 
f 1697//1737 1766//1737 1842//1737 1767//1737 
f 1722//1738 1767//1738 1843//1738 1794//1738 
f 1844//1739 1769//1739 1698//1739 1768//1739 
f 1768//1740 1700//1740 1771//1740 1845//1740 
f 1846//1741 1770//1741 1699//1741 1769//1741 
f 1701//1742 1770//1742 1847//1742 1772//1742 
f 1773//1743 1848//1743 1771//1743 1703//1743 
f 1773//1744 1704//1744 1774//1744 1849//1744 
f 1705//1745 1775//1745 1850//1745 1774//1745 
f 1723//1746 1795//1746 1851//1746 1775//1746 
f 1706//1747 1778//1747 1852//1747 1776//1747 
f 1776//1748 1853//1748 1779//1748 1708//1748 
f 1854//1749 1855//1749 1778//1749 1777//1749 
f 1780//1750 1709//1750 1779//1750 1856//1750 
f 1857//1751 1781//1751 1772//1751 1847//1751 
f 1854//1752 1777//1752 1711//1752 1781//1752 
f 1783//1753 1858//1753 1782//1753 1712//1753 
f 1713//1754 1782//1754 1859//1754 1785//1754 
f 1860//1755 1861//1755 1783//1755 1784//1755 
f 1785//1756 1862//1756 1786//1756 1714//1756 
f 1787//1757 1715//1757 1786//1757 1863//1757 
f 1717//1758 1787//1758 1864//1758 1789//1758 
f 1860//1759 1784//1759 1788//1759 1865//1759 
f 1865//1760 1788//1760 1780//1760 1856//1760 
f 1718//1761 1789//1761 1866//1761 1790//1761 
f 1869//1765 1870//1765 1795//1765 1794//1765 
f 1658//1766 1796//1766 1804//1766 1871//1766 
f 1725//1768 1730//1768 1799//1768 1798//1768 
f 1872//1769 1873//1769 1739//1769 1798//1769 
f 1799//1770 1726//1770 1803//1770 1874//1770 
f 1800//1771 1875//1771 1876//1771 1801//1771 
f 1802//1772 1727//1772 1801//1772 1877//1772 
f 1803//1773 1802//1773 1878//1773 1879//1773 
f 1880//1774 1881//1774 1729//1774 1658//1774 
f 1881//1775 1871//1775 1804//1775 1729//1775 
f 1800//1776 1804//1776 1882//1776 1875//1776 
f 1731//1777 1805//1777 1883//1777 1806//1777 
f 1732//1778 1806//1778 1884//1778 1807//1778 
f 1736//1779 1735//1779 1807//1779 1885//1779 
f 1734//1780 1809//1780 1886//1780 1887//1780 
f 1737//1783 1811//1783 1889//1783 1812//1783 
f 1812//1784 1890//1784 1813//1784 1738//1784 
f 1814//1785 1741//1785 1813//1785 1891//1785 
f 1818//1786 1744//1786 1814//1786 1892//1786 
f 1815//1787 1743//1787 1816//1787 1893//1787 
f 1816//1788 1745//1788 1817//1788 1894//1788 
f 1817//1789 1818//1789 1895//1789 1896//1789 
f 1897//1790 1820//1790 1819//1790 1898//1790 
f 1821//1791 1750//1791 1825//1791 1899//1791 
f 1821//1792 1900//1792 1822//1792 1748//1792 
f 1824//1794 1902//1794 1903//1794 1825//1794 
f 1904//1795 1824//1795 1749//1795 1905//1795 
f 1828//1797 1827//1797 1826//1797 1906//1797 
f 1828//1798 1906//1798 1907//1798 1829//1798 
f 1756//1799 1831//1799 1908//1799 1832//1799 
f 1833//1800 1757//1800 1832//1800 1909//1800 
f 1758//1801 1833//1801 1910//1801 1834//1801 
f 1834//1802 1911//1802 1835//1802 1759//1802 
f 1760//1803 1835//1803 1912//1803 1836//1803 
f 1836//1804 1913//1804 1837//1804 1761//1804 
f 1914//1805 1838//1805 1762//1805 1837//1805 
f 1839//1806 1763//1806 1838//1806 1915//1806 
f 1764//1807 1839//1807 1916//1807 1840//1807 
f 1841//1808 1765//1808 1840//1808 1917//1808 
f 1918//1809 1842//1809 1766//1809 1841//1809 
f 1767//1810 1842//1810 1919//1810 1843//1810 
f 1869//1811 1794//1811 1843//1811 1920//1811 
f 1844//1812 1921//1812 1846//1812 1769//1812 
f 1844//1813 1768//1813 1845//1813 1922//1813 
f 1771//1814 1848//1814 1923//1814 1845//1814 
f 1846//1815 1924//1815 1847//1815 1770//1815 
f 1773//1816 1849//1816 1925//1816 1848//1816 
f 1849//1817 1774//1817 1850//1817 1926//1817 
f 1927//1818 1850//1818 1775//1818 1851//1818 
f 1928//1819 1851//1819 1795//1819 1870//1819 
f 1929//1820 1852//1820 1778//1820 1855//1820 
f 1776//1821 1852//1821 1930//1821 1853//1821 
f 1931//1822 1856//1822 1779//1822 1853//1822 
f 1854//1823 1932//1823 1933//1823 1855//1823 
f 1857//1824 1932//1824 1854//1824 1781//1824 
f 1857//1825 1847//1825 1924//1825 1934//1825 
f 1783//1826 1861//1826 1935//1826 1858//1826 
f 1936//1827 1859//1827 1782//1827 1858//1827 
f 1785//1828 1859//1828 1937//1828 1862//1828 
f 1860//1829 1938//1829 1939//1829 1861//1829 
f 1862//1830 1940//1830 1863//1830 1786//1830 
f 1864//1831 1787//1831 1863//1831 1941//1831 
f 1864//1832 1942//1832 1866//1832 1789//1832 
f 1860//1833 1865//1833 1943//1833 1938//1833 
f 1943//1834 1865//1834 1856//1834 1931//1834 
f 1790//1835 1866//1835 1944//1835 1945//1835 
f 1869//1840 1947//1840 1948//1840 1870//1840 
f 1804//1841 1796//1841 1949//1841 1882//1841 
f 1950//1842 1880//1842 1658//1842 1871//1842 
f 1799//1843 1874//1843 1872//1843 1798//1843 
f 1872//1844 1951//1844 1952//1844 1873//1844 
f 1874//1845 1803//1845 1879//1845 1953//1845 
f 1876//1846 1875//1846 1954//1846 1955//1846 
f 1801//1847 1876//1847 1956//1847 1877//1847 
f 1879//1850 1878//1850 1958//1850 1959//1850 
f 1871//1852 1881//1852 1792//1852 1950//1852 
f 1875//1853 1882//1853 1961//1853 1954//1853 
f 1883//1854 1962//1854 1884//1854 1806//1854 
f 1884//1855 1963//1855 1885//1855 1807//1855 
f 1964//1857 1886//1857 1809//1857 1965//1857 
f 1812//1859 1889//1859 1966//1859 1890//1859 
f 1813//1860 1890//1860 1967//1860 1891//1860 
f 1814//1861 1891//1861 1968//1861 1892//1861 
f 1895//1862 1818//1862 1892//1862 1969//1862 
f 1816//1863 1894//1863 1970//1863 1893//1863 
f 1815//1864 1893//1864 1971//1864 1972//1864 
f 1817//1865 1896//1865 1973//1865 1894//1865 
f 1896//1866 1895//1866 1974//1866 1975//1866 
f 1976//1867 1905//1867 1897//1867 1898//1867 
f 1977//1868 1899//1868 1825//1868 1903//1868 
f 1821//1869 1899//1869 1978//1869 1900//1869 
f 1900//1870 1979//1870 1980//1870 1822//1870 
f 1904//1873 1981//1873 1902//1873 1824//1873 
f 1982//1874 1903//1874 1902//1874 1983//1874 
f 1976//1875 1984//1875 1904//1875 1905//1875 
f 1906//1877 1980//1877 1985//1877 1907//1877 
f 1986//1878 1987//1878 1908//1878 1831//1878 
f 1988//1879 1909//1879 1832//1879 1908//1879 
f 1910//1880 1833//1880 1909//1880 1989//1880 
f 1834//1881 1910//1881 1990//1881 1911//1881 
f 1911//1882 1991//1882 1912//1882 1835//1882 
f 1836//1883 1912//1883 1992//1883 1913//1883 
f 1914//1884 1837//1884 1913//1884 1993//1884 
f 1914//1885 1994//1885 1915//1885 1838//1885 
f 1916//1886 1839//1886 1915//1886 1995//1886 
f 1916//1887 1996//1887 1917//1887 1840//1887 
f 1918//1888 1841//1888 1917//1888 1997//1888 
f 1918//1889 1998//1889 1919//1889 1842//1889 
f 1920//1890 1843//1890 1919//1890 1999//1890 
f 1869//1891 1920//1891 2000//1891 1947//1891 
f 1844//1892 1922//1892 2001//1892 1921//1892 
f 1921//1893 2002//1893 1924//1893 1846//1893 
f 1922//1894 1845//1894 1923//1894 2003//1894 
f 1848//1895 1925//1895 2004//1895 1923//1895 
f 1849//1896 1926//1896 2005//1896 1925//1896 
f 2006//1897 1926//1897 1850//1897 1927//1897 
f 2007//1898 1927//1898 1851//1898 1928//1898 
f 1928//1899 1870//1899 1948//1899 2008//1899 
f 1929//1900 2009//1900 1930//1900 1852//1900 
f 1929//1901 1855//1901 1933//1901 2010//1901 
f 1931//1902 1853//1902 1930//1902 2011//1902 
f 1933//1903 1932//1903 2012//1903 2013//1903 
f 1857//1904 1934//1904 2012//1904 1932//1904 
f 2002//1905 2014//1905 1934//1905 1924//1905 
f 1861//1906 1939//1906 2015//1906 1935//1906 
f 1936//1907 1858//1907 1935//1907 2016//1907 
f 1936//1908 2017//1908 1937//1908 1859//1908 
f 1862//1909 1937//1909 2018//1909 1940//1909 
f 1939//1910 1938//1910 2019//1910 2020//1910 
f 2021//1911 1941//1911 1863//1911 1940//1911 
f 1864//1912 1941//1912 2022//1912 1942//1912 
f 1944//1913 1866//1913 1942//1913 2023//1913 
f 1943//1914 2024//1914 2019//1914 1938//1914 
f 1943//1915 1931//1915 2011//1915 2024//1915 
f 1944//1916 2025//1916 2026//1916 1945//1916 
f 1719//1917 1945//1917 2026//1917 1961//1917 
f 1792//1919 1946//1919 2028//1919 2029//1919 
f 1947//1920 2030//1920 2031//1920 1948//1920 
f 1719//1921 1961//1921 1882//1921 1949//1921 
f 2032//1922 2033//1922 1880//1922 1950//1922 
f 1874//1923 1953//1923 1951//1923 1872//1923 
f 1951//1924 2034//1924 2035//1924 1952//1924 
f 1879//1925 1959//1925 2036//1925 1953//1925 
f 2037//1926 2038//1926 1955//1926 1954//1926 
f 1876//1927 1955//1927 2039//1927 1956//1927 
f 2040//1928 1877//1928 1956//1928 2041//1928 
f 1878//1930 1877//1930 2040//1930 1958//1930 
f 1959//1931 1958//1931 2042//1931 2043//1931 
f 2037//1935 1954//1935 1961//1935 2026//1935 
f 1883//1936 2045//1936 2046//1936 1962//1936 
f 2047//1937 1963//1937 1884//1937 1962//1937 
f 2048//1938 1885//1938 1963//1938 2049//1938 
f 1965//1940 1809//1940 2050//1940 2051//1940 
f 1889//1942 2048//1942 2052//1942 1966//1942 
f 2053//1943 1967//1943 1890//1943 1966//1943 
f 1967//1944 2054//1944 1968//1944 1891//1944 
f 1969//1945 1892//1945 2055//1945 2056//1945 
f 1969//1946 2057//1946 1974//1946 1895//1946 
f 1893//1947 1970//1947 2058//1947 1971//1947 
f 1896//1948 1975//1948 2059//1948 1973//1948 
f 1975//1949 1974//1949 2060//1949 2061//1949 
f 2062//1950 1978//1950 1899//1950 1977//1950 
f 2063//1951 1977//1951 1903//1951 1982//1951 
f 1978//1952 2064//1952 1979//1952 1900//1952 
f 1979//1953 2065//1953 1985//1953 1980//1953 
f 2066//1955 1981//1955 1904//1955 1984//1955 
f 1981//1956 2067//1956 1983//1956 1902//1956 
f 2068//1957 1982//1957 1983//1957 2069//1957 
f 2070//1958 2071//1958 1987//1958 1986//1958 
f 1988//1959 1908//1959 1987//1959 2072//1959 
f 1989//1960 1909//1960 1988//1960 2073//1960 
f 1910//1961 1989//1961 2074//1961 1990//1961 
f 1911//1962 1990//1962 2075//1962 1991//1962 
f 1912//1963 1991//1963 2076//1963 1992//1963 
f 1913//1964 1992//1964 2077//1964 1993//1964 
f 1914//1965 1993//1965 2078//1965 1994//1965 
f 1915//1966 1994//1966 2079//1966 1995//1966 
f 1916//1967 1995//1967 2080//1967 1996//1967 
f 2081//1968 1997//1968 1917//1968 1996//1968 
f 1918//1969 1997//1969 2082//1969 1998//1969 
f 2083//1970 1999//1970 1919//1970 1998//1970 
f 2084//1971 2000//1971 1920//1971 1999//1971 
f 1947//1972 2000//1972 2085//1972 2030//1972 
f 1922//1973 2003//1973 2086//1973 2001//1973 
f 1921//1974 2001//1974 2087//1974 2002//1974 
f 2088//1975 2003//1975 1923//1975 2004//1975 
f 2004//1976 1925//1976 2005//1976 2089//1976 
f 2006//1977 2090//1977 2005//1977 1926//1977 
f 2007//1978 2091//1978 2006//1978 1927//1978 
f 2007//1979 1928//1979 2008//1979 2092//1979 
f 2031//1980 2093//1980 2008//1980 1948//1980 
f 1929//1981 2010//1981 2094//1981 2009//1981 
f 2009//1982 2095//1982 2011//1982 1930//1982 
f 2096//1983 2010//1983 1933//1983 2013//1983 
f 2097//1984 2013//1984 2012//1984 2098//1984 
f 2098//1985 2012//1985 1934//1985 2014//1985 
f 2002//1986 2087//1986 2099//1986 2014//1986 
f 1939//1987 2020//1987 2100//1987 2015//1987 
f 2101//1988 2016//1988 1935//1988 2015//1988 
f 1936//1989 2016//1989 2102//1989 2017//1989 
f 2103//1990 2018//1990 1937//1990 2017//1990 
f 2021//1991 1940//1991 2018//1991 2104//1991 
f 2105//1992 2020//1992 2019//1992 2106//1992 
f 2021//1993 2107//1993 2022//1993 1941//1993 
f 2108//1994 2023//1994 1942//1994 2022//1994 
f 2023//1995 2108//1995 2109//1995 1944//1995 
f 2024//1996 2110//1996 2106//1996 2019//1996 
f 2024//1997 2011//1997 2095//1997 2110//1997 
f 1944//1998 2111//1998 2023//1998 2025//1998 
f 2025//1999 2112//1999 2037//1999 2026//1999 
f 2114//2002 2115//2002 2028//2002 1946//2002 
f 2030//2005 2117//2005 2118//2005 2031//2005 
f 1950//2007 2029//2007 2120//2007 2032//2007 
f 2036//2008 2034//2008 1951//2008 1953//2008 
f 2034//2009 2121//2009 2122//2009 2035//2009 
f 1959//2010 2043//2010 2123//2010 2036//2010 
f 2037//2011 2112//2011 2124//2011 2038//2011 
f 2038//2012 2125//2012 2039//2012 1955//2012 
f 1956//2013 2039//2013 2126//2013 2041//2013 
f 2040//2014 2041//2014 2127//2014 2128//2014 
f 1958//2015 2040//2015 2128//2015 2042//2015 
f 2042//2016 2129//2016 2130//2016 2043//2016 
f 2132//2019 2133//2019 2046//2019 2045//2019 
f 2047//2020 1962//2020 2046//2020 2134//2020 
f 2049//2021 1963//2021 2047//2021 2135//2021 
f 2048//2022 2049//2022 2136//2022 2052//2022 
f 2053//2023 1966//2023 2052//2023 2137//2023 
f 2138//2024 2054//2024 1967//2024 2053//2024 
f 2139//2025 2056//2025 2055//2025 2140//2025 
f 1969//2026 2056//2026 2141//2026 2057//2026 
f 1974//2027 2057//2027 2142//2027 2060//2027 
f 2143//2028 2144//2028 2058//2028 1970//2028 
f 1971//2029 2058//2029 2145//2029 2146//2029 
f 1975//2030 2061//2030 2147//2030 2059//2030 
f 2061//2031 2060//2031 2148//2031 2149//2031 
f 2062//2032 2150//2032 2064//2032 1978//2032 
f 2062//2033 1977//2033 2063//2033 2151//2033 
f 2068//2034 2152//2034 2063//2034 1982//2034 
f 1979//2035 2064//2035 2153//2035 2065//2035 
f 2066//2036 2154//2036 2067//2036 1981//2036 
f 2069//2037 1983//2037 2067//2037 2155//2037 
f 2068//2038 2069//2038 2156//2038 2157//2038 
f 2070//2039 2158//2039 2159//2039 2071//2039 
f 2072//2040 1987//2040 2071//2040 2160//2040 
f 2161//2041 2073//2041 1988//2041 2072//2041 
f 2074//2042 1989//2042 2073//2042 2162//2042 
f 1990//2043 2074//2043 2163//2043 2075//2043 
f 2075//2044 2164//2044 2076//2044 1991//2044 
f 2165//2045 2077//2045 1992//2045 2076//2045 
f 2166//2046 2078//2046 1993//2046 2077//2046 
f 1994//2047 2078//2047 2167//2047 2079//2047 
f 2080//2048 1995//2048 2079//2048 2168//2048 
f 2080//2049 2169//2049 2081//2049 1996//2049 
f 2170//2050 2082//2050 1997//2050 2081//2050 
f 2083//2051 1998//2051 2082//2051 2171//2051 
f 2084//2052 1999//2052 2083//2052 2172//2052 
f 2084//2053 2173//2053 2085//2053 2000//2053 
f 2085//2054 2174//2054 2117//2054 2030//2054 
f 2086//2055 2003//2055 2088//2055 2175//2055 
f 2086//2056 2176//2056 2087//2056 2001//2056 
f 2088//2057 2004//2057 2089//2057 2177//2057 
f 2090//2058 2178//2058 2089//2058 2005//2058 
f 2091//2059 2179//2059 2090//2059 2006//2059 
f 2007//2060 2092//2060 2180//2060 2091//2060 
f 2092//2061 2008//2061 2093//2061 2181//2061 
f 2031//2062 2118//2062 2182//2062 2093//2062 
f 2183//2063 2094//2063 2010//2063 2096//2063 
f 2009//2064 2094//2064 2184//2064 2095//2064 
f 2096//2065 2013//2065 2097//2065 2185//2065 
f 2186//2066 2187//2066 2097//2066 2098//2066 
f 2186//2067 2098//2067 2014//2067 2099//2067 
f 2176//2068 2188//2068 2099//2068 2087//2068 
f 2105//2069 2189//2069 2100//2069 2020//2069 
f 2100//2070 2190//2070 2101//2070 2015//2070 
f 2101//2071 2191//2071 2102//2071 2016//2071 
f 2192//2072 2103//2072 2017//2072 2102//2072 
f 2104//2073 2018//2073 2103//2073 2193//2073 
f 2021//2074 2104//2074 2194//2074 2107//2074 
f 2195//2075 2105//2075 2106//2075 2196//2075 
f 2197//2076 2022//2076 2107//2076 2198//2076 
f 2115//2078 2109//2078 2108//2078 2200//2078 
f 1944//2079 2109//2079 2201//2079 2111//2079 
f 2196//2080 2106//2080 2110//2080 2202//2080 
f 2095//2081 2184//2081 2202//2081 2110//2081 
f 2023//2083 2204//2083 2205//2083 2025//2083 
f 2025//2084 2205//2084 2206//2084 2112//2084 
f 2117//2090 2211//2090 2212//2090 2118//2090 
f 2036//2094 2123//2094 2121//2094 2034//2094 
f 2043//2095 2130//2095 2215//2095 2123//2095 
f 2124//2096 2112//2096 2206//2096 2216//2096 
f 2218//2099 2126//2099 2039//2099 2125//2099 
f 2219//2100 2127//2100 2041//2100 2126//2100 
f 2127//2101 2220//2101 2221//2101 2128//2101 
f 2128//2102 2221//2102 2129//2102 2042//2102 
f 2222//2103 2130//2103 2129//2103 2223//2103 
f 2225//2106 2133//2106 2132//2106 2226//2106 
f 2046//2107 2133//2107 2227//2107 2134//2107 
f 2228//2108 2132//2108 2045//2108 2229//2108 
f 2230//2109 2135//2109 2047//2109 2134//2109 
f 2136//2110 2049//2110 2135//2110 2231//2110 
f 2136//2111 2232//2111 2137//2111 2052//2111 
f 2138//2112 2053//2112 2137//2112 2233//2112 
f 2235//2114 2140//2114 2055//2114 2236//2114 
f 2237//2115 2139//2115 2140//2115 2238//2115 
f 2057//2117 2141//2117 2239//2117 2142//2117 
f 2148//2118 2060//2118 2142//2118 2240//2118 
f 2241//2119 2242//2119 2144//2119 2143//2119 
f 2145//2120 2058//2120 2144//2120 2243//2120 
f 2244//2121 2143//2121 1970//2121 2245//2121 
f 2246//2122 2247//2122 2146//2122 2145//2122 
f 2061//2123 2149//2123 2248//2123 2147//2123 
f 2148//2124 2249//2124 2250//2124 2149//2124 
f 2151//2125 2251//2125 2150//2125 2062//2125 
f 2064//2126 2150//2126 2252//2126 2153//2126 
f 2151//2127 2063//2127 2152//2127 2253//2127 
f 2068//2128 2157//2128 2254//2128 2152//2128 
f 2255//2129 2155//2129 2067//2129 2154//2129 
f 2069//2130 2155//2130 2256//2130 2156//2130 
f 2257//2131 2258//2131 2157//2131 2156//2131 
f 2259//2132 2159//2132 2158//2132 2260//2132 
f 2071//2133 2159//2133 2261//2133 2160//2133 
f 2161//2134 2072//2134 2160//2134 2262//2134 
f 2162//2135 2073//2135 2161//2135 2263//2135 
f 2074//2136 2162//2136 2264//2136 2163//2136 
f 2075//2137 2163//2137 2265//2137 2164//2137 
f 2266//2138 2165//2138 2076//2138 2164//2138 
f 2166//2139 2077//2139 2165//2139 2267//2139 
f 2166//2140 2268//2140 2167//2140 2078//2140 
f 2269//2141 2168//2141 2079//2141 2167//2141 
f 2080//2142 2168//2142 2270//2142 2169//2142 
f 2170//2143 2081//2143 2169//2143 2271//2143 
f 2170//2144 2272//2144 2171//2144 2082//2144 
f 2274//2146 2172//2146 2083//2146 2275//2146 
f 2084//2147 2172//2147 2276//2147 2173//2147 
f 2173//2148 2277//2148 2174//2148 2085//2148 
f 2174//2149 2278//2149 2211//2149 2117//2149 
f 2088//2150 2177//2150 2279//2150 2175//2150 
f 2086//2151 2175//2151 2280//2151 2176//2151 
f 2178//2152 2281//2152 2177//2152 2089//2152 
f 2179//2153 2282//2153 2178//2153 2090//2153 
f 2091//2154 2180//2154 2283//2154 2179//2154 
f 2092//2155 2181//2155 2284//2155 2180//2155 
f 2093//2156 2182//2156 2285//2156 2181//2156 
f 2118//2157 2212//2157 2286//2157 2182//2157 
f 2183//2158 2287//2158 2184//2158 2094//2158 
f 2183//2159 2096//2159 2185//2159 2288//2159 
f 2185//2160 2097//2160 2187//2160 2289//2160 
f 2186//2161 2290//2161 2291//2161 2187//2161 
f 2186//2162 2099//2162 2188//2162 2290//2162 
f 2280//2163 2292//2163 2188//2163 2176//2163 
f 2195//2164 2293//2164 2189//2164 2105//2164 
f 2100//2165 2189//2165 2294//2165 2190//2165 
f 2295//2166 2191//2166 2101//2166 2190//2166 
f 2192//2167 2102//2167 2191//2167 2296//2167 
f 2192//2168 2297//2168 2193//2168 2103//2168 
f 2104//2169 2193//2169 2298//2169 2194//2169 
f 2299//2170 2198//2170 2107//2170 2194//2170 
f 2195//2171 2196//2171 2300//2171 2301//2171 
f 2302//2173 2197//2173 2198//2173 2303//2173 
f 2115//2175 2305//2175 2201//2175 2109//2175 
f 2108//2176 2304//2176 2306//2176 2200//2176 
f 2196//2179 2202//2179 2308//2179 2300//2179 
f 2202//2180 2184//2180 2287//2180 2308//2180 
f 2205//2182 2204//2182 2197//2182 2302//2182 
f 2205//2183 2302//2183 2309//2183 2206//2183 
f 2310//2184 2311//2184 2207//2184 2113//2184 
f 2314//2188 2315//2188 2029//2188 2210//2188 
f 2222//2194 2317//2194 2215//2194 2130//2194 
f 2318//2195 2216//2195 2206//2195 2309//2195 
f 2319//2196 2124//2196 2216//2196 2320//2196 
f 2321//2198 2219//2198 2126//2198 2218//2198 
f 2319//2199 2218//2199 2125//2199 2124//2199 
f 2219//2200 2322//2200 2220//2200 2127//2200 
f 2221//2201 2220//2201 2323//2201 2324//2201 
f 2221//2202 2324//2202 2223//2202 2129//2202 
f 2325//2203 2222//2203 2223//2203 2326//2203 
f 2225//2206 2327//2206 2227//2206 2133//2206 
f 2228//2207 2328//2207 2226//2207 2132//2207 
f 2225//2208 2226//2208 2329//2208 2330//2208 
f 2230//2209 2134//2209 2227//2209 2331//2209 
f 2228//2210 2229//2210 2332//2210 2333//2210 
f 2334//2211 2231//2211 2135//2211 2230//2211 
f 2335//2212 2232//2212 2136//2212 2231//2212 
f 2233//2213 2137//2213 2232//2213 2336//2213 
f 2138//2214 2233//2214 2337//2214 2338//2214 
f 2235//2217 2236//2217 2340//2217 2238//2217 
f 2341//2218 2141//2218 2139//2218 2237//2218 
f 2237//2220 2238//2220 2342//2220 2343//2220 
f 2341//2221 2344//2221 2239//2221 2141//2221 
f 2142//2222 2239//2222 2345//2222 2240//2222 
f 2148//2223 2240//2223 2346//2223 2249//2223 
f 2347//2224 2348//2224 2242//2224 2241//2224 
f 2144//2225 2242//2225 2349//2225 2243//2225 
f 2241//2226 2143//2226 2244//2226 2350//2226 
f 2352//2229 2248//2229 2149//2229 2250//2229 
f 2249//2230 2353//2230 2354//2230 2250//2230 
f 2253//2231 2355//2231 2251//2231 2151//2231 
f 2150//2232 2251//2232 2356//2232 2252//2232 
f 2357//2233 2253//2233 2152//2233 2254//2233 
f 2157//2234 2258//2234 2358//2234 2254//2234 
f 2255//2235 2359//2235 2256//2235 2155//2235 
f 2257//2236 2156//2236 2256//2236 2360//2236 
f 2257//2237 2361//2237 2362//2237 2258//2237 
f 2259//2238 2363//2238 2261//2238 2159//2238 
f 2259//2239 2260//2239 2364//2239 2365//2239 
f 2262//2240 2160//2240 2261//2240 2366//2240 
f 2263//2241 2161//2241 2262//2241 2367//2241 
f 2162//2242 2263//2242 2368//2242 2264//2242 
f 2369//2243 2265//2243 2163//2243 2264//2243 
f 2266//2244 2164//2244 2265//2244 2370//2244 
f 2267//2245 2165//2245 2266//2245 2371//2245 
f 2166//2246 2267//2246 2372//2246 2268//2246 
f 2269//2247 2167//2247 2268//2247 2373//2247 
f 2374//2248 2270//2248 2168//2248 2269//2248 
f 2271//2249 2169//2249 2270//2249 2375//2249 
f 2170//2250 2271//2250 2376//2250 2272//2250 
f 2275//2251 2171//2251 2272//2251 2377//2251 
f 2274//2254 2378//2254 2379//2254 2172//2254 
f 2274//2255 2275//2255 2377//2255 2380//2255 
f 2173//2256 2276//2256 2172//2256 2379//2256 
f 2173//2257 2379//2257 2381//2257 2277//2257 
f 2174//2258 2277//2258 2382//2258 2383//2258 
f 2174//2259 2384//2259 2385//2259 2278//2259 
f 2386//2260 2279//2260 2177//2260 2281//2260 
f 2280//2261 2175//2261 2279//2261 2387//2261 
f 2178//2262 2282//2262 2388//2262 2281//2262 
f 2179//2263 2283//2263 2389//2263 2282//2263 
f 2180//2264 2284//2264 2390//2264 2283//2264 
f 2391//2265 2284//2265 2181//2265 2285//2265 
f 2182//2266 2286//2266 2392//2266 2285//2266 
f 2286//2267 2212//2267 2393//2267 2394//2267 
f 2183//2268 2288//2268 2395//2268 2287//2268 
f 2288//2269 2185//2269 2289//2269 2396//2269 
f 2289//2270 2187//2270 2291//2270 2397//2270 
f 2398//2271 2291//2271 2290//2271 2399//2271 
f 2290//2272 2188//2272 2292//2272 2399//2272 
f 2400//2273 2292//2273 2280//2273 2387//2273 
f 2195//2274 2301//2274 2401//2274 2293//2274 
f 2293//2275 2402//2275 2294//2275 2189//2275 
f 2295//2276 2190//2276 2294//2276 2403//2276 
f 2295//2277 2404//2277 2296//2277 2191//2277 
f 2192//2278 2296//2278 2405//2278 2297//2278 
f 2406//2279 2298//2279 2193//2279 2297//2279 
f 2299//2280 2194//2280 2298//2280 2407//2280 
f 2299//2281 2408//2281 2303//2281 2198//2281 
f 2301//2282 2300//2282 2409//2282 2410//2282 
f 2309//2284 2302//2284 2303//2284 2411//2284 
f 2305//2286 2306//2286 2304//2286 2201//2286 
f 2413//2290 2409//2290 2300//2290 2308//2290 
f 2413//2291 2308//2291 2287//2291 2395//2291 
f 2310//2293 2414//2293 2415//2293 2311//2293 
f 2312//2294 2207//2294 2311//2294 2416//2294 
f 2209//2297 2418//2297 2419//2297 2313//2297 
f 2315//2298 2314//2298 2420//2298 2421//2298 
f 2314//2299 2210//2299 2422//2299 2423//2299 
f 2313//2300 2424//2300 2422//2300 2210//2300 
f 2120//2301 2315//2301 2425//2301 2316//2301 
f 2325//2302 2426//2302 2317//2302 2222//2302 
f 2318//2303 2427//2303 2320//2303 2216//2303 
f 2318//2304 2309//2304 2411//2304 2428//2304 
f 2319//2305 2320//2305 2429//2305 2430//2305 
f 2321//2306 2431//2306 2322//2306 2219//2306 
f 2319//2307 2430//2307 2321//2307 2218//2307 
f 2220//2308 2322//2308 2432//2308 2323//2308 
f 2326//2310 2223//2310 2324//2310 2434//2310 
f 2325//2311 2326//2311 2435//2311 2436//2311 
f 2225//2312 2330//2312 2437//2312 2327//2312 
f 2331//2313 2227//2313 2327//2313 2438//2313 
f 2228//2314 2333//2314 2439//2314 2328//2314 
f 2328//2315 2440//2315 2329//2315 2226//2315 
f 2442//2317 2334//2317 2230//2317 2331//2317 
f 2333//2318 2332//2318 2443//2318 2444//2318 
f 2334//2319 2445//2319 2335//2319 2231//2319 
f 2335//2320 2446//2320 2336//2320 2232//2320 
f 2337//2321 2233//2321 2336//2321 2447//2321 
f 2338//2322 2337//2322 2448//2322 2449//2322 
f 2341//2324 2237//2324 2343//2324 2450//2324 
f 2451//2325 2343//2325 2342//2325 2452//2325 
f 2341//2326 2450//2326 2453//2326 2344//2326 
f 2239//2327 2344//2327 2454//2327 2345//2327 
f 2240//2328 2345//2328 2455//2328 2346//2328 
f 2249//2329 2346//2329 2456//2329 2353//2329 
f 2457//2330 2348//2330 2347//2330 2458//2330 
f 2242//2331 2348//2331 2459//2331 2349//2331 
f 2347//2332 2241//2332 2350//2332 2460//2332 
f 2246//2333 2243//2333 2349//2333 2461//2333 
f 2352//2335 2250//2335 2354//2335 2462//2335 
f 2463//2336 2464//2336 2354//2336 2353//2336 
f 2355//2337 2253//2337 2357//2337 2465//2337 
f 2251//2338 2355//2338 2466//2338 2356//2338 
f 2357//2339 2254//2339 2358//2339 2465//2339 
f 2467//2340 2358//2340 2258//2340 2362//2340 
f 2360//2341 2256//2341 2359//2341 2468//2341 
f 2257//2342 2360//2342 2469//2342 2361//2342 
f 2470//2343 2471//2343 2362//2343 2361//2343 
f 2259//2344 2365//2344 2472//2344 2363//2344 
f 2473//2345 2366//2345 2261//2345 2363//2345 
f 2474//2346 2475//2346 2365//2346 2364//2346 
f 2476//2347 2367//2347 2262//2347 2366//2347 
f 2263//2348 2367//2348 2477//2348 2368//2348 
f 2369//2349 2264//2349 2368//2349 2478//2349 
f 2370//2350 2265//2350 2369//2350 2479//2350 
f 2266//2351 2370//2351 2480//2351 2371//2351 
f 2267//2352 2371//2352 2480//2352 2481//2352 
f 2372//2353 2267//2353 2481//2353 2482//2353 
f 2483//2354 2373//2354 2268//2354 2372//2354 
f 2374//2355 2269//2355 2373//2355 2484//2355 
f 2374//2356 2485//2356 2375//2356 2270//2356 
f 2376//2357 2271//2357 2375//2357 2486//2357 
f 2487//2358 2377//2358 2272//2358 2376//2358 
f 2274//2359 2380//2359 2488//2359 2378//2359 
f 2379//2360 2378//2360 2489//2360 2381//2360 
f 2487//2361 2490//2361 2380//2361 2377//2361 
f 2381//2362 2491//2362 2382//2362 2277//2362 
f 2386//2365 2493//2365 2387//2365 2279//2365 
f 2386//2366 2281//2366 2388//2366 2494//2366 
f 2282//2367 2389//2367 2495//2367 2388//2367 
f 2496//2368 2389//2368 2283//2368 2390//2368 
f 2390//2369 2284//2369 2391//2369 2497//2369 
f 2391//2370 2285//2370 2392//2370 2498//2370 
f 2286//2371 2394//2371 2499//2371 2392//2371 
f 2393//2372 2500//2372 2501//2372 2394//2372 
f 2288//2373 2396//2373 2502//2373 2395//2373 
f 2396//2374 2289//2374 2397//2374 2503//2374 
f 2397//2375 2291//2375 2398//2375 2504//2375 
f 2506//2377 2399//2377 2292//2377 2400//2377 
f 2507//2378 2400//2378 2387//2378 2493//2378 
f 2301//2379 2410//2379 2508//2379 2401//2379 
f 2293//2380 2401//2380 2509//2380 2402//2380 
f 2403//2381 2294//2381 2402//2381 2510//2381 
f 2295//2382 2403//2382 2511//2382 2404//2382 
f 2404//2383 2512//2383 2405//2383 2296//2383 
f 2406//2384 2297//2384 2405//2384 2513//2384 
f 2406//2385 2514//2385 2407//2385 2298//2385 
f 2299//2386 2407//2386 2515//2386 2408//2386 
f 2411//2387 2303//2387 2408//2387 2516//2387 
f 2517//2388 2410//2388 2409//2388 2518//2388 
f 2412//2389 2519//2389 2306//2389 2305//2389 
f 2520//2392 2518//2392 2409//2392 2413//2392 
f 2520//2393 2413//2393 2395//2393 2502//2393 
f 2522//2396 2416//2396 2311//2396 2415//2396 
f 2418//2399 2524//2399 2525//2399 2419//2399 
f 2313//2400 2419//2400 2425//2400 2315//2400 
f 2051//2401 2420//2401 2314//2401 2423//2401 
f 2420//2402 2526//2402 2527//2402 2421//2402 
f 2313//2403 2315//2403 2421//2403 2424//2403 
f 2423//2404 2422//2404 2528//2404 2529//2404 
f 2424//2405 2530//2405 2528//2405 2422//2405 
f 2425//2406 2531//2406 2532//2406 2316//2406 
f 2325//2407 2436//2407 2533//2407 2426//2407 
f 2318//2408 2428//2408 2534//2408 2427//2408 
f 2427//2409 2535//2409 2429//2409 2320//2409 
f 2428//2410 2411//2410 2516//2410 2536//2410 
f 2537//2411 2430//2411 2429//2411 2538//2411 
f 2321//2412 2430//2412 2537//2412 2431//2412 
f 2431//2413 2539//2413 2432//2413 2322//2413 
f 2434//2414 2323//2414 2432//2414 2540//2414 
f 2326//2417 2434//2417 2541//2417 2435//2417 
f 2436//2418 2435//2418 2542//2418 2543//2418 
f 2438//2419 2327//2419 2437//2419 2544//2419 
f 2545//2420 2442//2420 2331//2420 2438//2420 
f 2333//2421 2444//2421 2546//2421 2439//2421 
f 2328//2422 2439//2422 2547//2422 2440//2422 
f 2440//2423 2548//2423 2549//2423 2329//2423 
f 2442//2426 2551//2426 2445//2426 2334//2426 
f 2444//2427 2443//2427 2552//2427 2553//2427 
f 2335//2428 2445//2428 2554//2428 2446//2428 
f 2446//2429 2555//2429 2447//2429 2336//2429 
f 2448//2430 2337//2430 2447//2430 2556//2430 
f 2449//2431 2448//2431 2557//2431 2558//2431 
f 2450//2432 2343//2432 2451//2432 2559//2432 
f 2451//2433 2452//2433 2560//2433 2561//2433 
f 2450//2434 2559//2434 2562//2434 2453//2434 
f 2563//2435 2454//2435 2344//2435 2453//2435 
f 2564//2436 2455//2436 2345//2436 2454//2436 
f 2346//2437 2455//2437 2565//2437 2456//2437 
f 2456//2438 2566//2438 2463//2438 2353//2438 
f 2567//2439 2459//2439 2348//2439 2457//2439 
f 2458//2440 2347//2440 2460//2440 2568//2440 
f 2569//2441 2457//2441 2458//2441 2570//2441 
f 2349//2442 2459//2442 2571//2442 2461//2442 
f 2462//2443 2354//2443 2464//2443 2572//2443 
f 2573//2444 2570//2444 2352//2444 2462//2444 
f 2463//2445 2574//2445 2575//2445 2464//2445 
f 2465//2446 2576//2446 2577//2446 2355//2446 
f 2466//2447 2355//2447 2577//2447 2578//2447 
f 2465//2448 2358//2448 2467//2448 2579//2448 
f 2467//2449 2362//2449 2471//2449 2580//2449 
f 2581//2450 2469//2450 2360//2450 2468//2450 
f 2470//2451 2361//2451 2469//2451 2582//2451 
f 2470//2452 2583//2452 2584//2452 2471//2452 
f 2475//2453 2585//2453 2472//2453 2365//2453 
f 2473//2454 2363//2454 2472//2454 2586//2454 
f 2476//2455 2366//2455 2473//2455 2587//2455 
f 2474//2456 2588//2456 2589//2456 2475//2456 
f 2590//2457 2591//2457 2474//2457 2364//2457 
f 2476//2458 2592//2458 2477//2458 2367//2458 
f 2477//2459 2593//2459 2478//2459 2368//2459 
f 2369//2460 2478//2460 2594//2460 2479//2460 
f 2370//2461 2479//2461 2595//2461 2480//2461 
f 2480//2462 2595//2462 2596//2462 2481//2462 
f 2482//2463 2481//2463 2596//2463 2597//2463 
f 2483//2464 2372//2464 2482//2464 2598//2464 
f 2483//2465 2599//2465 2484//2465 2373//2465 
f 2374//2466 2484//2466 2600//2466 2485//2466 
f 2601//2467 2486//2467 2375//2467 2485//2467 
f 2487//2468 2376//2468 2486//2468 2602//2468 
f 2490//2469 2603//2469 2488//2469 2380//2469 
f 2489//2470 2378//2470 2488//2470 2604//2470 
f 2381//2471 2489//2471 2605//2471 2606//2471 
f 2487//2472 2602//2472 2607//2472 2490//2472 
f 2608//2473 2491//2473 2381//2473 2606//2473 
f 2609//2474 2382//2474 2491//2474 2610//2474 
f 2386//2477 2494//2477 2613//2477 2493//2477 
f 2494//2478 2388//2478 2495//2478 2614//2478 
f 2496//2479 2615//2479 2495//2479 2389//2479 
f 2496//2480 2390//2480 2497//2480 2616//2480 
f 2391//2481 2498//2481 2617//2481 2497//2481 
f 2498//2482 2392//2482 2499//2482 2618//2482 
f 2499//2483 2394//2483 2501//2483 2619//2483 
f 2393//2484 2620//2484 2621//2484 2500//2484 
f 2622//2485 2501//2485 2500//2485 2623//2485 
f 2396//2486 2503//2486 2624//2486 2502//2486 
f 2625//2487 2503//2487 2397//2487 2504//2487 
f 2504//2488 2398//2488 2626//2488 2627//2488 
f 2506//2491 2400//2491 2507//2491 2628//2491 
f 2507//2492 2493//2492 2613//2492 2629//2492 
f 2517//2493 2630//2493 2508//2493 2410//2493 
f 2401//2494 2508//2494 2631//2494 2509//2494 
f 2632//2495 2510//2495 2402//2495 2509//2495 
f 2403//2496 2510//2496 2633//2496 2511//2496 
f 2404//2497 2511//2497 2634//2497 2512//2497 
f 2405//2498 2512//2498 2635//2498 2513//2498 
f 2406//2499 2513//2499 2636//2499 2514//2499 
f 2514//2500 2637//2500 2515//2500 2407//2500 
f 2638//2501 2516//2501 2408//2501 2515//2501 
f 2517//2502 2518//2502 2639//2502 2640//2502 
f 2641//2503 2519//2503 2412//2503 2642//2503 
f 2412//2504 2643//2504 2644//2504 2417//2504 
f 2520//2505 2645//2505 2639//2505 2518//2505 
f 2520//2506 2502//2506 2624//2506 2645//2506 
f 2649//2510 2522//2510 2415//2510 2647//2510 
f 2417//2512 2644//2512 2524//2512 2418//2512 
f 2425//2514 2419//2514 2525//2514 2531//2514 
f 2051//2515 2651//2515 2526//2515 2420//2515 
f 2051//2516 2423//2516 2529//2516 2651//2516 
f 2652//2517 2653//2517 2527//2517 2526//2517 
f 2421//2518 2527//2518 2530//2518 2654//2518 
f 2654//2519 2530//2519 2424//2519 2421//2519 
f 2529//2520 2528//2520 2655//2520 2656//2520 
f 2657//2521 2655//2521 2528//2521 2530//2521 
f 2658//2522 2659//2522 2532//2522 2531//2522 
f 2436//2523 2660//2523 2661//2523 2533//2523 
f 2426//2524 2533//2524 2662//2524 2663//2524 
f 2428//2525 2536//2525 2664//2525 2534//2525 
f 2427//2526 2534//2526 2665//2526 2535//2526 
f 2538//2527 2429//2527 2535//2527 2666//2527 
f 2667//2528 2536//2528 2516//2528 2638//2528 
f 2537//2529 2538//2529 2668//2529 2669//2529 
f 2537//2530 2669//2530 2539//2530 2431//2530 
f 2670//2531 2540//2531 2432//2531 2539//2531 
f 2434//2532 2540//2532 2671//2532 2541//2532 
f 2435//2533 2541//2533 2672//2533 2542//2533 
f 2543//2534 2542//2534 2673//2534 2674//2534 
f 2674//2535 2660//2535 2436//2535 2543//2535 
f 2675//2536 2545//2536 2438//2536 2544//2536 
f 2545//2537 2676//2537 2551//2537 2442//2537 
f 2546//2538 2444//2538 2553//2538 2677//2538 
f 2439//2539 2546//2539 2678//2539 2547//2539 
f 2440//2540 2547//2540 2679//2540 2548//2540 
f 2548//2541 2680//2541 2681//2541 2549//2541 
f 2682//2542 2554//2542 2445//2542 2551//2542 
f 2446//2543 2554//2543 2683//2543 2555//2543 
f 2684//2544 2556//2544 2447//2544 2555//2544 
f 2448//2545 2556//2545 2685//2545 2557//2545 
f 2558//2546 2557//2546 2686//2546 2687//2546 
f 2451//2547 2561//2547 2688//2547 2559//2547 
f 2562//2548 2559//2548 2688//2548 2689//2548 
f 2563//2549 2453//2549 2562//2549 2690//2549 
f 2691//2550 2564//2550 2454//2550 2563//2550 
f 2564//2551 2692//2551 2565//2551 2455//2551 
f 2456//2552 2565//2552 2693//2552 2566//2552 
f 2463//2553 2566//2553 2694//2553 2574//2553 
f 2695//2554 2571//2554 2459//2554 2567//2554 
f 2696//2555 2567//2555 2457//2555 2569//2555 
f 2458//2556 2568//2556 2352//2556 2570//2556 
f 2569//2557 2570//2557 2573//2557 2697//2557 
f 2573//2558 2462//2558 2572//2558 2698//2558 
f 2574//2559 2699//2559 2700//2559 2575//2559 
f 2576//2560 2465//2560 2701//2560 2702//2560 
f 2578//2561 2577//2561 2576//2561 2702//2561 
f 2466//2562 2578//2562 2703//2562 2704//2562 
f 2467//2563 2580//2563 2705//2563 2579//2563 
f 2465//2564 2579//2564 2706//2564 2701//2564 
f 2707//2565 2580//2565 2471//2565 2584//2565 
f 2582//2566 2469//2566 2581//2566 2708//2566 
f 2470//2567 2582//2567 2709//2567 2710//2567 
f 2711//2568 2712//2568 2584//2568 2583//2568 
f 2475//2569 2589//2569 2713//2569 2585//2569 
f 2586//2570 2472//2570 2585//2570 2714//2570 
f 2587//2571 2473//2571 2586//2571 2715//2571 
f 2476//2572 2587//2572 2716//2572 2592//2572 
f 2474//2573 2591//2573 2717//2573 2588//2573 
f 2718//2574 2719//2574 2589//2574 2588//2574 
f 2592//2575 2720//2575 2593//2575 2477//2575 
f 2593//2576 2721//2576 2594//2576 2478//2576 
f 2595//2577 2479//2577 2594//2577 2722//2577 
f 2596//2578 2595//2578 2722//2578 2723//2578 
f 2596//2579 2723//2579 2724//2579 2597//2579 
f 2482//2580 2597//2580 2725//2580 2598//2580 
f 2726//2581 2600//2581 2484//2581 2599//2581 
f 2601//2582 2485//2582 2600//2582 2727//2582 
f 2728//2583 2602//2583 2486//2583 2601//2583 
f 2729//2584 2603//2584 2490//2584 2607//2584 
f 2730//2585 2604//2585 2488//2585 2603//2585 
f 2489//2586 2604//2586 2731//2586 2605//2586 
f 2732//2587 2606//2587 2605//2587 2733//2587 
f 2728//2588 2734//2588 2607//2588 2602//2588 
f 2735//2589 2610//2589 2491//2589 2608//2589 
f 2736//2590 2608//2590 2606//2590 2732//2590 
f 2609//2591 2610//2591 2735//2591 2737//2591 
f 2494//2594 2614//2594 2739//2594 2613//2594 
f 2740//2595 2614//2595 2495//2595 2615//2595 
f 2496//2596 2616//2596 2741//2596 2615//2596 
f 2616//2597 2497//2597 2617//2597 2742//2597 
f 2498//2598 2618//2598 2743//2598 2617//2598 
f 2618//2599 2499//2599 2619//2599 2744//2599 
f 2745//2600 2746//2600 2621//2600 2620//2600 
f 2625//2601 2747//2601 2624//2601 2503//2601 
f 2625//2602 2504//2602 2627//2602 2748//2602 
f 2398//2603 2506//2603 2628//2603 2626//2603 
f 2627//2604 2626//2604 2749//2604 2750//2604 
f 2751//2605 2628//2605 2507//2605 2629//2605 
f 2752//2606 2629//2606 2613//2606 2739//2606 
f 2753//2607 2630//2607 2517//2607 2640//2607 
f 2630//2608 2754//2608 2631//2608 2508//2608 
f 2755//2609 2632//2609 2509//2609 2631//2609 
f 2756//2610 2633//2610 2510//2610 2632//2610 
f 2757//2611 2634//2611 2511//2611 2633//2611 
f 2512//2612 2634//2612 2758//2612 2635//2612 
f 2759//2613 2636//2613 2513//2613 2635//2613 
f 2514//2614 2636//2614 2760//2614 2637//2614 
f 2761//2615 2638//2615 2515//2615 2637//2615 
f 2640//2616 2639//2616 2762//2616 2763//2616 
f 2412//2618 2765//2618 2766//2618 2643//2618 
f 2654//2619 2644//2619 2643//2619 2767//2619 
f 2645//2620 2768//2620 2762//2620 2639//2620 
f 2624//2621 2747//2621 2768//2621 2645//2621 
f 2654//2626 2770//2626 2524//2626 2644//2626 
f 2659//2629 2658//2629 2531//2629 2525//2629 
f 2651//2630 2771//2630 2652//2630 2526//2630 
f 2772//2631 2653//2631 2652//2631 2773//2631 
f 2657//2632 2530//2632 2527//2632 2653//2632 
f 2774//2633 2775//2633 2656//2633 2655//2633 
f 2774//2634 2655//2634 2657//2634 2776//2634 
f 2777//2635 2532//2635 2659//2635 2778//2635 
f 2661//2636 2660//2636 2674//2636 2779//2636 
f 2667//2639 2781//2639 2664//2639 2536//2639 
f 2534//2640 2664//2640 2782//2640 2665//2640 
f 2665//2641 2783//2641 2666//2641 2535//2641 
f 2538//2642 2666//2642 2784//2642 2668//2642 
f 2761//2643 2785//2643 2667//2643 2638//2643 
f 2669//2644 2668//2644 2786//2644 2787//2644 
f 2669//2645 2787//2645 2670//2645 2539//2645 
f 2670//2646 2788//2646 2671//2646 2540//2646 
f 2789//2647 2672//2647 2541//2647 2671//2647 
f 2672//2648 2790//2648 2673//2648 2542//2648 
f 2673//2649 2791//2649 2779//2649 2674//2649 
f 2675//2650 2792//2650 2676//2650 2545//2650 
f 2675//2651 2544//2651 2793//2651 2794//2651 
f 2795//2652 2682//2652 2551//2652 2676//2652 
f 2546//2653 2677//2653 2796//2653 2678//2653 
f 2547//2654 2678//2654 2797//2654 2679//2654 
f 2679//2655 2798//2655 2680//2655 2548//2655 
f 2799//2656 2681//2656 2680//2656 2800//2656 
f 2549//2657 2681//2657 2801//2657 2802//2657 
f 2683//2658 2554//2658 2682//2658 2803//2658 
f 2684//2659 2555//2659 2683//2659 2804//2659 
f 2684//2660 2805//2660 2685//2660 2556//2660 
f 2685//2661 2806//2661 2686//2661 2557//2661 
f 2691//2662 2687//2662 2686//2662 2807//2662 
f 2690//2663 2562//2663 2689//2663 2808//2663 
f 2809//2664 2692//2664 2564//2664 2691//2664 
f 2810//2665 2811//2665 2565//2665 2692//2665 
f 2813//2667 2694//2667 2566//2667 2814//2667 
f 2694//2668 2815//2668 2699//2668 2574//2668 
f 2816//2669 2695//2669 2567//2669 2696//2669 
f 2817//2670 2696//2670 2569//2670 2697//2670 
f 2697//2671 2573//2671 2698//2671 2818//2671 
f 2698//2672 2572//2672 2819//2672 2820//2672 
f 2821//2673 2700//2673 2699//2673 2822//2673 
f 2702//2675 2701//2675 2824//2675 2825//2675 
f 2578//2676 2702//2676 2825//2676 2703//2676 
f 2703//2677 2826//2677 2827//2677 2704//2677 
f 2707//2678 2828//2678 2705//2678 2580//2678 
f 2706//2679 2579//2679 2705//2679 2829//2679 
f 2706//2680 2830//2680 2824//2680 2701//2680 
f 2707//2681 2584//2681 2712//2681 2831//2681 
f 2832//2682 2709//2682 2582//2682 2708//2682 
f 2833//2683 2834//2683 2710//2683 2709//2683 
f 2470//2684 2710//2684 2835//2684 2836//2684 
f 2837//2685 2838//2685 2712//2685 2711//2685 
f 2839//2686 2713//2686 2589//2686 2719//2686 
f 2714//2687 2585//2687 2713//2687 2840//2687 
f 2586//2688 2714//2688 2841//2688 2715//2688 
f 2587//2689 2715//2689 2842//2689 2716//2689 
f 2592//2690 2716//2690 2843//2690 2720//2690 
f 2718//2691 2588//2691 2717//2691 2844//2691 
f 2845//2692 2719//2692 2718//2692 2846//2692 
f 2720//2693 2847//2693 2721//2693 2593//2693 
f 2848//2694 2722//2694 2594//2694 2721//2694 
f 2848//2695 2849//2695 2723//2695 2722//2695 
f 2850//2696 2724//2696 2723//2696 2849//2696 
f 2725//2697 2597//2697 2724//2697 2851//2697 
f 2598//2698 2725//2698 2852//2698 2853//2698 
f 2854//2699 2727//2699 2600//2699 2726//2699 
f 2855//2700 2856//2700 2726//2700 2599//2700 
f 2728//2701 2601//2701 2727//2701 2857//2701 
f 2729//2702 2858//2702 2730//2702 2603//2702 
f 2729//2703 2607//2703 2734//2703 2859//2703 
f 2860//2704 2731//2704 2604//2704 2730//2704 
f 2733//2705 2605//2705 2731//2705 2861//2705 
f 2862//2706 2732//2706 2733//2706 2863//2706 
f 2728//2707 2857//2707 2864//2707 2734//2707 
f 2735//2708 2608//2708 2865//2708 2866//2708 
f 2867//2709 2865//2709 2608//2709 2736//2709 
f 2868//2710 2736//2710 2732//2710 2862//2710 
f 2735//2711 2866//2711 2869//2711 2737//2711 
f 2609//2712 2737//2712 2870//2712 2871//2712 
f 2739//2715 2614//2715 2740//2715 2873//2715 
f 2741//2716 2874//2716 2740//2716 2615//2716 
f 2616//2717 2742//2717 2875//2717 2741//2717 
f 2617//2718 2743//2718 2876//2718 2742//2718 
f 2618//2719 2744//2719 2877//2719 2743//2719 
f 2878//2720 2744//2720 2619//2720 2879//2720 
f 2625//2721 2748//2721 2880//2721 2747//2721 
f 2627//2722 2750//2722 2881//2722 2748//2722 
f 2751//2723 2749//2723 2626//2723 2628//2723 
f 2750//2724 2749//2724 2882//2724 2883//2724 
f 2752//2725 2884//2725 2751//2725 2629//2725 
f 2752//2726 2739//2726 2873//2726 2885//2726 
f 2753//2727 2886//2727 2754//2727 2630//2727 
f 2753//2728 2640//2728 2763//2728 2887//2728 
f 2755//2729 2631//2729 2754//2729 2888//2729 
f 2755//2730 2889//2730 2756//2730 2632//2730 
f 2756//2731 2890//2731 2757//2731 2633//2731 
f 2757//2732 2891//2732 2758//2732 2634//2732 
f 2759//2733 2635//2733 2758//2733 2892//2733 
f 2759//2734 2893//2734 2760//2734 2636//2734 
f 2761//2735 2637//2735 2760//2735 2894//2735 
f 2895//2736 2896//2736 2763//2736 2762//2736 
f 2649//2739 2524//2739 2766//2739 2765//2739 
f 2895//2743 2762//2743 2768//2743 2899//2743 
f 2747//2744 2880//2744 2899//2744 2768//2744 
f 2651//2750 2902//2750 2903//2750 2771//2750 
f 2904//2751 2773//2751 2652//2751 2771//2751 
f 2653//2752 2772//2752 2776//2752 2905//2752 
f 2772//2753 2773//2753 2906//2753 2907//2753 
f 2905//2754 2776//2754 2657//2754 2653//2754 
f 2908//2755 2775//2755 2774//2755 2909//2755 
f 2910//2756 2909//2756 2774//2756 2776//2756 
f 2911//2757 2661//2757 2779//2757 2912//2757 
f 2667//2759 2785//2759 2913//2759 2781//2759 
f 2781//2760 2914//2760 2782//2760 2664//2760 
f 2782//2761 2915//2761 2783//2761 2665//2761 
f 2784//2762 2666//2762 2783//2762 2916//2762 
f 2786//2763 2668//2763 2784//2763 2917//2763 
f 2761//2764 2894//2764 2918//2764 2785//2764 
f 2919//2765 2787//2765 2786//2765 2920//2765 
f 2919//2766 2788//2766 2670//2766 2787//2766 
f 2789//2767 2671//2767 2788//2767 2921//2767 
f 2789//2768 2922//2768 2790//2768 2672//2768 
f 2673//2769 2790//2769 2923//2769 2791//2769 
f 2779//2770 2791//2770 2924//2770 2925//2770 
f 2675//2771 2794//2771 2926//2771 2792//2771 
f 2927//2772 2795//2772 2676//2772 2792//2772 
f 2793//2773 2928//2773 2929//2773 2794//2773 
f 2930//2774 2803//2774 2682//2774 2795//2774 
f 2678//2775 2796//2775 2931//2775 2797//2775 
f 2679//2776 2797//2776 2932//2776 2798//2776 
f 2798//2777 2933//2777 2800//2777 2680//2777 
f 2799//2778 2934//2778 2801//2778 2681//2778 
f 2935//2779 2799//2779 2800//2779 2936//2779 
f 2683//2780 2803//2780 2937//2780 2804//2780 
f 2684//2781 2804//2781 2938//2781 2805//2781 
f 2685//2782 2805//2782 2939//2782 2806//2782 
f 2807//2783 2686//2783 2806//2783 2940//2783 
f 2809//2784 2691//2784 2807//2784 2941//2784 
f 2810//2785 2692//2785 2809//2785 2942//2785 
f 2694//2789 2813//2789 2945//2789 2815//2789 
f 2814//2790 2946//2790 2947//2790 2813//2790 
f 2815//2791 2948//2791 2822//2791 2699//2791 
f 2949//2792 2816//2792 2696//2792 2817//2792 
f 2950//2793 2700//2793 2821//2793 2951//2793 
f 2825//2796 2824//2796 2953//2796 2954//2796 
f 2703//2797 2825//2797 2954//2797 2826//2797 
f 2826//2798 2955//2798 2956//2798 2827//2798 
f 2957//2799 2828//2799 2707//2799 2831//2799 
f 2829//2800 2705//2800 2828//2800 2958//2800 
f 2706//2801 2829//2801 2959//2801 2830//2801 
f 2953//2802 2824//2802 2830//2802 2960//2802 
f 2961//2803 2831//2803 2712//2803 2838//2803 
f 2962//2804 2833//2804 2709//2804 2832//2804 
f 2963//2805 2837//2805 2834//2805 2833//2805 
f 2834//2806 2964//2806 2835//2806 2710//2806 
f 2840//2807 2713//2807 2839//2807 2965//2807 
f 2839//2808 2719//2808 2845//2808 2966//2808 
f 2714//2809 2840//2809 2967//2809 2841//2809 
f 2842//2810 2715//2810 2841//2810 2968//2810 
f 2842//2811 2969//2811 2843//2811 2716//2811 
f 2720//2812 2843//2812 2970//2812 2847//2812 
f 2971//2813 2846//2813 2718//2813 2844//2813 
f 2972//2814 2973//2814 2845//2814 2846//2814 
f 2848//2815 2721//2815 2847//2815 2974//2815 
f 2848//2816 2974//2816 2975//2816 2849//2816 
f 2851//2817 2724//2817 2850//2817 2976//2817 
f 2977//2818 2850//2818 2849//2818 2975//2818 
f 2725//2819 2851//2819 2978//2819 2852//2819 
f 2854//2820 2979//2820 2857//2820 2727//2820 
f 2854//2821 2726//2821 2856//2821 2980//2821 
f 2855//2822 2981//2822 2982//2822 2856//2822 
f 2729//2823 2859//2823 2983//2823 2858//2823 
f 2858//2824 2984//2824 2860//2824 2730//2824 
f 2859//2825 2734//2825 2864//2825 2985//2825 
f 2861//2826 2731//2826 2860//2826 2986//2826 
f 2733//2827 2861//2827 2987//2827 2863//2827 
f 2988//2828 2862//2828 2863//2828 2989//2828 
f 2979//2829 2990//2829 2864//2829 2857//2829 
f 2869//2830 2866//2830 2865//2830 2991//2830 
f 2992//2831 2991//2831 2865//2831 2867//2831 
f 2867//2832 2736//2832 2868//2832 2993//2832 
f 2868//2833 2862//2833 2988//2833 2994//2833 
f 2737//2834 2869//2834 2995//2834 2996//2834 
f 2737//2835 2996//2835 2997//2835 2870//2835 
f 2871//2836 2870//2836 2998//2836 2999//2836 
f 3000//2837 2873//2837 2740//2837 2874//2837 
f 2741//2838 2875//2838 3001//2838 2874//2838 
f 2875//2839 2742//2839 2876//2839 3002//2839 
f 2743//2840 2877//2840 3003//2840 2876//2840 
f 3004//2841 2877//2841 2744//2841 2878//2841 
f 2881//2842 3005//2842 2880//2842 2748//2842 
f 2750//2843 2883//2843 3006//2843 2881//2843 
f 2751//2844 2884//2844 2882//2844 2749//2844 
f 2883//2845 2882//2845 3007//2845 3008//2845 
f 2752//2846 2885//2846 3009//2846 2884//2846 
f 3000//2847 3010//2847 2885//2847 2873//2847 
f 2753//2848 2887//2848 3011//2848 2886//2848 
f 2886//2849 3012//2849 2888//2849 2754//2849 
f 3013//2850 2887//2850 2763//2850 2896//2850 
f 2755//2851 2888//2851 3014//2851 2889//2851 
f 2756//2852 2889//2852 3015//2852 2890//2852 
f 3016//2853 2891//2853 2757//2853 2890//2853 
f 2891//2854 3017//2854 2892//2854 2758//2854 
f 3018//2855 2893//2855 2759//2855 2892//2855 
f 2760//2856 2893//2856 3019//2856 2894//2856 
f 2895//2857 3020//2857 3021//2857 2896//2857 
f 2895//2860 2899//2860 3022//2860 3020//2860 
f 3022//2861 2899//2861 2880//2861 3005//2861 
f 2904//2864 2771//2864 2903//2864 3023//2864 
f 2904//2865 3024//2865 2906//2865 2773//2865 
f 2772//2866 2907//2866 2910//2866 2776//2866 
f 3025//2867 3026//2867 2907//2867 2906//2867 
f 2908//2868 2909//2868 3027//2868 3028//2868 
f 3029//2869 3027//2869 2909//2869 2910//2869 
f 3030//2870 3031//2870 2661//2870 2911//2870 
f 2912//2871 2779//2871 2925//2871 3032//2871 
f 3033//2872 3030//2872 2911//2872 2912//2872 
f 2662//2873 2661//2873 3031//2873 3034//2873 
f 2785//2874 2918//2874 3035//2874 2913//2874 
f 2913//2875 3036//2875 2914//2875 2781//2875 
f 3037//2876 2915//2876 2782//2876 2914//2876 
f 3038//2877 2916//2877 2783//2877 2915//2877 
f 3039//2878 2917//2878 2784//2878 2916//2878 
f 2786//2879 2917//2879 3040//2879 2920//2879 
f 3041//2880 2918//2880 2894//2880 3019//2880 
f 2919//2881 2920//2881 3042//2881 3043//2881 
f 2921//2882 2788//2882 2919//2882 3043//2882 
f 2789//2883 2921//2883 3044//2883 2922//2883 
f 3045//2884 2923//2884 2790//2884 2922//2884 
f 2794//2887 2929//2887 3047//2887 2926//2887 
f 2927//2888 2792//2888 2926//2888 3048//2888 
f 2930//2889 2795//2889 2927//2889 3049//2889 
f 2929//2890 2928//2890 3050//2890 3051//2890 
f 3052//2891 2937//2891 2803//2891 2930//2891 
f 2796//2892 3053//2892 3054//2892 2931//2892 
f 3055//2893 2932//2893 2797//2893 2931//2893 
f 2798//2894 2932//2894 3056//2894 2933//2894 
f 2933//2895 3057//2895 2936//2895 2800//2895 
f 3058//2896 2934//2896 2799//2896 2935//2896 
f 2935//2897 2936//2897 3059//2897 3060//2897 
f 3061//2898 2938//2898 2804//2898 2937//2898 
f 3062//2899 2939//2899 2805//2899 2938//2899 
f 3063//2900 2940//2900 2806//2900 2939//2900 
f 2941//2901 2807//2901 3064//2901 3065//2901 
f 2809//2902 2941//2902 3066//2902 2942//2902 
f 2810//2903 2942//2903 3067//2903 3068//2903 
f 3070//2907 2813//2907 2693//2907 2944//2907 
f 3072//2910 3073//2910 2947//2910 2946//2910 
f 2952//2911 2700//2911 2950//2911 3074//2911 
f 3075//2912 2954//2912 2953//2912 3076//2912 
f 2826//2913 2954//2913 3075//2913 2955//2913 
f 2955//2914 3077//2914 3078//2914 2956//2914 
f 2957//2915 3079//2915 2958//2915 2828//2915 
f 2957//2916 2831//2916 2961//2916 3080//2916 
f 2829//2917 2958//2917 3081//2917 2959//2917 
f 2830//2918 2959//2918 3082//2918 2960//2918 
f 2953//2919 2960//2919 3083//2919 3076//2919 
f 3084//2920 3085//2920 2961//2920 2838//2920 
f 3086//2921 2963//2921 2833//2921 2962//2921 
f 3087//2922 3088//2922 2837//2922 2963//2922 
f 2837//2923 3089//2923 2964//2923 2834//2923 
f 2835//2924 2964//2924 3090//2924 3091//2924 
f 2839//2925 2966//2925 3092//2925 2965//2925 
f 2840//2926 2965//2926 3093//2926 2967//2926 
f 2845//2927 2973//2927 3094//2927 2966//2927 
f 3095//2928 2968//2928 2841//2928 2967//2928 
f 2842//2929 2968//2929 3096//2929 2969//2929 
f 2843//2930 2969//2930 3097//2930 2970//2930 
f 2974//2931 2847//2931 2970//2931 3098//2931 
f 2971//2932 3099//2932 2972//2932 2846//2932 
f 2972//2933 3100//2933 3101//2933 2973//2933 
f 2974//2934 3098//2934 3102//2934 2975//2934 
f 2976//2935 2850//2935 2977//2935 3103//2935 
f 2851//2936 2976//2936 3104//2936 2978//2936 
f 2977//2937 2975//2937 3102//2937 3105//2937 
f 3106//2938 2979//2938 2854//2938 2980//2938 
f 2982//2939 3107//2939 2980//2939 2856//2939 
f 2859//2940 2985//2940 3108//2940 2983//2940 
f 3109//2941 2984//2941 2858//2941 2983//2941 
f 2860//2942 2984//2942 3110//2942 2986//2942 
f 2990//2943 3111//2943 2985//2943 2864//2943 
f 2861//2944 2986//2944 3112//2944 2987//2944 
f 3113//2945 2989//2945 2863//2945 2987//2945 
f 2988//2946 2989//2946 3114//2946 3115//2946 
f 3116//2947 2990//2947 2979//2947 3106//2947 
f 2995//2948 2869//2948 2991//2948 3117//2948 
f 2992//2949 3118//2949 3117//2949 2991//2949 
f 2992//2950 2867//2950 2993//2950 3119//2950 
f 2993//2951 2868//2951 2994//2951 3120//2951 
f 2994//2952 2988//2952 3115//2952 3121//2952 
f 3122//2953 3123//2953 2996//2953 2995//2953 
f 3123//2954 3124//2954 2997//2954 2996//2954 
f 2870//2955 2997//2955 3125//2955 2998//2955 
f 2999//2956 2998//2956 3126//2956 3127//2956 
f 3001//2957 3128//2957 3000//2957 2874//2957 
f 3001//2958 2875//2958 3002//2958 3129//2958 
f 3002//2959 2876//2959 3003//2959 3130//2959 
f 3004//2960 3131//2960 3003//2960 2877//2960 
f 3132//2961 3004//2961 2878//2961 3133//2961 
f 2881//2962 3006//2962 3134//2962 3005//2962 
f 2883//2963 3008//2963 3135//2963 3006//2963 
f 3007//2964 2882//2964 2884//2964 3009//2964 
f 3007//2965 3136//2965 3137//2965 3008//2965 
f 3138//2966 3009//2966 2885//2966 3010//2966 
f 3000//2967 3128//2967 3139//2967 3010//2967 
f 3013//2968 3140//2968 3011//2968 2887//2968 
f 2886//2969 3011//2969 3141//2969 3012//2969 
f 3014//2970 2888//2970 3012//2970 3142//2970 
f 3013//2971 2896//2971 3021//2971 3143//2971 
f 3014//2972 3144//2972 3015//2972 2889//2972 
f 3016//2973 2890//2973 3015//2973 3145//2973 
f 3016//2974 3146//2974 3017//2974 2891//2974 
f 3147//2975 3018//2975 2892//2975 3017//2975 
f 3018//2976 3148//2976 3019//2976 2893//2976 
f 3149//2977 3021//2977 3020//2977 3150//2977 
f 3022//2978 3151//2978 3150//2978 3020//2978 
f 3022//2979 3005//2979 3134//2979 3151//2979 
f 3152//2980 3024//2980 2904//2980 3023//2980 
f 3153//2981 3025//2981 2906//2981 3024//2981 
f 3026//2982 3029//2982 2910//2982 2907//2982 
f 3025//2983 3154//2983 3155//2983 3026//2983 
f 3156//2984 3028//2984 3027//2984 3157//2984 
f 3158//2985 3159//2985 2908//2985 3028//2985 
f 3029//2986 3160//2986 3157//2986 3027//2986 
f 3030//2987 3161//2987 3162//2987 3031//2987 
f 3033//2988 2912//2988 3032//2988 3163//2988 
f 3164//2989 3161//2989 3030//2989 3033//2989 
f 3041//2990 3165//2990 3035//2990 2918//2990 
f 2913//2991 3035//2991 3166//2991 3036//2991 
f 3037//2992 2914//2992 3036//2992 3166//2992 
f 3167//2993 3038//2993 2915//2993 3037//2993 
f 3168//2994 3039//2994 2916//2994 3038//2994 
f 3169//2995 3040//2995 2917//2995 3039//2995 
f 3170//2996 3042//2996 2920//2996 3040//2996 
f 3041//2997 3019//2997 3148//2997 3171//2997 
f 3172//2998 3173//2998 3043//2998 3042//2998 
f 3044//2999 2921//2999 3043//2999 3173//2999 
f 3174//3000 2922//3000 3044//3000 3175//3000 
f 3176//3001 2923//3001 3045//3001 3177//3001 
f 2929//3005 3051//3005 3180//3005 3047//3005 
f 2926//3006 3047//3006 3181//3006 3048//3006 
f 2927//3007 3048//3007 3182//3007 3049//3007 
f 3052//3008 2930//3008 3049//3008 3183//3008 
f 2928//3009 3184//3009 3185//3009 3050//3009 
f 3186//3010 3051//3010 3050//3010 3187//3010 
f 3061//3011 2937//3011 3052//3011 3188//3011 
f 2796//3012 3189//3012 3190//3012 3053//3012 
f 3055//3014 2931//3014 3054//3014 3192//3014 
f 3055//3015 3193//3015 3056//3015 2932//3015 
f 2933//3016 3056//3016 3194//3016 3057//3016 
f 3057//3017 3195//3017 3059//3017 2936//3017 
f 2934//3018 3058//3018 3196//3018 3197//3018 
f 3199//3020 3060//3020 3059//3020 3200//3020 
f 3201//3021 2935//3021 3060//3021 3202//3021 
f 3062//3022 2938//3022 3061//3022 3203//3022 
f 3062//3023 3204//3023 3063//3023 2939//3023 
f 3063//3024 3205//3024 3206//3024 2940//3024 
f 2941//3026 3065//3026 3208//3026 3066//3026 
f 3066//3027 3209//3027 3067//3027 2942//3027 
f 3072//3028 2946//3028 3068//3028 3067//3028 
f 3072//3036 3213//3036 3214//3036 3073//3036 
f 3215//3037 3216//3037 3074//3037 2950//3037 
f 3075//3038 3076//3038 3217//3038 3218//3038 
f 3075//3039 3218//3039 3077//3039 2955//3039 
f 3077//3040 3219//3040 3220//3040 3078//3040 
f 3221//3041 3222//3041 2956//3041 3078//3041 
f 2957//3042 3080//3042 3223//3042 3079//3042 
f 2958//3043 3079//3043 3224//3043 3081//3043 
f 3225//3044 3080//3044 2961//3044 3085//3044 
f 3081//3045 3226//3045 3082//3045 2959//3045 
f 3227//3046 3083//3046 2960//3046 3082//3046 
f 3076//3047 3083//3047 3228//3047 3217//3047 
f 3084//3048 3229//3048 3230//3048 3085//3048 
f 3231//3049 3087//3049 2963//3049 3086//3049 
f 3232//3050 3233//3050 3088//3050 3087//3050 
f 2837//3051 3088//3051 3234//3051 3089//3051 
f 2964//3052 3089//3052 3235//3052 3090//3052 
f 3236//3053 3237//3053 3091//3053 3090//3053 
f 3092//3054 2966//3054 3094//3054 3238//3054 
f 2965//3055 3092//3055 3239//3055 3093//3055 
f 3095//3056 2967//3056 3093//3056 3240//3056 
f 3101//3057 3241//3057 3094//3057 2973//3057 
f 3095//3058 3242//3058 3096//3058 2968//3058 
f 3096//3059 3243//3059 3097//3059 2969//3059 
f 3098//3060 2970//3060 3097//3060 3244//3060 
f 3099//3061 3245//3061 3100//3061 2972//3061 
f 3246//3062 3247//3062 3101//3062 3100//3062 
f 3098//3063 3244//3063 3248//3063 3102//3063 
f 3103//3064 2977//3064 3249//3064 3250//3064 
f 2976//3065 3103//3065 3251//3065 3104//3065 
f 3102//3066 3248//3066 3252//3066 3105//3066 
f 3253//3067 3106//3067 2980//3067 3107//3067 
f 3111//3068 3254//3068 3108//3068 2985//3068 
f 3109//3069 2983//3069 3108//3069 3255//3069 
f 3109//3070 3256//3070 3110//3070 2984//3070 
f 3257//3071 3112//3071 2986//3071 3110//3071 
f 3116//3072 3258//3072 3111//3072 2990//3072 
f 3113//3073 2987//3073 3112//3073 3259//3073 
f 3260//3074 3114//3074 2989//3074 3113//3074 
f 3115//3075 3114//3075 3261//3075 3121//3075 
f 3116//3076 3106//3076 3253//3076 3262//3076 
f 3122//3077 2995//3077 3117//3077 3263//3077 
f 2992//3078 3119//3078 3264//3078 3118//3078 
f 3265//3079 3263//3079 3117//3079 3118//3079 
f 3268//3084 3123//3084 3122//3084 3269//3084 
f 3268//3085 3270//3085 3124//3085 3123//3085 
f 3125//3086 2997//3086 3124//3086 3271//3086 
f 2998//3087 3125//3087 3272//3087 3126//3087 
f 3126//3088 3273//3088 3274//3088 3127//3088 
f 3001//3089 3129//3089 3275//3089 3128//3089 
f 3002//3090 3130//3090 3276//3090 3129//3090 
f 3130//3091 3003//3091 3131//3091 3277//3091 
f 3132//3092 3278//3092 3131//3092 3004//3092 
f 3132//3093 3133//3093 3279//3093 3280//3093 
f 3006//3094 3135//3094 3281//3094 3134//3094 
f 3008//3095 3137//3095 3282//3095 3135//3095 
f 3007//3096 3009//3096 3138//3096 3136//3096 
f 3283//3097 3284//3097 3137//3097 3136//3097 
f 3138//3098 3010//3098 3139//3098 3285//3098 
f 3286//3099 3139//3099 3128//3099 3275//3099 
f 3013//3100 3143//3100 3287//3100 3140//3100 
f 3141//3101 3011//3101 3140//3101 3288//3101 
f 3142//3102 3012//3102 3141//3102 3289//3102 
f 3014//3103 3142//3103 3290//3103 3144//3103 
f 3291//3104 3143//3104 3021//3104 3149//3104 
f 3015//3105 3144//3105 3292//3105 3145//3105 
f 3016//3106 3145//3106 3293//3106 3146//3106 
f 3146//3107 3294//3107 3147//3107 3017//3107 
f 3147//3108 3295//3108 3148//3108 3018//3108 
f 3149//3109 3150//3109 3296//3109 3297//3109 
f 3151//3110 3298//3110 3296//3110 3150//3110 
f 3134//3111 3281//3111 3298//3111 3151//3111 
f 3152//3112 3299//3112 3153//3112 3024//3112 
f 3153//3113 3300//3113 3154//3113 3025//3113 
f 3029//3114 3026//3114 3155//3114 3160//3114 
f 3301//3115 3155//3115 3154//3115 3302//3115 
f 3303//3116 3158//3116 3028//3116 3156//3116 
f 3156//3117 3157//3117 3301//3117 3304//3117 
f 3152//3118 3159//3118 3158//3118 3299//3118 
f 3301//3119 3157//3119 3160//3119 3305//3119 
f 3164//3120 3033//3120 3163//3120 3306//3120 
f 3199//3121 3161//3121 3164//3121 3307//3121 
f 3041//3122 3171//3122 3308//3122 3165//3122 
f 3309//3123 3166//3123 3035//3123 3165//3123 
f 3167//3124 3037//3124 3166//3124 3310//3124 
f 3168//3125 3038//3125 3167//3125 3311//3125 
f 3168//3126 3312//3126 3169//3126 3039//3126 
f 3169//3127 3313//3127 3170//3127 3040//3127 
f 3314//3128 3172//3128 3042//3128 3170//3128 
f 3171//3129 3148//3129 3295//3129 3315//3129 
f 3316//3130 3173//3130 3172//3130 3317//3130 
f 3175//3131 3044//3131 3173//3131 3316//3131 
f 3318//3133 3174//3133 3175//3133 3319//3133 
f 3318//3134 3177//3134 3045//3134 3174//3134 
f 3321//3138 3322//3138 2924//3138 3179//3138 
f 3323//3139 3180//3139 3051//3139 3186//3139 
f 3047//3140 3180//3140 3324//3140 3181//3140 
f 3048//3141 3181//3141 3325//3141 3182//3141 
f 3326//3142 3183//3142 3049//3142 3182//3142 
f 3327//3143 3188//3143 3052//3143 3183//3143 
f 3329//3145 3330//3145 3186//3145 3187//3145 
f 3061//3146 3188//3146 3331//3146 3203//3146 
f 3332//3147 3333//3147 3053//3147 3190//3147 
f 3335//3150 3336//3150 3192//3150 3054//3150 
f 3055//3151 3192//3151 3337//3151 3193//3151 
f 3194//3152 3056//3152 3193//3152 3338//3152 
f 3194//3153 3339//3153 3195//3153 3057//3153 
f 3340//3154 3200//3154 3059//3154 3195//3154 
f 3201//3155 3341//3155 3196//3155 3058//3155 
f 3199//3158 3342//3158 3202//3158 3060//3158 
f 3201//3159 3202//3159 3343//3159 3341//3159 
f 3062//3160 3203//3160 3344//3160 3204//3160 
f 3204//3161 3345//3161 3205//3161 3063//3161 
f 3205//3162 3346//3162 3347//3162 3206//3162 
f 3208//3165 3065//3165 3348//3165 3349//3165 
f 3066//3166 3208//3166 3350//3166 3209//3166 
f 3072//3167 3067//3167 3209//3167 3213//3167 
f 3354//3173 3355//3173 3214//3173 3213//3173 
f 3356//3174 3357//3174 3216//3174 3215//3174 
f 3217//3175 3358//3175 3359//3175 3218//3175 
f 3218//3176 3359//3176 3219//3176 3077//3176 
f 3219//3177 3360//3177 3361//3177 3220//3177 
f 3221//3178 3078//3178 3220//3178 3246//3178 
f 3362//3179 3222//3179 3221//3179 3245//3179 
f 3363//3180 3223//3180 3080//3180 3225//3180 
f 3364//3181 3224//3181 3079//3181 3223//3181 
f 3224//3182 3365//3182 3226//3182 3081//3182 
f 3225//3183 3085//3183 3230//3183 3366//3183 
f 3227//3184 3082//3184 3226//3184 3367//3184 
f 3227//3185 3368//3185 3228//3185 3083//3185 
f 3217//3186 3228//3186 3369//3186 3358//3186 
f 3370//3187 3229//3187 3084//3187 3088//3187 
f 3371//3188 3372//3188 3230//3188 3229//3188 
f 3232//3189 3087//3189 3231//3189 3373//3189 
f 3232//3190 3374//3190 3375//3190 3233//3190 
f 3370//3191 3088//3191 3233//3191 3376//3191 
f 3377//3192 3235//3192 3089//3192 3234//3192 
f 3090//3193 3235//3193 3378//3193 3236//3193 
f 3379//3194 3237//3194 3236//3194 3380//3194 
f 3238//3195 3094//3195 3241//3195 3381//3195 
f 3239//3196 3092//3196 3238//3196 3382//3196 
f 3093//3197 3239//3197 3383//3197 3240//3197 
f 3095//3198 3240//3198 3384//3198 3242//3198 
f 3385//3199 3241//3199 3101//3199 3247//3199 
f 3096//3200 3242//3200 3386//3200 3243//3200 
f 3244//3201 3097//3201 3243//3201 3387//3201 
f 3221//3202 3246//3202 3100//3202 3245//3202 
f 3246//3203 3220//3203 3361//3203 3247//3203 
f 3244//3204 3387//3204 3388//3204 3248//3204 
f 3389//3205 3390//3205 3249//3205 2977//3205 
f 3249//3206 3390//3206 3391//3206 3250//3206 
f 3103//3207 3250//3207 3392//3207 3251//3207 
f 3248//3208 3388//3208 3393//3208 3252//3208 
f 3105//3209 3252//3209 3394//3209 3395//3209 
f 3111//3210 3258//3210 3396//3210 3254//3210 
f 3397//3211 3255//3211 3108//3211 3254//3211 
f 3109//3212 3255//3212 3398//3212 3256//3212 
f 3256//3213 3399//3213 3257//3213 3110//3213 
f 3257//3214 3400//3214 3259//3214 3112//3214 
f 3116//3215 3262//3215 3401//3215 3258//3215 
f 3402//3216 3260//3216 3113//3216 3259//3216 
f 3260//3217 3403//3217 3261//3217 3114//3217 
f 3261//3218 3404//3218 3405//3218 3121//3218 
f 3122//3219 3263//3219 3406//3219 3269//3219 
f 3265//3220 3118//3220 3264//3220 3407//3220 
f 3265//3221 3408//3221 3406//3221 3263//3221 
f 3268//3225 3269//3225 3411//3225 3412//3225 
f 3268//3226 3412//3226 3413//3226 3270//3226 
f 3271//3227 3124//3227 3270//3227 3414//3227 
f 3125//3228 3271//3228 3415//3228 3272//3228 
f 3126//3229 3272//3229 3416//3229 3273//3229 
f 3273//3230 3417//3230 3418//3230 3274//3230 
f 3275//3231 3129//3231 3276//3231 3419//3231 
f 3130//3232 3277//3232 3420//3232 3276//3232 
f 3421//3233 3277//3233 3131//3233 3278//3233 
f 3422//3234 3423//3234 3278//3234 3132//3234 
f 3133//3235 3424//3235 3425//3235 3279//3235 
f 3426//3236 3427//3236 3280//3236 3279//3236 
f 3428//3237 3281//3237 3135//3237 3282//3237 
f 3429//3238 3282//3238 3137//3238 3284//3238 
f 3138//3239 3285//3239 3283//3239 3136//3239 
f 3283//3240 3430//3240 3431//3240 3284//3240 
f 3432//3241 3285//3241 3139//3241 3286//3241 
f 3286//3242 3275//3242 3419//3242 3433//3242 
f 3291//3243 3434//3243 3287//3243 3143//3243 
f 3287//3244 3435//3244 3288//3244 3140//3244 
f 3141//3245 3288//3245 3436//3245 3289//3245 
f 3437//3246 3290//3246 3142//3246 3289//3246 
f 3438//3247 3292//3247 3144//3247 3290//3247 
f 3291//3248 3149//3248 3297//3248 3439//3248 
f 3293//3249 3145//3249 3292//3249 3440//3249 
f 3293//3250 3441//3250 3294//3250 3146//3250 
f 3442//3251 3295//3251 3147//3251 3294//3251 
f 3443//3252 3444//3252 3297//3252 3296//3252 
f 3443//3253 3296//3253 3298//3253 3445//3253 
f 3428//3254 3445//3254 3298//3254 3281//3254 
f 3446//3255 3300//3255 3153//3255 3299//3255 
f 3447//3256 3302//3256 3154//3256 3300//3256 
f 3305//3257 3160//3257 3155//3257 3301//3257 
f 3448//3258 3304//3258 3301//3258 3302//3258 
f 3446//3259 3299//3259 3158//3259 3303//3259 
f 3449//3260 3303//3260 3156//3260 3304//3260 
f 3307//3261 3164//3261 3306//3261 3450//3261 
f 3199//3262 3307//3262 3451//3262 3342//3262 
f 3452//3263 3308//3263 3171//3263 3315//3263 
f 3453//3264 3309//3264 3165//3264 3308//3264 
f 3309//3265 3454//3265 3310//3265 3166//3265 
f 3311//3266 3167//3266 3310//3266 3455//3266 
f 3168//3267 3311//3267 3456//3267 3312//3267 
f 3169//3268 3312//3268 3457//3268 3313//3268 
f 3314//3269 3170//3269 3313//3269 3458//3269 
f 3314//3270 3459//3270 3317//3270 3172//3270 
f 3442//3271 3460//3271 3315//3271 3295//3271 
f 3461//3272 3316//3272 3317//3272 3462//3272 
f 3175//3273 3316//3273 3461//3273 3319//3273 
f 3318//3274 3319//3274 3463//3274 3464//3274 
f 3321//3277 3179//3277 3176//3277 3465//3277 
f 3322//3278 3321//3278 3466//3278 3467//3278 
f 3468//3279 3180//3279 3323//3279 3469//3279 
f 3323//3280 3186//3280 3330//3280 3470//3280 
f 3181//3282 3324//3282 3472//3282 3325//3282 
f 3326//3283 3182//3283 3325//3283 3473//3283 
f 3327//3284 3183//3284 3326//3284 3474//3284 
f 3331//3285 3188//3285 3327//3285 3475//3285 
f 3329//3288 3476//3288 3477//3288 3330//3288 
f 3329//3289 3187//3289 3196//3289 3341//3289 
f 3344//3290 3203//3290 3331//3290 3478//3290 
f 3332//3291 3479//3291 3480//3291 3333//3291 
f 3481//3292 3482//3292 3332//3292 3190//3292 
f 3484//3294 3335//3294 3054//3294 3334//3294 
f 3335//3296 3485//3296 3480//3296 3336//3296 
f 3486//3297 3338//3297 3193//3297 3337//3297 
f 3194//3298 3338//3298 3487//3298 3339//3298 
f 3339//3299 3488//3299 3340//3299 3195//3299 
f 3340//3300 3489//3300 3490//3300 3200//3300 
f 3342//3301 3491//3301 3343//3301 3202//3301 
f 3329//3302 3341//3302 3343//3302 3476//3302 
f 3204//3303 3344//3303 3492//3303 3345//3303 
f 3345//3304 3493//3304 3346//3304 3205//3304 
f 3494//3305 3495//3305 3347//3305 3346//3305 
f 3206//3306 3347//3306 3496//3306 3497//3306 
f 3349//3307 3348//3307 3498//3307 3499//3307 
f 3350//3308 3208//3308 3349//3308 3500//3308 
f 3209//3309 3350//3309 3354//3309 3213//3309 
f 3070//3312 3352//3312 3501//3312 3502//3312 
f 3354//3313 3503//3313 3504//3313 3355//3313 
f 3356//3314 3505//3314 3506//3314 3357//3314 
f 3358//3316 3508//3316 3509//3316 3359//3316 
f 3359//3317 3509//3317 3360//3317 3219//3317 
f 3360//3318 3510//3318 3511//3318 3361//3318 
f 3363//3319 3512//3319 3364//3319 3223//3319 
f 3363//3320 3225//3320 3366//3320 3513//3320 
f 3364//3321 3514//3321 3365//3321 3224//3321 
f 3367//3322 3226//3322 3365//3322 3515//3322 
f 3366//3323 3230//3323 3372//3323 3516//3323 
f 3227//3324 3367//3324 3517//3324 3368//3324 
f 3369//3325 3228//3325 3368//3325 3518//3325 
f 3358//3326 3369//3326 3519//3326 3508//3326 
f 3370//3327 3520//3327 3371//3327 3229//3327 
f 3521//3328 3522//3328 3372//3328 3371//3328 
f 3523//3329 3374//3329 3232//3329 3373//3329 
f 3374//3330 3524//3330 3525//3330 3375//3330 
f 3375//3331 3526//3331 3376//3331 3233//3331 
f 3370//3332 3376//3332 3527//3332 3520//3332 
f 3377//3333 3528//3333 3378//3333 3235//3333 
f 3380//3334 3236//3334 3378//3334 3529//3334 
f 3237//3335 3379//3335 3530//3335 3531//3335 
f 3379//3336 3380//3336 3532//3336 3533//3336 
f 3534//3337 3381//3337 3241//3337 3385//3337 
f 3535//3338 3382//3338 3238//3338 3381//3338 
f 3239//3339 3382//3339 3536//3339 3383//3339 
f 3383//3340 3537//3340 3384//3340 3240//3340 
f 3538//3341 3386//3341 3242//3341 3384//3341 
f 3385//3342 3247//3342 3361//3342 3511//3342 
f 3539//3343 3387//3343 3243//3343 3386//3343 
f 3539//3344 3540//3344 3388//3344 3387//3344 
f 3390//3345 3389//3345 3541//3345 3391//3345 
f 2977//3346 3542//3346 3543//3346 3389//3346 
f 3544//3347 3392//3347 3250//3347 3391//3347 
f 3388//3348 3540//3348 3545//3348 3393//3348 
f 3393//3349 3546//3349 3394//3349 3252//3349 
f 3401//3350 3547//3350 3396//3350 3258//3350 
f 3548//3351 3397//3351 3254//3351 3396//3351 
f 3549//3352 3398//3352 3255//3352 3397//3352 
f 3256//3353 3398//3353 3550//3353 3399//3353 
f 3257//3354 3399//3354 3551//3354 3400//3354 
f 3552//3355 3402//3355 3259//3355 3400//3355 
f 3402//3356 3553//3356 3403//3356 3260//3356 
f 3261//3357 3403//3357 3554//3357 3404//3357 
f 3405//3358 3404//3358 3555//3358 3556//3358 
f 3121//3359 3405//3359 3557//3359 3558//3359 
f 3411//3360 3269//3360 3406//3360 3559//3360 
f 3265//3361 3407//3361 3560//3361 3408//3361 
f 3559//3362 3406//3362 3408//3362 3561//3362 
f 3121//3364 3558//3364 3410//3364 3120//3364 
f 3411//3365 3562//3365 3563//3365 3412//3365 
f 3564//3366 3413//3366 3412//3366 3563//3366 
f 3270//3367 3413//3367 3565//3367 3414//3367 
f 3415//3368 3271//3368 3414//3368 3566//3368 
f 3415//3369 3567//3369 3416//3369 3272//3369 
f 3416//3370 3568//3370 3417//3370 3273//3370 
f 3418//3371 3417//3371 3569//3371 3570//3371 
f 3420//3372 3571//3372 3419//3372 3276//3372 
f 3572//3373 3420//3373 3277//3373 3421//3373 
f 3421//3374 3278//3374 3423//3374 3573//3374 
f 3574//3375 3575//3375 3423//3375 3422//3375 
f 3425//3376 3424//3376 3576//3376 3577//3376 
f 3579//3379 3428//3379 3282//3379 3429//3379 
f 3580//3380 3429//3380 3284//3380 3431//3380 
f 3432//3381 3430//3381 3283//3381 3285//3381 
f 3581//3382 3431//3382 3430//3382 3582//3382 
f 3432//3383 3286//3383 3433//3383 3583//3383 
f 3419//3384 3571//3384 3584//3384 3433//3384 
f 3291//3385 3439//3385 3585//3385 3434//3385 
f 3586//3386 3435//3386 3287//3386 3434//3386 
f 3587//3387 3436//3387 3288//3387 3435//3387 
f 3437//3388 3289//3388 3436//3388 3588//3388 
f 3437//3389 3589//3389 3438//3389 3290//3389 
f 3438//3390 3590//3390 3440//3390 3292//3390 
f 3591//3391 3439//3391 3297//3391 3444//3391 
f 3293//3392 3440//3392 3592//3392 3441//3392 
f 3442//3393 3294//3393 3441//3393 3593//3393 
f 3443//3394 3594//3394 3595//3394 3444//3394 
f 3443//3395 3445//3395 3596//3395 3594//3395 
f 3579//3396 3596//3396 3445//3396 3428//3396 
f 3446//3397 3597//3397 3447//3397 3300//3397 
f 3598//3398 3448//3398 3302//3398 3447//3398 
f 3448//3399 3599//3399 3449//3399 3304//3399 
f 3306//3400 3600//3400 3601//3400 3450//3400 
f 3451//3401 3307//3401 3450//3401 3602//3401 
f 3451//3402 3603//3402 3491//3402 3342//3402 
f 3453//3403 3308//3403 3452//3403 3604//3403 
f 3452//3404 3315//3404 3460//3404 3605//3404 
f 3453//3405 3606//3405 3454//3405 3309//3405 
f 3310//3406 3454//3406 3607//3406 3455//3406 
f 3311//3407 3455//3407 3608//3407 3456//3407 
f 3456//3408 3609//3408 3457//3408 3312//3408 
f 3610//3409 3458//3409 3313//3409 3457//3409 
f 3314//3410 3458//3410 3611//3410 3459//3410 
f 3612//3411 3462//3411 3317//3411 3459//3411 
f 3442//3412 3593//3412 3613//3412 3460//3412 
f 3461//3413 3462//3413 3614//3413 3615//3413 
f 3319//3414 3461//3414 3615//3414 3463//3414 
f 3616//3415 3464//3415 3463//3415 3617//3415 
f 3318//3416 3464//3416 3466//3416 3321//3416 
f 3176//3417 3318//3417 3321//3417 3465//3417 
f 3618//3418 3467//3418 3466//3418 3619//3418 
f 3322//3419 3467//3419 3620//3419 3621//3419 
f 3323//3421 3470//3421 3622//3421 3469//3421 
f 3468//3422 3469//3422 3623//3422 3624//3422 
f 3470//3423 3330//3423 3477//3423 3625//3423 
f 3468//3425 3624//3425 3472//3425 3324//3425 
f 3473//3426 3325//3426 3472//3426 3626//3426 
f 3326//3427 3473//3427 3627//3427 3474//3427 
f 3327//3428 3474//3428 3628//3428 3475//3428 
f 3331//3429 3475//3429 3629//3429 3478//3429 
f 3476//3430 3630//3430 3631//3430 3477//3430 
f 3344//3431 3478//3431 3632//3431 3492//3431 
f 3482//3432 3633//3432 3479//3432 3332//3432 
f 3479//3433 3634//3433 3336//3433 3480//3433 
f 3333//3434 3480//3434 3485//3434 3483//3434 
f 3636//3436 3637//3436 3484//3436 3334//3436 
f 3637//3437 3636//3437 3334//3437 3483//3437 
f 3486//3439 3638//3439 3487//3439 3338//3439 
f 3339//3440 3487//3440 3639//3440 3488//3440 
f 3340//3441 3488//3441 3640//3441 3489//3441 
f 3476//3442 3343//3442 3491//3442 3630//3442 
f 3345//3443 3492//3443 3641//3443 3493//3443 
f 3493//3444 3642//3444 3494//3444 3346//3444 
f 3643//3445 3495//3445 3494//3445 3644//3445 
f 3498//3446 3645//3446 3646//3446 3499//3446 
f 3500//3447 3349//3447 3499//3447 3647//3447 
f 3350//3448 3500//3448 3503//3448 3354//3448 
f 3648//3449 3352//3449 3068//3449 3649//3449 
f 3501//3450 3352//3450 3648//3450 3650//3450 
f 3502//3451 3501//3451 3651//3451 3652//3451 
f 3503//3453 3654//3453 3655//3453 3504//3453 
f 3508//3456 3657//3456 3658//3456 3509//3456 
f 3509//3457 3658//3457 3510//3457 3360//3457 
f 3510//3458 3659//3458 3660//3458 3511//3458 
f 3363//3459 3513//3459 3661//3459 3512//3459 
f 3364//3460 3512//3460 3662//3460 3514//3460 
f 3366//3461 3516//3461 3663//3461 3513//3461 
f 3514//3462 3664//3462 3515//3462 3365//3462 
f 3367//3463 3515//3463 3665//3463 3517//3463 
f 3522//3464 3666//3464 3516//3464 3372//3464 
f 3517//3465 3667//3465 3518//3465 3368//3465 
f 3369//3466 3518//3466 3668//3466 3519//3466 
f 3669//3467 3657//3467 3508//3467 3519//3467 
f 3521//3468 3371//3468 3520//3468 3670//3468 
f 3671//3469 3672//3469 3522//3469 3521//3469 
f 3523//3470 3673//3470 3524//3470 3374//3470 
f 3674//3471 3675//3471 3525//3471 3524//3471 
f 3375//3472 3525//3472 3676//3472 3526//3472 
f 3376//3473 3526//3473 3677//3473 3527//3473 
f 3678//3474 3670//3474 3520//3474 3527//3474 
f 3529//3475 3378//3475 3528//3475 3679//3475 
f 3380//3476 3529//3476 3680//3476 3532//3476 
f 3379//3477 3533//3477 3681//3477 3530//3477 
f 3532//3478 3682//3478 3683//3478 3533//3478 
f 3535//3479 3381//3479 3534//3479 3684//3479 
f 3534//3480 3385//3480 3511//3480 3660//3480 
f 3535//3481 3685//3481 3536//3481 3382//3481 
f 3383//3482 3536//3482 3686//3482 3537//3482 
f 3538//3483 3384//3483 3537//3483 3687//3483 
f 3539//3484 3386//3484 3538//3484 3688//3484 
f 3689//3485 3540//3485 3539//3485 3688//3485 
f 3690//3486 3691//3486 3541//3486 3389//3486 
f 3692//3487 3544//3487 3391//3487 3541//3487 
f 3543//3488 3693//3488 3694//3488 3389//3488 
f 3544//3489 3695//3489 3696//3489 3392//3489 
f 3689//3490 3697//3490 3545//3490 3540//3490 
f 3393//3491 3545//3491 3698//3491 3546//3491 
f 3547//3492 3699//3492 3548//3492 3396//3492 
f 3549//3493 3397//3493 3548//3493 3700//3493 
f 3549//3494 3701//3494 3550//3494 3398//3494 
f 3702//3495 3551//3495 3399//3495 3550//3495 
f 3703//3496 3552//3496 3400//3496 3551//3496 
f 3552//3497 3704//3497 3553//3497 3402//3497 
f 3553//3498 3705//3498 3554//3498 3403//3498 
f 3554//3499 3706//3499 3555//3499 3404//3499 
f 3707//3500 3556//3500 3555//3500 3708//3500 
f 3405//3501 3556//3501 3709//3501 3557//3501 
f 3558//3502 3557//3502 3710//3502 3711//3502 
f 3411//3503 3559//3503 3712//3503 3562//3503 
f 3713//3504 3561//3504 3408//3504 3560//3504 
f 3559//3505 3561//3505 3714//3505 3712//3505 
f 3716//3508 3717//3508 3563//3508 3562//3508 
f 3564//3509 3718//3509 3565//3509 3413//3509 
f 3717//3510 3719//3510 3564//3510 3563//3510 
f 3566//3511 3414//3511 3565//3511 3720//3511 
f 3415//3512 3566//3512 3721//3512 3567//3512 
f 3416//3513 3567//3513 3722//3513 3568//3513 
f 3417//3514 3568//3514 3723//3514 3724//3514 
f 3417//3515 3724//3515 3725//3515 3569//3515 
f 3572//3518 3728//3518 3571//3518 3420//3518 
f 3572//3519 3421//3519 3729//3519 3730//3519 
f 3575//3520 3731//3520 3573//3520 3423//3520 
f 3732//3521 3733//3521 3575//3521 3574//3521 
f 3424//3522 3734//3522 3735//3522 3576//3522 
f 3577//3523 3576//3523 3736//3523 3737//3523 
f 3579//3527 3429//3527 3580//3527 3741//3527 
f 3581//3528 3742//3528 3580//3528 3431//3528 
f 3432//3529 3583//3529 3582//3529 3430//3529 
f 3581//3530 3582//3530 3743//3530 3744//3530 
f 3745//3531 3583//3531 3433//3531 3584//3531 
f 3746//3532 3584//3532 3571//3532 3728//3532 
f 3747//3533 3585//3533 3439//3533 3591//3533 
f 3586//3534 3434//3534 3585//3534 3748//3534 
f 3587//3535 3435//3535 3586//3535 3749//3535 
f 3587//3536 3750//3536 3588//3536 3436//3536 
f 3437//3537 3588//3537 3751//3537 3589//3537 
f 3438//3538 3589//3538 3752//3538 3590//3538 
f 3753//3539 3592//3539 3440//3539 3590//3539 
f 3754//3540 3591//3540 3444//3540 3595//3540 
f 3593//3541 3441//3541 3592//3541 3755//3541 
f 3594//3542 3756//3542 3757//3542 3595//3542 
f 3594//3543 3596//3543 3758//3543 3756//3543 
f 3579//3544 3741//3544 3758//3544 3596//3544 
f 3759//3545 3760//3545 3597//3545 3446//3545 
f 3598//3546 3447//3546 3597//3546 3761//3546 
f 3763//3549 3764//3549 3449//3549 3599//3549 
f 3765//3550 3450//3550 3601//3550 3766//3550 
f 3451//3552 3602//3552 3768//3552 3603//3552 
f 3630//3553 3491//3553 3603//3553 3769//3553 
f 3452//3554 3605//3554 3770//3554 3604//3554 
f 3453//3555 3604//3555 3771//3555 3606//3555 
f 3460//3556 3613//3556 3772//3556 3605//3556 
f 3454//3557 3606//3557 3773//3557 3607//3557 
f 3607//3558 3774//3558 3608//3558 3455//3558 
f 3456//3559 3608//3559 3775//3559 3609//3559 
f 3610//3560 3457//3560 3609//3560 3776//3560 
f 3610//3561 3777//3561 3611//3561 3458//3561 
f 3612//3562 3459//3562 3611//3562 3778//3562 
f 3612//3563 3779//3563 3614//3563 3462//3563 
f 3593//3564 3755//3564 3780//3564 3613//3564 
f 3615//3565 3614//3565 3781//3565 3782//3565 
f 3463//3566 3615//3566 3782//3566 3617//3566 
f 3619//3567 3466//3567 3464//3567 3616//3567 
f 3616//3568 3617//3568 3783//3568 3784//3568 
f 3785//3569 3620//3569 3467//3569 3618//3569 
f 3786//3570 3618//3570 3619//3570 3787//3570 
f 3470//3571 3625//3571 3788//3571 3622//3571 
f 3623//3572 3469//3572 3622//3572 3789//3572 
f 3790//3573 3624//3573 3623//3573 3791//3573 
f 3625//3574 3477//3574 3631//3574 3792//3574 
f 3790//3575 3626//3575 3472//3575 3624//3575 
f 3473//3576 3626//3576 3793//3576 3627//3576 
f 3794//3577 3628//3577 3474//3577 3627//3577 
f 3629//3578 3475//3578 3628//3578 3795//3578 
f 3478//3579 3629//3579 3796//3579 3632//3579 
f 3797//3580 3631//3580 3630//3580 3769//3580 
f 3492//3581 3632//3581 3798//3581 3641//3581 
f 3799//3582 3634//3582 3479//3582 3633//3582 
f 3637//3583 3483//3583 3485//3583 3484//3583 
f 3638//3585 3800//3585 3639//3585 3487//3585 
f 3641//3586 3801//3586 3642//3586 3493//3586 
f 3494//3587 3642//3587 3802//3587 3644//3587 
f 3803//3588 3643//3588 3644//3588 3804//3588 
f 3805//3589 3646//3589 3645//3589 3806//3589 
f 3500//3592 3647//3592 3654//3592 3503//3592 
f 3648//3593 3808//3593 3809//3593 3650//3593 
f 3501//3594 3650//3594 3810//3594 3651//3594 
f 3652//3595 3651//3595 3811//3595 3812//3595 
f 3815//3599 3816//3599 3655//3599 3654//3599 
f 3656//3600 3817//3600 3818//3600 3216//3600 
f 3819//3601 3658//3601 3657//3601 3820//3601 
f 3819//3602 3659//3602 3510//3602 3658//3602 
f 3821//3603 3660//3603 3659//3603 3822//3603 
f 3661//3604 3513//3604 3663//3604 3823//3604 
f 3662//3605 3512//3605 3661//3605 3824//3605 
f 3514//3606 3662//3606 3825//3606 3664//3606 
f 3826//3607 3663//3607 3516//3607 3666//3607 
f 3664//3608 3827//3608 3665//3608 3515//3608 
f 3828//3609 3667//3609 3517//3609 3665//3609 
f 3672//3610 3829//3610 3666//3610 3522//3610 
f 3667//3611 3830//3611 3668//3611 3518//3611 
f 3669//3612 3519//3612 3668//3612 3831//3612 
f 3669//3613 3832//3613 3820//3613 3657//3613 
f 3833//3614 3671//3614 3521//3614 3670//3614 
f 3834//3615 3672//3615 3671//3615 3835//3615 
f 3836//3616 3674//3616 3524//3616 3673//3616 
f 3837//3617 3838//3617 3675//3617 3674//3617 
f 3839//3618 3676//3618 3525//3618 3675//3618 
f 3676//3619 3840//3619 3677//3619 3526//3619 
f 3841//3620 3678//3620 3527//3620 3677//3620 
f 3833//3621 3670//3621 3678//3621 3842//3621 
f 3529//3622 3679//3622 3843//3622 3680//3622 
f 3532//3623 3680//3623 3844//3623 3682//3623 
f 3681//3624 3533//3624 3683//3624 3845//3624 
f 3683//3625 3682//3625 3846//3625 3847//3625 
f 3534//3626 3660//3626 3821//3626 3684//3626 
f 3535//3627 3684//3627 3848//3627 3685//3627 
f 3685//3628 3849//3628 3686//3628 3536//3628 
f 3686//3629 3850//3629 3687//3629 3537//3629 
f 3688//3630 3538//3630 3687//3630 3851//3630 
f 3689//3631 3688//3631 3851//3631 3852//3631 
f 3853//3632 3854//3632 3691//3632 3690//3632 
f 3692//3633 3855//3633 3695//3633 3544//3633 
f 3389//3634 3694//3634 3856//3634 3857//3634 
f 3689//3635 3852//3635 3858//3635 3697//3635 
f 3545//3636 3697//3636 3859//3636 3698//3636 
f 3860//3637 3700//3637 3548//3637 3699//3637 
f 3861//3638 3701//3638 3549//3638 3700//3638 
f 3702//3639 3550//3639 3701//3639 3862//3639 
f 3703//3640 3551//3640 3702//3640 3863//3640 
f 3703//3641 3864//3641 3704//3641 3552//3641 
f 3553//3642 3704//3642 3865//3642 3705//3642 
f 3554//3643 3705//3643 3866//3643 3706//3643 
f 3706//3644 3867//3644 3708//3644 3555//3644 
f 3707//3645 3868//3645 3709//3645 3556//3645 
f 3707//3646 3708//3646 3869//3646 3870//3646 
f 3871//3647 3710//3647 3557//3647 3709//3647 
f 3711//3648 3710//3648 3872//3648 3873//3648 
f 3558//3649 3711//3649 3874//3649 3409//3649 
f 3716//3650 3562//3650 3712//3650 3875//3650 
f 3713//3651 3876//3651 3714//3651 3561//3651 
f 3877//3652 3875//3652 3712//3652 3714//3652 
f 3878//3654 3717//3654 3716//3654 3879//3654 
f 3719//3655 3880//3655 3718//3655 3564//3655 
f 3720//3656 3565//3656 3718//3656 3881//3656 
f 3882//3657 3719//3657 3717//3657 3878//3657 
f 3566//3658 3720//3658 3883//3658 3721//3658 
f 3567//3659 3721//3659 3884//3659 3722//3659 
f 3722//3660 3885//3660 3723//3660 3568//3660 
f 3723//3661 3886//3661 3887//3661 3724//3661 
f 3724//3662 3887//3662 3888//3662 3725//3662 
f 3572//3667 3730//3667 3891//3667 3728//3667 
f 3729//3668 3892//3668 3893//3668 3730//3668 
f 3733//3669 3894//3669 3731//3669 3575//3669 
f 3732//3670 3895//3670 3896//3670 3733//3670 
f 3732//3671 3574//3671 3897//3671 3898//3671 
f 3735//3672 3899//3672 3736//3672 3576//3672 
f 3736//3673 3899//3673 3900//3673 3737//3673 
f 3901//3674 3740//3674 3577//3674 3737//3674 
f 3426//3679 3740//3679 3904//3679 3905//3679 
f 3906//3680 3741//3680 3580//3680 3742//3680 
f 3581//3681 3744//3681 3907//3681 3742//3681 
f 3745//3682 3743//3682 3582//3682 3583//3682 
f 3744//3683 3743//3683 3908//3683 3909//3683 
f 3745//3684 3584//3684 3746//3684 3910//3684 
f 3746//3685 3728//3685 3891//3685 3911//3685 
f 3912//3686 3748//3686 3585//3686 3747//3686 
f 3754//3687 3913//3687 3747//3687 3591//3687 
f 3586//3688 3748//3688 3914//3688 3749//3688 
f 3587//3689 3749//3689 3915//3689 3750//3689 
f 3916//3690 3751//3690 3588//3690 3750//3690 
f 3752//3691 3589//3691 3751//3691 3917//3691 
f 3752//3692 3918//3692 3753//3692 3590//3692 
f 3919//3693 3755//3693 3592//3693 3753//3693 
f 3754//3694 3595//3694 3757//3694 3920//3694 
f 3921//3695 3757//3695 3756//3695 3922//3695 
f 3923//3696 3922//3696 3756//3696 3758//3696 
f 3923//3697 3758//3697 3741//3697 3906//3697 
f 3760//3699 3925//3699 3761//3699 3597//3699 
f 3446//3700 3926//3700 3764//3700 3759//3700 
f 3598//3703 3928//3703 3763//3703 3599//3703 
f 3768//3707 3602//3707 3765//3707 3930//3707 
f 3772//3710 3933//3710 3770//3710 3605//3710 
f 3604//3711 3770//3711 3934//3711 3771//3711 
f 3606//3712 3771//3712 3935//3712 3773//3712 
f 3772//3713 3613//3713 3780//3713 3936//3713 
f 3607//3714 3773//3714 3937//3714 3774//3714 
f 3608//3715 3774//3715 3938//3715 3775//3715 
f 3609//3716 3775//3716 3939//3716 3776//3716 
f 3610//3717 3776//3717 3940//3717 3777//3717 
f 3777//3718 3941//3718 3778//3718 3611//3718 
f 3942//3719 3779//3719 3612//3719 3778//3719 
f 3781//3720 3614//3720 3779//3720 3943//3720 
f 3944//3721 3780//3721 3755//3721 3919//3721 
f 3782//3722 3781//3722 3945//3722 3946//3722 
f 3617//3723 3782//3723 3946//3723 3783//3723 
f 3619//3724 3616//3724 3784//3724 3787//3724 
f 3784//3725 3783//3725 3947//3725 3948//3725 
f 3949//3726 3950//3726 3620//3726 3785//3726 
f 3785//3727 3618//3727 3786//3727 3951//3727 
f 3625//3728 3792//3728 3952//3728 3788//3728 
f 3622//3729 3788//3729 3953//3729 3789//3729 
f 3623//3730 3789//3730 3954//3730 3791//3730 
f 3790//3731 3791//3731 3955//3731 3956//3731 
f 3792//3732 3631//3732 3797//3732 3957//3732 
f 3790//3733 3956//3733 3793//3733 3626//3733 
f 3794//3734 3627//3734 3793//3734 3958//3734 
f 3794//3735 3959//3735 3795//3735 3628//3735 
f 3629//3736 3795//3736 3960//3736 3796//3736 
f 3632//3737 3796//3737 3961//3737 3798//3737 
f 3797//3738 3769//3738 3962//3738 3963//3738 
f 3798//3739 3964//3739 3801//3739 3641//3739 
f 3634//3740 3799//3740 3965//3740 3966//3740 
f 3801//3742 3968//3742 3802//3742 3642//3742 
f 3969//3743 3804//3743 3644//3743 3802//3743 
f 3803//3744 3970//3744 3971//3744 3643//3744 
f 3972//3745 3803//3745 3804//3745 3973//3745 
f 3974//3746 3815//3746 3646//3746 3805//3746 
f 3645//3747 3975//3747 3976//3747 3806//3747 
f 3808//3751 3978//3751 3979//3751 3809//3751 
f 3980//3752 3810//3752 3650//3752 3809//3752 
f 3651//3753 3810//3753 3981//3753 3811//3753 
f 2948//3754 3652//3754 3812//3754 3982//3754 
f 3983//3757 3984//3757 3814//3757 3502//3757 
f 3986//3761 3987//3761 3819//3761 3820//3761 
f 3987//3762 3822//3762 3659//3762 3819//3762 
f 3988//3763 3821//3763 3822//3763 3989//3763 
f 3826//3764 3990//3764 3823//3764 3663//3764 
f 3824//3765 3661//3765 3823//3765 3991//3765 
f 3662//3766 3824//3766 3992//3766 3825//3766 
f 3664//3767 3825//3767 3993//3767 3827//3767 
f 3826//3768 3666//3768 3829//3768 3994//3768 
f 3827//3769 3995//3769 3828//3769 3665//3769 
f 3996//3770 3830//3770 3667//3770 3828//3770 
f 3834//3771 3997//3771 3829//3771 3672//3771 
f 3998//3772 3831//3772 3668//3772 3830//3772 
f 3669//3773 3831//3773 3999//3773 3832//3773 
f 3832//3774 4000//3774 3986//3774 3820//3774 
f 3833//3775 4001//3775 3835//3775 3671//3775 
f 3834//3776 3835//3776 4002//3776 4003//3776 
f 3837//3777 3674//3777 3836//3777 4004//3777 
f 3837//3778 4005//3778 4006//3778 3838//3778 
f 3838//3779 4007//3779 3839//3779 3675//3779 
f 3840//3780 3676//3780 3839//3780 4008//3780 
f 4009//3781 3841//3781 3677//3781 3840//3781 
f 3841//3782 4010//3782 3842//3782 3678//3782 
f 3833//3783 3842//3783 4011//3783 4001//3783 
f 3682//3786 3844//3786 4013//3786 3846//3786 
f 3683//3787 3847//3787 4014//3787 3845//3787 
f 3846//3788 4015//3788 4016//3788 3847//3788 
f 3684//3789 3821//3789 3988//3789 3848//3789 
f 4017//3790 3849//3790 3685//3790 3848//3790 
f 3686//3791 3849//3791 4018//3791 3850//3791 
f 4019//3792 3851//3792 3687//3792 3850//3792 
f 4020//3793 3852//3793 3851//3793 4019//3793 
f 4021//3794 4022//3794 3854//3794 3853//3794 
f 4023//3795 4024//3795 3855//3795 3692//3795 
f 3857//3796 3856//3796 4025//3796 4026//3796 
f 4020//3797 4027//3797 3858//3797 3852//3797 
f 3858//3798 4028//3798 3859//3798 3697//3798 
f 3698//3799 3859//3799 4029//3799 4023//3799 
f 3861//3800 3700//3800 3860//3800 4030//3800 
f 4031//3801 4032//3801 3860//3801 3699//3801 
f 3861//3802 4033//3802 3862//3802 3701//3802 
f 4034//3803 3863//3803 3702//3803 3862//3803 
f 3703//3804 3863//3804 4035//3804 3864//3804 
f 3864//3805 4036//3805 3865//3805 3704//3805 
f 3865//3806 4037//3806 3866//3806 3705//3806 
f 3706//3807 3866//3807 4038//3807 3867//3807 
f 3869//3808 3708//3808 3867//3808 4039//3808 
f 3707//3809 3870//3809 4040//3809 3868//3809 
f 4041//3810 3871//3810 3709//3810 3868//3810 
f 3870//3811 3869//3811 4042//3811 4043//3811 
f 3872//3812 3710//3812 3871//3812 4044//3812 
f 3879//3813 3716//3813 3875//3813 4045//3813 
f 3877//3814 3714//3814 3876//3814 4046//3814 
f 3877//3815 4047//3815 4045//3815 3875//3815 
f 3882//3816 3878//3816 3879//3816 4048//3816 
f 3882//3817 4049//3817 3880//3817 3719//3817 
f 3880//3818 4050//3818 3881//3818 3718//3818 
f 4051//3819 3883//3819 3720//3819 3881//3819 
f 3721//3820 3883//3820 4052//3820 3884//3820 
f 3884//3821 4053//3821 3885//3821 3722//3821 
f 3723//3822 3885//3822 4054//3822 3886//3822 
f 3886//3823 4055//3823 4056//3823 3887//3823 
f 3887//3824 4056//3824 4057//3824 3888//3824 
f 4058//3825 3725//3825 3888//3825 4059//3825 
f 3891//3828 3730//3828 3893//3828 4060//3828 
f 3729//3829 4061//3829 4062//3829 3892//3829 
f 3892//3830 4063//3830 4064//3830 3893//3830 
f 3896//3831 4065//3831 3894//3831 3733//3831 
f 3732//3832 3898//3832 4066//3832 3895//3832 
f 4067//3833 3896//3833 3895//3833 4068//3833 
f 3901//3834 3737//3834 3900//3834 4069//3834 
f 3901//3835 4070//3835 3904//3835 3740//3835 
f 3905//3840 3904//3840 4071//3840 4072//3840 
f 3906//3841 3742//3841 3907//3841 4073//3841 
f 4074//3842 3907//3842 3744//3842 3909//3842 
f 3745//3843 3910//3843 3908//3843 3743//3843 
f 3908//3844 4075//3844 4076//3844 3909//3844 
f 3746//3845 3911//3845 4077//3845 3910//3845 
f 4078//3846 3911//3846 3891//3846 4060//3846 
f 3912//3847 4079//3847 3914//3847 3748//3847 
f 3912//3848 3747//3848 3913//3848 4080//3848 
f 3754//3849 3920//3849 4081//3849 3913//3849 
f 3749//3850 3914//3850 4082//3850 3915//3850 
f 3915//3851 4083//3851 3916//3851 3750//3851 
f 3916//3852 4084//3852 3917//3852 3751//3852 
f 3752//3853 3917//3853 4085//3853 3918//3853 
f 3919//3854 3753//3854 3918//3854 4086//3854 
f 3921//3855 4087//3855 3920//3855 3757//3855 
f 3921//3856 3922//3856 4088//3856 4089//3856 
f 3923//3857 4090//3857 4088//3857 3922//3857 
f 3923//3858 3906//3858 4073//3858 4090//3858 
f 3928//3862 3761//3862 3925//3862 4094//3862 
f 3446//3863 3299//3863 4091//3863 3926//3863 
f 3764//3864 3926//3864 4091//3864 3759//3864 
f 3768//3869 3930//3869 4096//3869 4097//3869 
f 4098//3874 3933//3874 3772//3874 3936//3874 
f 3934//3875 3770//3875 3933//3875 4099//3875 
f 3934//3876 4100//3876 3935//3876 3771//3876 
f 3937//3877 3773//3877 3935//3877 4101//3877 
f 3944//3878 4102//3878 3936//3878 3780//3878 
f 4103//3879 3938//3879 3774//3879 3937//3879 
f 3939//3880 3775//3880 3938//3880 4104//3880 
f 3940//3881 3776//3881 3939//3881 4105//3881 
f 3777//3882 3940//3882 4106//3882 3941//3882 
f 3941//3883 4107//3883 4108//3883 3778//3883 
f 3942//3884 4109//3884 3943//3884 3779//3884 
f 4108//3885 4107//3885 3942//3885 3778//3885 
f 3945//3886 3781//3886 3943//3886 4110//3886 
f 3944//3887 3919//3887 4086//3887 4111//3887 
f 4112//3888 3946//3888 3945//3888 4113//3888 
f 3783//3889 3946//3889 4112//3889 3947//3889 
f 3787//3890 3784//3890 3948//3890 4114//3890 
f 4115//3891 4116//3891 3948//3891 3947//3891 
f 3949//3892 3785//3892 3951//3892 4117//3892 
f 3792//3893 3957//3893 4118//3893 3952//3893 
f 3952//3894 4119//3894 3953//3894 3788//3894 
f 4120//3895 3954//3895 3789//3895 3953//3895 
f 4121//3896 3955//3896 3791//3896 3954//3896 
f 4122//3897 3956//3897 3955//3897 4123//3897 
f 3797//3898 3963//3898 4124//3898 3957//3898 
f 3958//3899 3793//3899 3956//3899 4122//3899 
f 3794//3900 3958//3900 4125//3900 3959//3900 
f 3795//3901 3959//3901 4126//3901 3960//3901 
f 3796//3902 3960//3902 4127//3902 3961//3902 
f 3798//3903 3961//3903 4128//3903 3964//3903 
f 4129//3904 3963//3904 3962//3904 4130//3904 
f 3964//3905 4131//3905 3968//3905 3801//3905 
f 4132//3906 3965//3906 3799//3906 4133//3906 
f 3965//3907 4134//3907 4135//3907 3966//3907 
f 3969//3911 3802//3911 3968//3911 4138//3911 
f 3969//3912 4139//3912 3973//3912 3804//3912 
f 4140//3913 3970//3913 3803//3913 4141//3913 
f 3973//3914 4142//3914 4143//3914 3972//3914 
f 3974//3915 3805//3915 4144//3915 3815//3915 
f 3978//3918 4146//3918 4147//3918 3979//3918 
f 3980//3919 3809//3919 3979//3919 4148//3919 
f 3980//3920 4149//3920 3981//3920 3810//3920 
f 2948//3921 3982//3921 3983//3921 3652//3921 
f 3982//3922 4150//3922 3984//3922 3983//3922 
f 4151//3923 4152//3923 3814//3923 3984//3923 
f 3986//3924 4153//3924 4154//3924 3987//3924 
f 3987//3925 4154//3925 3989//3925 3822//3925 
f 3988//3926 3989//3926 4155//3926 4156//3926 
f 3826//3927 3994//3927 4157//3927 3990//3927 
f 4158//3928 3991//3928 3823//3928 3990//3928 
f 3824//3929 3991//3929 4159//3929 3992//3929 
f 3993//3930 3825//3930 3992//3930 4160//3930 
f 3993//3931 4161//3931 3995//3931 3827//3931 
f 3997//3932 4162//3932 3994//3932 3829//3932 
f 4163//3933 3996//3933 3828//3933 3995//3933 
f 3996//3934 4164//3934 3998//3934 3830//3934 
f 3834//3935 4003//3935 4165//3935 3997//3935 
f 3999//3936 3831//3936 3998//3936 4166//3936 
f 3832//3937 3999//3937 4167//3937 4000//3937 
f 4000//3938 4168//3938 4153//3938 3986//3938 
f 3835//3939 4001//3939 4169//3939 4002//3939 
f 4170//3940 4003//3940 4002//3940 4171//3940 
f 3837//3941 4004//3941 4172//3941 4005//3941 
f 4173//3942 4174//3942 4006//3942 4005//3942 
f 3838//3943 4006//3943 4175//3943 4007//3943 
f 4007//3944 4176//3944 4008//3944 3839//3944 
f 4008//3945 4177//3945 4009//3945 3840//3945 
f 4009//3946 4178//3946 4010//3946 3841//3946 
f 4010//3947 4179//3947 4011//3947 3842//3947 
f 4180//3948 4169//3948 4001//3948 4011//3948 
f 3846//3950 4013//3950 4181//3950 4015//3950 
f 3847//3951 4016//3951 4182//3951 4014//3951 
f 4015//3952 4183//3952 4184//3952 4016//3952 
f 4017//3953 3848//3953 3988//3953 4156//3953 
f 4017//3954 4185//3954 4018//3954 3849//3954 
f 4186//3955 4019//3955 3850//3955 4018//3955 
f 4187//3956 4020//3956 4019//3956 4186//3956 
f 4188//3957 4022//3957 4021//3957 4189//3957 
f 4190//3958 4026//3958 4025//3958 4191//3958 
f 3857//3959 4026//3959 4192//3959 4193//3959 
f 4187//3960 4194//3960 4027//3960 4020//3960 
f 3858//3961 4027//3961 4195//3961 4028//3961 
f 3859//3962 4028//3962 4196//3962 4029//3962 
f 4197//3963 4030//3963 3860//3963 4032//3963 
f 3861//3964 4030//3964 4198//3964 4033//3964 
f 4033//3965 4199//3965 4034//3965 3862//3965 
f 4034//3966 4200//3966 4035//3966 3863//3966 
f 3864//3967 4035//3967 4201//3967 4036//3967 
f 4202//3968 4037//3968 3865//3968 4036//3968 
f 4203//3969 4038//3969 3866//3969 4037//3969 
f 4204//3970 4039//3970 3867//3970 4038//3970 
f 3869//3971 4039//3971 4205//3971 4042//3971 
f 4206//3972 4040//3972 3870//3972 4043//3972 
f 4040//3973 4207//3973 4041//3973 3868//3973 
f 4041//3974 4208//3974 4044//3974 3871//3974 
f 4209//3975 4043//3975 4042//3975 4210//3975 
f 3879//3976 4045//3976 4211//3976 4048//3976 
f 4212//3977 4047//3977 3877//3977 4046//3977 
f 4045//3978 4047//3978 4213//3978 4211//3978 
f 3882//3979 4048//3979 4214//3979 4215//3979 
f 4217//3981 4050//3981 3880//3981 4049//3981 
f 4051//3982 3881//3982 4050//3982 4218//3982 
f 4051//3983 4219//3983 4052//3983 3883//3983 
f 4052//3984 4220//3984 4053//3984 3884//3984 
f 3885//3985 4053//3985 4221//3985 4054//3985 
f 4054//3986 4222//3986 4055//3986 3886//3986 
f 4223//3987 4056//3987 4055//3987 4224//3987 
f 4225//3988 4057//3988 4056//3988 4223//3988 
f 4226//3989 4059//3989 3888//3989 4057//3989 
f 4060//3991 3893//3991 4064//3991 4228//3991 
f 4229//3992 4062//3992 4061//3992 4230//3992 
f 3892//3993 4062//3993 4229//3993 4063//3993 
f 4064//3994 4063//3994 4231//3994 4232//3994 
f 4067//3995 4233//3995 4065//3995 3896//3995 
f 4065//3996 4234//3996 4235//3996 3894//3996 
f 4236//3997 4068//3997 3895//3997 4066//3997 
f 4237//3998 4238//3998 4067//3998 4068//3998 
f 3901//3999 4069//3999 4239//3999 4070//3999 
f 3904//4000 4070//4000 4240//4000 4071//4000 
f 4241//4001 4242//4001 4072//4001 4071//4001 
f 4243//4002 4073//4002 3907//4002 4074//4002 
f 4074//4003 3909//4003 4076//4003 4244//4003 
f 4077//4004 4075//4004 3908//4004 3910//4004 
f 4245//4005 4246//4005 4076//4005 4075//4005 
f 4078//4006 4247//4006 4077//4006 3911//4006 
f 4078//4007 4060//4007 4228//4007 4248//4007 
f 3912//4008 4080//4008 4249//4008 4079//4008 
f 4250//4009 4082//4009 3914//4009 4079//4009 
f 4251//4010 4080//4010 3913//4010 4081//4010 
f 4252//4011 4081//4011 3920//4011 4087//4011 
f 3915//4012 4082//4012 4253//4012 4083//4012 
f 3916//4013 4083//4013 4254//4013 4084//4013 
f 4084//4014 4255//4014 4085//4014 3917//4014 
f 3918//4015 4085//4015 4256//4015 4086//4015 
f 3921//4016 4089//4016 4257//4016 4087//4016 
f 4258//4017 4089//4017 4088//4017 4259//4017 
f 4260//4018 4259//4018 4088//4018 4090//4018 
f 4243//4019 4260//4019 4090//4019 4073//4019 
f 4263//4024 4094//4024 3925//4024 4262//4024 
f 4266//4028 4096//4028 3930//4028 4267//4028 
f 4268//4029 4130//4029 4097//4029 4096//4029 
f 4269//4032 4099//4032 3933//4032 4098//4032 
f 4098//4033 3936//4033 4102//4033 4270//4033 
f 3934//4034 4099//4034 4271//4034 4100//4034 
f 4272//4035 4101//4035 3935//4035 4100//4035 
f 4103//4036 3937//4036 4101//4036 4273//4036 
f 3944//4037 4111//4037 4274//4037 4102//4037 
f 4275//4038 4104//4038 3938//4038 4103//4038 
f 3939//4039 4104//4039 4276//4039 4105//4039 
f 4106//4040 3940//4040 4105//4040 4277//4040 
f 3941//4041 4106//4041 4278//4041 4107//4041 
f 4109//4043 4280//4043 4110//4043 3943//4043 
f 4281//4045 4113//4045 3945//4045 4110//4045 
f 4256//4046 4282//4046 4111//4046 4086//4046 
f 4115//4047 4112//4047 4113//4047 4283//4047 
f 3948//4049 4116//4049 4285//4049 4114//4049 
f 4286//4050 3787//4050 4114//4050 4287//4050 
f 4116//4051 4115//4051 4288//4051 4289//4051 
f 4291//4054 4292//4054 3949//4054 4117//4054 
f 4118//4055 3957//4055 4124//4055 4293//4055 
f 3952//4056 4118//4056 4294//4056 4119//4056 
f 4120//4057 3953//4057 4119//4057 4295//4057 
f 4120//4058 4296//4058 4121//4058 3954//4058 
f 4297//4059 4123//4059 3955//4059 4121//4059 
f 4122//4060 4123//4060 4298//4060 4299//4060 
f 4300//4061 4124//4061 3963//4061 4129//4061 
f 3958//4062 4122//4062 4299//4062 4125//4062 
f 4125//4063 4301//4063 4126//4063 3959//4063 
f 3960//4064 4126//4064 4302//4064 4127//4064 
f 3961//4065 4127//4065 4303//4065 4128//4065 
f 3964//4066 4128//4066 4304//4066 4131//4066 
f 4268//4067 4305//4067 4129//4067 4130//4067 
f 4138//4068 3968//4068 4131//4068 4306//4068 
f 4307//4069 3965//4069 4132//4069 4308//4069 
f 4311//4073 3966//4073 4135//4073 4312//4073 
f 3969//4077 4138//4077 4315//4077 4139//4077 
f 4316//4078 3973//4078 4139//4078 4317//4078 
f 4142//4080 4319//4080 4320//4080 4143//4080 
f 3805//4081 4145//4081 4321//4081 4144//4081 
f 4146//4082 4322//4082 4323//4082 4147//4082 
f 4148//4083 3979//4083 4147//4083 4324//4083 
f 3980//4084 4148//4084 4325//4084 4149//4084 
f 4326//4085 4151//4085 3984//4085 4150//4085 
f 4327//4086 4328//4086 4152//4086 4151//4086 
f 4153//4087 4329//4087 4330//4087 4154//4087 
f 4330//4088 4155//4088 3989//4088 4154//4088 
f 4156//4089 4155//4089 4331//4089 4332//4089 
f 4162//4090 4333//4090 4157//4090 3994//4090 
f 4158//4091 3990//4091 4157//4091 4334//4091 
f 4158//4092 4335//4092 4159//4092 3991//4092 
f 4159//4093 4336//4093 4160//4093 3992//4093 
f 3993//4094 4160//4094 4337//4094 4161//4094 
f 4163//4095 3995//4095 4161//4095 4338//4095 
f 3997//4096 4165//4096 4339//4096 4162//4096 
f 4163//4097 4340//4097 4164//4097 3996//4097 
f 3998//4098 4164//4098 4341//4098 4166//4098 
f 4170//4099 4342//4099 4165//4099 4003//4099 
f 3999//4100 4166//4100 4343//4100 4167//4100 
f 4000//4101 4167//4101 4344//4101 4168//4101 
f 4153//4102 4168//4102 4345//4102 4329//4102 
f 4346//4103 4171//4103 4002//4103 4169//4103 
f 4347//4104 4170//4104 4171//4104 4348//4104 
f 4004//4105 4349//4105 4350//4105 4172//4105 
f 4172//4106 4351//4106 4173//4106 4005//4106 
f 4173//4107 4352//4107 4353//4107 4174//4107 
f 4175//4108 4006//4108 4174//4108 4354//4108 
f 4007//4109 4175//4109 4355//4109 4176//4109 
f 4176//4110 4356//4110 4177//4110 4008//4110 
f 4177//4111 4357//4111 4178//4111 4009//4111 
f 4010//4112 4178//4112 4358//4112 4179//4112 
f 4179//4113 4359//4113 4180//4113 4011//4113 
f 4346//4114 4169//4114 4180//4114 4360//4114 
f 4015//4115 4181//4115 4361//4115 4183//4115 
f 4183//4116 4362//4116 4363//4116 4184//4116 
f 4017//4117 4156//4117 4332//4117 4185//4117 
f 4364//4118 4186//4118 4018//4118 4185//4118 
f 4187//4119 4186//4119 4364//4119 4365//4119 
f 4366//4120 4189//4120 4021//4120 4367//4120 
f 4368//4121 4188//4121 4189//4121 4369//4121 
f 4187//4122 4365//4122 4370//4122 4194//4122 
f 4195//4123 4027//4123 4194//4123 4371//4123 
f 4028//4124 4195//4124 4372//4124 4196//4124 
f 4197//4125 4373//4125 4198//4125 4030//4125 
f 4033//4126 4198//4126 4374//4126 4199//4126 
f 4034//4127 4199//4127 4375//4127 4200//4127 
f 4200//4128 4376//4128 4201//4128 4035//4128 
f 4202//4129 4036//4129 4201//4129 4377//4129 
f 4202//4130 4378//4130 4203//4130 4037//4130 
f 4379//4131 4204//4131 4038//4131 4203//4131 
f 4380//4132 4205//4132 4039//4132 4204//4132 
f 4381//4133 4210//4133 4042//4133 4205//4133 
f 4206//4134 4382//4134 4207//4134 4040//4134 
f 4209//4135 4383//4135 4206//4135 4043//4135 
f 4209//4138 4210//4138 4385//4138 4386//4138 
f 4048//4139 4211//4139 4387//4139 4214//4139 
f 4212//4140 4388//4140 4213//4140 4047//4140 
f 4211//4141 4213//4141 4389//4141 4387//4141 
f 4215//4142 4214//4142 4390//4142 4391//4142 
f 4217//4145 4392//4145 4218//4145 4050//4145 
f 4217//4146 4049//4146 4215//4146 4393//4146 
f 4051//4147 4218//4147 4394//4147 4219//4147 
f 4219//4148 4395//4148 4220//4148 4052//4148 
f 4053//4149 4220//4149 4396//4149 4221//4149 
f 4054//4150 4221//4150 4397//4150 4222//4150 
f 4222//4151 4398//4151 4224//4151 4055//4151 
f 4399//4152 4223//4152 4224//4152 4400//4152 
f 4225//4153 4401//4153 4226//4153 4057//4153 
f 4403//4155 4059//4155 4226//4155 4404//4155 
f 4064//4158 4232//4158 4405//4158 4228//4158 
f 4230//4159 4406//4159 4407//4159 4229//4159 
f 4232//4160 4231//4160 4408//4160 4409//4160 
f 4238//4161 4410//4161 4233//4161 4067//4161 
f 4065//4162 4233//4162 4411//4162 4234//4162 
f 4408//4163 4235//4163 4234//4163 4412//4163 
f 4413//4164 4237//4164 4068//4164 4236//4164 
f 4414//4165 4415//4165 4238//4165 4237//4165 
f 4240//4166 4070//4166 4239//4166 4416//4166 
f 4241//4167 4071//4167 4240//4167 4417//4167 
f 4418//4168 4242//4168 4241//4168 4419//4168 
f 4243//4169 4074//4169 4244//4169 4420//4169 
f 4244//4170 4076//4170 4246//4170 4421//4170 
f 4245//4171 4075//4171 4077//4171 4247//4171 
f 4245//4172 4422//4172 4423//4172 4246//4172 
f 4078//4173 4248//4173 4424//4173 4247//4173 
f 4228//4174 4405//4174 4425//4174 4248//4174 
f 4251//4175 4426//4175 4249//4175 4080//4175 
f 4250//4176 4079//4176 4249//4176 4427//4176 
f 4250//4177 4428//4177 4253//4177 4082//4177 
f 4252//4178 4429//4178 4251//4178 4081//4178 
f 4252//4179 4087//4179 4257//4179 4430//4179 
f 4083//4180 4253//4180 4431//4180 4254//4180 
f 4084//4181 4254//4181 4432//4181 4255//4181 
f 4256//4182 4085//4182 4255//4182 4433//4182 
f 4258//4183 4434//4183 4257//4183 4089//4183 
f 4258//4184 4259//4184 4435//4184 4436//4184 
f 4260//4185 4437//4185 4435//4185 4259//4185 
f 4243//4186 4420//4186 4437//4186 4260//4186 
f 4094//4189 4263//4189 4439//4189 4440//4189 
f 4268//4192 4096//4192 4266//4192 4442//4192 
f 4266//4193 4267//4193 4443//4193 4444//4193 
f 4445//4194 4271//4194 4099//4194 4269//4194 
f 4269//4195 4098//4195 4270//4195 4446//4195 
f 4274//4196 4447//4196 4270//4196 4102//4196 
f 4448//4197 4272//4197 4100//4197 4271//4197 
f 4272//4198 4449//4198 4273//4198 4101//4198 
f 4275//4199 4103//4199 4273//4199 4450//4199 
f 4451//4200 4274//4200 4111//4200 4282//4200 
f 4275//4201 4452//4201 4276//4201 4104//4201 
f 4277//4202 4105//4202 4276//4202 4453//4202 
f 4106//4203 4277//4203 4454//4203 4278//4203 
f 4455//4206 4456//4206 4280//4206 4109//4206 
f 4281//4207 4110//4207 4280//4207 4457//4207 
f 4283//4208 4113//4208 4281//4208 4458//4208 
f 4256//4209 4433//4209 4459//4209 4282//4209 
f 4460//4211 4461//4211 4115//4211 4283//4211 
f 4288//4212 4285//4212 4116//4212 4289//4212 
f 4287//4213 4114//4213 4285//4213 4462//4213 
f 4115//4215 4464//4215 4465//4215 4288//4215 
f 4291//4218 4467//4218 4468//4218 4292//4218 
f 4300//4219 4469//4219 4293//4219 4124//4219 
f 4118//4220 4293//4220 4470//4220 4294//4220 
f 4119//4221 4294//4221 4471//4221 4295//4221 
f 4120//4222 4295//4222 4472//4222 4296//4222 
f 4297//4223 4121//4223 4296//4223 4473//4223 
f 4297//4224 4474//4224 4298//4224 4123//4224 
f 4299//4225 4298//4225 4475//4225 4476//4225 
f 4300//4226 4129//4226 4305//4226 4477//4226 
f 4125//4227 4299//4227 4476//4227 4301//4227 
f 4126//4228 4301//4228 4478//4228 4302//4228 
f 4127//4229 4302//4229 4479//4229 4303//4229 
f 4480//4230 4304//4230 4128//4230 4303//4230 
f 4306//4231 4131//4231 4304//4231 4481//4231 
f 4268//4232 4442//4232 4482//4232 4305//4232 
f 4483//4233 4315//4233 4138//4233 4306//4233 
f 4307//4235 4308//4235 4484//4235 4485//4235 
f 4311//4239 4488//4239 4313//4239 3966//4239 
f 4135//4240 4487//4240 4489//4240 4312//4240 
f 4317//4243 4139//4243 4315//4243 4491//4243 
f 4316//4247 4493//4247 4319//4247 4142//4247 
f 4320//4248 4319//4248 4494//4248 4495//4248 
f 4496//4249 4143//4249 4320//4249 4495//4249 
f 4321//4250 4145//4250 4497//4250 4498//4250 
f 4500//4252 4323//4252 4322//4252 4501//4252 
f 4324//4253 4147//4253 4323//4253 4502//4253 
f 4325//4254 4148//4254 4324//4254 4503//4254 
f 4504//4255 4327//4255 4151//4255 4326//4255 
f 4326//4256 4150//4256 4505//4256 4506//4256 
f 4329//4257 4507//4257 4508//4257 4330//4257 
f 4330//4258 4508//4258 4331//4258 4155//4258 
f 4509//4259 4510//4259 4332//4259 4331//4259 
f 4162//4260 4339//4260 4511//4260 4333//4260 
f 4334//4261 4157//4261 4333//4261 4512//4261 
f 4158//4262 4334//4262 4513//4262 4335//4262 
f 4335//4263 4514//4263 4336//4263 4159//4263 
f 4515//4264 4337//4264 4160//4264 4336//4264 
f 4338//4265 4161//4265 4337//4265 4516//4265 
f 4163//4266 4338//4266 4517//4266 4340//4266 
f 4339//4267 4165//4267 4342//4267 4518//4267 
f 4519//4268 4341//4268 4164//4268 4340//4268 
f 4343//4269 4166//4269 4341//4269 4520//4269 
f 4347//4270 4521//4270 4342//4270 4170//4270 
f 4343//4271 4522//4271 4344//4271 4167//4271 
f 4168//4272 4344//4272 4523//4272 4345//4272 
f 4329//4273 4345//4273 4524//4273 4507//4273 
f 4346//4274 4525//4274 4348//4274 4171//4274 
f 4347//4275 4348//4275 4526//4275 4527//4275 
f 4350//4276 4528//4276 4351//4276 4172//4276 
f 4173//4277 4351//4277 4529//4277 4352//4277 
f 4174//4278 4353//4278 4530//4278 4354//4278 
f 4175//4279 4354//4279 4531//4279 4355//4279 
f 4176//4280 4355//4280 4532//4280 4356//4280 
f 4177//4281 4356//4281 4533//4281 4357//4281 
f 4357//4282 4534//4282 4358//4282 4178//4282 
f 4179//4283 4358//4283 4535//4283 4359//4283 
f 4180//4284 4359//4284 4536//4284 4360//4284 
f 4346//4285 4360//4285 4537//4285 4525//4285 
f 4183//4286 4361//4286 4538//4286 4362//4286 
f 4363//4287 4362//4287 4539//4287 4540//4287 
f 4184//4288 4363//4288 4541//4288 4542//4288 
f 4364//4289 4185//4289 4332//4289 4510//4289 
f 4543//4290 4365//4290 4364//4290 4510//4290 
f 4366//4291 4544//4291 4369//4291 4189//4291 
f 4545//4292 4368//4292 4369//4292 4546//4292 
f 4543//4293 4547//4293 4370//4293 4365//4293 
f 4371//4294 4194//4294 4370//4294 4548//4294 
f 4195//4295 4371//4295 4549//4295 4372//4295 
f 4373//4296 4550//4296 4374//4296 4198//4296 
f 4199//4297 4374//4297 4551//4297 4375//4297 
f 4552//4298 4376//4298 4200//4298 4375//4298 
f 4553//4299 4377//4299 4201//4299 4376//4299 
f 4202//4300 4377//4300 4554//4300 4378//4300 
f 4379//4301 4203//4301 4378//4301 4555//4301 
f 4379//4302 4556//4302 4380//4302 4204//4302 
f 4381//4303 4205//4303 4380//4303 4557//4303 
f 4558//4304 4385//4304 4210//4304 4381//4304 
f 4559//4305 4382//4305 4206//4305 4383//4305 
f 4560//4306 4207//4306 4382//4306 4561//4306 
f 4562//4307 4383//4307 4209//4307 4386//4307 
f 4564//4310 4565//4310 4386//4310 4385//4310 
f 4214//4311 4387//4311 4566//4311 4390//4311 
f 4388//4312 4212//4312 4567//4312 4568//4312 
f 4388//4313 4569//4313 4389//4313 4213//4313 
f 4566//4314 4387//4314 4389//4314 4570//4314 
f 4391//4315 4390//4315 4571//4315 4572//4315 
f 4215//4316 4391//4316 4573//4316 4393//4316 
f 4217//4317 4393//4317 4574//4317 4392//4317 
f 4218//4318 4392//4318 4575//4318 4394//4318 
f 4219//4319 4394//4319 4576//4319 4395//4319 
f 4577//4320 4396//4320 4220//4320 4395//4320 
f 4221//4321 4396//4321 4578//4321 4397//4321 
f 4397//4322 4579//4322 4398//4322 4222//4322 
f 4398//4323 4580//4323 4400//4323 4224//4323 
f 4399//4324 4581//4324 4582//4324 4223//4324 
f 4226//4326 4401//4326 4584//4326 4585//4326 
f 4058//4330 4403//4330 4587//4330 4588//4330 
f 4232//4331 4409//4331 4589//4331 4405//4331 
f 4229//4332 4407//4332 4406//4332 4590//4332 
f 4591//4333 4235//4333 4408//4333 4231//4333 
f 4592//4334 4409//4334 4408//4334 4412//4334 
f 4415//4335 4593//4335 4410//4335 4238//4335 
f 4233//4336 4410//4336 4594//4336 4411//4336 
f 4412//4337 4234//4337 4411//4337 4595//4337 
f 4413//4338 4596//4338 4414//4338 4237//4338 
f 4597//4339 4598//4339 4415//4339 4414//4339 
f 4419//4342 4241//4342 4417//4342 4600//4342 
f 4420//4345 4244//4345 4421//4345 4603//4345 
f 4246//4346 4423//4346 4604//4346 4421//4346 
f 4245//4347 4247//4347 4424//4347 4422//4347 
f 4605//4348 4423//4348 4422//4348 4606//4348 
f 4607//4349 4424//4349 4248//4349 4425//4349 
f 4608//4350 4425//4350 4405//4350 4589//4350 
f 4609//4351 4426//4351 4251//4351 4429//4351 
f 4610//4352 4427//4352 4249//4352 4426//4352 
f 4250//4353 4427//4353 4611//4353 4428//4353 
f 4431//4354 4253//4354 4428//4354 4612//4354 
f 4252//4355 4430//4355 4613//4355 4429//4355 
f 4434//4356 4614//4356 4430//4356 4257//4356 
f 4615//4357 4432//4357 4254//4357 4431//4357 
f 4616//4358 4433//4358 4255//4358 4432//4358 
f 4258//4359 4436//4359 4617//4359 4434//4359 
f 4618//4360 4619//4360 4436//4360 4435//4360 
f 4620//4361 4618//4361 4435//4361 4437//4361 
f 4420//4362 4621//4362 4620//4362 4437//4362 
f 4440//4363 4439//4363 4441//4363 4622//4363 
f 4440//4364 4622//4364 4441//4364 4094//4364 
f 4266//4365 4444//4365 4623//4365 4442//4365 
f 4443//4366 4267//4366 4624//4366 4625//4366 
f 4443//4367 4626//4367 4627//4367 4444//4367 
f 4628//4368 4448//4368 4271//4368 4445//4368 
f 4445//4369 4269//4369 4446//4369 4629//4369 
f 4630//4370 4446//4370 4270//4370 4447//4370 
f 4451//4371 4631//4371 4447//4371 4274//4371 
f 4448//4372 4632//4372 4449//4372 4272//4372 
f 4633//4373 4450//4373 4273//4373 4449//4373 
f 4275//4374 4450//4374 4634//4374 4452//4374 
f 4451//4375 4282//4375 4459//4375 4635//4375 
f 4452//4376 4636//4376 4453//4376 4276//4376 
f 4454//4377 4277//4377 4453//4377 4637//4377 
f 4455//4378 4278//4378 4454//4378 4638//4378 
f 4455//4380 4638//4380 4639//4380 4456//4380 
f 4456//4381 4640//4381 4457//4381 4280//4381 
f 4281//4382 4457//4382 4641//4382 4458//4382 
f 4460//4383 4283//4383 4458//4383 4642//4383 
f 4643//4384 4459//4384 4433//4384 4616//4384 
f 4644//4385 4461//4385 4460//4385 4645//4385 
f 4464//4386 4115//4386 4461//4386 4465//4386 
f 4288//4387 4646//4387 4462//4387 4285//4387 
f 4647//4388 4287//4388 4462//4388 4648//4388 
f 4291//4394 4652//4394 4653//4394 4467//4394 
f 4467//4395 4625//4395 4624//4395 4468//4395 
f 4300//4396 4477//4396 4654//4396 4469//4396 
f 4470//4397 4293//4397 4469//4397 4655//4397 
f 4294//4398 4470//4398 4656//4398 4471//4398 
f 4295//4399 4471//4399 4657//4399 4472//4399 
f 4296//4400 4472//4400 4658//4400 4473//4400 
f 4297//4401 4473//4401 4659//4401 4474//4401 
f 4298//4402 4474//4402 4660//4402 4475//4402 
f 4661//4403 4476//4403 4475//4403 4662//4403 
f 4663//4404 4477//4404 4305//4404 4664//4404 
f 4301//4405 4476//4405 4661//4405 4478//4405 
f 4302//4406 4478//4406 4665//4406 4479//4406 
f 4666//4407 4480//4407 4303//4407 4479//4407 
f 4480//4408 4667//4408 4481//4408 4304//4408 
f 4483//4409 4306//4409 4481//4409 4668//4409 
f 4623//4410 4669//4410 4482//4410 4442//4410 
f 4669//4411 4664//4411 4305//4411 4482//4411 
f 4483//4412 4670//4412 4491//4412 4315//4412 
f 4307//4413 4485//4413 4486//4413 4134//4413 
f 4317//4416 4491//4416 4671//4416 4672//4416 
f 4316//4419 4672//4419 4673//4419 4493//4419 
f 4675//4422 4495//4422 4494//4422 4676//4422 
f 4495//4423 4677//4423 4678//4423 4496//4423 
f 4498//4424 4497//4424 4679//4424 4680//4424 
f 4502//4427 4323//4427 4500//4427 4681//4427 
f 4682//4428 4500//4428 4501//4428 4683//4428 
f 4503//4429 4324//4429 4502//4429 4684//4429 
f 4685//4430 4327//4430 4504//4430 4686//4430 
f 4504//4431 4326//4431 4506//4431 4687//4431 
f 4507//4432 4688//4432 4689//4432 4508//4432 
f 4508//4433 4689//4433 4509//4433 4331//4433 
f 4690//4434 4543//4434 4510//4434 4509//4434 
f 4339//4435 4518//4435 4691//4435 4511//4435 
f 4692//4436 4512//4436 4333//4436 4511//4436 
f 4693//4437 4513//4437 4334//4437 4512//4437 
f 4335//4438 4513//4438 4694//4438 4514//4438 
f 4515//4439 4336//4439 4514//4439 4695//4439 
f 4515//4440 4696//4440 4516//4440 4337//4440 
f 4517//4441 4338//4441 4516//4441 4697//4441 
f 4519//4442 4340//4442 4517//4442 4698//4442 
f 4518//4443 4342//4443 4521//4443 4699//4443 
f 4519//4444 4700//4444 4520//4444 4341//4444 
f 4343//4445 4520//4445 4701//4445 4522//4445 
f 4347//4446 4527//4446 4702//4446 4521//4446 
f 4522//4447 4703//4447 4523//4447 4344//4447 
f 4524//4448 4345//4448 4523//4448 4704//4448 
f 4507//4449 4524//4449 4705//4449 4688//4449 
f 4526//4450 4348//4450 4525//4450 4706//4450 
f 4527//4451 4526//4451 4707//4451 4708//4451 
f 4354//4452 4530//4452 4709//4452 4531//4452 
f 4355//4453 4531//4453 4710//4453 4532//4453 
f 4356//4454 4532//4454 4711//4454 4533//4454 
f 4533//4455 4712//4455 4534//4455 4357//4455 
f 4534//4456 4713//4456 4535//4456 4358//4456 
f 4714//4457 4536//4457 4359//4457 4535//4457 
f 4715//4458 4537//4458 4360//4458 4536//4458 
f 4716//4459 4706//4459 4525//4459 4537//4459 
f 4538//4460 4717//4460 4539//4460 4362//4460 
f 4539//4461 4718//4461 4719//4461 4540//4461 
f 4369//4462 4544//4462 4720//4462 4546//4462 
f 4721//4463 4545//4463 4546//4463 4722//4463 
f 4690//4464 4723//4464 4547//4464 4543//4464 
f 4548//4465 4370//4465 4547//4465 4724//4465 
f 4371//4466 4548//4466 4725//4466 4549//4466 
f 4550//4467 4726//4467 4551//4467 4374//4467 
f 4552//4468 4375//4468 4551//4468 4727//4468 
f 4552//4469 4728//4469 4553//4469 4376//4469 
f 4554//4470 4377//4470 4553//4470 4729//4470 
f 4554//4471 4730//4471 4555//4471 4378//4471 
f 4379//4472 4555//4472 4731//4472 4556//4472 
f 4732//4473 4557//4473 4380//4473 4556//4473 
f 4558//4474 4381//4474 4557//4474 4733//4474 
f 4734//4475 4564//4475 4385//4475 4558//4475 
f 4559//4476 4735//4476 4561//4476 4382//4476 
f 4562//4477 4736//4477 4559//4477 4383//4477 
f 4561//4478 4737//4478 4738//4478 4560//4478 
f 4565//4479 4739//4479 4562//4479 4386//4479 
f 4564//4481 4740//4481 4741//4481 4565//4481 
f 4390//4482 4566//4482 4742//4482 4571//4482 
f 4567//4483 4743//4483 4744//4483 4568//4483 
f 4570//4486 4389//4486 4569//4486 4747//4486 
f 4566//4487 4570//4487 4748//4487 4742//4487 
f 4573//4488 4391//4488 4749//4488 4750//4488 
f 4573//4489 4751//4489 4574//4489 4393//4489 
f 4392//4490 4574//4490 4752//4490 4753//4490 
f 4753//4492 4576//4492 4394//4492 4575//4492 
f 4576//4493 4755//4493 4577//4493 4395//4493 
f 4578//4494 4396//4494 4577//4494 4756//4494 
f 4397//4495 4578//4495 4757//4495 4579//4495 
f 4579//4496 4758//4496 4580//4496 4398//4496 
f 4404//4499 4585//4499 4584//4499 4760//4499 
f 4592//4502 4761//4502 4589//4502 4409//4502 
f 4592//4503 4412//4503 4595//4503 4762//4503 
f 4598//4504 4763//4504 4593//4504 4415//4504 
f 4593//4505 4764//4505 4594//4505 4410//4505 
f 4595//4506 4411//4506 4594//4506 4765//4506 
f 4766//4507 4597//4507 4414//4507 4596//4507 
f 4767//4508 4598//4508 4597//4508 4768//4508 
f 4416//4510 4738//4510 4600//4510 4417//4510 
f 4421//4515 4604//4515 4772//4515 4603//4515 
f 4605//4516 4773//4516 4604//4516 4423//4516 
f 4607//4517 4606//4517 4422//4517 4424//4517 
f 4605//4518 4606//4518 4774//4518 4775//4518 
f 4607//4519 4425//4519 4608//4519 4776//4519 
f 4761//4520 4777//4520 4608//4520 4589//4520 
f 4609//4521 4778//4521 4610//4521 4426//4521 
f 4609//4522 4429//4522 4613//4522 4779//4522 
f 4611//4523 4427//4523 4610//4523 4780//4523 
f 4611//4524 4781//4524 4612//4524 4428//4524 
f 4615//4525 4431//4525 4612//4525 4782//4525 
f 4613//4526 4430//4526 4614//4526 4783//4526 
f 4434//4527 4617//4527 4784//4527 4614//4527 
f 4616//4528 4432//4528 4615//4528 4785//4528 
f 4436//4529 4619//4529 4786//4529 4617//4529 
f 4618//4530 4787//4530 4788//4530 4619//4530 
f 4620//4531 4789//4531 4787//4531 4618//4531 
f 4444//4532 4627//4532 4790//4532 4623//4532 
f 4443//4533 4625//4533 4791//4533 4626//4533 
f 4792//4534 4627//4534 4626//4534 4793//4534 
f 4628//4535 4794//4535 4632//4535 4448//4535 
f 4628//4536 4445//4536 4629//4536 4795//4536 
f 4796//4537 4629//4537 4446//4537 4630//4537 
f 4630//4538 4447//4538 4631//4538 4797//4538 
f 4451//4539 4635//4539 4798//4539 4631//4539 
f 4633//4540 4449//4540 4632//4540 4799//4540 
f 4633//4541 4800//4541 4634//4541 4450//4541 
f 4452//4542 4634//4542 4801//4542 4636//4542 
f 4643//4543 4802//4543 4635//4543 4459//4543 
f 4637//4544 4453//4544 4636//4544 4803//4544 
f 4804//4545 4638//4545 4454//4545 4637//4545 
f 4804//4546 4805//4546 4639//4546 4638//4546 
f 4639//4547 4806//4547 4640//4547 4456//4547 
f 4641//4548 4457//4548 4640//4548 4807//4548 
f 4641//4549 4808//4549 4642//4549 4458//4549 
f 4460//4550 4642//4550 4809//4550 4645//4550 
f 4643//4551 4616//4551 4785//4551 4810//4551 
f 4811//4552 4465//4552 4461//4552 4644//4552 
f 4812//4553 4647//4553 4648//4553 4813//4553 
f 4466//4559 4647//4559 4812//4559 4651//4559 
f 4291//4560 4651//4560 4812//4560 4652//4560 
f 4652//4561 4816//4561 4817//4561 4653//4561 
f 4467//4562 4653//4562 4791//4562 4625//4562 
f 4654//4563 4477//4563 4663//4563 4818//4563 
f 4469//4564 4654//4564 4819//4564 4655//4564 
f 4470//4565 4655//4565 4820//4565 4656//4565 
f 4821//4566 4657//4566 4471//4566 4656//4566 
f 4658//4567 4472//4567 4657//4567 4822//4567 
f 4658//4568 4823//4568 4659//4568 4473//4568 
f 4474//4569 4659//4569 4824//4569 4660//4569 
f 4475//4570 4660//4570 4825//4570 4662//4570 
f 4661//4571 4662//4571 4826//4571 4827//4571 
f 4664//4572 4828//4572 4829//4572 4663//4572 
f 4665//4573 4478//4573 4661//4573 4827//4573 
f 4665//4574 4830//4574 4666//4574 4479//4574 
f 4831//4575 4667//4575 4480//4575 4666//4575 
f 4668//4576 4481//4576 4667//4576 4832//4576 
f 4483//4577 4668//4577 4833//4577 4670//4577 
f 4623//4578 4790//4578 4834//4578 4669//4578 
f 4664//4579 4669//4579 4834//4579 4828//4579 
f 4670//4580 4835//4580 4671//4580 4491//4580 
f 4672//4582 4837//4582 4838//4582 4673//4582 
f 4839//4583 4840//4583 4493//4583 4673//4583 
f 4841//4585 4677//4585 4495//4585 4675//4585 
f 4676//4586 4494//4586 4493//4586 4840//4586 
f 4676//4587 4842//4587 4843//4587 4675//4587 
f 4680//4588 4844//4588 4144//4588 4498//4588 
f 4681//4589 4500//4589 4682//4589 4845//4589 
f 4846//4590 4684//4590 4502//4590 4681//4590 
f 4686//4591 4504//4591 4687//4591 4847//4591 
f 4848//4592 4685//4592 4686//4592 4849//4592 
f 4688//4593 4690//4593 4509//4593 4689//4593 
f 4851//4595 4692//4595 4511//4595 4691//4595 
f 4692//4596 4852//4596 4693//4596 4512//4596 
f 4694//4597 4513//4597 4693//4597 4853//4597 
f 4694//4598 4854//4598 4695//4598 4514//4598 
f 4515//4599 4695//4599 4855//4599 4696//4599 
f 4696//4600 4856//4600 4697//4600 4516//4600 
f 4517//4601 4697//4601 4857//4601 4698//4601 
f 4519//4602 4698//4602 4858//4602 4700//4602 
f 4859//4603 4699//4603 4521//4603 4702//4603 
f 4860//4605 4701//4605 4520//4605 4700//4605 
f 4861//4606 4703//4606 4522//4606 4701//4606 
f 4527//4607 4708//4607 4862//4607 4702//4607 
f 4704//4608 4523//4608 4703//4608 4863//4608 
f 4524//4609 4704//4609 4864//4609 4705//4609 
f 4688//4610 4705//4610 4865//4610 4866//4610 
f 4526//4611 4706//4611 4867//4611 4707//4611 
f 4868//4612 4869//4612 4708//4612 4707//4612 
f 4710//4613 4531//4613 4709//4613 4870//4613 
f 4710//4614 4871//4614 4711//4614 4532//4614 
f 4533//4615 4711//4615 4872//4615 4712//4615 
f 4712//4616 4873//4616 4713//4616 4534//4616 
f 4713//4617 4874//4617 4714//4617 4535//4617 
f 4715//4618 4536//4618 4714//4618 4875//4618 
f 4716//4619 4537//4619 4715//4619 4876//4619 
f 4716//4620 4877//4620 4867//4620 4706//4620 
f 4717//4621 4878//4621 4718//4621 4539//4621 
f 4879//4622 4719//4622 4718//4622 4880//4622 
f 4540//4623 4719//4623 4881//4623 4882//4623 
f 4720//4624 4883//4624 4722//4624 4546//4624 
f 4884//4625 4885//4625 4721//4625 4722//4625 
f 4688//4626 4866//4626 4723//4626 4690//4626 
f 4547//4627 4723//4627 4886//4627 4724//4627 
f 4548//4628 4724//4628 4887//4628 4725//4628 
f 4552//4629 4727//4629 4888//4629 4728//4629 
f 4553//4630 4728//4630 4889//4630 4729//4630 
f 4554//4631 4729//4631 4890//4631 4730//4631 
f 4731//4632 4555//4632 4730//4632 4891//4632 
f 4892//4633 4732//4633 4556//4633 4731//4633 
f 4732//4634 4893//4634 4733//4634 4557//4634 
f 4894//4635 4734//4635 4558//4635 4733//4635 
f 4734//4636 4895//4636 4740//4636 4564//4636 
f 4561//4637 4735//4637 4896//4637 4737//4637 
f 4567//4638 4736//4638 4562//4638 4739//4638 
f 4738//4639 4737//4639 4897//4639 4600//4639 
f 4416//4640 4563//4640 4560//4640 4738//4640 
f 4741//4641 4898//4641 4739//4641 4565//4641 
f 4741//4642 4740//4642 4899//4642 4900//4642 
f 4571//4643 4742//4643 4901//4643 4902//4643 
f 4567//4644 4739//4644 4898//4644 4743//4644 
f 4903//4645 4904//4645 4744//4645 4743//4645 
f 4568//4646 4744//4646 4905//4646 4906//4646 
f 4910//4651 4911//4651 4747//4651 4569//4651 
f 4570//4652 4747//4652 4912//4652 4748//4652 
f 4748//4653 4913//4653 4901//4653 4742//4653 
f 4749//4654 4914//4654 4915//4654 4750//4654 
f 4573//4655 4750//4655 4916//4655 4751//4655 
f 4753//4660 4918//4660 4755//4660 4576//4660 
f 4756//4661 4577//4661 4755//4661 4919//4661 
f 4578//4662 4756//4662 4920//4662 4757//4662 
f 4757//4663 4921//4663 4758//4663 4579//4663 
f 4592//4664 4762//4664 4922//4664 4761//4664 
f 4923//4665 4762//4665 4595//4665 4765//4665 
f 4767//4666 4924//4666 4763//4666 4598//4666 
f 4763//4667 4925//4667 4764//4667 4593//4667 
f 4764//4668 4926//4668 4765//4668 4594//4668 
f 4927//4669 4768//4669 4597//4669 4766//4669 
f 4766//4670 4596//4670 4771//4670 4928//4670 
f 4929//4671 4930//4671 4767//4671 4768//4671 
f 4769//4673 4418//4673 4771//4673 4596//4673 
f 4772//4677 4604//4677 4773//4677 4932//4677 
f 4605//4678 4775//4678 4933//4678 4773//4678 
f 4607//4679 4776//4679 4774//4679 4606//4679 
f 4934//4680 4935//4680 4775//4680 4774//4680 
f 4777//4681 4936//4681 4776//4681 4608//4681 
f 4761//4682 4922//4682 4937//4682 4777//4682 
f 4609//4683 4938//4683 4939//4683 4778//4683 
f 4778//4684 4940//4684 4780//4684 4610//4684 
f 4613//4685 4783//4685 4941//4685 4779//4685 
f 4943//4687 4781//4687 4611//4687 4780//4687 
f 4782//4688 4612//4688 4781//4688 4944//4688 
f 4615//4689 4782//4689 4945//4689 4785//4689 
f 4783//4690 4614//4690 4784//4690 4946//4690 
f 4947//4691 4784//4691 4617//4691 4786//4691 
f 4788//4692 4948//4692 4786//4692 4619//4692 
f 4788//4693 4787//4693 4949//4693 4950//4693 
f 4951//4694 4949//4694 4787//4694 4789//4694 
f 4790//4695 4627//4695 4792//4695 4952//4695 
f 4791//4696 4953//4696 4793//4696 4626//4696 
f 4792//4697 4793//4697 4954//4697 4955//4697 
f 4628//4698 4795//4698 4956//4698 4794//4698 
f 4632//4699 4794//4699 4957//4699 4799//4699 
f 4958//4700 4795//4700 4629//4700 4796//4700 
f 4796//4701 4630//4701 4797//4701 4959//4701 
f 4960//4702 4797//4702 4631//4702 4798//4702 
f 4961//4703 4798//4703 4635//4703 4802//4703 
f 4633//4704 4799//4704 4962//4704 4800//4704 
f 4963//4705 4801//4705 4634//4705 4800//4705 
f 4964//4706 4803//4706 4636//4706 4801//4706 
f 4643//4707 4810//4707 4965//4707 4802//4707 
f 4804//4708 4637//4708 4803//4708 4966//4708 
f 4804//4709 4966//4709 4967//4709 4805//4709 
f 4639//4710 4805//4710 4968//4710 4806//4710 
f 4806//4711 4969//4711 4807//4711 4640//4711 
f 4641//4712 4807//4712 4970//4712 4808//4712 
f 4642//4713 4808//4713 4971//4713 4809//4713 
f 4945//4714 4972//4714 4810//4714 4785//4714 
f 4813//4716 4648//4716 4974//4716 4975//4716 
f 4652//4717 4812//4717 4813//4717 4816//4717 
f 4466//4720 4977//4720 4976//4720 4649//4720 
f 4816//4723 4978//4723 4979//4723 4817//4723 
f 4653//4724 4817//4724 4953//4724 4791//4724 
f 4980//4725 4818//4725 4663//4725 4981//4725 
f 4654//4726 4818//4726 4982//4726 4819//4726 
f 4655//4727 4819//4727 4983//4727 4820//4727 
f 4821//4728 4656//4728 4820//4728 4984//4728 
f 4821//4729 4985//4729 4822//4729 4657//4729 
f 4658//4730 4822//4730 4986//4730 4823//4730 
f 4659//4731 4823//4731 4987//4731 4824//4731 
f 4825//4732 4660//4732 4824//4732 4988//4732 
f 4826//4733 4662//4733 4825//4733 4989//4733 
f 4826//4734 4990//4734 4991//4734 4827//4734 
f 4829//4735 4828//4735 4992//4735 4993//4735 
f 4663//4736 4829//4736 4994//4736 4981//4736 
f 4665//4737 4827//4737 4991//4737 4830//4737 
f 4831//4738 4666//4738 4830//4738 4995//4738 
f 4831//4739 4996//4739 4832//4739 4667//4739 
f 4997//4740 4833//4740 4668//4740 4832//4740 
f 4670//4741 4833//4741 4998//4741 4835//4741 
f 4790//4742 4952//4742 4999//4742 4834//4742 
f 4834//4743 4999//4743 4992//4743 4828//4743 
f 4837//4747 5001//4747 5002//4747 4838//4747 
f 5004//4749 4840//4749 4839//4749 5005//4749 
f 4839//4750 4673//4750 5006//4750 5007//4750 
f 4841//4752 4675//4752 4843//4752 5009//4752 
f 4840//4753 5004//4753 4842//4753 4676//4753 
f 4842//4754 5010//4754 5011//4754 4843//4754 
f 4845//4755 4682//4755 5012//4755 5013//4755 
f 4846//4756 4681//4756 4845//4756 5014//4756 
f 4849//4757 4686//4757 4847//4757 5015//4757 
f 4848//4758 4849//4758 5016//4758 5017//4758 
f 4851//4760 5018//4760 4852//4760 4692//4760 
f 4851//4761 4691//4761 4699//4761 5019//4761 
f 4853//4762 4693//4762 4852//4762 5020//4762 
f 4694//4763 4853//4763 5021//4763 4854//4763 
f 4695//4764 4854//4764 5022//4764 4855//4764 
f 4696//4765 4855//4765 5023//4765 4856//4765 
f 5024//4766 4857//4766 4697//4766 4856//4766 
f 4698//4767 4857//4767 5025//4767 4858//4767 
f 4860//4768 4700//4768 4858//4768 5026//4768 
f 5027//4769 5019//4769 4699//4769 4859//4769 
f 4859//4770 4702//4770 4862//4770 5028//4770 
f 4860//4771 5029//4771 4861//4771 4701//4771 
f 5030//4772 4863//4772 4703//4772 4861//4772 
f 4862//4773 4708//4773 4869//4773 5031//4773 
f 5032//4774 4864//4774 4704//4774 4863//4774 
f 4705//4775 4864//4775 5033//4775 4865//4775 
f 5034//4776 5035//4776 4866//4776 4865//4776 
f 5036//4777 4868//4777 4707//4777 4867//4777 
f 5037//4778 4869//4778 4868//4778 5038//4778 
f 4710//4779 4870//4779 5039//4779 4871//4779 
f 4871//4780 5040//4780 4872//4780 4711//4780 
f 4712//4781 4872//4781 5041//4781 4873//4781 
f 4713//4782 4873//4782 5042//4782 4874//4782 
f 4714//4783 4874//4783 5043//4783 4875//4783 
f 4715//4784 4875//4784 5044//4784 4876//4784 
f 4716//4785 4876//4785 5045//4785 4877//4785 
f 5036//4786 4867//4786 4877//4786 5046//4786 
f 5047//4787 4880//4787 4718//4787 4878//4787 
f 4879//4788 5048//4788 4881//4788 4719//4788 
f 5049//4789 5050//4789 4879//4789 4880//4789 
f 4884//4790 4722//4790 4883//4790 5051//4790 
f 4884//4791 5052//4791 5053//4791 4885//4791 
f 5035//4792 4886//4792 4723//4792 4866//4792 
f 4887//4793 4724//4793 4886//4793 5054//4793 
f 5055//4794 4888//4794 4727//4794 5056//4794 
f 4888//4795 5057//4795 4889//4795 4728//4795 
f 4890//4796 4729//4796 4889//4796 5058//4796 
f 4890//4797 5059//4797 4891//4797 4730//4797 
f 4892//4798 4731//4798 4891//4798 5060//4798 
f 4892//4799 5061//4799 4893//4799 4732//4799 
f 5062//4800 4894//4800 4733//4800 4893//4800 
f 4894//4801 5063//4801 4895//4801 4734//4801 
f 4899//4802 4740//4802 4895//4802 5064//4802 
f 4896//4803 4735//4803 5065//4803 5066//4803 
f 4737//4804 4896//4804 5067//4804 4897//4804 
f 4741//4805 4900//4805 5068//4805 4898//4805 
f 4899//4806 5069//4806 5070//4806 4900//4806 
f 4901//4807 5071//4807 5072//4807 4902//4807 
f 4903//4809 4743//4809 4898//4809 5068//4809 
f 5074//4810 5075//4810 4904//4810 4903//4810 
f 4744//4811 4904//4811 5076//4811 4905//4811 
f 4906//4812 4905//4812 5077//4812 5078//4812 
f 4568//4813 4906//4813 5079//4813 5066//4813 
f 4568//4814 5066//4814 5065//4814 4907//4814 
f 4388//4815 4907//4815 5080//4815 5081//4815 
f 4388//4816 5082//4816 5083//4816 4908//4816 
f 5085//4820 5086//4820 4911//4820 4910//4820 
f 5087//4821 4747//4821 4911//4821 5088//4821 
f 4748//4824 4912//4824 5090//4824 4913//4824 
f 4913//4825 5091//4825 5071//4825 4901//4825 
f 4749//4826 5092//4826 5093//4826 4914//4826 
f 5072//4827 5094//4827 4915//4827 4914//4827 
f 4916//4828 4750//4828 4915//4828 5095//4828 
f 5097//4831 4919//4831 4755//4831 4918//4831 
f 4756//4832 4919//4832 5098//4832 4920//4832 
f 4757//4833 4920//4833 5099//4833 4921//4833 
f 4922//4834 4762//4834 4923//4834 5100//4834 
f 4923//4835 4765//4835 4926//4835 5101//4835 
f 4767//4836 4930//4836 5102//4836 4924//4836 
f 4924//4837 5103//4837 4925//4837 4763//4837 
f 4764//4838 4925//4838 5104//4838 4926//4838 
f 4927//4840 4766//4840 4928//4840 5106//4840 
f 4928//4841 4771//4841 4897//4841 5067//4841 
f 5108//4844 4932//4844 4773//4844 4933//4844 
f 4933//4845 4775//4845 4935//4845 5109//4845 
f 4934//4846 4774//4846 4776//4846 4936//4846 
f 5110//4847 4935//4847 4934//4847 5111//4847 
f 4777//4848 4937//4848 5112//4848 4936//4848 
f 4922//4849 5100//4849 5113//4849 4937//4849 
f 4938//4851 5114//4851 5115//4851 4939//4851 
f 4778//4852 4939//4852 5116//4852 4940//4852 
f 4943//4853 4780//4853 4940//4853 5117//4853 
f 4938//4855 4779//4855 4941//4855 4946//4855 
f 4943//4857 5119//4857 4944//4857 4781//4857 
f 5120//4858 4945//4858 4782//4858 4944//4858 
f 4946//4859 4784//4859 4947//4859 5121//4859 
f 4947//4861 4786//4861 4948//4861 5122//4861 
f 4788//4862 4950//4862 5123//4862 4948//4862 
f 4949//4863 5124//4863 5125//4863 4950//4863 
f 4951//4864 5126//4864 5124//4864 4949//4864 
f 4792//4866 4955//4866 5128//4866 4952//4866 
f 4953//4867 5129//4867 4954//4867 4793//4867 
f 4956//4868 4795//4868 4958//4868 5130//4868 
f 5131//4869 4957//4869 4794//4869 4956//4869 
f 4962//4870 4799//4870 4957//4870 5132//4870 
f 5133//4871 4958//4871 4796//4871 4959//4871 
f 4960//4872 5134//4872 4959//4872 4797//4872 
f 4961//4873 5135//4873 4960//4873 4798//4873 
f 4961//4874 4802//4874 4965//4874 5136//4874 
f 5137//4875 4963//4875 4800//4875 4962//4875 
f 4964//4876 4801//4876 4963//4876 5138//4876 
f 5139//4877 4966//4877 4803//4877 4964//4877 
f 4965//4878 4810//4878 4972//4878 5140//4878 
f 5139//4879 5141//4879 4967//4879 4966//4879 
f 4968//4880 4805//4880 4967//4880 5142//4880 
f 5144//4883 4972//4883 4945//4883 5120//4883 
f 4816//4885 4813//4885 4975//4885 4978//4885 
f 5146//4886 4286//4886 4976//4886 5147//4886 
f 4979//4889 5129//4889 4953//4889 4817//4889 
f 4980//4890 4981//4890 4982//4890 4818//4890 
f 5149//4891 4983//4891 4819//4891 4982//4891 
f 4984//4892 4820//4892 4983//4892 5150//4892 
f 4821//4893 4984//4893 5151//4893 4985//4893 
f 4986//4894 4822//4894 4985//4894 5152//4894 
f 4823//4895 4986//4895 5153//4895 4987//4895 
f 4824//4896 4987//4896 5154//4896 4988//4896 
f 4825//4897 4988//4897 5155//4897 4989//4897 
f 4826//4898 4989//4898 5156//4898 4990//4898 
f 5157//4899 4991//4899 4990//4899 5158//4899 
f 4829//4900 4993//4900 5159//4900 4994//4900 
f 4982//4901 4981//4901 4994//4901 5160//4901 
f 4995//4902 4830//4902 4991//4902 5157//4902 
f 4831//4903 4995//4903 5161//4903 4996//4903 
f 4997//4904 4832//4904 4996//4904 5162//4904 
f 4997//4905 5163//4905 4998//4905 4833//4905 
f 4835//4906 4998//4906 5164//4906 5165//4906 
f 4671//4909 5165//4909 5001//4909 4837//4909 
f 5001//4910 5166//4910 5167//4910 5002//4910 
f 4838//4911 5002//4911 5168//4911 5169//4911 
f 5170//4914 5005//4914 4839//4914 5007//4914 
f 5171//4915 5010//4915 5004//4915 5005//4915 
f 5009//4918 4843//4918 5011//4918 5173//4918 
f 4841//4919 5009//4919 5174//4919 5175//4919 
f 5177//4922 5178//4922 5011//4922 5010//4922 
f 5179//4923 5013//4923 5012//4923 5180//4923 
f 5014//4924 4845//4924 5013//4924 5181//4924 
f 4847//4925 5182//4925 5183//4925 5015//4925 
f 4849//4926 5015//4926 5184//4926 5016//4926 
f 5017//4927 5016//4927 5185//4927 5186//4927 
f 4851//4928 5019//4928 5187//4928 5018//4928 
f 5018//4929 5188//4929 5020//4929 4852//4929 
f 4853//4930 5020//4930 5189//4930 5021//4930 
f 4854//4931 5021//4931 5190//4931 5022//4931 
f 4855//4932 5022//4932 5191//4932 5023//4932 
f 5192//4933 5024//4933 4856//4933 5023//4933 
f 5193//4934 5025//4934 4857//4934 5024//4934 
f 4858//4935 5025//4935 5194//4935 5026//4935 
f 4860//4936 5026//4936 5195//4936 5029//4936 
f 5027//4937 5196//4937 5187//4937 5019//4937 
f 5027//4938 4859//4938 5028//4938 5197//4938 
f 4862//4939 5031//4939 5198//4939 5028//4939 
f 5030//4940 4861//4940 5029//4940 5199//4940 
f 5030//4941 5200//4941 5032//4941 4863//4941 
f 5037//4942 5201//4942 5031//4942 4869//4942 
f 5032//4943 5202//4943 5033//4943 4864//4943 
f 5034//4944 4865//4944 5033//4944 5203//4944 
f 5034//4945 5204//4945 5205//4945 5035//4945 
f 5206//4946 5038//4946 4868//4946 5036//4946 
f 5037//4947 5038//4947 5207//4947 5208//4947 
f 4871//4948 5039//4948 5209//4948 5040//4948 
f 4872//4949 5040//4949 5210//4949 5041//4949 
f 5041//4950 5211//4950 5042//4950 4873//4950 
f 5212//4951 5043//4951 4874//4951 5042//4951 
f 5213//4952 5044//4952 4875//4952 5043//4952 
f 4876//4953 5044//4953 5214//4953 5045//4953 
f 5045//4954 5215//4954 5046//4954 4877//4954 
f 5206//4955 5036//4955 5046//4955 5216//4955 
f 5047//4956 5217//4956 5049//4956 4880//4956 
f 4879//4957 5050//4957 5218//4957 5048//4957 
f 5219//4958 5220//4958 5050//4958 5049//4958 
f 4884//4959 5051//4959 5221//4959 5052//4959 
f 5222//4960 5053//4960 5052//4960 5223//4960 
f 5035//4962 5205//4962 5054//4962 4886//4962 
f 5055//4963 5225//4963 5057//4963 4888//4963 
f 5226//4964 5058//4964 4889//4964 5057//4964 
f 4890//4965 5058//4965 5227//4965 5059//4965 
f 5228//4966 5060//4966 4891//4966 5059//4966 
f 5229//4967 5061//4967 4892//4967 5060//4967 
f 5230//4968 5062//4968 4893//4968 5061//4968 
f 5062//4969 5231//4969 5063//4969 4894//4969 
f 5232//4970 5064//4970 4895//4970 5063//4970 
f 4899//4971 5064//4971 5233//4971 5069//4971 
f 5079//4973 5235//4973 5067//4973 4896//4973 
f 4900//4974 5070//4974 5236//4974 5068//4974 
f 5070//4975 5069//4975 5237//4975 5238//4975 
f 5071//4976 5239//4976 5094//4976 5072//4976 
f 5074//4979 4903//4979 5068//4979 5236//4979 
f 5074//4980 5241//4980 5242//4980 5075//4980 
f 5075//4981 5243//4981 5076//4981 4904//4981 
f 5077//4982 4905//4982 5076//4982 5244//4982 
f 5245//4983 5246//4983 5078//4983 5077//4983 
f 5079//4984 4906//4984 5078//4984 5235//4984 
f 4907//4986 5065//4986 5247//4986 5080//4986 
f 5099//4987 5081//4987 5080//4987 5247//4987 
f 4388//4988 5081//4988 5248//4988 5082//4988 
f 5248//4989 5097//4989 5083//4989 5082//4989 
f 5249//4990 5085//4990 4910//4990 4908//4990 
f 5250//4992 5251//4992 5086//4992 5085//4992 
f 5086//4993 5252//4993 5088//4993 4911//4993 
f 4912//4997 5087//4997 5254//4997 5090//4997 
f 4913//4998 5090//4998 5255//4998 5091//4998 
f 5071//4999 5091//4999 5256//4999 5239//4999 
f 4915//5000 5094//5000 5257//5000 5095//5000 
f 5095//5001 5257//5001 5258//5001 4916//5001 
f 5098//5004 4919//5004 5097//5004 5248//5004 
f 4920//5005 5098//5005 5081//5005 5099//5005 
f 4921//5006 5099//5006 5247//5006 5259//5006 
f 4923//5007 5101//5007 5260//5007 5100//5007 
f 5101//5008 4926//5008 5104//5008 5261//5008 
f 4930//5009 5262//5009 5263//5009 5102//5009 
f 4924//5010 5102//5010 5264//5010 5103//5010 
f 4925//5011 5103//5011 5265//5011 5104//5011 
f 4928//5013 5067//5013 5235//5013 5106//5013 
f 5270//5018 5108//5018 4933//5018 5109//5018 
f 5110//5019 5271//5019 5109//5019 4935//5019 
f 5112//5020 5111//5020 4934//5020 4936//5020 
f 5110//5021 5111//5021 5272//5021 5273//5021 
f 5113//5022 5274//5022 5112//5022 4937//5022 
f 5260//5023 5275//5023 5113//5023 5100//5023 
f 4938//5024 4946//5024 5121//5024 5114//5024 
f 4939//5026 5115//5026 5277//5026 5278//5026 
f 4939//5027 5278//5027 5279//5027 5116//5027 
f 5280//5028 4940//5028 5116//5028 5279//5028 
f 5280//5029 5281//5029 5117//5029 4940//5029 
f 4943//5030 5117//5030 5282//5030 5119//5030 
f 5283//5032 5120//5032 4944//5032 5119//5032 
f 5284//5033 5121//5033 4947//5033 5122//5033 
f 5123//5034 5285//5034 5122//5034 4948//5034 
f 5286//5035 5123//5035 4950//5035 5125//5035 
f 5124//5036 5287//5036 5288//5036 5125//5036 
f 5289//5037 5126//5037 4951//5037 5290//5037 
f 5126//5038 5291//5038 5287//5038 5124//5038 
f 5133//5041 5292//5041 5130//5041 4958//5041 
f 5131//5042 4956//5042 5130//5042 5293//5042 
f 5131//5043 5294//5043 5132//5043 4957//5043 
f 5137//5044 4962//5044 5132//5044 5295//5044 
f 5296//5045 5133//5045 4959//5045 5134//5045 
f 4960//5046 5135//5046 5297//5046 5134//5046 
f 5298//5047 5135//5047 4961//5047 5136//5047 
f 5299//5048 5136//5048 4965//5048 5140//5048 
f 5137//5049 5300//5049 5138//5049 4963//5049 
f 5139//5050 4964//5050 5138//5050 5301//5050 
f 5144//5051 5302//5051 5140//5051 4972//5051 
f 5139//5052 5301//5052 5303//5052 5141//5052 
f 5304//5053 5142//5053 4967//5053 5141//5053 
f 4968//5054 5142//5054 5305//5054 5306//5054 
f 5144//5056 5120//5056 5283//5056 5307//5056 
f 5146//5058 5147//5058 5308//5058 5309//5058 
f 5310//5060 5150//5060 4983//5060 5149//5060 
f 5149//5061 4982//5061 5160//5061 5311//5061 
f 4984//5062 5150//5062 5312//5062 5151//5062 
f 5152//5063 4985//5063 5151//5063 5313//5063 
f 4986//5064 5152//5064 5314//5064 5153//5064 
f 5154//5065 4987//5065 5153//5065 5315//5065 
f 5155//5066 4988//5066 5154//5066 5316//5066 
f 5156//5067 4989//5067 5155//5067 5317//5067 
f 5156//5068 5318//5068 5158//5068 4990//5068 
f 5157//5069 5158//5069 5319//5069 5320//5069 
f 5321//5070 5160//5070 4994//5070 5159//5070 
f 4995//5071 5157//5071 5320//5071 5161//5071 
f 4996//5072 5161//5072 5322//5072 5162//5072 
f 4997//5073 5162//5073 5323//5073 5163//5073 
f 5163//5074 5324//5074 5164//5074 4998//5074 
f 5165//5075 5164//5075 5166//5075 5001//5075 
f 5325//5076 5167//5076 5166//5076 5326//5076 
f 5002//5077 5167//5077 5327//5077 5168//5077 
f 5171//5080 5005//5080 5170//5080 5329//5080 
f 5171//5081 5330//5081 5177//5081 5010//5081 
f 4841//5083 5331//5083 5332//5083 5172//5083 
f 5178//5084 5333//5084 5173//5084 5011//5084 
f 5334//5085 5174//5085 5009//5085 5173//5085 
f 5335//5086 5178//5086 5177//5086 5336//5086 
f 5181//5087 5013//5087 5179//5087 5337//5087 
f 5179//5088 5180//5088 5338//5088 5339//5088 
f 5014//5089 5181//5089 5340//5089 5341//5089 
f 5015//5090 5183//5090 5342//5090 5184//5090 
f 5184//5091 5343//5091 5185//5091 5016//5091 
f 5018//5092 5187//5092 5344//5092 5188//5092 
f 5345//5093 5189//5093 5020//5093 5188//5093 
f 5021//5094 5189//5094 5346//5094 5190//5094 
f 5191//5095 5022//5095 5190//5095 5347//5095 
f 5192//5096 5023//5096 5191//5096 5348//5096 
f 5193//5097 5024//5097 5192//5097 5349//5097 
f 5193//5098 5350//5098 5194//5098 5025//5098 
f 5195//5099 5026//5099 5194//5099 5351//5099 
f 5195//5100 5352//5100 5199//5100 5029//5100 
f 5353//5101 5196//5101 5027//5101 5197//5101 
f 5196//5102 5354//5102 5344//5102 5187//5102 
f 5355//5103 5197//5103 5028//5103 5198//5103 
f 5031//5104 5201//5104 5356//5104 5198//5104 
f 5030//5105 5199//5105 5357//5105 5200//5105 
f 5200//5106 5358//5106 5202//5106 5032//5106 
f 5037//5107 5208//5107 5359//5107 5201//5107 
f 5202//5108 5360//5108 5203//5108 5033//5108 
f 5034//5109 5203//5109 5361//5109 5204//5109 
f 5206//5110 5362//5110 5207//5110 5038//5110 
f 5363//5111 5364//5111 5208//5111 5207//5111 
f 5040//5112 5209//5112 5365//5112 5210//5112 
f 5041//5113 5210//5113 5366//5113 5211//5113 
f 5211//5114 5367//5114 5212//5114 5042//5114 
f 5212//5115 5368//5115 5213//5115 5043//5115 
f 5213//5116 5369//5116 5214//5116 5044//5116 
f 5370//5117 5215//5117 5045//5117 5214//5117 
f 5371//5118 5216//5118 5046//5118 5215//5118 
f 5206//5119 5216//5119 5372//5119 5362//5119 
f 5217//5121 5374//5121 5219//5121 5049//5121 
f 5218//5122 5050//5122 5220//5122 5375//5122 
f 5219//5123 5376//5123 5377//5123 5220//5123 
f 5221//5124 5378//5124 5223//5124 5052//5124 
f 5222//5125 5379//5125 5380//5125 5053//5125 
f 5381//5126 5222//5126 5223//5126 5382//5126 
f 5225//5129 5383//5129 5226//5129 5057//5129 
f 5226//5130 5384//5130 5227//5130 5058//5130 
f 5228//5131 5059//5131 5227//5131 5385//5131 
f 5229//5132 5060//5132 5228//5132 5386//5132 
f 5230//5133 5061//5133 5229//5133 5387//5133 
f 5230//5134 5388//5134 5231//5134 5062//5134 
f 5232//5135 5063//5135 5231//5135 5389//5135 
f 5232//5136 5390//5136 5233//5136 5064//5136 
f 5233//5137 5391//5137 5237//5137 5069//5137 
f 5070//5139 5238//5139 5392//5139 5236//5139 
f 5237//5140 5393//5140 5394//5140 5238//5140 
f 5395//5141 5257//5141 5094//5141 5239//5141 
f 5074//5144 5236//5144 5392//5144 5241//5144 
f 5242//5145 5241//5145 5397//5145 5398//5145 
f 5075//5146 5242//5146 5399//5146 5243//5146 
f 5076//5147 5243//5147 5400//5147 5244//5147 
f 5244//5148 5401//5148 5245//5148 5077//5148 
f 5245//5149 5402//5149 5269//5149 5246//5149 
f 5106//5150 5235//5150 5078//5150 5246//5150 
f 5404//5152 5250//5152 5085//5152 5249//5152 
f 5086//5153 5251//5153 5405//5153 5252//5153 
f 5252//5154 5239//5154 5256//5154 5088//5154 
f 5090//5157 5254//5157 5407//5157 5255//5157 
f 5091//5158 5255//5158 5407//5158 5256//5158 
f 5395//5159 5408//5159 5258//5159 5257//5159 
f 5101//5162 5261//5162 5409//5162 5260//5162 
f 5410//5163 5261//5163 5104//5163 5265//5163 
f 5411//5164 5412//5164 5263//5164 5262//5164 
f 5413//5165 5265//5165 5103//5165 5264//5165 
f 4929//5169 5269//5169 5402//5169 5268//5169 
f 5270//5172 5109//5172 5271//5172 5415//5172 
f 5110//5173 5273//5173 5416//5173 5271//5173 
f 5112//5174 5274//5174 5272//5174 5111//5174 
f 5417//5175 5418//5175 5273//5175 5272//5175 
f 5113//5176 5275//5176 5419//5176 5274//5176 
f 5260//5177 5409//5177 5420//5177 5275//5177 
f 5114//5178 5121//5178 5284//5178 5421//5178 
f 5115//5181 5422//5181 5421//5181 5277//5181 
f 5278//5182 5277//5182 5423//5182 5279//5182 
f 5280//5183 5279//5183 5423//5183 5424//5183 
f 5280//5184 5424//5184 5425//5184 5281//5184 
f 5426//5185 5117//5185 5281//5185 5427//5185 
f 5282//5186 5117//5186 5426//5186 5428//5186 
f 5283//5187 5119//5187 5282//5187 5429//5187 
f 5284//5188 5122//5188 5285//5188 5430//5188 
f 5286//5189 5431//5189 5285//5189 5123//5189 
f 5286//5190 5125//5190 5288//5190 5432//5190 
f 5288//5191 5287//5191 5433//5191 5434//5191 
f 5126//5192 5289//5192 5435//5192 5291//5192 
f 5436//5193 5433//5193 5287//5193 5291//5193 
f 5296//5194 5437//5194 5292//5194 5133//5194 
f 5292//5195 5438//5195 5293//5195 5130//5195 
f 5131//5196 5293//5196 5439//5196 5294//5196 
f 5440//5197 5295//5197 5132//5197 5294//5197 
f 5137//5198 5295//5198 5441//5198 5300//5198 
f 5296//5199 5134//5199 5297//5199 5442//5199 
f 5298//5200 5443//5200 5297//5200 5135//5200 
f 5299//5201 5444//5201 5298//5201 5136//5201 
f 5299//5202 5140//5202 5302//5202 5445//5202 
f 5300//5203 5446//5203 5301//5203 5138//5203 
f 5144//5204 5307//5204 5447//5204 5302//5204 
f 5301//5205 5446//5205 5448//5205 5303//5205 
f 5449//5206 5304//5206 5141//5206 5303//5206 
f 5304//5207 5450//5207 5305//5207 5142//5207 
f 5306//5208 5305//5208 5451//5208 5452//5208 
f 5283//5209 5429//5209 5453//5209 5307//5209 
f 4977//5210 5454//5210 5308//5210 5147//5210 
f 5310//5211 5455//5211 5312//5211 5150//5211 
f 5149//5212 5311//5212 5456//5212 5310//5212 
f 5321//5213 5457//5213 5311//5213 5160//5213 
f 5313//5214 5151//5214 5312//5214 5458//5214 
f 5152//5215 5313//5215 5459//5215 5314//5215 
f 5460//5216 5315//5216 5153//5216 5314//5216 
f 5461//5217 5316//5217 5154//5217 5315//5217 
f 5317//5218 5155//5218 5316//5218 5462//5218 
f 5156//5219 5317//5219 5463//5219 5318//5219 
f 5464//5220 5319//5220 5158//5220 5318//5220 
f 5320//5221 5319//5221 5465//5221 5466//5221 
f 5320//5222 5466//5222 5322//5222 5161//5222 
f 5162//5223 5322//5223 5467//5223 5323//5223 
f 5163//5224 5323//5224 5468//5224 5324//5224 
f 5164//5225 5324//5225 5469//5225 5166//5225 
f 5325//5226 5470//5226 5327//5226 5167//5226 
f 5326//5227 5166//5227 5469//5227 5471//5227 
f 5325//5228 5326//5228 5472//5228 5473//5228 
f 5476//5231 5330//5231 5171//5231 5329//5231 
f 5477//5232 5336//5232 5177//5232 5330//5232 
f 4841//5233 5478//5233 5479//5233 5331//5233 
f 5480//5234 5481//5234 5332//5234 5331//5234 
f 5335//5235 5482//5235 5333//5235 5178//5235 
f 5483//5236 5334//5236 5173//5236 5333//5236 
f 5335//5237 5336//5237 5484//5237 5485//5237 
f 5486//5238 5337//5238 5179//5238 5339//5238 
f 5181//5239 5337//5239 5487//5239 5340//5239 
f 5488//5240 5339//5240 5338//5240 5489//5240 
f 5343//5242 5184//5242 5491//5242 5492//5242 
f 5493//5243 5345//5243 5188//5243 5344//5243 
f 5346//5244 5189//5244 5345//5244 5494//5244 
f 5346//5245 5495//5245 5347//5245 5190//5245 
f 5191//5246 5347//5246 5496//5246 5348//5246 
f 5349//5247 5192//5247 5348//5247 5497//5247 
f 5193//5248 5349//5248 5498//5248 5350//5248 
f 5350//5249 5499//5249 5351//5249 5194//5249 
f 5195//5250 5351//5250 5500//5250 5352//5250 
f 5199//5251 5352//5251 5501//5251 5357//5251 
f 5353//5252 5502//5252 5354//5252 5196//5252 
f 5353//5253 5197//5253 5355//5253 5503//5253 
f 5493//5254 5344//5254 5354//5254 5504//5254 
f 5505//5255 5355//5255 5198//5255 5356//5255 
f 5359//5256 5506//5256 5356//5256 5201//5256 
f 5200//5257 5357//5257 5507//5257 5358//5257 
f 5202//5258 5358//5258 5508//5258 5360//5258 
f 5359//5259 5208//5259 5364//5259 5509//5259 
f 5361//5260 5203//5260 5360//5260 5510//5260 
f 5362//5261 5511//5261 5363//5261 5207//5261 
f 5512//5262 5513//5262 5364//5262 5363//5262 
f 5211//5263 5366//5263 5514//5263 5367//5263 
f 5212//5264 5367//5264 5515//5264 5368//5264 
f 5368//5265 5516//5265 5369//5265 5213//5265 
f 5517//5266 5370//5266 5214//5266 5369//5266 
f 5518//5267 5371//5267 5215//5267 5370//5267 
f 5371//5268 5519//5268 5372//5268 5216//5268 
f 5520//5269 5511//5269 5362//5269 5372//5269 
f 5521//5272 5522//5272 5374//5272 5217//5272 
f 5374//5273 5523//5273 5376//5273 5219//5273 
f 5375//5274 5220//5274 5377//5274 5524//5274 
f 5218//5275 5375//5275 5525//5275 5526//5275 
f 5376//5276 5527//5276 5528//5276 5377//5276 
f 5529//5277 5378//5277 5221//5277 5530//5277 
f 5378//5278 5531//5278 5382//5278 5223//5278 
f 5381//5279 5532//5279 5379//5279 5222//5279 
f 5381//5280 5382//5280 5533//5280 5534//5280 
f 5535//5281 5384//5281 5226//5281 5383//5281 
f 5536//5282 5385//5282 5227//5282 5384//5282 
f 5228//5283 5385//5283 5537//5283 5386//5283 
f 5229//5284 5386//5284 5538//5284 5387//5284 
f 5230//5285 5387//5285 5539//5285 5388//5285 
f 5231//5286 5388//5286 5540//5286 5389//5286 
f 5232//5287 5389//5287 5541//5287 5390//5287 
f 5233//5288 5390//5288 5542//5288 5391//5288 
f 5237//5289 5391//5289 5543//5289 5393//5289 
f 5394//5290 5544//5290 5392//5290 5238//5290 
f 5394//5291 5393//5291 5545//5291 5546//5291 
f 5392//5292 5544//5292 5397//5292 5241//5292 
f 5547//5293 5398//5293 5397//5293 5548//5293 
f 5242//5294 5398//5294 5549//5294 5399//5294 
f 5244//5297 5400//5297 5551//5297 5401//5297 
f 5401//5298 5552//5298 5402//5298 5245//5298 
f 5106//5299 5246//5299 5269//5299 5266//5299 
f 5395//5306 5555//5306 5556//5306 5408//5306 
f 5409//5307 5261//5307 5410//5307 5557//5307 
f 5410//5308 5265//5308 5413//5308 5558//5308 
f 5559//5309 5560//5309 5412//5309 5411//5309 
f 5561//5310 5411//5310 5262//5310 5414//5310 
f 5268//5312 5402//5312 5552//5312 5414//5312 
f 5563//5313 5415//5313 5271//5313 5416//5313 
f 5416//5314 5273//5314 5418//5314 5564//5314 
f 5417//5315 5272//5315 5274//5315 5419//5315 
f 5565//5316 5418//5316 5417//5316 5566//5316 
f 5567//5317 5419//5317 5275//5317 5420//5317 
f 5409//5318 5557//5318 5568//5318 5420//5318 
f 5284//5319 5430//5319 5569//5319 5421//5319 
f 5571//5323 5423//5323 5277//5323 5421//5323 
f 5424//5324 5423//5324 5571//5324 5572//5324 
f 5424//5325 5572//5325 5573//5325 5425//5325 
f 5427//5326 5281//5326 5425//5326 5574//5326 
f 5282//5329 5428//5329 5576//5329 5429//5329 
f 5431//5330 5577//5330 5430//5330 5285//5330 
f 5286//5331 5432//5331 5578//5331 5431//5331 
f 5288//5332 5434//5332 5579//5332 5432//5332 
f 5580//5333 5581//5333 5434//5333 5433//5333 
f 5436//5334 5291//5334 5435//5334 5582//5334 
f 5436//5335 5583//5335 5580//5335 5433//5335 
f 5296//5336 5442//5336 5584//5336 5437//5336 
f 5292//5337 5437//5337 5585//5337 5438//5337 
f 5439//5340 5587//5340 5440//5340 5294//5340 
f 5588//5341 5441//5341 5295//5341 5440//5341 
f 5300//5342 5441//5342 5589//5342 5446//5342 
f 5443//5343 5590//5343 5442//5343 5297//5343 
f 5298//5344 5444//5344 5591//5344 5443//5344 
f 5445//5346 5302//5346 5447//5346 5593//5346 
f 5453//5348 5594//5348 5447//5348 5307//5348 
f 5589//5349 5595//5349 5448//5349 5446//5349 
f 5596//5350 5449//5350 5303//5350 5448//5350 
f 5449//5351 5597//5351 5450//5351 5304//5351 
f 5305//5352 5450//5352 5598//5352 5451//5352 
f 5599//5353 5600//5353 5452//5353 5451//5353 
f 5453//5354 5429//5354 5576//5354 5601//5354 
f 5457//5355 5602//5355 5456//5355 5311//5355 
f 5310//5356 5456//5356 5603//5356 5455//5356 
f 5313//5357 5458//5357 5604//5357 5459//5357 
f 5460//5358 5314//5358 5459//5358 5605//5358 
f 5460//5359 5606//5359 5461//5359 5315//5359 
f 5607//5360 5462//5360 5316//5360 5461//5360 
f 5317//5361 5462//5361 5608//5361 5463//5361 
f 5464//5362 5318//5362 5463//5362 5609//5362 
f 5465//5363 5319//5363 5464//5363 5610//5363 
f 5465//5364 5611//5364 5612//5364 5466//5364 
f 5612//5365 5467//5365 5322//5365 5466//5365 
f 5613//5366 5468//5366 5323//5366 5467//5366 
f 5324//5367 5468//5367 5614//5367 5469//5367 
f 5325//5368 5615//5368 5616//5368 5470//5368 
f 5469//5369 5614//5369 5617//5369 5471//5369 
f 5471//5370 5618//5370 5472//5370 5326//5370 
f 5473//5371 5472//5371 5618//5371 5471//5371 
f 5476//5373 5619//5373 5477//5373 5330//5373 
f 5477//5374 5620//5374 5484//5374 5336//5374 
f 4676//5375 5480//5375 5331//5375 5479//5375 
f 5335//5376 5485//5376 5621//5376 5482//5376 
f 5483//5377 5333//5377 5482//5377 5622//5377 
f 5623//5378 5624//5378 5334//5378 5483//5378 
f 5485//5379 5484//5379 5625//5379 5626//5379 
f 5486//5380 5627//5380 5487//5380 5337//5380 
f 5488//5381 5628//5381 5486//5381 5339//5381 
f 5493//5384 5629//5384 5494//5384 5345//5384 
f 5346//5385 5494//5385 5630//5385 5495//5385 
f 5347//5386 5495//5386 5631//5386 5496//5386 
f 5632//5387 5497//5387 5348//5387 5496//5387 
f 5349//5388 5497//5388 5633//5388 5498//5388 
f 5634//5389 5499//5389 5350//5389 5498//5389 
f 5635//5390 5500//5390 5351//5390 5499//5390 
f 5352//5391 5500//5391 5636//5391 5501//5391 
f 5501//5392 5637//5392 5507//5392 5357//5392 
f 5353//5393 5503//5393 5638//5393 5502//5393 
f 5639//5394 5504//5394 5354//5394 5502//5394 
f 5505//5395 5640//5395 5503//5395 5355//5395 
f 5493//5396 5504//5396 5641//5396 5629//5396 
f 5506//5397 5642//5397 5505//5397 5356//5397 
f 5359//5398 5509//5398 5643//5398 5506//5398 
f 5508//5399 5358//5399 5507//5399 5644//5399 
f 5645//5400 5510//5400 5360//5400 5508//5400 
f 5646//5401 5509//5401 5364//5401 5513//5401 
f 5512//5402 5363//5402 5511//5402 5647//5402 
f 5648//5403 5649//5403 5513//5403 5512//5403 
f 5514//5404 5650//5404 5515//5404 5367//5404 
f 5515//5405 5651//5405 5516//5405 5368//5405 
f 5516//5406 5652//5406 5517//5406 5369//5406 
f 5517//5407 5653//5407 5518//5407 5370//5407 
f 5518//5408 5654//5408 5519//5408 5371//5408 
f 5655//5409 5520//5409 5372//5409 5519//5409 
f 5656//5410 5647//5410 5511//5410 5520//5410 
f 5522//5411 5657//5411 5523//5411 5374//5411 
f 5523//5412 5658//5412 5527//5412 5376//5412 
f 5528//5413 5531//5413 5524//5413 5377//5413 
f 5525//5414 5375//5414 5524//5414 5529//5414 
f 5659//5415 5533//5415 5528//5415 5527//5415 
f 5529//5416 5524//5416 5531//5416 5378//5416 
f 5528//5417 5533//5417 5382//5417 5531//5417 
f 5381//5418 5534//5418 5660//5418 5532//5418 
f 5659//5419 5661//5419 5534//5419 5533//5419 
f 5535//5420 5662//5420 5536//5420 5384//5420 
f 5663//5421 5537//5421 5385//5421 5536//5421 
f 5664//5422 5538//5422 5386//5422 5537//5422 
f 5539//5423 5387//5423 5538//5423 5665//5423 
f 5539//5424 5666//5424 5540//5424 5388//5424 
f 5667//5425 5541//5425 5389//5425 5540//5425 
f 5390//5426 5541//5426 5668//5426 5542//5426 
f 5391//5427 5542//5427 5669//5427 5543//5427 
f 5545//5428 5393//5428 5543//5428 5670//5428 
f 5394//5429 5546//5429 5671//5429 5544//5429 
f 5672//5430 5546//5430 5545//5430 5673//5430 
f 5671//5431 5548//5431 5397//5431 5544//5431 
f 5547//5432 5674//5432 5549//5432 5398//5432 
f 5547//5433 5548//5433 5675//5433 5676//5433 
f 5399//5434 5549//5434 5677//5434 5678//5434 
f 5680//5437 5551//5437 5400//5437 5681//5437 
f 5551//5438 5682//5438 5552//5438 5401//5438 
f 5556//5441 5555//5441 5683//5441 5684//5441 
f 5556//5442 5685//5442 5686//5442 5408//5442 
f 5410//5443 5558//5443 5687//5443 5557//5443 
f 5558//5444 5413//5444 5688//5444 5689//5444 
f 5559//5445 5690//5445 5691//5445 5560//5445 
f 5559//5446 5411//5446 5561//5446 5692//5446 
f 5682//5447 5561//5447 5414//5447 5552//5447 
f 5563//5450 5416//5450 5564//5450 5693//5450 
f 5565//5451 5694//5451 5564//5451 5418//5451 
f 5567//5452 5566//5452 5417//5452 5419//5452 
f 5565//5453 5566//5453 5695//5453 5696//5453 
f 5568//5454 5697//5454 5567//5454 5420//5454 
f 5568//5455 5557//5455 5687//5455 5698//5455 
f 5577//5456 5699//5456 5569//5456 5430//5456 
f 5571//5457 5421//5457 5569//5457 5700//5457 
f 5701//5458 5573//5458 5572//5458 5571//5458 
f 5574//5459 5425//5459 5573//5459 5701//5459 
f 5702//5460 5427//5460 5574//5460 5703//5460 
f 5704//5462 5576//5462 5428//5462 5705//5462 
f 5431//5463 5578//5463 5706//5463 5577//5463 
f 5578//5464 5432//5464 5579//5464 5707//5464 
f 5708//5465 5579//5465 5434//5465 5581//5465 
f 5709//5466 5710//5466 5581//5466 5580//5466 
f 5436//5467 5582//5467 5711//5467 5583//5467 
f 5712//5468 5709//5468 5580//5468 5583//5468 
f 5590//5469 5713//5469 5584//5469 5442//5469 
f 5714//5470 5585//5470 5437//5470 5584//5470 
f 5715//5473 5716//5473 5587//5473 5439//5473 
f 5588//5474 5440//5474 5587//5474 5717//5474 
f 5588//5475 5718//5475 5589//5475 5441//5475 
f 5443//5476 5591//5476 5719//5476 5590//5476 
f 5720//5477 5721//5477 5591//5477 5444//5477 
f 5593//5479 5447//5479 5594//5479 5722//5479 
f 5445//5480 5593//5480 5720//5480 5444//5480 
f 5453//5481 5601//5481 5723//5481 5594//5481 
f 5589//5482 5718//5482 5724//5482 5595//5482 
f 5596//5483 5448//5483 5595//5483 5725//5483 
f 5726//5484 5597//5484 5449//5484 5596//5484 
f 5597//5485 5727//5485 5598//5485 5450//5485 
f 5728//5486 5599//5486 5451//5486 5598//5486 
f 5704//5487 5729//5487 5601//5487 5576//5487 
f 5730//5488 5603//5488 5456//5488 5602//5488 
f 5731//5489 5732//5489 5455//5489 5603//5489 
f 5310//5490 5455//5490 5733//5490 5734//5490 
f 5604//5492 5736//5492 5605//5492 5459//5492 
f 5460//5493 5605//5493 5737//5493 5606//5493 
f 5607//5494 5461//5494 5606//5494 5738//5494 
f 5608//5497 5740//5497 5609//5497 5463//5497 
f 5464//5498 5609//5498 5741//5498 5742//5498 
f 5464//5499 5742//5499 5743//5499 5610//5499 
f 5465//5500 5610//5500 5743//5500 5611//5500 
f 5611//5501 5744//5501 5745//5501 5612//5501 
f 5612//5502 5745//5502 5613//5502 5467//5502 
f 5613//5503 5746//5503 5614//5503 5468//5503 
f 5747//5504 5615//5504 5325//5504 5748//5504 
f 5615//5505 5749//5505 5750//5505 5616//5505 
f 5614//5506 5746//5506 5751//5506 5617//5506 
f 5471//5507 5617//5507 5752//5507 5753//5507 
f 5476//5508 5754//5508 5755//5508 5619//5508 
f 5477//5509 5619//5509 5756//5509 5620//5509 
f 5620//5510 5757//5510 5625//5510 5484//5510 
f 5621//5511 5485//5511 5626//5511 5758//5511 
f 5759//5512 5622//5512 5482//5512 5621//5512 
f 5623//5513 5483//5513 5622//5513 5760//5513 
f 5761//5514 5762//5514 5626//5514 5625//5514 
f 5628//5515 5763//5515 5627//5515 5486//5515 
f 5488//5516 5764//5516 5765//5516 5628//5516 
f 5766//5517 5630//5517 5494//5517 5629//5517 
f 5767//5518 5631//5518 5495//5518 5630//5518 
f 5768//5519 5632//5519 5496//5519 5631//5519 
f 5633//5520 5497//5520 5632//5520 5769//5520 
f 5634//5521 5498//5521 5633//5521 5770//5521 
f 5634//5522 5771//5522 5635//5522 5499//5522 
f 5635//5523 5772//5523 5636//5523 5500//5523 
f 5501//5524 5636//5524 5773//5524 5637//5524 
f 5637//5525 5774//5525 5644//5525 5507//5525 
f 5638//5526 5503//5526 5640//5526 5775//5526 
f 5639//5527 5502//5527 5638//5527 5776//5527 
f 5639//5528 5777//5528 5641//5528 5504//5528 
f 5778//5529 5640//5529 5505//5529 5642//5529 
f 5766//5530 5629//5530 5641//5530 5779//5530 
f 5780//5531 5642//5531 5506//5531 5643//5531 
f 5781//5532 5643//5532 5509//5532 5646//5532 
f 5782//5533 5646//5533 5513//5533 5649//5533 
f 5648//5534 5512//5534 5647//5534 5783//5534 
f 5648//5535 5784//5535 5785//5535 5649//5535 
f 5515//5536 5650//5536 5786//5536 5651//5536 
f 5516//5537 5651//5537 5787//5537 5652//5537 
f 5517//5538 5652//5538 5788//5538 5653//5538 
f 5518//5539 5653//5539 5789//5539 5654//5539 
f 5654//5540 5790//5540 5655//5540 5519//5540 
f 5655//5541 5791//5541 5656//5541 5520//5541 
f 5656//5542 5792//5542 5783//5542 5647//5542 
f 5657//5543 5793//5543 5658//5543 5523//5543 
f 5658//5544 5794//5544 5659//5544 5527//5544 
f 5534//5545 5661//5545 5795//5545 5660//5545 
f 5794//5546 5796//5546 5661//5546 5659//5546 
f 5663//5547 5536//5547 5662//5547 5797//5547 
f 5664//5548 5537//5548 5663//5548 5798//5548 
f 5664//5549 5799//5549 5665//5549 5538//5549 
f 5800//5550 5666//5550 5539//5550 5665//5550 
f 5666//5551 5801//5551 5667//5551 5540//5551 
f 5802//5552 5668//5552 5541//5552 5667//5552 
f 5803//5553 5669//5553 5542//5553 5668//5553 
f 5669//5554 5804//5554 5670//5554 5543//5554 
f 5805//5555 5673//5555 5545//5555 5670//5555 
f 5671//5556 5546//5556 5672//5556 5806//5556 
f 5807//5557 5808//5557 5672//5557 5673//5557 
f 5671//5558 5806//5558 5675//5558 5548//5558 
f 5547//5559 5676//5559 5809//5559 5674//5559 
f 5549//5560 5674//5560 5810//5560 5677//5560 
f 5811//5561 5812//5561 5676//5561 5675//5561 
f 5677//5562 5813//5562 5681//5562 5678//5562 
f 5679//5564 5678//5564 5681//5564 5400//5564 
f 5680//5565 5814//5565 5682//5565 5551//5565 
f 5813//5566 5815//5566 5680//5566 5681//5566 
f 5556//5568 5684//5568 5817//5568 5685//5568 
f 5687//5569 5558//5569 5689//5569 5818//5569 
f 5689//5570 5688//5570 5819//5570 5820//5570 
f 5821//5571 5690//5571 5559//5571 5692//5571 
f 5822//5572 5823//5572 5691//5572 5690//5572 
f 5682//5574 5814//5574 5692//5574 5561//5574 
f 5825//5575 5693//5575 5564//5575 5694//5575 
f 5565//5576 5696//5576 5826//5576 5694//5576 
f 5567//5577 5697//5577 5695//5577 5566//5577 
f 5696//5578 5695//5578 5827//5578 5828//5578 
f 5568//5579 5698//5579 5829//5579 5697//5579 
f 5687//5580 5818//5580 5830//5580 5698//5580 
f 5831//5581 5699//5581 5577//5581 5706//5581 
f 5832//5582 5700//5582 5569//5582 5699//5582 
f 5701//5584 5571//5584 5834//5584 5835//5584 
f 5703//5585 5574//5585 5701//5585 5836//5585 
f 5705//5586 5428//5586 5427//5586 5702//5586 
f 5702//5587 5703//5587 5837//5587 5838//5587 
f 5704//5588 5705//5588 5702//5588 5838//5588 
f 5839//5589 5706//5589 5578//5589 5707//5589 
f 5840//5590 5707//5590 5579//5590 5708//5590 
f 5710//5591 5841//5591 5708//5591 5581//5591 
f 5709//5592 5842//5592 5843//5592 5710//5592 
f 5712//5593 5583//5593 5711//5593 5844//5593 
f 5712//5594 5845//5594 5842//5594 5709//5594 
f 5590//5595 5719//5595 5846//5595 5713//5595 
f 5847//5596 5714//5596 5584//5596 5713//5596 
f 5715//5597 5585//5597 5714//5597 5848//5597 
f 5849//5599 5716//5599 5715//5599 5848//5599 
f 5717//5600 5587//5600 5716//5600 5850//5600 
f 5588//5601 5717//5601 5851//5601 5718//5601 
f 5719//5602 5591//5602 5721//5602 5852//5602 
f 5722//5604 5594//5604 5723//5604 5854//5604 
f 5720//5605 5593//5605 5722//5605 5855//5605 
f 5729//5606 5856//5606 5723//5606 5601//5606 
f 5857//5607 5724//5607 5718//5607 5851//5607 
f 5595//5608 5724//5608 5858//5608 5725//5608 
f 5726//5609 5596//5609 5725//5609 5859//5609 
f 5726//5610 5860//5610 5727//5610 5597//5610 
f 5728//5611 5598//5611 5727//5611 5861//5611 
f 5704//5612 5838//5612 5862//5612 5729//5612 
f 5730//5613 5863//5613 5731//5613 5603//5613 
f 5731//5614 5864//5614 5865//5614 5732//5614 
f 5736//5617 5604//5617 5733//5617 5866//5617 
f 5736//5618 5867//5618 5737//5618 5605//5618 
f 5868//5619 5738//5619 5606//5619 5737//5619 
f 5607//5620 5738//5620 5869//5620 5608//5620 
f 5608//5622 5869//5622 5870//5622 5740//5622 
f 5609//5623 5740//5623 5871//5623 5741//5623 
f 5872//5624 5742//5624 5741//5624 5873//5624 
f 5874//5625 5743//5625 5742//5625 5872//5625 
f 5611//5626 5743//5626 5874//5626 5744//5626 
f 5744//5627 5875//5627 5876//5627 5745//5627 
f 5613//5628 5745//5628 5876//5628 5746//5628 
f 5747//5629 5877//5629 5749//5629 5615//5629 
f 5325//5630 5878//5630 5879//5630 5748//5630 
f 5880//5631 5747//5631 5748//5631 5881//5631 
f 5876//5633 5883//5633 5751//5633 5746//5633 
f 5751//5634 5884//5634 5752//5634 5617//5634 
f 5885//5635 5886//5635 5753//5635 5752//5635 
f 5755//5636 5754//5636 5756//5636 5619//5636 
f 5887//5637 5757//5637 5620//5637 5756//5637 
f 5761//5638 5625//5638 5757//5638 5888//5638 
f 5889//5639 5758//5639 5626//5639 5762//5639 
f 5759//5640 5621//5640 5758//5640 5890//5640 
f 5759//5641 5891//5641 5760//5641 5622//5641 
f 5761//5642 5892//5642 5893//5642 5762//5642 
f 5628//5643 5765//5643 5894//5643 5763//5643 
f 5488//5644 5489//5644 5895//5644 5764//5644 
f 5764//5645 5896//5645 5897//5645 5765//5645 
f 5766//5646 5898//5646 5767//5646 5630//5646 
f 5899//5647 5768//5647 5631//5647 5767//5647 
f 5768//5648 5900//5648 5769//5648 5632//5648 
f 5633//5649 5769//5649 5901//5649 5770//5649 
f 5634//5650 5770//5650 5902//5650 5771//5650 
f 5903//5651 5772//5651 5635//5651 5771//5651 
f 5904//5652 5773//5652 5636//5652 5772//5652 
f 5637//5653 5773//5653 5905//5653 5774//5653 
f 5778//5654 5906//5654 5775//5654 5640//5654 
f 5907//5655 5776//5655 5638//5655 5775//5655 
f 5639//5656 5776//5656 5908//5656 5777//5656 
f 5777//5657 5909//5657 5779//5657 5641//5657 
f 5910//5658 5778//5658 5642//5658 5780//5658 
f 5766//5659 5779//5659 5911//5659 5898//5659 
f 5780//5660 5643//5660 5781//5660 5912//5660 
f 5913//5661 5781//5661 5646//5661 5782//5661 
f 5785//5662 5914//5662 5782//5662 5649//5662 
f 5648//5663 5783//5663 5915//5663 5784//5663 
f 5916//5664 5917//5664 5785//5664 5784//5664 
f 5651//5665 5786//5665 5918//5665 5787//5665 
f 5919//5666 5788//5666 5652//5666 5787//5666 
f 5653//5667 5788//5667 5920//5667 5789//5667 
f 5654//5668 5789//5668 5921//5668 5790//5668 
f 5655//5669 5790//5669 5922//5669 5791//5669 
f 5656//5670 5791//5670 5923//5670 5792//5670 
f 5924//5671 5915//5671 5783//5671 5792//5671 
f 5793//5672 5925//5672 5794//5672 5658//5672 
f 5927//5674 5796//5674 5794//5674 5925//5674 
f 5928//5676 5798//5676 5663//5676 5797//5676 
f 5664//5677 5798//5677 5929//5677 5799//5677 
f 5800//5678 5665//5678 5799//5678 5930//5678 
f 5800//5679 5931//5679 5801//5679 5666//5679 
f 5802//5680 5667//5680 5801//5680 5932//5680 
f 5802//5681 5933//5681 5803//5681 5668//5681 
f 5803//5682 5934//5682 5804//5682 5669//5682 
f 5935//5683 5805//5683 5670//5683 5804//5683 
f 5807//5684 5673//5684 5805//5684 5936//5684 
f 5808//5685 5937//5685 5806//5685 5672//5685 
f 5938//5686 5808//5686 5807//5686 5939//5686 
f 5811//5687 5675//5687 5806//5687 5937//5687 
f 5812//5688 5940//5688 5809//5688 5676//5688 
f 5809//5689 5941//5689 5810//5689 5674//5689 
f 5677//5690 5810//5690 5942//5690 5813//5690 
f 5811//5691 5943//5691 5944//5691 5812//5691 
f 5945//5692 5814//5692 5680//5692 5815//5692 
f 5813//5693 5942//5693 5946//5693 5815//5693 
f 5818//5696 5689//5696 5820//5696 5947//5696 
f 5820//5697 5819//5697 5948//5697 5949//5697 
f 5821//5698 5950//5698 5822//5698 5690//5698 
f 5945//5699 5821//5699 5692//5699 5814//5699 
f 5822//5700 5951//5700 5952//5700 5823//5700 
f 5691//5701 5823//5701 5953//5701 5954//5701 
f 5825//5704 5694//5704 5826//5704 5955//5704 
f 5696//5705 5828//5705 5956//5705 5826//5705 
f 5829//5706 5827//5706 5695//5706 5697//5706 
f 5828//5707 5827//5707 5957//5707 5958//5707 
f 5829//5708 5698//5708 5830//5708 5959//5708 
f 5830//5709 5818//5709 5947//5709 5960//5709 
f 5832//5710 5699//5710 5831//5710 5961//5710 
f 5831//5711 5706//5711 5839//5711 5962//5711 
f 5834//5712 5700//5712 5832//5712 5963//5712 
f 5964//5715 5835//5715 5834//5715 5963//5715 
f 5836//5716 5701//5716 5835//5716 5965//5716 
f 5703//5717 5836//5717 5966//5717 5837//5717 
f 5837//5718 5967//5718 5862//5718 5838//5718 
f 5839//5719 5707//5719 5840//5719 5968//5719 
f 5969//5720 5840//5720 5708//5720 5841//5720 
f 5710//5721 5843//5721 5970//5721 5841//5721 
f 5842//5722 5971//5722 5972//5722 5843//5722 
f 5712//5723 5844//5723 5973//5723 5845//5723 
f 5719//5724 5852//5724 5974//5724 5846//5724 
f 5847//5725 5713//5725 5846//5725 5975//5725 
f 5847//5726 5976//5726 5848//5726 5714//5726 
f 5849//5727 5977//5727 5850//5727 5716//5727 
f 5849//5728 5848//5728 5976//5728 5978//5728 
f 5979//5729 5851//5729 5717//5729 5850//5729 
f 5854//5732 5723//5732 5856//5732 5981//5732 
f 5722//5733 5854//5733 5982//5733 5855//5733 
f 5720//5734 5855//5734 5983//5734 5984//5734 
f 5729//5735 5862//5735 5985//5735 5856//5735 
f 5857//5736 5986//5736 5858//5736 5724//5736 
f 5979//5737 5987//5737 5857//5737 5851//5737 
f 5725//5738 5858//5738 5988//5738 5859//5738 
f 5726//5739 5859//5739 5989//5739 5860//5739 
f 5861//5740 5727//5740 5860//5740 5990//5740 
f 5731//5741 5863//5741 5991//5741 5864//5741 
f 5864//5742 5992//5742 5993//5742 5865//5742 
f 5732//5743 5865//5743 5994//5743 5995//5743 
f 5733//5744 5604//5744 5732//5744 5866//5744 
f 5736//5745 5866//5745 5996//5745 5997//5745 
f 5867//5746 5998//5746 5868//5746 5737//5746 
f 5868//5747 5999//5747 5869//5747 5738//5747 
f 5740//5749 5870//5749 6001//5749 5871//5749 
f 5871//5750 6002//5750 5873//5750 5741//5750 
f 6003//5751 5872//5751 5873//5751 6004//5751 
f 6003//5752 6005//5752 5874//5752 5872//5752 
f 5875//5755 6007//5755 5883//5755 5876//5755 
f 5880//5756 6008//5756 5877//5756 5747//5756 
f 5877//5757 6009//5757 6010//5757 5749//5757 
f 6011//5758 5879//5758 5878//5758 6012//5758 
f 5879//5759 6013//5759 5881//5759 5748//5759 
f 5880//5760 5881//5760 6014//5760 6015//5760 
f 6017//5763 6018//5763 5751//5763 5883//5763 
f 6019//5764 5884//5764 5751//5764 6018//5764 
f 6020//5765 5885//5765 5752//5765 5884//5765 
f 5885//5766 6021//5766 6022//5766 5886//5766 
f 5886//5767 6023//5767 6024//5767 5753//5767 
f 6025//5768 5888//5768 5757//5768 5887//5768 
f 5761//5769 5888//5769 6026//5769 5892//5769 
f 5889//5770 6027//5770 5890//5770 5758//5770 
f 6028//5771 5889//5771 5762//5771 5893//5771 
f 6029//5772 5891//5772 5759//5772 5890//5772 
f 5892//5773 6030//5773 6031//5773 5893//5773 
f 5765//5774 5897//5774 6032//5774 5894//5774 
f 5764//5775 5895//5775 6033//5775 5896//5775 
f 5897//5776 5896//5776 6034//5776 6035//5776 
f 5899//5777 5767//5777 5898//5777 6036//5777 
f 5899//5778 6037//5778 5900//5778 5768//5778 
f 5900//5779 6038//5779 5901//5779 5769//5779 
f 5770//5780 5901//5780 6039//5780 5902//5780 
f 5903//5781 5771//5781 5902//5781 6040//5781 
f 5903//5782 6041//5782 5904//5782 5772//5782 
f 5905//5783 5773//5783 5904//5783 6042//5783 
f 5774//5784 5905//5784 6043//5784 6044//5784 
f 5910//5785 6045//5785 5906//5785 5778//5785 
f 5907//5786 5775//5786 5906//5786 6046//5786 
f 6047//5787 5908//5787 5776//5787 5907//5787 
f 5777//5788 5908//5788 6048//5788 5909//5788 
f 6049//5789 5911//5789 5779//5789 5909//5789 
f 5910//5790 5780//5790 5912//5790 6050//5790 
f 6051//5791 6036//5791 5898//5791 5911//5791 
f 5913//5792 6052//5792 5912//5792 5781//5792 
f 5913//5793 5782//5793 5914//5793 6053//5793 
f 6054//5794 5914//5794 5785//5794 5917//5794 
f 5916//5795 5784//5795 5915//5795 6055//5795 
f 6056//5796 5917//5796 5916//5796 6057//5796 
f 5919//5797 5787//5797 5918//5797 6058//5797 
f 5919//5798 6059//5798 5920//5798 5788//5798 
f 5921//5799 5789//5799 5920//5799 6060//5799 
f 5921//5800 6061//5800 5922//5800 5790//5800 
f 5923//5801 5791//5801 5922//5801 6062//5801 
f 6063//5802 5924//5802 5792//5802 5923//5802 
f 5924//5803 6064//5803 6055//5803 5915//5803 
f 5928//5805 6065//5805 5929//5805 5798//5805 
f 6066//5806 5930//5806 5799//5806 5929//5806 
f 5800//5807 5930//5807 6067//5807 5931//5807 
f 5931//5808 6068//5808 5932//5808 5801//5808 
f 5802//5809 5932//5809 6069//5809 5933//5809 
f 5933//5810 6070//5810 5934//5810 5803//5810 
f 5935//5811 5804//5811 5934//5811 6071//5811 
f 5935//5812 6072//5812 5936//5812 5805//5812 
f 5939//5813 5807//5813 5936//5813 6073//5813 
f 5808//5814 5938//5814 6074//5814 5937//5814 
f 5811//5816 5937//5816 6074//5816 5943//5816 
f 5812//5817 5944//5817 6076//5817 5940//5817 
f 5809//5818 5940//5818 6077//5818 5941//5818 
f 5941//5819 6078//5819 5942//5819 5810//5819 
f 5945//5821 5815//5821 5946//5821 6080//5821 
f 6081//5822 5946//5822 5942//5822 6078//5822 
f 5817//5823 5683//5823 6082//5823 6083//5823 
f 5947//5824 5820//5824 5949//5824 6084//5824 
f 6085//5825 6086//5825 5949//5825 5948//5825 
f 5945//5826 6080//5826 5950//5826 5821//5826 
f 5822//5827 5950//5827 6087//5827 5951//5827 
f 5951//5828 6088//5828 6089//5828 5952//5828 
f 5952//5829 6090//5829 5953//5829 5823//5829 
f 5954//5830 5953//5830 6091//5830 6092//5830 
f 5954//5831 6092//5831 6093//5831 5560//5831 
f 6094//5832 5955//5832 5826//5832 5956//5832 
f 5828//5833 5958//5833 6095//5833 5956//5833 
f 5829//5834 5959//5834 5957//5834 5827//5834 
f 5958//5835 5957//5835 6096//5835 6097//5835 
f 5959//5836 5830//5836 5960//5836 6098//5836 
f 5947//5837 6084//5837 6099//5837 5960//5837 
f 5961//5838 5831//5838 5962//5838 6100//5838 
f 5963//5839 5832//5839 5961//5839 6101//5839 
f 5962//5840 5839//5840 5968//5840 6102//5840 
f 5965//5841 5835//5841 5964//5841 6103//5841 
f 5964//5842 5963//5842 6101//5842 6104//5842 
f 6105//5843 5966//5843 5836//5843 5965//5843 
f 5837//5844 5966//5844 6106//5844 5967//5844 
f 5985//5845 5862//5845 5967//5845 6107//5845 
f 6108//5846 5968//5846 5840//5846 5969//5846 
f 5969//5847 5841//5847 5970//5847 6109//5847 
f 5843//5848 5972//5848 6110//5848 5970//5848 
f 5971//5849 6111//5849 6112//5849 5972//5849 
f 5852//5851 6114//5851 6115//5851 5974//5851 
f 5846//5852 5974//5852 6116//5852 5975//5852 
f 5847//5853 5975//5853 6117//5853 5976//5853 
f 5849//5854 5978//5854 6118//5854 5977//5854 
f 5979//5855 5850//5855 5977//5855 6119//5855 
f 5976//5856 6117//5856 6120//5856 5978//5856 
f 5854//5860 5981//5860 6122//5860 5982//5860 
f 5983//5861 5855//5861 5982//5861 6123//5861 
f 6124//5862 5984//5862 5983//5862 6125//5862 
f 5720//5863 5984//5863 6126//5863 6127//5863 
f 5987//5865 6128//5865 5986//5865 5857//5865 
f 5986//5866 6129//5866 5988//5866 5858//5866 
f 5979//5867 6119//5867 6130//5867 5987//5867 
f 5989//5868 5859//5868 5988//5868 6131//5868 
f 5989//5869 6132//5869 5990//5869 5860//5869 
f 5864//5870 5991//5870 6133//5870 5992//5870 
f 5992//5871 6134//5871 6135//5871 5993//5871 
f 6136//5872 5994//5872 5865//5872 5993//5872 
f 5732//5873 5995//5873 5996//5873 5866//5873 
f 5736//5874 5997//5874 6137//5874 5867//5874 
f 6139//5876 5999//5876 5868//5876 5998//5876 
f 6001//5879 6140//5879 6002//5879 5871//5879 
f 6004//5880 5873//5880 6002//5880 6141//5880 
f 6003//5881 6004//5881 6142//5881 6143//5881 
f 6003//5882 6144//5882 6145//5882 6005//5882 
f 5874//5883 6005//5883 6007//5883 5875//5883 
f 6007//5885 6146//5885 6147//5885 5883//5885 
f 5880//5886 6015//5886 6148//5886 6008//5886 
f 6008//5887 6149//5887 6009//5887 5877//5887 
f 6009//5888 6150//5888 6151//5888 6010//5888 
f 6011//5889 6152//5889 6013//5889 5879//5889 
f 6153//5890 6011//5890 6012//5890 6154//5890 
f 6013//5891 6155//5891 6014//5891 5881//5891 
f 6156//5892 6157//5892 6015//5892 6014//5892 
f 5884//5897 6019//5897 6160//5897 6161//5897 
f 6020//5899 6162//5899 6021//5899 5885//5899 
f 6150//5900 6020//5900 5884//5900 6161//5900 
f 6021//5901 6163//5901 6164//5901 6022//5901 
f 5886//5902 6022//5902 6165//5902 6023//5902 
f 6025//5903 6166//5903 6026//5903 5888//5903 
f 5892//5904 6026//5904 6167//5904 6030//5904 
f 6028//5905 6168//5905 6027//5905 5889//5905 
f 6169//5906 6029//5906 5890//5906 6027//5906 
f 6170//5907 6028//5907 5893//5907 6031//5907 
f 6171//5908 6172//5908 6031//5908 6030//5908 
f 5897//5909 6035//5909 6173//5909 6032//5909 
f 5896//5910 6033//5910 6174//5910 6034//5910 
f 6034//5911 6175//5911 6176//5911 6035//5911 
f 5899//5912 6036//5912 6177//5912 6037//5912 
f 5900//5913 6037//5913 6178//5913 6038//5913 
f 6038//5914 6179//5914 6039//5914 5901//5914 
f 6040//5915 5902//5915 6039//5915 6180//5915 
f 5903//5916 6040//5916 6181//5916 6041//5916 
f 6182//5917 6042//5917 5904//5917 6041//5917 
f 5905//5918 6042//5918 6183//5918 6043//5918 
f 6184//5919 6044//5919 6043//5919 6185//5919 
f 5774//5920 6044//5920 6186//5920 5927//5920 
f 5910//5921 6050//5921 6187//5921 6045//5921 
f 6188//5922 6046//5922 5906//5922 6045//5922 
f 6047//5923 5907//5923 6046//5923 6189//5923 
f 6047//5924 6190//5924 6048//5924 5908//5924 
f 6049//5925 5909//5925 6048//5925 6191//5925 
f 6051//5926 5911//5926 6049//5926 6192//5926 
f 5912//5927 6052//5927 6193//5927 6050//5927 
f 6051//5928 6194//5928 6177//5928 6036//5928 
f 5913//5929 6053//5929 6195//5929 6052//5929 
f 6054//5930 6196//5930 6053//5930 5914//5930 
f 6054//5931 5917//5931 6056//5931 6197//5931 
f 6198//5932 6057//5932 5916//5932 6055//5932 
f 6199//5933 6056//5933 6057//5933 6200//5933 
f 5919//5934 6058//5934 6201//5934 6059//5934 
f 6059//5935 6202//5935 6060//5935 5920//5935 
f 5921//5936 6060//5936 6203//5936 6061//5936 
f 6061//5937 6204//5937 6062//5937 5922//5937 
f 6063//5938 5923//5938 6062//5938 6205//5938 
f 6063//5939 6206//5939 6064//5939 5924//5939 
f 6207//5940 6198//5940 6055//5940 6064//5940 
f 6066//5941 5929//5941 6065//5941 6208//5941 
f 6066//5942 6209//5942 6067//5942 5930//5942 
f 5931//5943 6067//5943 6210//5943 6068//5943 
f 6211//5944 6069//5944 5932//5944 6068//5944 
f 5933//5945 6069//5945 6212//5945 6070//5945 
f 6071//5946 5934//5946 6070//5946 6213//5946 
f 5935//5947 6071//5947 6214//5947 6072//5947 
f 6072//5948 6215//5948 6073//5948 5936//5948 
f 5939//5949 6073//5949 6216//5949 6217//5949 
f 6218//5950 6219//5950 6074//5950 5938//5950 
f 5940//5954 6076//5954 6221//5954 6077//5954 
f 6077//5955 6222//5955 6078//5955 5941//5955 
f 6080//5958 5946//5958 6081//5958 6225//5958 
f 6222//5959 6226//5959 6081//5959 6078//5959 
f 6084//5960 5949//5960 6086//5960 6227//5960 
f 6085//5961 6228//5961 6229//5961 6086//5961 
f 5950//5962 6080//5962 6225//5962 6087//5962 
f 6088//5965 6231//5965 6232//5965 6089//5965 
f 5952//5966 6089//5966 6233//5966 6090//5966 
f 6090//5967 6234//5967 6091//5967 5953//5967 
f 6094//5968 6235//5968 6236//5968 5955//5968 
f 6094//5969 5956//5969 6095//5969 6237//5969 
f 5958//5970 6097//5970 6238//5970 6095//5970 
f 5959//5971 6098//5971 6096//5971 5957//5971 
f 6097//5972 6096//5972 6239//5972 6240//5972 
f 6099//5973 6241//5973 6098//5973 5960//5973 
f 6084//5974 6227//5974 6242//5974 6099//5974 
f 5962//5975 6102//5975 6243//5975 6100//5975 
f 5961//5976 6100//5976 6244//5976 6101//5976 
f 6102//5977 5968//5977 6108//5977 6245//5977 
f 6103//5978 5964//5978 6104//5978 6246//5978 
f 6105//5979 5965//5979 6103//5979 6247//5979 
f 6101//5980 6244//5980 6248//5980 6104//5980 
f 6249//5981 6106//5981 5966//5981 6105//5981 
f 6250//5982 6107//5982 5967//5982 6106//5982 
f 5985//5983 6107//5983 6251//5983 6252//5983 
f 6108//5984 5969//5984 6109//5984 6253//5984 
f 6109//5985 5970//5985 6110//5985 6254//5985 
f 6112//5986 6255//5986 6110//5986 5972//5986 
f 6112//5987 6111//5987 6256//5987 6257//5987 
f 6116//5990 5974//5990 6115//5990 6259//5990 
f 6117//5991 5975//5991 6116//5991 6260//5991 
f 6118//5992 5978//5992 6120//5992 6261//5992 
f 6119//5993 5977//5993 6118//5993 6262//5993 
f 6263//5994 6120//5994 6117//5994 6260//5994 
f 6123//5996 5982//5996 6122//5996 6252//5996 
f 5983//5997 6123//5997 6264//5997 6125//5997 
f 6126//5998 5984//5998 6124//5998 6265//5998 
f 6266//5999 6124//5999 6125//5999 6267//5999 
f 5987//6001 6130//6001 6268//6001 6128//6001 
f 5986//6002 6128//6002 6269//6002 6129//6002 
f 6131//6003 5988//6003 6129//6003 6270//6003 
f 6119//6004 6262//6004 6271//6004 6130//6004 
f 6133//6005 6272//6005 6134//6005 5992//6005 
f 6135//6006 6134//6006 6273//6006 6274//6006 
f 6136//6007 5993//6007 6135//6007 6275//6007 
f 6136//6008 6276//6008 6277//6008 5994//6008 
f 5867//6009 6137//6009 6278//6009 6279//6009 
f 6139//6012 5998//6012 6279//6012 6280//6012 
f 6141//6015 6002//6015 6140//6015 6282//6015 
f 6142//6016 6004//6016 6141//6016 6283//6016 
f 6284//6017 6285//6017 6143//6017 6142//6017 
f 6143//6018 6286//6018 6287//6018 6003//6018 
f 6288//6019 6147//6019 6146//6019 6289//6019 
f 6008//6022 6148//6022 6291//6022 6149//6022 
f 6149//6023 6020//6023 6150//6023 6009//6023 
f 6150//6024 6161//6024 6292//6024 6151//6024 
f 6011//6025 6293//6025 6294//6025 6152//6025 
f 6013//6026 6152//6026 6295//6026 6155//6026 
f 6297//6028 6153//6028 6154//6028 6298//6028 
f 6299//6029 6156//6029 6014//6029 6155//6029 
f 6156//6030 6300//6030 6301//6030 6157//6030 
f 6160//6032 6019//6032 6147//6032 6303//6032 
f 6160//6033 6303//6033 6288//6033 6161//6033 
f 6020//6035 6149//6035 6291//6035 6162//6035 
f 6162//6036 6304//6036 6163//6036 6021//6036 
f 6305//6037 6306//6037 6164//6037 6163//6037 
f 6307//6038 6167//6038 6026//6038 6166//6038 
f 6171//6039 6030//6039 6167//6039 6308//6039 
f 6170//6040 6309//6040 6168//6040 6028//6040 
f 6169//6041 6027//6041 6168//6041 6310//6041 
f 6170//6042 6031//6042 6172//6042 6311//6042 
f 6312//6043 6313//6043 6172//6043 6171//6043 
f 6035//6044 6176//6044 6314//6044 6173//6044 
f 6034//6045 6174//6045 6315//6045 6175//6045 
f 6175//6046 6316//6046 6317//6046 6176//6046 
f 6177//6047 6318//6047 6178//6047 6037//6047 
f 6319//6048 6179//6048 6038//6048 6178//6048 
f 6039//6049 6179//6049 6320//6049 6180//6049 
f 6040//6050 6180//6050 6321//6050 6181//6050 
f 6182//6051 6041//6051 6181//6051 6322//6051 
f 6182//6052 6323//6052 6183//6052 6042//6052 
f 6043//6053 6183//6053 6324//6053 6185//6053 
f 6184//6054 6325//6054 6186//6054 6044//6054 
f 6184//6055 6185//6055 6326//6055 6327//6055 
f 6328//6056 6187//6056 6050//6056 6193//6056 
f 6188//6057 6045//6057 6187//6057 6329//6057 
f 6188//6058 6330//6058 6189//6058 6046//6058 
f 6047//6059 6189//6059 6331//6059 6190//6059 
f 6190//6060 6332//6060 6191//6060 6048//6060 
f 6049//6061 6191//6061 6333//6061 6192//6061 
f 6051//6062 6192//6062 6334//6062 6194//6062 
f 6335//6063 6193//6063 6052//6063 6195//6063 
f 6194//6064 6336//6064 6318//6064 6177//6064 
f 6337//6065 6195//6065 6053//6065 6196//6065 
f 6338//6066 6196//6066 6054//6066 6197//6066 
f 6199//6067 6339//6067 6197//6067 6056//6067 
f 6198//6068 6340//6068 6200//6068 6057//6068 
f 6341//6069 6342//6069 6199//6069 6200//6069 
f 6202//6070 6343//6070 6203//6070 6060//6070 
f 6061//6071 6203//6071 6344//6071 6204//6071 
f 6345//6072 6205//6072 6062//6072 6204//6072 
f 6063//6073 6205//6073 6346//6073 6206//6073 
f 6207//6074 6064//6074 6206//6074 6347//6074 
f 6207//6075 6348//6075 6340//6075 6198//6075 
f 6066//6076 6208//6076 6349//6076 6209//6076 
f 6350//6077 6210//6077 6067//6077 6209//6077 
f 6211//6078 6068//6078 6210//6078 6351//6078 
f 6211//6079 6352//6079 6212//6079 6069//6079 
f 6212//6080 6353//6080 6213//6080 6070//6080 
f 6214//6081 6071//6081 6213//6081 6354//6081 
f 6215//6082 6072//6082 6214//6082 6355//6082 
f 6216//6085 6357//6085 6358//6085 6217//6085 
f 6217//6086 6358//6086 6218//6086 5938//6086 
f 6221//6089 6076//6089 6359//6089 6360//6089 
f 6221//6090 6361//6090 6222//6090 6077//6090 
f 6363//6093 6225//6093 6081//6093 6226//6093 
f 6222//6094 6361//6094 6364//6094 6226//6094 
f 6086//6095 6229//6095 6365//6095 6227//6095 
f 6366//6096 6367//6096 6229//6096 6228//6096 
f 6363//6097 6368//6097 6087//6097 6225//6097 
f 6368//6099 6231//6099 6088//6099 6087//6099 
f 6369//6100 6232//6100 6231//6100 6370//6100 
f 6232//6101 6371//6101 6233//6101 6089//6101 
f 6233//6102 6372//6102 6234//6102 6090//6102 
f 6094//6103 6237//6103 6373//6103 6235//6103 
f 6374//6104 6375//6104 6236//6104 6235//6104 
f 6237//6105 6095//6105 6238//6105 6376//6105 
f 6238//6106 6097//6106 6240//6106 6377//6106 
f 6239//6107 6096//6107 6098//6107 6241//6107 
f 6239//6108 6378//6108 6379//6108 6240//6108 
f 6099//6109 6242//6109 6380//6109 6241//6109 
f 6381//6110 6242//6110 6227//6110 6365//6110 
f 6382//6111 6243//6111 6102//6111 6245//6111 
f 6244//6112 6100//6112 6243//6112 6383//6112 
f 6108//6113 6253//6113 6384//6113 6245//6113 
f 6104//6114 6248//6114 6385//6114 6246//6114 
f 6247//6115 6103//6115 6246//6115 6386//6115 
f 6249//6116 6105//6116 6247//6116 6387//6116 
f 6244//6117 6383//6117 6388//6117 6248//6117 
f 6249//6118 6389//6118 6250//6118 6106//6118 
f 6250//6119 6390//6119 6251//6119 6107//6119 
f 6251//6120 6264//6120 6123//6120 6252//6120 
f 6253//6121 6109//6121 6254//6121 6391//6121 
f 6255//6122 6392//6122 6254//6122 6110//6122 
f 6112//6123 6257//6123 6393//6123 6255//6123 
f 6111//6124 6394//6124 6395//6124 6256//6124 
f 6396//6125 6257//6125 6256//6125 6397//6125 
f 6116//6126 6259//6126 6398//6126 6260//6126 
f 6399//6127 6261//6127 6120//6127 6263//6127 
f 6118//6128 6261//6128 6400//6128 6262//6128 
f 6398//6129 6401//6129 6263//6129 6260//6129 
f 6125//6131 6264//6131 6402//6131 6267//6131 
f 6403//6132 6404//6132 6265//6132 6124//6132 
f 6405//6133 6126//6133 6265//6133 6404//6133 
f 6407//6135 6266//6135 6267//6135 6408//6135 
f 6268//6136 6130//6136 6271//6136 6409//6136 
f 6269//6137 6128//6137 6268//6137 6410//6137 
f 6269//6138 6411//6138 6270//6138 6129//6138 
f 6412//6139 6271//6139 6262//6139 6400//6139 
f 6413//6140 6414//6140 6274//6140 6273//6140 
f 6135//6142 6416//6142 6417//6142 6275//6142 
f 6136//6143 6275//6143 6418//6143 6276//6143 
f 6419//6144 6277//6144 6276//6144 6420//6144 
f 6137//6145 6421//6145 6422//6145 6278//6145 
f 6279//6146 6278//6146 6423//6146 6280//6146 
f 6280//6147 6424//6147 6425//6147 6139//6147 
f 5999//6148 6426//6148 6001//6148 6281//6148 
f 6141//6149 6282//6149 6427//6149 6283//6149 
f 6142//6150 6283//6150 6428//6150 6429//6150 
f 6284//6151 6430//6151 6003//6151 6285//6151 
f 6143//6152 6285//6152 6431//6152 6286//6152 
f 6432//6153 6284//6153 6142//6153 6433//6153 
f 6289//6154 6146//6154 6287//6154 6286//6154 
f 6285//6155 6003//6155 6287//6155 6431//6155 
f 6288//6157 6289//6157 6435//6157 6436//6157 
f 6148//6160 6437//6160 6438//6160 6291//6160 
f 6161//6161 6288//6161 6436//6161 6292//6161 
f 6439//6163 6440//6163 6294//6163 6293//6163 
f 6441//6164 6295//6164 6152//6164 6294//6164 
f 6295//6165 6442//6165 6299//6165 6155//6165 
f 6297//6167 6298//6167 6443//6167 6444//6167 
f 6299//6168 6445//6168 6300//6168 6156//6168 
f 6157//6170 6301//6170 6447//6170 6448//6170 
f 6291//6175 6438//6175 6449//6175 6162//6175 
f 6450//6176 6451//6176 6304//6176 6162//6176 
f 6163//6177 6304//6177 6452//6177 6453//6177 
f 6308//6179 6167//6179 6307//6179 6454//6179 
f 6312//6180 6171//6180 6308//6180 6455//6180 
f 6456//6181 6309//6181 6170//6181 6311//6181 
f 6457//6182 6310//6182 6168//6182 6309//6182 
f 6172//6183 6313//6183 6458//6183 6311//6183 
f 6312//6184 6459//6184 6460//6184 6313//6184 
f 6176//6185 6317//6185 6461//6185 6314//6185 
f 6175//6186 6315//6186 6462//6186 6316//6186 
f 6316//6187 6463//6187 6464//6187 6317//6187 
f 6465//6188 6319//6188 6178//6188 6318//6188 
f 6319//6189 6466//6189 6320//6189 6179//6189 
f 6321//6190 6180//6190 6320//6190 6467//6190 
f 6181//6191 6321//6191 6468//6191 6322//6191 
f 6182//6192 6322//6192 6469//6192 6323//6192 
f 6324//6193 6183//6193 6323//6193 6470//6193 
f 6326//6194 6185//6194 6324//6194 6471//6194 
f 6184//6195 6327//6195 6472//6195 6325//6195 
f 6325//6196 6473//6196 6474//6196 6186//6196 
f 6475//6197 6476//6197 6327//6197 6326//6197 
f 6328//6198 6477//6198 6329//6198 6187//6198 
f 6335//6199 6478//6199 6328//6199 6193//6199 
f 6188//6200 6329//6200 6479//6200 6330//6200 
f 6330//6201 6480//6201 6331//6201 6189//6201 
f 6481//6202 6332//6202 6190//6202 6331//6202 
f 6482//6203 6333//6203 6191//6203 6332//6203 
f 6483//6204 6334//6204 6192//6204 6333//6204 
f 6194//6205 6334//6205 6484//6205 6336//6205 
f 6337//6206 6485//6206 6335//6206 6195//6206 
f 6465//6207 6318//6207 6336//6207 6486//6207 
f 6338//6208 6487//6208 6337//6208 6196//6208 
f 6338//6209 6197//6209 6339//6209 6488//6209 
f 6489//6210 6339//6210 6199//6210 6342//6210 
f 6341//6211 6200//6211 6340//6211 6490//6211 
f 6341//6212 6491//6212 6492//6212 6342//6212 
f 6344//6213 6203//6213 6343//6213 6493//6213 
f 6344//6214 6494//6214 6345//6214 6204//6214 
f 6495//6215 6346//6215 6205//6215 6345//6215 
f 6347//6216 6206//6216 6346//6216 6496//6216 
f 6207//6217 6347//6217 6497//6217 6348//6217 
f 6490//6218 6340//6218 6348//6218 6498//6218 
f 6499//6219 6350//6219 6209//6219 6349//6219 
f 6351//6220 6210//6220 6350//6220 6500//6220 
f 6211//6221 6351//6221 6501//6221 6352//6221 
f 6212//6222 6352//6222 6502//6222 6353//6222 
f 6503//6223 6354//6223 6213//6223 6353//6223 
f 6214//6224 6354//6224 6504//6224 6355//6224 
f 6215//6225 6355//6225 6505//6225 6506//6225 
f 6215//6227 6507//6227 6357//6227 6216//6227 
f 6363//6230 6226//6230 6364//6230 6508//6230 
f 6367//6231 6509//6231 6365//6231 6229//6231 
f 6366//6232 6510//6232 6511//6232 6367//6232 
f 6363//6233 6508//6233 6512//6233 6368//6233 
f 6233//6236 6371//6236 6514//6236 6372//6236 
f 6237//6237 6376//6237 6515//6237 6373//6237 
f 6374//6238 6235//6238 6373//6238 6516//6238 
f 6517//6239 6518//6239 6375//6239 6374//6239 
f 6238//6240 6377//6240 6519//6240 6376//6240 
f 6520//6241 6377//6241 6240//6241 6379//6241 
f 6239//6242 6241//6242 6380//6242 6378//6242 
f 6521//6243 6522//6243 6379//6243 6378//6243 
f 6381//6244 6523//6244 6380//6244 6242//6244 
f 6524//6245 6381//6245 6365//6245 6509//6245 
f 6382//6246 6525//6246 6383//6246 6243//6246 
f 6382//6247 6245//6247 6384//6247 6526//6247 
f 6384//6248 6253//6248 6391//6248 6527//6248 
f 6388//6249 6528//6249 6385//6249 6248//6249 
f 6529//6250 6386//6250 6246//6250 6385//6250 
f 6387//6251 6247//6251 6386//6251 6530//6251 
f 6249//6252 6387//6252 6531//6252 6389//6252 
f 6388//6253 6383//6253 6525//6253 6532//6253 
f 6389//6254 6533//6254 6390//6254 6250//6254 
f 6251//6255 6390//6255 6402//6255 6264//6255 
f 6534//6256 6391//6256 6254//6256 6392//6256 
f 6535//6257 6392//6257 6255//6257 6393//6257 
f 6396//6258 6536//6258 6393//6258 6257//6258 
f 6111//6259 6537//6259 6517//6259 6394//6259 
f 6394//6260 6516//6260 6538//6260 6395//6260 
f 6397//6261 6256//6261 6395//6261 6539//6261 
f 6396//6262 6397//6262 6540//6262 6541//6262 
f 6542//6263 6400//6263 6261//6263 6399//6263 
f 6401//6264 6543//6264 6399//6264 6263//6264 
f 6408//6265 6267//6265 6402//6265 6544//6265 
f 6405//6267 6404//6267 6545//6267 6546//6267 
f 6548//6269 6547//6269 6266//6269 6407//6269 
f 6407//6270 6408//6270 6549//6270 6550//6270 
f 6412//6271 6551//6271 6409//6271 6271//6271 
f 6410//6272 6268//6272 6409//6272 6552//6272 
f 6269//6273 6410//6273 6553//6273 6411//6273 
f 6542//6274 6554//6274 6412//6274 6400//6274 
f 6555//6275 6274//6275 6414//6275 6556//6275 
f 6274//6278 6557//6278 6417//6278 6416//6278 
f 6418//6279 6275//6279 6417//6279 6558//6279 
f 6276//6280 6418//6280 6559//6280 6420//6280 
f 6139//6281 6423//6281 6278//6281 6422//6281 
f 6280//6282 6423//6282 6560//6282 6561//6282 
f 6280//6283 6561//6283 6562//6283 6424//6283 
f 6425//6284 6424//6284 6563//6284 6564//6284 
f 6563//6285 6427//6285 6282//6285 6564//6285 
f 6565//6286 6428//6286 6283//6286 6427//6286 
f 6429//6287 6428//6287 6566//6287 6567//6287 
f 6142//6288 6429//6288 6568//6288 6433//6288 
f 6430//6289 6284//6289 6432//6289 6569//6289 
f 6289//6290 6286//6290 6431//6290 6435//6290 
f 6432//6291 6433//6291 6570//6291 6571//6291 
f 6435//6292 6572//6292 6017//6292 6436//6292 
f 6442//6297 6574//6297 6445//6297 6299//6297 
f 6575//6299 6576//6299 6444//6299 6443//6299 
f 6297//6300 6444//6300 6577//6300 6439//6300 
f 6445//6301 6578//6301 6579//6301 6300//6301 
f 6301//6304 6579//6304 6580//6304 6447//6304 
f 6450//6306 6162//6306 6449//6306 6581//6306 
f 6450//6307 6582//6307 6583//6307 6451//6307 
f 6452//6308 6304//6308 6451//6308 6584//6308 
f 6452//6309 6585//6309 6305//6309 6453//6309 
f 6453//6310 6305//6310 6585//6310 6163//6310 
f 6586//6311 6455//6311 6308//6311 6454//6311 
f 6312//6312 6455//6312 6587//6312 6459//6312 
f 6456//6313 6588//6313 6457//6313 6309//6313 
f 6456//6314 6311//6314 6458//6314 6589//6314 
f 6590//6315 6458//6315 6313//6315 6460//6315 
f 6591//6316 6460//6316 6459//6316 6592//6316 
f 6317//6317 6464//6317 6593//6317 6461//6317 
f 6316//6318 6462//6318 6594//6318 6463//6318 
f 6463//6319 6595//6319 6596//6319 6464//6319 
f 6465//6320 6597//6320 6466//6320 6319//6320 
f 6466//6321 6598//6321 6467//6321 6320//6321 
f 6321//6322 6467//6322 6599//6322 6468//6322 
f 6469//6323 6322//6323 6468//6323 6600//6323 
f 6469//6324 6601//6324 6470//6324 6323//6324 
f 6602//6325 6471//6325 6324//6325 6470//6325 
f 6475//6326 6326//6326 6471//6326 6603//6326 
f 6476//6327 6604//6327 6472//6327 6327//6327 
f 6325//6328 6472//6328 6605//6328 6473//6328 
f 6473//6329 6606//6329 6607//6329 6474//6329 
f 6608//6330 6476//6330 6475//6330 6609//6330 
f 6328//6331 6478//6331 6610//6331 6477//6331 
f 6329//6332 6477//6332 6611//6332 6479//6332 
f 6612//6333 6478//6333 6335//6333 6485//6333 
f 6613//6334 6480//6334 6330//6334 6479//6334 
f 6481//6335 6331//6335 6480//6335 6614//6335 
f 6481//6336 6615//6336 6482//6336 6332//6336 
f 6616//6337 6483//6337 6333//6337 6482//6337 
f 6484//6338 6334//6338 6483//6338 6617//6338 
f 6486//6339 6336//6339 6484//6339 6618//6339 
f 6337//6340 6487//6340 6619//6340 6485//6340 
f 6465//6341 6486//6341 6620//6341 6597//6341 
f 6338//6342 6488//6342 6621//6342 6487//6342 
f 6489//6343 6622//6343 6488//6343 6339//6343 
f 6489//6344 6342//6344 6492//6344 6623//6344 
f 6341//6345 6490//6345 6624//6345 6491//6345 
f 6492//6346 6491//6346 6625//6346 6626//6346 
f 6494//6347 6344//6347 6493//6347 6627//6347 
f 6495//6348 6345//6348 6494//6348 6628//6348 
f 6495//6349 6629//6349 6496//6349 6346//6349 
f 6347//6350 6496//6350 6630//6350 6497//6350 
f 6498//6351 6348//6351 6497//6351 6631//6351 
f 6632//6352 6624//6352 6490//6352 6498//6352 
f 6499//6353 6633//6353 6500//6353 6350//6353 
f 6351//6354 6500//6354 6634//6354 6501//6354 
f 6635//6355 6502//6355 6352//6355 6501//6355 
f 6636//6356 6503//6356 6353//6356 6502//6356 
f 6503//6357 6637//6357 6504//6357 6354//6357 
f 6504//6358 6638//6358 6505//6358 6355//6358 
f 6639//6359 6640//6359 6357//6359 6507//6359 
f 6641//6360 6642//6360 6359//6360 6362//6360 
f 6511//6361 6643//6361 6509//6361 6367//6361 
f 6369//6362 6644//6362 6511//6362 6510//6362 
f 6368//6363 6512//6363 6645//6363 6370//6363 
f 6515//6365 6376//6365 6519//6365 6646//6365 
f 6538//6366 6516//6366 6373//6366 6515//6366 
f 6394//6367 6517//6367 6374//6367 6516//6367 
f 6537//6368 6647//6368 6518//6368 6517//6368 
f 6520//6369 6648//6369 6519//6369 6377//6369 
f 6520//6370 6379//6370 6522//6370 6649//6370 
f 6380//6371 6523//6371 6521//6371 6378//6371 
f 6521//6372 6650//6372 6651//6372 6522//6372 
f 6524//6373 6652//6373 6523//6373 6381//6373 
f 6653//6374 6524//6374 6509//6374 6643//6374 
f 6382//6375 6526//6375 6654//6375 6525//6375 
f 6384//6376 6527//6376 6655//6376 6526//6376 
f 6534//6377 6656//6377 6527//6377 6391//6377 
f 6657//6378 6528//6378 6388//6378 6532//6378 
f 6529//6379 6385//6379 6528//6379 6658//6379 
f 6529//6380 6659//6380 6530//6380 6386//6380 
f 6387//6381 6530//6381 6660//6381 6531//6381 
f 6389//6382 6531//6382 6661//6382 6533//6382 
f 6525//6383 6654//6383 6662//6383 6532//6383 
f 6533//6384 6544//6384 6402//6384 6390//6384 
f 6535//6385 6663//6385 6534//6385 6392//6385 
f 6536//6386 6664//6386 6535//6386 6393//6386 
f 6396//6387 6541//6387 6665//6387 6536//6387 
f 6395//6388 6538//6388 6666//6388 6539//6388 
f 6540//6389 6397//6389 6539//6389 6667//6389 
f 6668//6390 6541//6390 6540//6390 6669//6390 
f 6543//6391 6670//6391 6542//6391 6399//6391 
f 6401//6392 6671//6392 6672//6392 6543//6392 
f 6546//6395 6545//6395 6675//6395 6676//6395 
f 6676//6396 6677//6396 6405//6396 6546//6396 
f 6674//6398 6547//6398 6548//6398 6678//6398 
f 6548//6399 6407//6399 6550//6399 6679//6399 
f 6680//6400 6681//6400 6549//6400 6408//6400 
f 6682//6401 6550//6401 6549//6401 6683//6401 
f 6554//6402 6684//6402 6551//6402 6412//6402 
f 6552//6403 6409//6403 6551//6403 6685//6403 
f 6410//6404 6552//6404 6686//6404 6553//6404 
f 6670//6405 6687//6405 6554//6405 6542//6405 
f 6689//6407 6690//6407 6556//6407 6414//6407 
f 6691//6408 6692//6408 6555//6408 6556//6408 
f 6418//6410 6558//6410 6693//6410 6559//6410 
f 6420//6411 6559//6411 6694//6411 6695//6411 
f 6561//6412 6560//6412 6696//6412 6697//6412 
f 6562//6413 6561//6413 6697//6413 6698//6413 
f 6562//6414 6698//6414 6563//6414 6424//6414 
f 6565//6415 6427//6415 6563//6415 6698//6415 
f 6565//6416 6699//6416 6566//6416 6428//6416 
f 6700//6417 6701//6417 6567//6417 6566//6417 
f 6429//6418 6567//6418 6702//6418 6568//6418 
f 6570//6419 6433//6419 6568//6419 6565//6419 
f 6697//6420 6696//6420 6571//6420 6570//6420 
f 6442//6423 6704//6423 6580//6423 6574//6423 
f 6445//6424 6574//6424 6705//6424 6578//6424 
f 6706//6425 6576//6425 6575//6425 6707//6425 
f 6576//6426 6708//6426 6577//6426 6444//6426 
f 6709//6427 6575//6427 6443//6427 6710//6427 
f 6447//6431 6580//6431 6704//6431 6713//6431 
f 6449//6432 6452//6432 6584//6432 6581//6432 
f 6450//6433 6581//6433 6714//6433 6715//6433 
f 6451//6434 6583//6434 6716//6434 6717//6434 
f 6717//6435 6718//6435 6584//6435 6451//6435 
f 6587//6436 6455//6436 6586//6436 6719//6436 
f 6587//6437 6720//6437 6592//6437 6459//6437 
f 6721//6438 6588//6438 6456//6438 6589//6438 
f 6590//6439 6722//6439 6589//6439 6458//6439 
f 6590//6440 6460//6440 6591//6440 6723//6440 
f 6591//6441 6592//6441 6724//6441 6725//6441 
f 6464//6442 6596//6442 6726//6442 6593//6442 
f 6463//6443 6594//6443 6727//6443 6595//6443 
f 6595//6444 6728//6444 6729//6444 6596//6444 
f 6597//6445 6730//6445 6598//6445 6466//6445 
f 6731//6446 6599//6446 6467//6446 6598//6446 
f 6599//6447 6732//6447 6600//6447 6468//6447 
f 6733//6448 6601//6448 6469//6448 6600//6448 
f 6602//6449 6470//6449 6601//6449 6734//6449 
f 6602//6450 6735//6450 6603//6450 6471//6450 
f 6609//6451 6475//6451 6603//6451 6736//6451 
f 6608//6452 6737//6452 6604//6452 6476//6452 
f 6605//6453 6472//6453 6604//6453 6738//6453 
f 6605//6454 6739//6454 6606//6454 6473//6454 
f 6740//6455 6608//6455 6609//6455 6741//6455 
f 6612//6456 6742//6456 6610//6456 6478//6456 
f 6477//6457 6610//6457 6743//6457 6611//6457 
f 6613//6458 6479//6458 6611//6458 6744//6458 
f 6612//6459 6485//6459 6619//6459 6745//6459 
f 6613//6460 6746//6460 6614//6460 6480//6460 
f 6481//6461 6614//6461 6747//6461 6615//6461 
f 6616//6462 6482//6462 6615//6462 6748//6462 
f 6616//6463 6749//6463 6617//6463 6483//6463 
f 6484//6464 6617//6464 6750//6464 6618//6464 
f 6486//6465 6618//6465 6751//6465 6620//6465 
f 6752//6466 6619//6466 6487//6466 6621//6466 
f 6753//6467 6730//6467 6597//6467 6620//6467 
f 6488//6468 6622//6468 6754//6468 6621//6468 
f 6489//6469 6623//6469 6755//6469 6622//6469 
f 6623//6470 6492//6470 6626//6470 6756//6470 
f 6491//6471 6624//6471 6757//6471 6625//6471 
f 6758//6472 6626//6472 6625//6472 6759//6472 
f 6628//6473 6494//6473 6627//6473 6760//6473 
f 6495//6474 6628//6474 6761//6474 6629//6474 
f 6762//6475 6630//6475 6496//6475 6629//6475 
f 6631//6476 6497//6476 6630//6476 6763//6476 
f 6632//6477 6498//6477 6631//6477 6764//6477 
f 6765//6478 6757//6478 6624//6478 6632//6478 
f 6766//6479 6634//6479 6500//6479 6633//6479 
f 6635//6480 6501//6480 6634//6480 6767//6480 
f 6635//6481 6768//6481 6636//6481 6502//6481 
f 6636//6482 6769//6482 6637//6482 6503//6482 
f 6637//6483 6770//6483 6638//6483 6504//6483 
f 6771//6484 6639//6484 6507//6484 6772//6484 
f 6644//6485 6773//6485 6643//6485 6511//6485 
f 6369//6486 6774//6486 6775//6486 6644//6486 
f 6369//6487 6370//6487 6645//6487 6776//6487 
f 6648//6488 6777//6488 6646//6488 6519//6488 
f 6538//6489 6515//6489 6646//6489 6666//6489 
f 6520//6490 6649//6490 6778//6490 6648//6490 
f 6649//6491 6522//6491 6651//6491 6779//6491 
f 6523//6492 6652//6492 6650//6492 6521//6492 
f 6780//6493 6651//6493 6650//6493 6781//6493 
f 6782//6494 6652//6494 6524//6494 6653//6494 
f 6773//6495 6783//6495 6653//6495 6643//6495 
f 6526//6496 6655//6496 6784//6496 6654//6496 
f 6785//6497 6655//6497 6527//6497 6656//6497 
f 6663//6498 6786//6498 6656//6498 6534//6498 
f 6657//6499 6787//6499 6658//6499 6528//6499 
f 6657//6500 6532//6500 6662//6500 6788//6500 
f 6529//6501 6658//6501 6789//6501 6659//6501 
f 6660//6502 6530//6502 6659//6502 6790//6502 
f 6531//6503 6660//6503 6791//6503 6661//6503 
f 6533//6504 6661//6504 6792//6504 6793//6504 
f 6662//6505 6654//6505 6784//6505 6794//6505 
f 6533//6506 6793//6506 6680//6506 6544//6506 
f 6664//6507 6795//6507 6663//6507 6535//6507 
f 6796//6508 6664//6508 6536//6508 6665//6508 
f 6668//6509 6797//6509 6665//6509 6541//6509 
f 6539//6510 6666//6510 6798//6510 6667//6510 
f 6540//6511 6667//6511 6799//6511 6669//6511 
f 6668//6512 6669//6512 6800//6512 6801//6512 
f 6543//6513 6672//6513 6802//6513 6670//6513 
f 6674//6516 6678//6516 6679//6516 6403//6516 
f 6675//6517 6803//6517 6804//6517 6676//6517 
f 6676//6518 6805//6518 6806//6518 6677//6518 
f 6405//6519 6677//6519 6806//6519 6807//6519 
f 6403//6521 6679//6521 6550//6521 6682//6521 
f 6680//6523 6809//6523 6810//6523 6681//6523 
f 6683//6524 6549//6524 6681//6524 6811//6524 
f 6682//6525 6683//6525 6812//6525 6813//6525 
f 6554//6526 6687//6526 6814//6526 6684//6526 
f 6815//6527 6685//6527 6551//6527 6684//6527 
f 6816//6528 6686//6528 6552//6528 6685//6528 
f 6670//6529 6802//6529 6817//6529 6687//6529 
f 6689//6531 6818//6531 6819//6531 6690//6531 
f 6691//6532 6556//6532 6690//6532 6820//6532 
f 6821//6533 6692//6533 6691//6533 6822//6533 
f 6697//6535 6570//6535 6565//6535 6698//6535 
f 6565//6536 6568//6536 6702//6536 6699//6536 
f 6700//6537 6566//6537 6699//6537 6824//6537 
f 6825//6538 6701//6538 6700//6538 6826//6538 
f 6827//6539 6702//6539 6567//6539 6701//6539 
f 6706//6544 6828//6544 6708//6544 6576//6544 
f 6830//6546 6831//6546 6577//6546 6708//6546 
f 6581//6548 6584//6548 6716//6548 6714//6548 
f 6715//6549 6832//6549 6833//6549 6450//6549 
f 6717//6550 6716//6550 6584//6550 6718//6550 
f 6587//6551 6719//6551 6834//6551 6720//6551 
f 6724//6552 6592//6552 6720//6552 6835//6552 
f 6836//6553 6721//6553 6589//6553 6722//6553 
f 6837//6554 6722//6554 6590//6554 6723//6554 
f 6591//6555 6725//6555 6838//6555 6723//6555 
f 6839//6556 6840//6556 6725//6556 6724//6556 
f 6596//6557 6729//6557 6841//6557 6726//6557 
f 6595//6558 6727//6558 6842//6558 6728//6558 
f 6728//6559 6843//6559 6844//6559 6729//6559 
f 6730//6560 6845//6560 6731//6560 6598//6560 
f 6731//6561 6846//6561 6732//6561 6599//6561 
f 6848//6563 6734//6563 6601//6563 6733//6563 
f 6602//6565 6734//6565 6849//6565 6735//6565 
f 6735//6566 6850//6566 6736//6566 6603//6566 
f 6851//6567 6741//6567 6609//6567 6736//6567 
f 6740//6568 6852//6568 6737//6568 6608//6568 
f 6853//6569 6738//6569 6604//6569 6737//6569 
f 6605//6570 6738//6570 6854//6570 6739//6570 
f 6740//6571 6741//6571 6855//6571 6856//6571 
f 6612//6572 6745//6572 6857//6572 6742//6572 
f 6858//6573 6743//6573 6610//6573 6742//6573 
f 6744//6574 6611//6574 6743//6574 6859//6574 
f 6613//6575 6744//6575 6860//6575 6746//6575 
f 6861//6576 6745//6576 6619//6576 6752//6576 
f 6614//6577 6746//6577 6862//6577 6747//6577 
f 6748//6578 6615//6578 6747//6578 6863//6578 
f 6616//6579 6748//6579 6864//6579 6749//6579 
f 6865//6580 6750//6580 6617//6580 6749//6580 
f 6866//6581 6751//6581 6618//6581 6750//6581 
f 6867//6582 6753//6582 6620//6582 6751//6582 
f 6868//6583 6752//6583 6621//6583 6754//6583 
f 6753//6584 6869//6584 6845//6584 6730//6584 
f 6622//6585 6755//6585 6870//6585 6754//6585 
f 6623//6586 6756//6586 6871//6586 6755//6586 
f 6758//6587 6872//6587 6756//6587 6626//6587 
f 6759//6588 6625//6588 6757//6588 6873//6588 
f 6758//6589 6759//6589 6874//6589 6875//6589 
f 6628//6590 6760//6590 6876//6590 6761//6590 
f 6762//6591 6629//6591 6761//6591 6877//6591 
f 6762//6592 6878//6592 6763//6592 6630//6592 
f 6879//6593 6764//6593 6631//6593 6763//6593 
f 6765//6594 6632//6594 6764//6594 6880//6594 
f 6765//6595 6881//6595 6873//6595 6757//6595 
f 6766//6596 6882//6596 6767//6596 6634//6596 
f 6635//6597 6767//6597 6883//6597 6768//6597 
f 6768//6598 6884//6598 6769//6598 6636//6598 
f 6637//6599 6769//6599 6885//6599 6770//6599 
f 6771//6600 6886//6600 6887//6600 6639//6600 
f 6888//6601 6771//6601 6772//6601 6889//6601 
f 6644//6602 6775//6602 6890//6602 6773//6602 
f 6648//6603 6778//6603 6891//6603 6777//6603 
f 6666//6604 6646//6604 6777//6604 6798//6604 
f 6778//6605 6649//6605 6779//6605 6892//6605 
f 6780//6606 6893//6606 6779//6606 6651//6606 
f 6782//6607 6781//6607 6650//6607 6652//6607 
f 6780//6608 6781//6608 6894//6608 6895//6608 
f 6782//6609 6653//6609 6783//6609 6896//6609 
f 6773//6610 6890//6610 6897//6610 6783//6610 
f 6785//6611 6898//6611 6784//6611 6655//6611 
f 6785//6612 6656//6612 6786//6612 6899//6612 
f 6663//6613 6795//6613 6900//6613 6786//6613 
f 6657//6614 6788//6614 6901//6614 6787//6614 
f 6787//6615 6902//6615 6789//6615 6658//6615 
f 6662//6616 6794//6616 6903//6616 6788//6616 
f 6659//6617 6789//6617 6904//6617 6790//6617 
f 6660//6618 6790//6618 6905//6618 6791//6618 
f 6661//6619 6791//6619 6906//6619 6792//6619 
f 6898//6621 6908//6621 6794//6621 6784//6621 
f 6796//6623 6909//6623 6795//6623 6664//6623 
f 6797//6624 6910//6624 6796//6624 6665//6624 
f 6668//6625 6801//6625 6911//6625 6797//6625 
f 6667//6626 6798//6626 6912//6626 6799//6626 
f 6800//6627 6669//6627 6799//6627 6913//6627 
f 6800//6628 6914//6628 6915//6628 6801//6628 
f 6803//6630 6916//6630 6917//6630 6804//6630 
f 6403//6631 6682//6631 6813//6631 6918//6631 
f 6792//6632 6919//6632 6809//6632 6680//6632 
f 6809//6633 6920//6633 6921//6633 6810//6633 
f 6681//6634 6810//6634 6922//6634 6811//6634 
f 6683//6635 6811//6635 6922//6635 6812//6635 
f 6923//6636 6813//6636 6812//6636 6924//6636 
f 6815//6638 6926//6638 6816//6638 6685//6638 
f 6820//6641 6690//6641 6819//6641 6927//6641 
f 6691//6642 6820//6642 6928//6642 6822//6642 
f 6821//6643 6822//6643 6929//6643 6930//6643 
f 6931//6644 6699//6644 6702//6644 6827//6644 
f 6824//6645 6699//6645 6931//6645 6700//6645 
f 6825//6646 6932//6646 6827//6646 6701//6646 
f 6826//6647 6700//6647 6931//6647 6933//6647 
f 6825//6648 6826//6648 6934//6648 6935//6648 
f 6830//6650 6708//6650 6828//6650 6937//6650 
f 6938//6653 6939//6653 6831//6653 6830//6653 
f 6715//6655 6940//6655 6941//6655 6832//6655 
f 6160//6656 6833//6656 6832//6656 6942//6656 
f 6834//6657 6943//6657 6835//6657 6720//6657 
f 6839//6658 6724//6658 6835//6658 6944//6658 
f 6837//6659 6945//6659 6836//6659 6722//6659 
f 6837//6660 6723//6660 6838//6660 6946//6660 
f 6725//6661 6840//6661 6947//6661 6838//6661 
f 6839//6662 6948//6662 6949//6662 6840//6662 
f 6729//6663 6844//6663 6950//6663 6841//6663 
f 6728//6664 6842//6664 6951//6664 6843//6664 
f 6843//6665 6952//6665 6953//6665 6844//6665 
f 6954//6666 6846//6666 6731//6666 6845//6666 
f 6955//6667 6732//6667 6846//6667 6956//6667 
f 6848//6669 6957//6669 6849//6669 6734//6669 
f 6955//6670 6848//6670 6733//6670 6732//6670 
f 6735//6671 6849//6671 6958//6671 6850//6671 
f 6851//6672 6736//6672 6850//6672 6959//6672 
f 6855//6673 6741//6673 6851//6673 6960//6673 
f 6740//6674 6856//6674 6961//6674 6852//6674 
f 6853//6675 6737//6675 6852//6675 6962//6675 
f 6854//6676 6738//6676 6853//6676 6963//6676 
f 6964//6677 6965//6677 6856//6677 6855//6677 
f 6966//6678 6857//6678 6745//6678 6861//6678 
f 6967//6679 6858//6679 6742//6679 6857//6679 
f 6858//6680 6968//6680 6859//6680 6743//6680 
f 6744//6681 6859//6681 6969//6681 6860//6681 
f 6746//6682 6860//6682 6970//6682 6862//6682 
f 6971//6683 6861//6683 6752//6683 6868//6683 
f 6972//6684 6863//6684 6747//6684 6862//6684 
f 6748//6685 6863//6685 6973//6685 6864//6685 
f 6865//6686 6749//6686 6864//6686 6974//6686 
f 6865//6687 6975//6687 6866//6687 6750//6687 
f 6976//6688 6867//6688 6751//6688 6866//6688 
f 6867//6689 6977//6689 6869//6689 6753//6689 
f 6870//6690 6978//6690 6868//6690 6754//6690 
f 6869//6691 6979//6691 6954//6691 6845//6691 
f 6755//6692 6871//6692 6980//6692 6870//6692 
f 6756//6693 6872//6693 6981//6693 6871//6693 
f 6758//6694 6875//6694 6982//6694 6872//6694 
f 6759//6695 6873//6695 6983//6695 6874//6695 
f 6984//6696 6875//6696 6874//6696 6985//6696 
f 6762//6697 6877//6697 6986//6697 6878//6697 
f 6987//6698 6879//6698 6763//6698 6878//6698 
f 6879//6699 6988//6699 6880//6699 6764//6699 
f 6765//6700 6880//6700 6989//6700 6881//6700 
f 6873//6701 6881//6701 6990//6701 6983//6701 
f 6882//6702 6991//6702 6883//6702 6767//6702 
f 6768//6703 6883//6703 6992//6703 6884//6703 
f 6769//6704 6884//6704 6993//6704 6885//6704 
f 6994//6705 6891//6705 6778//6705 6892//6705 
f 6912//6706 6798//6706 6777//6706 6891//6706 
f 6893//6707 6995//6707 6892//6707 6779//6707 
f 6780//6708 6895//6708 6996//6708 6893//6708 
f 6782//6709 6896//6709 6894//6709 6781//6709 
f 6894//6710 6997//6710 6998//6710 6895//6710 
f 6897//6711 6999//6711 6896//6711 6783//6711 
f 6785//6712 6899//6712 7000//6712 6898//6712 
f 7001//6713 6899//6713 6786//6713 6900//6713 
f 7002//6714 6900//6714 6795//6714 6909//6714 
f 6901//6715 6788//6715 6903//6715 7003//6715 
f 6787//6716 6901//6716 7004//6716 6902//6716 
f 7005//6717 6904//6717 6789//6717 6902//6717 
f 7006//6718 6903//6718 6794//6718 6908//6718 
f 7007//6719 6905//6719 6790//6719 6904//6719 
f 6791//6720 6905//6720 7008//6720 6906//6720 
f 6906//6721 7009//6721 6919//6721 6792//6721 
f 6898//6723 7000//6723 7010//6723 6908//6723 
f 6796//6724 6910//6724 7011//6724 6909//6724 
f 6797//6725 6911//6725 7012//6725 6910//6725 
f 6801//6726 6915//6726 7013//6726 6911//6726 
f 6799//6727 6912//6727 7014//6727 6913//6727 
f 6800//6728 6913//6728 7015//6728 6914//6728 
f 6914//6729 7016//6729 7017//6729 6915//6729 
f 6917//6730 6916//6730 7018//6730 7019//6730 
f 6918//6731 6813//6731 6923//6731 7020//6731 
f 6919//6732 7021//6732 6920//6732 6809//6732 
f 7022//6733 6921//6733 6920//6733 7023//6733 
f 6922//6734 6810//6734 6921//6734 7024//6734 
f 6922//6735 7024//6735 6924//6735 6812//6735 
f 6923//6736 6924//6736 7025//6736 7026//6736 
f 6815//6738 7027//6738 7028//6738 6926//6738 
f 6927//6739 6819//6739 7029//6739 7030//6739 
f 6820//6740 6927//6740 7031//6740 6928//6740 
f 7033//6743 6930//6743 6929//6743 7034//6743 
f 7035//6744 7036//6744 6821//6744 6930//6744 
f 6931//6745 6827//6745 6932//6745 7037//6745 
f 6932//6746 6825//6746 6935//6746 7038//6746 
f 6933//6747 6931//6747 7037//6747 6826//6747 
f 7040//6749 6935//6749 6934//6749 7041//6749 
f 6938//6751 7043//6751 7044//6751 6939//6751 
f 6939//6752 7045//6752 6936//6752 6831//6752 
f 7046//6754 6944//6754 6835//6754 6943//6754 
f 7047//6755 6948//6755 6839//6755 6944//6755 
f 7048//6756 6945//6756 6837//6756 6946//6756 
f 7049//6757 6946//6757 6838//6757 6947//6757 
f 7050//6758 6947//6758 6840//6758 6949//6758 
f 6948//6759 7051//6759 7052//6759 6949//6759 
f 6844//6760 6953//6760 7053//6760 6950//6760 
f 6843//6761 6951//6761 7054//6761 6952//6761 
f 6952//6762 7055//6762 7056//6762 6953//6762 
f 6954//6763 7057//6763 6956//6763 6846//6763 
f 6955//6764 6956//6764 7058//6764 7059//6764 
f 6955//6765 7059//6765 6957//6765 6848//6765 
f 6849//6766 6957//6766 7060//6766 6958//6766 
f 6959//6767 6850//6767 6958//6767 7061//6767 
f 6851//6768 6959//6768 7062//6768 6960//6768 
f 6964//6769 6855//6769 6960//6769 7063//6769 
f 6856//6770 6965//6770 7064//6770 6961//6770 
f 6852//6771 6961//6771 7065//6771 6962//6771 
f 6963//6772 6853//6772 6962//6772 7066//6772 
f 7067//6773 6965//6773 6964//6773 7068//6773 
f 6967//6774 6857//6774 6966//6774 7069//6774 
f 6971//6775 7070//6775 6966//6775 6861//6775 
f 6967//6776 7071//6776 6968//6776 6858//6776 
f 7072//6777 6969//6777 6859//6777 6968//6777 
f 6969//6778 7073//6778 6970//6778 6860//6778 
f 6972//6779 6862//6779 6970//6779 7074//6779 
f 6971//6780 6868//6780 6978//6780 7075//6780 
f 6973//6781 6863//6781 6972//6781 7076//6781 
f 6973//6782 7077//6782 6974//6782 6864//6782 
f 6865//6783 6974//6783 7078//6783 6975//6783 
f 6976//6784 6866//6784 6975//6784 7079//6784 
f 6976//6785 7080//6785 6977//6785 6867//6785 
f 6869//6786 6977//6786 7081//6786 6979//6786 
f 6870//6787 6980//6787 7082//6787 6978//6787 
f 6979//6788 7083//6788 7057//6788 6954//6788 
f 6871//6789 6981//6789 7084//6789 6980//6789 
f 7085//6790 6981//6790 6872//6790 6982//6790 
f 6984//6791 7086//6791 6982//6791 6875//6791 
f 7087//6792 6985//6792 6874//6792 6983//6792 
f 6984//6793 6985//6793 7088//6793 7089//6793 
f 7090//6794 6987//6794 6878//6794 6986//6794 
f 6987//6795 7091//6795 6988//6795 6879//6795 
f 7092//6796 6989//6796 6880//6796 6988//6796 
f 7093//6797 6990//6797 6881//6797 6989//6797 
f 7087//6798 6983//6798 6990//6798 7094//6798 
f 6991//6799 7095//6799 6992//6799 6883//6799 
f 7096//6800 6993//6800 6884//6800 6992//6800 
f 6993//6801 7097//6801 7098//6801 6885//6801 
f 6994//6802 7014//6802 6912//6802 6891//6802 
f 6994//6803 6892//6803 6995//6803 7099//6803 
f 6893//6804 6996//6804 7100//6804 6995//6804 
f 6895//6805 6998//6805 7101//6805 6996//6805 
f 6894//6806 6896//6806 6999//6806 6997//6806 
f 6997//6807 7102//6807 7103//6807 6998//6807 
f 7001//6809 7105//6809 7000//6809 6899//6809 
f 7001//6810 6900//6810 7002//6810 7106//6810 
f 7002//6811 6909//6811 7011//6811 7107//6811 
f 7006//6812 7108//6812 7003//6812 6903//6812 
f 6901//6813 7003//6813 7109//6813 7004//6813 
f 7004//6814 7110//6814 7005//6814 6902//6814 
f 7007//6815 6904//6815 7005//6815 7111//6815 
f 7006//6816 6908//6816 7010//6816 7112//6816 
f 7007//6817 7113//6817 7008//6817 6905//6817 
f 6906//6818 7008//6818 7114//6818 7009//6818 
f 7009//6819 7115//6819 7021//6819 6919//6819 
f 7116//6820 7010//6820 7000//6820 7105//6820 
f 7012//6821 7117//6821 7011//6821 6910//6821 
f 6911//6822 7013//6822 7118//6822 7012//6822 
f 7013//6823 6915//6823 7017//6823 7119//6823 
f 7120//6824 7015//6824 6913//6824 7014//6824 
f 6914//6825 7015//6825 7121//6825 7016//6825 
f 7016//6826 7122//6826 7123//6826 7017//6826 
f 7019//6827 7018//6827 7124//6827 7125//6827 
f 7126//6828 7020//6828 6923//6828 7026//6828 
f 6918//6829 7020//6829 7127//6829 7128//6829 
f 7021//6830 7129//6830 7023//6830 6920//6830 
f 7022//6831 7130//6831 7024//6831 6921//6831 
f 7022//6832 7023//6832 7131//6832 7132//6832 
f 7130//6833 7025//6833 6924//6833 7024//6833 
f 7133//6834 7134//6834 7026//6834 7025//6834 
f 6815//6835 6814//6835 7135//6835 7027//6835 
f 7027//6836 7136//6836 7137//6836 7028//6836 
f 7029//6837 7138//6837 7139//6837 7030//6837 
f 7031//6838 6927//6838 7030//6838 7140//6838 
f 7035//6841 6930//6841 7033//6841 7142//6841 
f 7033//6843 7034//6843 7144//6843 6426//6843 
f 7037//6844 6932//6844 7038//6844 7145//6844 
f 7146//6845 7038//6845 6935//6845 7040//6845 
f 7147//6848 7041//6848 6934//6848 7145//6848 
f 7146//6849 7040//6849 7041//6849 7148//6849 
f 6939//6851 7044//6851 6936//6851 7045//6851 
f 7047//6852 6944//6852 7046//6852 7149//6852 
f 7150//6853 7051//6853 6948//6853 7047//6853 
f 7151//6854 7048//6854 6946//6854 7049//6854 
f 7152//6855 7049//6855 6947//6855 7050//6855 
f 7050//6856 6949//6856 7052//6856 7153//6856 
f 7154//6857 7052//6857 7051//6857 7155//6857 
f 6953//6858 7056//6858 7156//6858 7053//6858 
f 7055//6859 7157//6859 7158//6859 7056//6859 
f 7057//6860 7159//6860 7058//6860 6956//6860 
f 7059//6861 7058//6861 7160//6861 7161//6861 
f 7059//6862 7161//6862 7060//6862 6957//6862 
f 7162//6863 7061//6863 6958//6863 7060//6863 
f 7062//6864 6959//6864 7061//6864 7163//6864 
f 7164//6865 7063//6865 6960//6865 7062//6865 
f 7067//6866 7165//6866 7064//6866 6965//6866 
f 6961//6867 7064//6867 7166//6867 7065//6867 
f 7066//6868 6962//6868 7065//6868 7167//6868 
f 7067//6869 7068//6869 7168//6869 7169//6869 
f 6966//6870 7070//6870 7170//6870 7069//6870 
f 6967//6871 7069//6871 7171//6871 7071//6871 
f 6971//6872 7075//6872 7172//6872 7070//6872 
f 7072//6873 6968//6873 7071//6873 7173//6873 
f 7072//6874 7174//6874 7073//6874 6969//6874 
f 7074//6875 6970//6875 7073//6875 7175//6875 
f 6972//6876 7074//6876 7176//6876 7076//6876 
f 7082//6877 7177//6877 7075//6877 6978//6877 
f 6973//6878 7076//6878 7178//6878 7077//6878 
f 7078//6879 6974//6879 7077//6879 7179//6879 
f 7078//6880 7180//6880 7079//6880 6975//6880 
f 6976//6881 7079//6881 7181//6881 7080//6881 
f 7182//6882 7081//6882 6977//6882 7080//6882 
f 6979//6883 7081//6883 7183//6883 7083//6883 
f 6980//6884 7084//6884 7184//6884 7082//6884 
f 7057//6885 7083//6885 7185//6885 7159//6885 
f 7085//6886 7186//6886 7084//6886 6981//6886 
f 7085//6887 6982//6887 7086//6887 7187//6887 
f 6984//6888 7089//6888 7188//6888 7086//6888 
f 7087//6889 7189//6889 7088//6889 6985//6889 
f 7088//6890 7190//6890 7191//6890 7089//6890 
f 7091//6891 7192//6891 7092//6891 6988//6891 
f 7092//6892 7193//6892 7093//6892 6989//6892 
f 7094//6893 6990//6893 7093//6893 7194//6893 
f 7087//6894 7094//6894 7195//6894 7189//6894 
f 7095//6895 7196//6895 7096//6895 6992//6895 
f 7096//6896 7197//6896 7097//6896 6993//6896 
f 6994//6897 7099//6897 7120//6897 7014//6897 
f 7099//6898 6995//6898 7100//6898 7198//6898 
f 7100//6899 6996//6899 7101//6899 7199//6899 
f 6998//6900 7103//6900 7200//6900 7101//6900 
f 6997//6901 6999//6901 7201//6901 7102//6901 
f 7103//6902 7102//6902 7202//6902 7203//6902 
f 7001//6905 7106//6905 7205//6905 7105//6905 
f 7002//6906 7107//6906 7206//6906 7106//6906 
f 7207//6907 7107//6907 7011//6907 7117//6907 
f 7208//6908 7108//6908 7006//6908 7112//6908 
f 7109//6909 7003//6909 7108//6909 7209//6909 
f 7004//6910 7109//6910 7210//6910 7110//6910 
f 7005//6911 7110//6911 7211//6911 7111//6911 
f 7007//6912 7111//6912 7212//6912 7113//6912 
f 7116//6913 7213//6913 7112//6913 7010//6913 
f 7214//6914 7114//6914 7008//6914 7113//6914 
f 7009//6915 7114//6915 7215//6915 7115//6915 
f 7021//6916 7115//6916 7216//6916 7129//6916 
f 7116//6917 7105//6917 7205//6917 7217//6917 
f 7012//6918 7118//6918 7218//6918 7117//6918 
f 7118//6919 7013//6919 7119//6919 7219//6919 
f 7120//6920 7220//6920 7121//6920 7015//6920 
f 7221//6921 7222//6921 7016//6921 7121//6921 
f 7016//6922 7222//6922 7221//6922 7122//6922 
f 7124//6923 7223//6923 7224//6923 7125//6923 
f 7225//6924 7127//6924 7020//6924 7126//6924 
f 7226//6925 7126//6925 7026//6925 7134//6925 
f 7129//6926 7227//6926 7131//6926 7023//6926 
f 7228//6927 7130//6927 7022//6927 7132//6927 
f 7229//6928 7132//6928 7131//6928 7230//6928 
f 7133//6929 7025//6929 7130//6929 7228//6929 
f 7231//6930 7134//6930 7133//6930 7232//6930 
f 7233//6931 7136//6931 7027//6931 7234//6931 
f 7137//6932 7136//6932 7235//6932 7236//6932 
f 7139//6933 7138//6933 7237//6933 7238//6933 
f 7239//6934 7140//6934 7030//6934 7139//6934 
f 7031//6935 7140//6935 7240//6935 7141//6935 
f 7034//6940 7242//6940 7243//6940 7144//6940 
f 7146//6942 7147//6942 7145//6942 7038//6942 
f 7146//6946 7148//6946 7247//6946 7147//6946 
f 7150//6947 7047//6947 7149//6947 7248//6947 
f 7155//6948 7051//6948 7150//6948 7249//6948 
f 7250//6949 7151//6949 7049//6949 7152//6949 
f 7251//6950 7152//6950 7050//6950 7153//6950 
f 7154//6951 7252//6951 7153//6951 7052//6951 
f 7154//6952 7155//6952 7253//6952 7254//6952 
f 7056//6953 7158//6953 7255//6953 7156//6953 
f 7053//6954 7156//6954 7256//6954 7257//6954 
f 7157//6955 7258//6955 7259//6955 7158//6955 
f 7058//6956 7159//6956 7260//6956 7160//6956 
f 7161//6957 7160//6957 7261//6957 7262//6957 
f 7161//6958 7262//6958 7162//6958 7060//6958 
f 7162//6959 7263//6959 7163//6959 7061//6959 
f 7164//6960 7062//6960 7163//6960 7264//6960 
f 7067//6961 7169//6961 7265//6961 7165//6961 
f 7068//6962 7266//6962 7267//6962 7168//6962 
f 7170//6963 7070//6963 7172//6963 7268//6963 
f 7171//6964 7069//6964 7170//6964 7269//6964 
f 7171//6965 7270//6965 7173//6965 7071//6965 
f 7075//6966 7177//6966 7271//6966 7172//6966 
f 7072//6967 7173//6967 7272//6967 7174//6967 
f 7174//6968 7273//6968 7175//6968 7073//6968 
f 7274//6969 7176//6969 7074//6969 7175//6969 
f 7275//6970 7178//6970 7076//6970 7176//6970 
f 7082//6971 7184//6971 7276//6971 7177//6971 
f 7077//6972 7178//6972 7277//6972 7179//6972 
f 7078//6973 7179//6973 7278//6973 7180//6973 
f 7079//6974 7180//6974 7279//6974 7181//6974 
f 7182//6975 7080//6975 7181//6975 7280//6975 
f 7182//6976 7281//6976 7183//6976 7081//6976 
f 7183//6977 7282//6977 7185//6977 7083//6977 
f 7084//6978 7186//6978 7283//6978 7184//6978 
f 7159//6979 7185//6979 7284//6979 7260//6979 
f 7085//6980 7187//6980 7285//6980 7186//6980 
f 7086//6981 7188//6981 7286//6981 7187//6981 
f 7287//6982 7188//6982 7089//6982 7191//6982 
f 7088//6983 7189//6983 7288//6983 7190//6983 
f 7289//6984 7290//6984 7191//6984 7190//6984 
f 7192//6985 7291//6985 7193//6985 7092//6985 
f 7093//6986 7193//6986 7292//6986 7194//6986 
f 7195//6987 7094//6987 7194//6987 7293//6987 
f 7195//6988 7294//6988 7288//6988 7189//6988 
f 7096//6989 7196//6989 7295//6989 7197//6989 
f 7099//6990 7198//6990 7220//6990 7120//6990 
f 7198//6991 7100//6991 7199//6991 7296//6991 
f 7101//6992 7200//6992 7297//6992 7199//6992 
f 7298//6993 7205//6993 7106//6993 7206//6993 
f 7207//6994 7299//6994 7206//6994 7107//6994 
f 7218//6995 7300//6995 7207//6995 7117//6995 
f 7208//6996 7301//6996 7209//6996 7108//6996 
f 7208//6997 7112//6997 7213//6997 7302//6997 
f 7303//6998 7210//6998 7109//6998 7209//6998 
f 7110//6999 7210//6999 7304//6999 7211//6999 
f 7211//7000 7305//7000 7212//7000 7111//7000 
f 7306//7001 7214//7001 7113//7001 7212//7001 
f 7116//7002 7217//7002 7307//7002 7213//7002 
f 7214//7003 7308//7003 7215//7003 7114//7003 
f 7215//7004 7309//7004 7216//7004 7115//7004 
f 7129//7005 7216//7005 7310//7005 7227//7005 
f 7298//7006 7311//7006 7217//7006 7205//7006 
f 7118//7007 7219//7007 7312//7007 7218//7007 
f 7220//7008 7313//7008 7314//7008 7121//7008 
f 7122//7009 7221//7009 7121//7009 7314//7009 
f 7223//7010 7315//7010 7316//7010 7224//7010 
f 7317//7011 7125//7011 7224//7011 7318//7011 
f 7225//7012 7126//7012 7226//7012 7319//7012 
f 7226//7013 7134//7013 7231//7013 7320//7013 
f 7131//7014 7227//7014 7321//7014 7230//7014 
f 7228//7015 7132//7015 7229//7015 7322//7015 
f 7229//7016 7230//7016 7323//7016 7324//7016 
f 7232//7017 7133//7017 7228//7017 7322//7017 
f 7231//7018 7232//7018 7325//7018 7326//7018 
f 7327//7019 7235//7019 7136//7019 7233//7019 
f 7027//7020 7328//7020 7329//7020 7234//7020 
f 7233//7021 7234//7021 7329//7021 7330//7021 
f 7239//7022 7139//7022 7238//7022 7331//7022 
f 7239//7023 7332//7023 7240//7023 7140//7023 
f 7334//7028 7335//7028 7243//7028 7242//7028 
f 7144//7029 7243//7029 7336//7029 7337//7029 
f 7148//7034 7338//7034 7339//7034 7247//7034 
f 7150//7035 7248//7035 7340//7035 7249//7035 
f 7155//7036 7249//7036 7341//7036 7253//7036 
f 7251//7037 7342//7037 7250//7037 7152//7037 
f 7252//7038 7343//7038 7251//7038 7153//7038 
f 7154//7039 7254//7039 7344//7039 7252//7039 
f 7345//7040 7346//7040 7254//7040 7253//7040 
f 7158//7041 7259//7041 7347//7041 7255//7041 
f 7156//7042 7255//7042 7348//7042 7256//7042 
f 7261//7043 7160//7043 7260//7043 7349//7043 
f 7262//7044 7261//7044 7350//7044 7351//7044 
f 7162//7045 7262//7045 7351//7045 7263//7045 
f 7263//7046 7352//7046 7264//7046 7163//7046 
f 7169//7047 7353//7047 7354//7047 7265//7047 
f 7266//7049 7356//7049 7357//7049 7267//7049 
f 7267//7050 7358//7050 7359//7050 7168//7050 
f 7268//7051 7172//7051 7271//7051 7360//7051 
f 7170//7052 7268//7052 7361//7052 7269//7052 
f 7171//7053 7269//7053 7362//7053 7270//7053 
f 7272//7054 7173//7054 7270//7054 7363//7054 
f 7276//7055 7364//7055 7271//7055 7177//7055 
f 7272//7056 7365//7056 7273//7056 7174//7056 
f 7274//7057 7175//7057 7273//7057 7366//7057 
f 7367//7058 7275//7058 7176//7058 7274//7058 
f 7275//7059 7368//7059 7277//7059 7178//7059 
f 7369//7060 7276//7060 7184//7060 7283//7060 
f 7278//7061 7179//7061 7277//7061 7370//7061 
f 7278//7062 7371//7062 7279//7062 7180//7062 
f 7372//7063 7280//7063 7181//7063 7279//7063 
f 7182//7064 7280//7064 7373//7064 7281//7064 
f 7183//7065 7281//7065 7374//7065 7282//7065 
f 7282//7066 7375//7066 7284//7066 7185//7066 
f 7285//7067 7376//7067 7283//7067 7186//7067 
f 7349//7068 7260//7068 7284//7068 7377//7068 
f 7378//7069 7285//7069 7187//7069 7286//7069 
f 7287//7070 7379//7070 7286//7070 7188//7070 
f 7287//7071 7191//7071 7290//7071 7380//7071 
f 7289//7072 7190//7072 7288//7072 7381//7072 
f 7382//7073 7383//7073 7290//7073 7289//7073 
f 7291//7074 7384//7074 7292//7074 7193//7074 
f 7293//7075 7194//7075 7292//7075 7385//7075 
f 7195//7076 7293//7076 7386//7076 7294//7076 
f 7294//7077 7387//7077 7381//7077 7288//7077 
f 7198//7078 7296//7078 7313//7078 7220//7078 
f 7297//7079 7388//7079 7296//7079 7199//7079 
f 7298//7080 7206//7080 7299//7080 7389//7080 
f 7300//7081 7390//7081 7299//7081 7207//7081 
f 7218//7082 7312//7082 7391//7082 7300//7082 
f 7208//7083 7302//7083 7392//7083 7301//7083 
f 7303//7084 7209//7084 7301//7084 7393//7084 
f 7302//7085 7213//7085 7307//7085 7394//7085 
f 7303//7086 7395//7086 7304//7086 7210//7086 
f 7211//7087 7304//7087 7396//7087 7305//7087 
f 7306//7088 7212//7088 7305//7088 7397//7088 
f 7306//7089 7398//7089 7308//7089 7214//7089 
f 7307//7090 7217//7090 7311//7090 7399//7090 
f 7215//7091 7308//7091 7400//7091 7309//7091 
f 7310//7092 7216//7092 7309//7092 7401//7092 
f 7227//7093 7310//7093 7402//7093 7321//7093 
f 7298//7094 7389//7094 7403//7094 7311//7094 
f 7315//7097 7329//7097 7328//7097 7316//7097 
f 7405//7098 7319//7098 7226//7098 7320//7098 
f 7231//7099 7326//7099 7406//7099 7320//7099 
f 7321//7100 7407//7100 7323//7100 7230//7100 
f 7322//7101 7229//7101 7324//7101 7408//7101 
f 7409//7102 7324//7102 7323//7102 7410//7102 
f 7232//7103 7322//7103 7408//7103 7325//7103 
f 7326//7104 7325//7104 7411//7104 7412//7104 
f 7327//7105 7413//7105 7414//7105 7235//7105 
f 7315//7107 7416//7107 7330//7107 7329//7107 
f 7239//7109 7331//7109 7417//7109 7332//7109 
f 7334//7110 7242//7110 7240//7110 7332//7110 
f 7243//7112 7335//7112 7419//7112 7336//7112 
f 7420//7113 7421//7113 7339//7113 7338//7113 
f 7249//7114 7340//7114 7422//7114 7341//7114 
f 7423//7115 7342//7115 7251//7115 7343//7115 
f 7424//7116 7343//7116 7252//7116 7344//7116 
f 7425//7117 7344//7117 7254//7117 7346//7117 
f 7345//7118 7426//7118 7427//7118 7346//7118 
f 7347//7119 7428//7119 7348//7119 7255//7119 
f 7261//7121 7349//7121 7430//7121 7350//7121 
f 7351//7122 7350//7122 7431//7122 7432//7122 
f 7263//7123 7351//7123 7432//7123 7352//7123 
f 7434//7126 7357//7126 7356//7126 7435//7126 
f 7267//7127 7357//7127 7436//7127 7358//7127 
f 7359//7128 7358//7128 7437//7128 7438//7128 
f 7439//7129 7360//7129 7271//7129 7364//7129 
f 7361//7130 7268//7130 7360//7130 7440//7130 
f 7361//7131 7441//7131 7362//7131 7269//7131 
f 7442//7132 7363//7132 7270//7132 7362//7132 
f 7443//7133 7365//7133 7272//7133 7363//7133 
f 7369//7134 7444//7134 7364//7134 7276//7134 
f 7365//7135 7445//7135 7366//7135 7273//7135 
f 7367//7136 7274//7136 7366//7136 7446//7136 
f 7367//7137 7447//7137 7368//7137 7275//7137 
f 7368//7138 7448//7138 7370//7138 7277//7138 
f 7449//7139 7369//7139 7283//7139 7376//7139 
f 7450//7140 7371//7140 7278//7140 7370//7140 
f 7372//7141 7279//7141 7371//7141 7451//7141 
f 7372//7142 7452//7142 7373//7142 7280//7142 
f 7373//7143 7453//7143 7374//7143 7281//7143 
f 7282//7144 7374//7144 7454//7144 7375//7144 
f 7375//7145 7455//7145 7377//7145 7284//7145 
f 7378//7146 7456//7146 7376//7146 7285//7146 
f 7349//7147 7377//7147 7457//7147 7430//7147 
f 7378//7148 7286//7148 7379//7148 7458//7148 
f 7459//7149 7379//7149 7287//7149 7380//7149 
f 7383//7150 7460//7150 7380//7150 7290//7150 
f 7382//7151 7289//7151 7381//7151 7461//7151 
f 7382//7152 7462//7152 7463//7152 7383//7152 
f 7384//7153 7464//7153 7385//7153 7292//7153 
f 7465//7154 7386//7154 7293//7154 7385//7154 
f 7466//7155 7387//7155 7294//7155 7386//7155 
f 7467//7156 7461//7156 7381//7156 7387//7156 
f 7122//7157 7313//7157 7296//7157 7388//7157 
f 7390//7158 7468//7158 7389//7158 7299//7158 
f 7300//7159 7391//7159 7469//7159 7390//7159 
f 7302//7160 7394//7160 7470//7160 7392//7160 
f 7471//7161 7393//7161 7301//7161 7392//7161 
f 7303//7162 7393//7162 7472//7162 7395//7162 
f 7473//7163 7394//7163 7307//7163 7399//7163 
f 7304//7164 7395//7164 7474//7164 7396//7164 
f 7305//7165 7396//7165 7475//7165 7397//7165 
f 7306//7166 7397//7166 7476//7166 7398//7166 
f 7400//7167 7308//7167 7398//7167 7477//7167 
f 7478//7168 7399//7168 7311//7168 7403//7168 
f 7309//7169 7400//7169 7479//7169 7401//7169 
f 7310//7170 7401//7170 7480//7170 7402//7170 
f 7402//7171 7481//7171 7407//7171 7321//7171 
f 7482//7172 7403//7172 7389//7172 7468//7172 
f 7406//7174 7326//7174 7412//7174 7483//7174 
f 7484//7175 7410//7175 7323//7175 7407//7175 
f 7485//7176 7408//7176 7324//7176 7409//7176 
f 7486//7177 7409//7177 7410//7177 7487//7177 
f 7485//7178 7411//7178 7325//7178 7408//7178 
f 7488//7179 7412//7179 7411//7179 7489//7179 
f 7330//7182 7490//7182 7235//7182 7414//7182 
f 7334//7184 7332//7184 7417//7184 7491//7184 
f 7335//7187 7492//7187 7493//7187 7419//7187 
f 7494//7188 7495//7188 7336//7188 7419//7188 
f 7497//7190 7422//7190 7340//7190 7498//7190 
f 7500//7192 7423//7192 7343//7192 7424//7192 
f 7424//7193 7344//7193 7425//7193 7501//7193 
f 7425//7194 7346//7194 7427//7194 7502//7194 
f 7345//7195 7503//7195 7504//7195 7426//7195 
f 7427//7196 7426//7196 7505//7196 7506//7196 
f 7350//7199 7430//7199 7508//7199 7431//7199 
f 7165//7200 7433//7200 7509//7200 7510//7200 
f 7434//7201 7511//7201 7436//7201 7357//7201 
f 7434//7202 7435//7202 7512//7202 7513//7202 
f 7358//7203 7436//7203 7514//7203 7437//7203 
f 7438//7204 7437//7204 7515//7204 7516//7204 
f 7517//7205 7518//7205 7359//7205 7438//7205 
f 7439//7206 7519//7206 7440//7206 7360//7206 
f 7444//7207 7520//7207 7439//7207 7364//7207 
f 7521//7208 7441//7208 7361//7208 7440//7208 
f 7442//7209 7362//7209 7441//7209 7522//7209 
f 7442//7210 7523//7210 7443//7210 7363//7210 
f 7443//7211 7524//7211 7445//7211 7365//7211 
f 7449//7212 7525//7212 7444//7212 7369//7212 
f 7526//7213 7446//7213 7366//7213 7445//7213 
f 7367//7214 7446//7214 7527//7214 7447//7214 
f 7528//7215 7448//7215 7368//7215 7447//7215 
f 7450//7216 7370//7216 7448//7216 7529//7216 
f 7450//7218 7531//7218 7451//7218 7371//7218 
f 7372//7219 7451//7219 7532//7219 7452//7219 
f 7373//7220 7452//7220 7533//7220 7453//7220 
f 7534//7221 7454//7221 7374//7221 7453//7221 
f 7375//7222 7454//7222 7535//7222 7455//7222 
f 7455//7223 7536//7223 7457//7223 7377//7223 
f 7378//7224 7458//7224 7537//7224 7456//7224 
f 7430//7226 7457//7226 7538//7226 7508//7226 
f 7459//7227 7539//7227 7458//7227 7379//7227 
f 7459//7228 7380//7228 7460//7228 7540//7228 
f 7383//7229 7463//7229 7541//7229 7460//7229 
f 7382//7230 7461//7230 7542//7230 7462//7230 
f 7543//7231 7463//7231 7462//7231 7544//7231 
f 7465//7232 7385//7232 7464//7232 7545//7232 
f 7466//7233 7386//7233 7465//7233 7546//7233 
f 7547//7234 7467//7234 7387//7234 7466//7234 
f 7548//7235 7542//7235 7461//7235 7467//7235 
f 7390//7236 7469//7236 7549//7236 7468//7236 
f 7473//7237 7550//7237 7470//7237 7394//7237 
f 7471//7238 7392//7238 7470//7238 7551//7238 
f 7471//7239 7552//7239 7472//7239 7393//7239 
f 7553//7240 7474//7240 7395//7240 7472//7240 
f 7478//7241 7554//7241 7473//7241 7399//7241 
f 7555//7242 7475//7242 7396//7242 7474//7242 
f 7476//7243 7397//7243 7475//7243 7556//7243 
f 7476//7244 7557//7244 7477//7244 7398//7244 
f 7400//7245 7477//7245 7558//7245 7479//7245 
f 7482//7246 7559//7246 7478//7246 7403//7246 
f 7401//7247 7479//7247 7560//7247 7480//7247 
f 7402//7248 7480//7248 7561//7248 7481//7248 
f 7407//7249 7481//7249 7562//7249 7484//7249 
f 7482//7250 7468//7250 7549//7250 7563//7250 
f 7483//7251 7412//7251 7488//7251 7564//7251 
f 7565//7252 7406//7252 7483//7252 7566//7252 
f 7484//7253 7567//7253 7487//7253 7410//7253 
f 7568//7254 7485//7254 7409//7254 7486//7254 
f 7486//7255 7487//7255 7569//7255 7570//7255 
f 7568//7256 7489//7256 7411//7256 7485//7256 
f 7490//7257 7488//7257 7489//7257 7571//7257 
f 7330//7258 7564//7258 7488//7258 7490//7258 
f 7235//7259 7490//7259 7571//7259 7572//7259 
f 7419//7260 7493//7260 7573//7260 7494//7260 
f 7575//7263 7576//7263 7497//7263 7498//7263 
f 7500//7266 7424//7266 7501//7266 7578//7266 
f 7579//7267 7502//7267 7427//7267 7506//7267 
f 7426//7268 7504//7268 7580//7268 7505//7268 
f 7505//7269 7581//7269 7582//7269 7506//7269 
f 7507//7270 7348//7270 7583//7270 7584//7270 
f 7509//7272 7433//7272 7586//7272 7587//7272 
f 7588//7273 7511//7273 7434//7273 7513//7273 
f 7436//7274 7511//7274 7589//7274 7514//7274 
f 7513//7275 7512//7275 7590//7275 7591//7275 
f 7514//7276 7592//7276 7515//7276 7437//7276 
f 7517//7277 7438//7277 7516//7277 7593//7277 
f 7594//7278 7595//7278 7518//7278 7517//7278 
f 7596//7279 7519//7279 7439//7279 7520//7279 
f 7521//7280 7440//7280 7519//7280 7597//7280 
f 7444//7281 7525//7281 7598//7281 7520//7281 
f 7521//7282 7599//7282 7522//7282 7441//7282 
f 7442//7283 7522//7283 7600//7283 7523//7283 
f 7443//7284 7523//7284 7601//7284 7524//7284 
f 7526//7285 7445//7285 7524//7285 7602//7285 
f 7449//7286 7456//7286 7603//7286 7525//7286 
f 7526//7287 7604//7287 7527//7287 7446//7287 
f 7528//7288 7447//7288 7527//7288 7605//7288 
f 7528//7289 7606//7289 7529//7289 7448//7289 
f 7450//7290 7529//7290 7607//7290 7531//7290 
f 7451//7292 7531//7292 7608//7292 7532//7292 
f 7532//7293 7609//7293 7533//7293 7452//7293 
f 7610//7294 7534//7294 7453//7294 7533//7294 
f 7534//7295 7611//7295 7535//7295 7454//7295 
f 7458//7296 7539//7296 7612//7296 7537//7296 
f 7613//7297 7603//7297 7456//7297 7537//7297 
f 7460//7299 7541//7299 7615//7299 7540//7299 
f 7459//7300 7540//7300 7616//7300 7617//7300 
f 7618//7301 7541//7301 7463//7301 7543//7301 
f 7462//7302 7542//7302 7619//7302 7544//7302 
f 7620//7303 7621//7303 7543//7303 7544//7303 
f 7546//7304 7465//7304 7545//7304 7622//7304 
f 7547//7305 7466//7305 7546//7305 7623//7305 
f 7547//7306 7624//7306 7548//7306 7467//7306 
f 7548//7307 7625//7307 7619//7307 7542//7307 
f 7554//7308 7626//7308 7550//7308 7473//7308 
f 7551//7309 7470//7309 7550//7309 7627//7309 
f 7471//7310 7551//7310 7628//7310 7552//7310 
f 7629//7311 7553//7311 7472//7311 7552//7311 
f 7630//7312 7555//7312 7474//7312 7553//7312 
f 7559//7313 7631//7313 7554//7313 7478//7313 
f 7632//7314 7556//7314 7475//7314 7555//7314 
f 7476//7315 7556//7315 7633//7315 7557//7315 
f 7557//7316 7634//7316 7558//7316 7477//7316 
f 7479//7317 7558//7317 7635//7317 7560//7317 
f 7482//7318 7563//7318 7636//7318 7559//7318 
f 7480//7319 7560//7319 7637//7319 7561//7319 
f 7561//7320 7638//7320 7562//7320 7481//7320 
f 7562//7321 7639//7321 7567//7321 7484//7321 
f 7566//7322 7483//7322 7564//7322 7640//7322 
f 7567//7323 7641//7323 7569//7323 7487//7323 
f 7568//7324 7486//7324 7570//7324 7642//7324 
f 7643//7325 7644//7325 7570//7325 7569//7325 
f 7571//7326 7489//7326 7568//7326 7642//7326 
f 7330//7327 7645//7327 7640//7327 7564//7327 
f 7571//7328 7642//7328 7646//7328 7572//7328 
f 7498//7329 7647//7329 7648//7329 7575//7329 
f 7649//7330 7579//7330 7506//7330 7582//7330 
f 7581//7331 7505//7331 7580//7331 7650//7331 
f 7652//7333 7653//7333 7584//7333 7583//7333 
f 7655//7336 7587//7336 7586//7336 7656//7336 
f 7657//7337 7658//7337 7509//7337 7587//7337 
f 7588//7338 7659//7338 7589//7338 7511//7338 
f 7588//7339 7513//7339 7591//7339 7660//7339 
f 7514//7340 7589//7340 7661//7340 7592//7340 
f 7591//7341 7590//7341 7662//7341 7663//7341 
f 7594//7342 7517//7342 7593//7342 7664//7342 
f 7665//7343 7666//7343 7595//7343 7594//7343 
f 7596//7344 7667//7344 7597//7344 7519//7344 
f 7596//7345 7520//7345 7598//7345 7668//7345 
f 7521//7346 7597//7346 7669//7346 7599//7346 
f 7525//7347 7603//7347 7670//7347 7598//7347 
f 7522//7348 7599//7348 7671//7348 7600//7348 
f 7672//7349 7601//7349 7523//7349 7600//7349 
f 7602//7350 7524//7350 7601//7350 7673//7350 
f 7526//7351 7602//7351 7674//7351 7604//7351 
f 7527//7352 7604//7352 7675//7352 7605//7352 
f 7528//7353 7605//7353 7676//7353 7606//7353 
f 7607//7354 7529//7354 7606//7354 7677//7354 
f 7607//7355 7678//7355 7608//7355 7531//7355 
f 7532//7356 7608//7356 7679//7356 7609//7356 
f 7610//7357 7533//7357 7609//7357 7680//7357 
f 7610//7358 7681//7358 7611//7358 7534//7358 
f 7617//7359 7682//7359 7612//7359 7539//7359 
f 7613//7360 7537//7360 7612//7360 7683//7360 
f 7684//7361 7670//7361 7603//7361 7613//7361 
f 7618//7364 7685//7364 7615//7364 7541//7364 
f 7686//7365 7616//7365 7540//7365 7615//7365 
f 7617//7366 7616//7366 7687//7366 7682//7366 
f 7618//7367 7543//7367 7621//7367 7688//7367 
f 7620//7368 7544//7368 7619//7368 7689//7368 
f 7620//7369 7690//7369 7691//7369 7621//7369 
f 7623//7370 7546//7370 7622//7370 7692//7370 
f 7547//7371 7623//7371 7693//7371 7624//7371 
f 7548//7372 7624//7372 7694//7372 7625//7372 
f 7695//7373 7689//7373 7619//7373 7625//7373 
f 7554//7374 7631//7374 7696//7374 7626//7374 
f 7697//7375 7627//7375 7550//7375 7626//7375 
f 7551//7376 7627//7376 7698//7376 7628//7376 
f 7699//7377 7629//7377 7552//7377 7628//7377 
f 7700//7378 7630//7378 7553//7378 7629//7378 
f 7632//7379 7555//7379 7630//7379 7701//7379 
f 7559//7380 7636//7380 7702//7380 7631//7380 
f 7632//7381 7703//7381 7633//7381 7556//7381 
f 7633//7382 7704//7382 7634//7382 7557//7382 
f 7634//7383 7705//7383 7635//7383 7558//7383 
f 7560//7384 7635//7384 7706//7384 7637//7384 
f 7637//7385 7707//7385 7638//7385 7561//7385 
f 7562//7386 7638//7386 7708//7386 7639//7386 
f 7639//7387 7709//7387 7641//7387 7567//7387 
f 7641//7389 7711//7389 7643//7389 7569//7389 
f 7642//7390 7570//7390 7644//7390 7646//7390 
f 7643//7391 7712//7391 7713//7391 7644//7391 
f 7714//7392 7640//7392 7645//7392 7715//7392 
f 7716//7393 7649//7393 7582//7393 7717//7393 
f 7718//7396 7653//7396 7652//7396 7719//7396 
f 7720//7397 7721//7397 7584//7397 7653//7397 
f 7722//7398 7652//7398 7583//7398 7723//7398 
f 7724//7401 7657//7401 7587//7401 7655//7401 
f 7655//7402 7656//7402 7725//7402 7726//7402 
f 7661//7403 7589//7403 7659//7403 7727//7403 
f 7591//7404 7663//7404 7728//7404 7660//7404 
f 7662//7405 7729//7405 7730//7405 7663//7405 
f 7731//7406 7665//7406 7594//7406 7664//7406 
f 7732//7407 7733//7407 7666//7407 7665//7407 
f 7596//7408 7668//7408 7734//7408 7667//7408 
f 7735//7409 7669//7409 7597//7409 7667//7409 
f 7736//7410 7668//7410 7598//7410 7670//7410 
f 7737//7411 7671//7411 7599//7411 7669//7411 
f 7672//7412 7600//7412 7671//7412 7738//7412 
f 7673//7413 7601//7413 7672//7413 7739//7413 
f 7602//7414 7673//7414 7740//7414 7674//7414 
f 7674//7415 7741//7415 7742//7415 7604//7415 
f 7743//7416 7675//7416 7604//7416 7742//7416 
f 7743//7417 7676//7417 7605//7417 7675//7417 
f 7676//7418 7744//7418 7677//7418 7606//7418 
f 7607//7419 7677//7419 7745//7419 7678//7419 
f 7746//7420 7679//7420 7608//7420 7678//7420 
f 7680//7421 7609//7421 7679//7421 7747//7421 
f 7610//7422 7680//7422 7748//7422 7681//7422 
f 7682//7423 7749//7423 7683//7423 7612//7423 
f 7684//7424 7613//7424 7683//7424 7750//7424 
f 7684//7425 7751//7425 7736//7425 7670//7425 
f 7618//7426 7688//7426 7752//7426 7685//7426 
f 7685//7427 7753//7427 7686//7427 7615//7427 
f 7686//7428 7754//7428 7687//7428 7616//7428 
f 7682//7429 7687//7429 7755//7429 7749//7429 
f 7621//7430 7691//7430 7756//7430 7688//7430 
f 7620//7431 7689//7431 7757//7431 7690//7431 
f 7758//7432 7759//7432 7691//7432 7690//7432 
f 7624//7433 7693//7433 7760//7433 7694//7433 
f 7695//7434 7625//7434 7694//7434 7761//7434 
f 7695//7435 7762//7435 7757//7435 7689//7435 
f 7631//7436 7702//7436 7763//7436 7696//7436 
f 7697//7437 7626//7437 7696//7437 7764//7437 
f 7697//7438 7765//7438 7698//7438 7627//7438 
f 7699//7439 7628//7439 7698//7439 7766//7439 
f 7699//7440 7767//7440 7700//7440 7629//7440 
f 7700//7441 7768//7441 7701//7441 7630//7441 
f 7632//7442 7701//7442 7769//7442 7703//7442 
f 7703//7443 7770//7443 7704//7443 7633//7443 
f 7634//7444 7704//7444 7771//7444 7705//7444 
f 7706//7445 7635//7445 7705//7445 7772//7445 
f 7706//7446 7773//7446 7707//7446 7637//7446 
f 7638//7447 7707//7447 7774//7447 7708//7447 
f 7708//7448 7775//7448 7709//7448 7639//7448 
f 7711//7453 7777//7453 7712//7453 7643//7453 
f 7644//7454 7778//7454 7779//7454 7646//7454 
f 7644//7455 7713//7455 7780//7455 7781//7455 
f 7582//7456 7650//7456 7782//7456 7717//7456 
f 7783//7457 7716//7457 7717//7457 7784//7457 
f 7785//7458 7720//7458 7653//7458 7718//7458 
f 7722//7459 7786//7459 7719//7459 7652//7459 
f 7787//7460 7788//7460 7718//7460 7719//7460 
f 7789//7461 7790//7461 7721//7461 7720//7461 
f 7728//7462 7663//7462 7730//7462 7791//7462 
f 7792//7463 7730//7463 7729//7463 7793//7463 
f 7732//7464 7665//7464 7731//7464 7794//7464 
f 7795//7465 7796//7465 7733//7465 7732//7465 
f 7666//7466 7733//7466 7797//7466 7798//7466 
f 7736//7467 7799//7467 7734//7467 7668//7467 
f 7735//7468 7667//7468 7734//7468 7800//7468 
f 7737//7469 7669//7469 7735//7469 7801//7469 
f 7802//7470 7738//7470 7671//7470 7737//7470 
f 7672//7471 7738//7471 7803//7471 7739//7471 
f 7673//7472 7739//7472 7804//7472 7740//7472 
f 7674//7473 7740//7473 7805//7473 7741//7473 
f 7806//7474 7807//7474 7742//7474 7741//7474 
f 7743//7475 7742//7475 7807//7475 7808//7475 
f 7743//7476 7808//7476 7744//7476 7676//7476 
f 7809//7477 7745//7477 7677//7477 7744//7477 
f 7746//7478 7678//7478 7745//7478 7810//7478 
f 7811//7479 7747//7479 7679//7479 7746//7479 
f 7680//7480 7747//7480 7812//7480 7748//7480 
f 7749//7481 7813//7481 7750//7481 7683//7481 
f 7684//7482 7750//7482 7814//7482 7751//7482 
f 7815//7483 7799//7483 7736//7483 7751//7483 
f 7752//7484 7688//7484 7756//7484 7816//7484 
f 7685//7485 7752//7485 7817//7485 7753//7485 
f 7686//7486 7753//7486 7818//7486 7754//7486 
f 7754//7487 7819//7487 7755//7487 7687//7487 
f 7749//7488 7755//7488 7820//7488 7813//7488 
f 7756//7489 7691//7489 7759//7489 7821//7489 
f 7758//7490 7690//7490 7757//7490 7822//7490 
f 7758//7491 7823//7491 7824//7491 7759//7491 
f 7761//7492 7694//7492 7760//7492 7825//7492 
f 7695//7493 7761//7493 7826//7493 7762//7493 
f 7762//7494 7827//7494 7822//7494 7757//7494 
f 7697//7495 7764//7495 7828//7495 7765//7495 
f 7766//7496 7698//7496 7765//7496 7829//7496 
f 7699//7497 7766//7497 7830//7497 7767//7497 
f 7767//7498 7831//7498 7768//7498 7700//7498 
f 7769//7499 7701//7499 7768//7499 7832//7499 
f 7703//7500 7769//7500 7833//7500 7770//7500 
f 7704//7501 7770//7501 7834//7501 7771//7501 
f 7705//7502 7771//7502 7835//7502 7772//7502 
f 7706//7503 7772//7503 7836//7503 7773//7503 
f 7707//7504 7773//7504 7837//7504 7774//7504 
f 7708//7505 7774//7505 7838//7505 7775//7505 
f 7711//7507 7839//7507 7840//7507 7777//7507 
f 7644//7508 7781//7508 7841//7508 7778//7508 
f 7781//7509 7779//7509 7778//7509 7841//7509 
f 7781//7510 7842//7510 7646//7510 7779//7510 
f 7781//7511 7780//7511 7713//7511 7843//7511 
f 7782//7512 7844//7512 7784//7512 7717//7512 
f 7845//7513 7846//7513 7716//7513 7783//7513 
f 7847//7514 7783//7514 7784//7514 7848//7514 
f 7789//7515 7720//7515 7785//7515 7849//7515 
f 7785//7516 7718//7516 7788//7516 7850//7516 
f 7787//7517 7719//7517 7786//7517 7851//7517 
f 7787//7518 7852//7518 7853//7518 7788//7518 
f 7792//7520 7855//7520 7791//7520 7730//7520 
f 7792//7521 7793//7521 7856//7521 7857//7521 
f 7795//7522 7732//7522 7794//7522 7858//7522 
f 7859//7523 7800//7523 7734//7523 7799//7523 
f 7735//7524 7800//7524 7860//7524 7801//7524 
f 7802//7525 7737//7525 7801//7525 7861//7525 
f 7802//7526 7862//7526 7803//7526 7738//7526 
f 7863//7527 7804//7527 7739//7527 7803//7527 
f 7804//7528 7864//7528 7805//7528 7740//7528 
f 7806//7529 7741//7529 7805//7529 7865//7529 
f 7806//7530 7866//7530 7867//7530 7807//7530 
f 7808//7531 7807//7531 7867//7531 7868//7531 
f 7809//7532 7744//7532 7808//7532 7868//7532 
f 7809//7533 7869//7533 7810//7533 7745//7533 
f 7870//7534 7811//7534 7746//7534 7810//7534 
f 7811//7535 7871//7535 7812//7535 7747//7535 
f 7750//7536 7813//7536 7872//7536 7814//7536 
f 7815//7537 7751//7537 7814//7537 7873//7537 
f 7815//7538 7874//7538 7859//7538 7799//7538 
f 7875//7539 7816//7539 7756//7539 7821//7539 
f 7752//7540 7816//7540 7876//7540 7817//7540 
f 7817//7541 7877//7541 7818//7541 7753//7541 
f 7754//7542 7818//7542 7878//7542 7819//7542 
f 7755//7543 7819//7543 7879//7543 7820//7543 
f 7880//7544 7872//7544 7813//7544 7820//7544 
f 7824//7545 7881//7545 7821//7545 7759//7545 
f 7758//7546 7822//7546 7882//7546 7823//7546 
f 7883//7547 7824//7547 7823//7547 7884//7547 
f 7761//7548 7825//7548 7885//7548 7826//7548 
f 7762//7549 7826//7549 7886//7549 7827//7549 
f 7822//7550 7827//7550 7887//7550 7882//7550 
f 7765//7551 7828//7551 7888//7551 7829//7551 
f 7766//7552 7829//7552 7889//7552 7830//7552 
f 7767//7553 7830//7553 7890//7553 7831//7553 
f 7831//7554 7891//7554 7832//7554 7768//7554 
f 7769//7555 7832//7555 7892//7555 7833//7555 
f 7833//7556 7893//7556 7834//7556 7770//7556 
f 7834//7557 7894//7557 7835//7557 7771//7557 
f 7894//7558 7895//7558 7772//7558 7835//7558 
f 7836//7559 7772//7559 7896//7559 7897//7559 
f 7837//7560 7773//7560 7836//7560 7898//7560 
f 7774//7561 7837//7561 7899//7561 7838//7561 
f 7781//7563 7843//7563 7901//7563 7842//7563 
f 7902//7564 7848//7564 7784//7564 7844//7564 
f 7845//7565 7903//7565 7904//7565 7846//7565 
f 7847//7566 7905//7566 7845//7566 7783//7566 
f 7906//7567 7907//7567 7847//7567 7848//7567 
f 7908//7568 7849//7568 7785//7568 7850//7568 
f 7789//7569 7849//7569 7909//7569 7910//7569 
f 7911//7570 7850//7570 7788//7570 7853//7570 
f 7787//7571 7851//7571 7912//7571 7852//7571 
f 7852//7572 7913//7572 7914//7572 7853//7572 
f 7792//7575 7857//7575 7916//7575 7855//7575 
f 7917//7576 7857//7576 7856//7576 7918//7576 
f 7859//7577 7919//7577 7860//7577 7800//7577 
f 7920//7578 7861//7578 7801//7578 7860//7578 
f 7802//7579 7861//7579 7921//7579 7862//7579 
f 7863//7580 7803//7580 7862//7580 7922//7580 
f 7923//7581 7864//7581 7804//7581 7863//7581 
f 7865//7582 7805//7582 7864//7582 7924//7582 
f 7806//7583 7865//7583 7925//7583 7866//7583 
f 7926//7584 7927//7584 7867//7584 7866//7584 
f 7927//7585 7928//7585 7868//7585 7867//7585 
f 7809//7586 7868//7586 7928//7586 7869//7586 
f 7870//7587 7810//7587 7869//7587 7929//7587 
f 7870//7588 7930//7588 7871//7588 7811//7588 
f 7931//7589 7873//7589 7814//7589 7872//7589 
f 7815//7590 7873//7590 7932//7590 7874//7590 
f 7933//7591 7919//7591 7859//7591 7874//7591 
f 7876//7592 7816//7592 7875//7592 7934//7592 
f 7935//7593 7875//7593 7821//7593 7881//7593 
f 7817//7594 7876//7594 7936//7594 7877//7594 
f 7818//7595 7877//7595 7937//7595 7878//7595 
f 7878//7596 7938//7596 7879//7596 7819//7596 
f 7880//7597 7820//7597 7879//7597 7939//7597 
f 7880//7598 7940//7598 7931//7598 7872//7598 
f 7882//7600 7942//7600 7884//7600 7823//7600 
f 7943//7602 7944//7602 7883//7602 7884//7602 
f 7946//7604 7887//7604 7827//7604 7947//7604 
f 7882//7605 7887//7605 7948//7605 7942//7605 
f 7829//7606 7888//7606 7949//7606 7889//7606 
f 7830//7607 7889//7607 7950//7607 7890//7607 
f 7951//7608 7891//7608 7831//7608 7890//7608 
f 7892//7609 7832//7609 7891//7609 7952//7609 
f 7833//7610 7892//7610 7953//7610 7893//7610 
f 7893//7611 7954//7611 7894//7611 7834//7611 
f 7896//7615 7956//7615 7957//7615 7897//7615 
f 7898//7616 7836//7616 7897//7616 7958//7616 
f 7837//7617 7898//7617 7959//7617 7899//7617 
f 7906//7620 7848//7620 7902//7620 7961//7620 
f 7963//7622 7964//7622 7904//7622 7903//7622 
f 7904//7623 7965//7623 7966//7623 7846//7623 
f 7907//7624 7967//7624 7905//7624 7847//7624 
f 7906//7626 7968//7626 7969//7626 7907//7626 
f 7908//7627 7970//7627 7971//7627 7849//7627 
f 7911//7628 7972//7628 7908//7628 7850//7628 
f 7911//7632 7853//7632 7914//7632 7975//7632 
f 7852//7633 7912//7633 7976//7633 7913//7633 
f 7977//7634 7978//7634 7914//7634 7913//7634 
f 7789//7635 7979//7635 7980//7635 7915//7635 
f 7917//7636 7981//7636 7916//7636 7857//7636 
f 7982//7637 7983//7637 7917//7637 7918//7637 
f 7920//7638 7860//7638 7919//7638 7984//7638 
f 7920//7639 7985//7639 7921//7639 7861//7639 
f 7922//7640 7862//7640 7921//7640 7986//7640 
f 7923//7641 7863//7641 7922//7641 7987//7641 
f 7923//7642 7988//7642 7924//7642 7864//7642 
f 7865//7643 7924//7643 7989//7643 7925//7643 
f 7926//7644 7866//7644 7925//7644 7990//7644 
f 7926//7645 7991//7645 7992//7645 7927//7645 
f 7927//7646 7992//7646 7993//7646 7928//7646 
f 7929//7647 7869//7647 7928//7647 7993//7647 
f 7870//7648 7929//7648 7994//7648 7930//7648 
f 7995//7649 7932//7649 7873//7649 7931//7649 
f 7933//7650 7874//7650 7932//7650 7996//7650 
f 7933//7651 7997//7651 7984//7651 7919//7651 
f 7935//7652 7998//7652 7934//7652 7875//7652 
f 7876//7653 7934//7653 7999//7653 7936//7653 
f 7935//7654 7881//7654 8000//7654 8001//7654 
f 7877//7655 7936//7655 8002//7655 7937//7655 
f 8003//7656 7938//7656 7878//7656 7937//7656 
f 7879//7657 7938//7657 8004//7657 7939//7657 
f 7880//7658 7939//7658 8005//7658 7940//7658 
f 7995//7659 7931//7659 7940//7659 8006//7659 
f 8007//7661 7943//7661 7884//7661 7942//7661 
f 7943//7662 8008//7662 8009//7662 7944//7662 
f 7883//7663 7944//7663 8000//7663 7881//7663 
f 7946//7666 8010//7666 7948//7666 7887//7666 
f 8007//7668 7942//7668 7948//7668 8012//7668 
f 7949//7669 7888//7669 8013//7669 8014//7669 
f 7889//7670 7949//7670 8015//7670 7950//7670 
f 7951//7671 7890//7671 7950//7671 8016//7671 
f 7951//7672 8017//7672 7952//7672 7891//7672 
f 7953//7673 7892//7673 7952//7673 8018//7673 
f 7893//7674 7953//7674 8019//7674 7954//7674 
f 7954//7675 8020//7675 7956//7675 7894//7675 
f 8020//7678 8021//7678 7957//7678 7956//7678 
f 7957//7679 8022//7679 7958//7679 7897//7679 
f 7906//7680 7961//7680 8023//7680 8024//7680 
f 8025//7682 7967//7682 7907//7682 7969//7682 
f 8026//7683 8027//7683 7905//7683 7967//7683 
f 8029//7686 8030//7686 7969//7686 7968//7686 
f 7972//7687 8031//7687 7970//7687 7908//7687 
f 8032//7688 8033//7688 7971//7688 7970//7688 
f 7911//7690 7975//7690 8034//7690 7972//7690 
f 7975//7693 7914//7693 7978//7693 8035//7693 
f 7912//7694 8036//7694 8037//7694 7976//7694 
f 7977//7695 7913//7695 7976//7695 8038//7695 
f 8039//7696 8040//7696 7978//7696 7977//7696 
f 7979//7698 8041//7698 8042//7698 7980//7698 
f 7980//7699 8043//7699 8044//7699 7915//7699 
f 7983//7700 8045//7700 7981//7700 7917//7700 
f 7982//7701 8046//7701 8047//7701 7983//7701 
f 7920//7702 7984//7702 8048//7702 7985//7702 
f 8049//7703 7986//7703 7921//7703 7985//7703 
f 8050//7704 7987//7704 7922//7704 7986//7704 
f 7923//7705 7987//7705 8051//7705 7988//7705 
f 7988//7706 8052//7706 7989//7706 7924//7706 
f 8053//7707 7990//7707 7925//7707 7989//7707 
f 7926//7708 7990//7708 8054//7708 7991//7708 
f 8055//7709 8056//7709 7992//7709 7991//7709 
f 7992//7710 8056//7710 8057//7710 7993//7710 
f 7929//7711 7993//7711 8057//7711 7994//7711 
f 7995//7712 8058//7712 7996//7712 7932//7712 
f 7933//7713 7996//7713 8059//7713 7997//7713 
f 7997//7714 8060//7714 8048//7714 7984//7714 
f 8061//7715 7998//7715 7935//7715 8001//7715 
f 8062//7716 7999//7716 7934//7716 7998//7716 
f 8063//7717 8002//7717 7936//7717 7999//7717 
f 8000//7718 8064//7718 8065//7718 8001//7718 
f 8003//7719 7937//7719 8002//7719 8066//7719 
f 8003//7720 8067//7720 8004//7720 7938//7720 
f 8005//7721 7939//7721 8004//7721 8068//7721 
f 8006//7722 7940//7722 8005//7722 8069//7722 
f 7995//7723 8006//7723 8070//7723 8058//7723 
f 8007//7724 8071//7724 8008//7724 7943//7724 
f 8072//7725 8073//7725 8009//7725 8008//7725 
f 7944//7726 8009//7726 8064//7726 8000//7726 
f 8074//7727 7946//7727 7886//7727 8075//7727 
f 8078//7734 8079//7734 8012//7734 7948//7734 
f 8007//7735 8012//7735 8080//7735 8071//7735 
f 7949//7736 8014//7736 8081//7736 8015//7736 
f 8082//7737 8016//7737 7950//7737 8015//7737 
f 7951//7738 8016//7738 8083//7738 8017//7738 
f 8017//7739 8084//7739 8018//7739 7952//7739 
f 7953//7740 8018//7740 8085//7740 8019//7740 
f 7954//7741 8019//7741 8086//7741 8020//7741 
f 8020//7742 8086//7742 8087//7742 8021//7742 
f 8021//7743 8088//7743 8022//7743 7957//7743 
f 8025//7747 8090//7747 8026//7747 7967//7747 
f 8091//7748 8025//7748 7969//7748 8030//7748 
f 8092//7750 8030//7750 8029//7750 8093//7750 
f 7968//7751 8094//7751 8095//7751 8029//7751 
f 7972//7752 8034//7752 8096//7752 8031//7752 
f 8098//7754 8099//7754 8033//7754 8032//7754 
f 7979//7755 7971//7755 8033//7755 8041//7755 
f 8034//7758 7975//7758 8035//7758 8100//7758 
f 8101//7759 8035//7759 7978//7759 8040//7759 
f 8102//7760 8038//7760 7976//7760 8037//7760 
f 8039//7761 7977//7761 8038//7761 8103//7761 
f 8039//7762 8104//7762 8105//7762 8040//7762 
f 7980//7764 8042//7764 8107//7764 8043//7764 
f 7983//7765 8047//7765 8108//7765 8045//7765 
f 8109//7766 8047//7766 8046//7766 8110//7766 
f 8049//7767 7985//7767 8048//7767 8111//7767 
f 8050//7768 7986//7768 8049//7768 8112//7768 
f 8050//7769 8113//7769 8051//7769 7987//7769 
f 7988//7770 8051//7770 8114//7770 8052//7770 
f 8053//7771 7989//7771 8052//7771 8115//7771 
f 8053//7772 8116//7772 8054//7772 7990//7772 
f 7991//7773 8054//7773 8117//7773 8055//7773 
f 8055//7774 8118//7774 8119//7774 8056//7774 
f 8120//7775 8059//7775 7996//7775 8058//7775 
f 8121//7776 8060//7776 7997//7776 8059//7776 
f 8122//7777 8111//7777 8048//7777 8060//7777 
f 8062//7778 7998//7778 8061//7778 8123//7778 
f 8061//7779 8001//7779 8065//7779 8124//7779 
f 8062//7780 8125//7780 8063//7780 7999//7780 
f 8126//7781 8066//7781 8002//7781 8063//7781 
f 8127//7782 8065//7782 8064//7782 8128//7782 
f 8003//7783 8066//7783 8129//7783 8067//7783 
f 8130//7784 8068//7784 8004//7784 8067//7784 
f 8131//7785 8069//7785 8005//7785 8068//7785 
f 8006//7786 8069//7786 8132//7786 8070//7786 
f 8120//7787 8058//7787 8070//7787 8133//7787 
f 8071//7788 8134//7788 8072//7788 8008//7788 
f 8072//7789 8135//7789 8136//7789 8073//7789 
f 8009//7790 8073//7790 8128//7790 8064//7790 
f 8079//7793 8137//7793 8080//7793 8012//7793 
f 8071//7794 8080//7794 8138//7794 8134//7794 
f 8139//7795 8083//7795 8016//7795 8082//7795 
f 8082//7796 8015//7796 8140//7796 8141//7796 
f 8017//7797 8083//7797 8142//7797 8084//7797 
f 8143//7798 8085//7798 8018//7798 8084//7798 
f 8086//7799 8019//7799 8085//7799 8144//7799 
f 8086//7800 8144//7800 8145//7800 8087//7800 
f 8087//7801 8146//7801 8088//7801 8021//7801 
f 8146//7802 8147//7802 8022//7802 8088//7802 
f 8149//7805 8090//7805 8025//7805 8091//7805 
f 8150//7806 8091//7806 8030//7806 8092//7806 
f 8152//7808 8092//7808 8093//7808 8153//7808 
f 8095//7809 8094//7809 8154//7809 8155//7809 
f 8029//7810 8095//7810 8156//7810 8157//7810 
f 8096//7811 8034//7811 8100//7811 8158//7811 
f 8098//7814 8161//7814 8162//7814 8099//7814 
f 8163//7816 8098//7816 8032//7816 8164//7816 
f 8101//7819 8165//7819 8100//7819 8035//7819 
f 8101//7820 8040//7820 8105//7820 8166//7820 
f 8103//7821 8038//7821 8102//7821 8167//7821 
f 8039//7822 8103//7822 8168//7822 8104//7822 
f 8170//7825 8171//7825 8107//7825 8042//7825 
f 8109//7826 8172//7826 8108//7826 8047//7826 
f 8173//7827 8109//7827 8110//7827 8174//7827 
f 8112//7828 8049//7828 8111//7828 8175//7828 
f 8050//7829 8112//7829 8176//7829 8113//7829 
f 8177//7830 8114//7830 8051//7830 8113//7830 
f 8178//7831 8115//7831 8052//7831 8114//7831 
f 8053//7832 8115//7832 8179//7832 8116//7832 
f 8116//7833 8180//7833 8117//7833 8054//7833 
f 8120//7836 8182//7836 8121//7836 8059//7836 
f 8122//7837 8060//7837 8121//7837 8183//7837 
f 8122//7838 8184//7838 8175//7838 8111//7838 
f 8061//7839 8124//7839 8185//7839 8123//7839 
f 8062//7840 8123//7840 8186//7840 8125//7840 
f 8127//7841 8187//7841 8124//7841 8065//7841 
f 8126//7842 8063//7842 8125//7842 8188//7842 
f 8126//7843 8189//7843 8129//7843 8066//7843 
f 8127//7844 8128//7844 8190//7844 8191//7844 
f 8130//7845 8067//7845 8129//7845 8192//7845 
f 8193//7846 8131//7846 8068//7846 8130//7846 
f 8194//7847 8132//7847 8069//7847 8131//7847 
f 8070//7848 8132//7848 8195//7848 8133//7848 
f 8120//7849 8133//7849 8196//7849 8182//7849 
f 8072//7850 8134//7850 8197//7850 8135//7850 
f 8135//7851 8198//7851 8199//7851 8136//7851 
f 8136//7852 8190//7852 8128//7852 8073//7852 
f 8200//7854 8138//7854 8080//7854 8137//7854 
f 8134//7855 8138//7855 8201//7855 8197//7855 
f 8142//7856 8083//7856 8139//7856 8202//7856 
f 8139//7857 8082//7857 8141//7857 8203//7857 
f 8143//7858 8084//7858 8142//7858 8204//7858 
f 8143//7859 8205//7859 8144//7859 8085//7859 
f 8205//7860 8206//7860 8145//7860 8144//7860 
f 8087//7861 8145//7861 8207//7861 8146//7861 
f 8208//7862 8149//7862 8091//7862 8150//7862 
f 8209//7863 8150//7863 8092//7863 8152//7863 
f 8093//7866 8210//7866 8211//7866 8153//7866 
f 8153//7867 8212//7867 8213//7867 8152//7867 
f 8214//7868 8156//7868 8095//7868 8155//7868 
f 8215//7869 8157//7869 8156//7869 8214//7869 
f 8216//7870 8158//7870 8100//7870 8165//7870 
f 8217//7871 8096//7871 8158//7871 8218//7871 
f 8219//7875 8161//7875 8098//7875 8163//7875 
f 8161//7876 8220//7876 8221//7876 8162//7876 
f 8222//7877 8170//7877 8099//7877 8162//7877 
f 8163//7879 8164//7879 8217//7879 8223//7879 
f 8101//7880 8166//7880 8224//7880 8165//7880 
f 8166//7881 8105//7881 8225//7881 8226//7881 
f 8103//7882 8167//7882 8227//7882 8168//7882 
f 8168//7883 8228//7883 8229//7883 8104//7883 
f 8222//7886 8230//7886 8171//7886 8170//7886 
f 8171//7887 8231//7887 8232//7887 8107//7887 
f 8173//7888 8233//7888 8172//7888 8109//7888 
f 8234//7889 8173//7889 8174//7889 8235//7889 
f 8112//7890 8175//7890 8236//7890 8176//7890 
f 8177//7891 8113//7891 8176//7891 8237//7891 
f 8178//7892 8114//7892 8177//7892 8238//7892 
f 8239//7893 8179//7893 8115//7893 8178//7893 
f 8116//7894 8179//7894 8240//7894 8180//7894 
f 8121//7896 8182//7896 8241//7896 8183//7896 
f 8122//7897 8183//7897 8242//7897 8184//7897 
f 8184//7898 8243//7898 8236//7898 8175//7898 
f 8244//7899 8185//7899 8124//7899 8187//7899 
f 8245//7900 8186//7900 8123//7900 8185//7900 
f 8186//7901 8246//7901 8188//7901 8125//7901 
f 8127//7902 8191//7902 8247//7902 8187//7902 
f 8126//7903 8188//7903 8248//7903 8189//7903 
f 8189//7904 8249//7904 8192//7904 8129//7904 
f 8191//7905 8190//7905 8250//7905 8251//7905 
f 8193//7906 8130//7906 8192//7906 8252//7906 
f 8194//7907 8131//7907 8193//7907 8253//7907 
f 8194//7908 8254//7908 8195//7908 8132//7908 
f 8133//7909 8195//7909 8255//7909 8196//7909 
f 8256//7910 8241//7910 8182//7910 8196//7910 
f 8135//7911 8197//7911 8257//7911 8198//7911 
f 8198//7912 8258//7912 8259//7912 8199//7912 
f 8136//7913 8199//7913 8250//7913 8190//7913 
f 8200//7915 8137//7915 8261//7915 8262//7915 
f 8263//7916 8264//7916 8201//7916 8138//7916 
f 8197//7917 8201//7917 8265//7917 8257//7917 
f 8139//7918 8203//7918 8266//7918 8202//7918 
f 8142//7919 8202//7919 8267//7919 8204//7919 
f 8143//7920 8204//7920 8268//7920 8205//7920 
f 8205//7921 8268//7921 8269//7921 8206//7921 
f 8206//7922 8270//7922 8207//7922 8145//7922 
f 8146//7923 8207//7923 8271//7923 8272//7923 
f 8273//7924 8208//7924 8150//7924 8209//7924 
f 8209//7925 8152//7925 8213//7925 8274//7925 
f 8153//7926 8211//7926 8275//7926 8212//7926 
f 8276//7927 8213//7927 8212//7927 8277//7927 
f 8215//7928 8214//7928 8278//7928 8279//7928 
f 8216//7929 8280//7929 8218//7929 8158//7929 
f 8216//7930 8165//7930 8224//7930 8281//7930 
f 8282//7931 8223//7931 8217//7931 8218//7931 
f 8258//7934 8220//7934 8161//7934 8219//7934 
f 8219//7935 8163//7935 8223//7935 8283//7935 
f 8257//7936 8265//7936 8221//7936 8220//7936 
f 8284//7937 8222//7937 8162//7937 8221//7937 
f 8224//7938 8166//7938 8226//7938 8285//7938 
f 8286//7939 8287//7939 8226//7939 8225//7939 
f 8168//7940 8227//7940 8288//7940 8228//7940 
f 8289//7941 8229//7941 8228//7941 8290//7941 
f 8286//7942 8225//7942 8104//7942 8229//7942 
f 8291//7943 8230//7943 8222//7943 8284//7943 
f 8230//7944 8292//7944 8231//7944 8171//7944 
f 8234//7945 8293//7945 8233//7945 8173//7945 
f 8234//7946 8235//7946 8294//7946 8295//7946 
f 8237//7947 8176//7947 8236//7947 8296//7947 
f 8177//7948 8237//7948 8297//7948 8238//7948 
f 8298//7949 8239//7949 8178//7949 8238//7949 
f 8240//7950 8179//7950 8239//7950 8299//7950 
f 8180//7951 8240//7951 8300//7951 8301//7951 
f 8302//7952 8242//7952 8183//7952 8241//7952 
f 8184//7953 8242//7953 8303//7953 8243//7953 
f 8304//7954 8296//7954 8236//7954 8243//7954 
f 8244//7955 8305//7955 8245//7955 8185//7955 
f 8247//7956 8306//7956 8244//7956 8187//7956 
f 8245//7957 8307//7957 8246//7957 8186//7957 
f 8248//7958 8188//7958 8246//7958 8308//7958 
f 8191//7959 8251//7959 8309//7959 8247//7959 
f 8310//7960 8249//7960 8189//7960 8248//7960 
f 8192//7961 8249//7961 8311//7961 8252//7961 
f 8250//7962 8312//7962 8313//7962 8251//7962 
f 8314//7963 8253//7963 8193//7963 8252//7963 
f 8194//7964 8253//7964 8315//7964 8254//7964 
f 8316//7965 8255//7965 8195//7965 8254//7965 
f 8317//7966 8256//7966 8196//7966 8255//7966 
f 8302//7967 8241//7967 8256//7967 8318//7967 
f 8198//7968 8257//7968 8220//7968 8258//7968 
f 8258//7969 8219//7969 8283//7969 8259//7969 
f 8250//7970 8199//7970 8259//7970 8312//7970 
f 8261//7973 8319//7973 8320//7973 8262//7973 
f 8200//7974 8262//7974 8321//7974 8263//7974 
f 8321//7975 8322//7975 8264//7975 8263//7975 
f 8264//7976 8323//7976 8265//7976 8201//7976 
f 8267//7977 8202//7977 8266//7977 8324//7977 
f 8267//7978 8325//7978 8268//7978 8204//7978 
f 8268//7979 8325//7979 8326//7979 8269//7979 
f 8206//7980 8269//7980 8327//7980 8270//7980 
f 8207//7981 8270//7981 8328//7981 8271//7981 
f 8329//7982 8273//7982 8209//7982 8274//7982 
f 8330//7983 8274//7983 8213//7983 8276//7983 
f 8212//7984 8275//7984 8331//7984 8332//7984 
f 8334//7986 8276//7986 8277//7986 8335//7986 
f 8336//7987 8337//7987 8279//7987 8278//7987 
f 8338//7988 8280//7988 8216//7988 8281//7988 
f 8282//7989 8218//7989 8280//7989 8339//7989 
f 8340//7990 8281//7990 8224//7990 8285//7990 
f 8341//7991 8283//7991 8223//7991 8282//7991 
f 8323//7992 8284//7992 8221//7992 8265//7992 
f 8342//7993 8285//7993 8226//7993 8287//7993 
f 8286//7994 8343//7994 8344//7994 8287//7994 
f 8289//7995 8343//7995 8286//7995 8229//7995 
f 8289//7996 8290//7996 8345//7996 8346//7996 
f 8347//7997 8291//7997 8284//7997 8323//7997 
f 8234//7998 8295//7998 8348//7998 8293//7998 
f 8295//7999 8294//7999 8349//7999 8350//7999 
f 8237//8000 8296//8000 8351//8000 8297//8000 
f 8352//8001 8298//8001 8238//8001 8297//8001 
f 8298//8002 8353//8002 8299//8002 8239//8002 
f 8240//8003 8299//8003 8354//8003 8300//8003 
f 8302//8004 8355//8004 8303//8004 8242//8004 
f 8304//8005 8243//8005 8303//8005 8356//8005 
f 8304//8006 8357//8006 8351//8006 8296//8006 
f 8244//8007 8306//8007 8358//8007 8305//8007 
f 8245//8008 8305//8008 8359//8008 8307//8008 
f 8247//8009 8309//8009 8360//8009 8306//8009 
f 8307//8010 8361//8010 8308//8010 8246//8010 
f 8310//8011 8248//8011 8308//8011 8362//8011 
f 8310//8013 8364//8013 8311//8013 8249//8013 
f 8314//8014 8252//8014 8311//8014 8365//8014 
f 8312//8015 8341//8015 8366//8015 8313//8015 
f 8314//8017 8367//8017 8315//8017 8253//8017 
f 8316//8018 8254//8018 8315//8018 8368//8018 
f 8317//8019 8255//8019 8316//8019 8369//8019 
f 8317//8020 8370//8020 8318//8020 8256//8020 
f 8371//8021 8355//8021 8302//8021 8318//8021 
f 8312//8022 8259//8022 8283//8022 8341//8022 
f 8264//8025 8322//8025 8347//8025 8323//8025 
f 8326//8026 8325//8026 8374//8026 8375//8026 
f 8326//8027 8376//8027 8327//8027 8269//8027 
f 8327//8028 8377//8028 8328//8028 8270//8028 
f 8271//8029 8328//8029 8378//8029 8379//8029 
f 8330//8030 8380//8030 8329//8030 8274//8030 
f 8330//8031 8276//8031 8334//8031 8381//8031 
f 8332//8032 8331//8032 8382//8032 8383//8032 
f 8335//8035 8277//8035 8332//8035 8383//8035 
f 8334//8036 8335//8036 8384//8036 8385//8036 
f 8386//8037 8339//8037 8280//8037 8338//8037 
f 8338//8038 8281//8038 8340//8038 8387//8038 
f 8341//8039 8282//8039 8339//8039 8366//8039 
f 8342//8040 8388//8040 8340//8040 8285//8040 
f 8342//8041 8287//8041 8344//8041 8389//8041 
f 8390//8042 8391//8042 8344//8042 8343//8042 
f 8289//8043 8346//8043 8390//8043 8343//8043 
f 8392//8044 8345//8044 8290//8044 8393//8044 
f 8346//8045 8345//8045 8394//8045 8395//8045 
f 8295//8046 8350//8046 8396//8046 8348//8046 
f 8350//8047 8349//8047 8397//8047 8398//8047 
f 8352//8048 8297//8048 8351//8048 8399//8048 
f 8352//8049 8400//8049 8353//8049 8298//8049 
f 8353//8050 8401//8050 8354//8050 8299//8050 
f 8303//8051 8355//8051 8402//8051 8356//8051 
f 8403//8052 8357//8052 8304//8052 8356//8052 
f 8404//8053 8399//8053 8351//8053 8357//8053 
f 8358//8054 8306//8054 8360//8054 8405//8054 
f 8406//8055 8359//8055 8305//8055 8358//8055 
f 8359//8056 8407//8056 8361//8056 8307//8056 
f 8360//8057 8309//8057 8313//8057 8408//8057 
f 8362//8058 8308//8058 8361//8058 8409//8058 
f 8310//8059 8362//8059 8410//8059 8364//8059 
f 8411//8061 8365//8061 8311//8061 8364//8061 
f 8412//8062 8367//8062 8314//8062 8365//8062 
f 8413//8063 8408//8063 8313//8063 8366//8063 
f 8367//8064 8414//8064 8368//8064 8315//8064 
f 8415//8065 8369//8065 8316//8065 8368//8065 
f 8317//8066 8369//8066 8416//8066 8370//8066 
f 8371//8067 8318//8067 8370//8067 8417//8067 
f 8371//8068 8418//8068 8402//8068 8355//8068 
f 8326//8073 8375//8073 8422//8073 8376//8073 
f 8327//8074 8376//8074 8423//8074 8377//8074 
f 8377//8075 8424//8075 8378//8075 8328//8075 
f 8425//8076 8381//8076 8334//8076 8385//8076 
f 8335//8077 8383//8077 8426//8077 8384//8077 
f 8413//8078 8366//8078 8339//8078 8386//8078 
f 8386//8079 8338//8079 8387//8079 8427//8079 
f 8340//8080 8388//8080 8428//8080 8387//8080 
f 8342//8081 8389//8081 8429//8081 8388//8081 
f 8391//8082 8430//8082 8389//8082 8344//8082 
f 8392//8083 8431//8083 8394//8083 8345//8083 
f 8350//8084 8398//8084 8432//8084 8396//8084 
f 8397//8085 8433//8085 8434//8085 8398//8085 
f 8352//8086 8399//8086 8435//8086 8400//8086 
f 8353//8087 8400//8087 8436//8087 8401//8087 
f 8403//8088 8356//8088 8402//8088 8437//8088 
f 8403//8089 8438//8089 8404//8089 8357//8089 
f 8404//8090 8439//8090 8435//8090 8399//8090 
f 8360//8091 8408//8091 8440//8091 8405//8091 
f 8441//8092 8406//8092 8358//8092 8405//8092 
f 8406//8093 8442//8093 8407//8093 8359//8093 
f 8443//8094 8409//8094 8361//8094 8407//8094 
f 8410//8095 8362//8095 8409//8095 8444//8095 
f 8410//8096 8445//8096 8411//8096 8364//8096 
f 8412//8097 8365//8097 8411//8097 8446//8097 
f 8412//8098 8447//8098 8414//8098 8367//8098 
f 8413//8099 8448//8099 8440//8099 8408//8099 
f 8415//8100 8368//8100 8414//8100 8449//8100 
f 8415//8101 8450//8101 8416//8101 8369//8101 
f 8417//8102 8370//8102 8416//8102 8451//8102 
f 8371//8103 8417//8103 8452//8103 8418//8103 
f 8418//8104 8453//8104 8437//8104 8402//8104 
f 8454//8105 8455//8105 8419//8105 8261//8105 
f 8319//8106 8419//8106 8456//8106 8420//8106 
f 8377//8109 8423//8109 8458//8109 8424//8109 
f 8413//8110 8386//8110 8427//8110 8448//8110 
f 8427//8111 8387//8111 8428//8111 8459//8111 
f 8429//8112 8460//8112 8428//8112 8388//8112 
f 8461//8113 8429//8113 8389//8113 8430//8113 
f 8462//8114 8430//8114 8391//8114 8463//8114 
f 8464//8115 8394//8115 8431//8115 8465//8115 
f 8398//8116 8434//8116 8466//8116 8432//8116 
f 8433//8117 8467//8117 8468//8117 8434//8117 
f 8403//8118 8437//8118 8469//8118 8438//8118 
f 8404//8119 8438//8119 8470//8119 8439//8119 
f 8441//8120 8405//8120 8440//8120 8471//8120 
f 8441//8121 8472//8121 8442//8121 8406//8121 
f 8443//8122 8407//8122 8442//8122 8473//8122 
f 8444//8123 8409//8123 8443//8123 8474//8123 
f 8410//8124 8444//8124 8475//8124 8445//8124 
f 8446//8125 8411//8125 8445//8125 8476//8125 
f 8412//8126 8446//8126 8477//8126 8447//8126 
f 8478//8127 8449//8127 8414//8127 8447//8127 
f 8479//8128 8471//8128 8440//8128 8448//8128 
f 8415//8129 8449//8129 8480//8129 8450//8129 
f 8450//8130 8481//8130 8451//8130 8416//8130 
f 8452//8131 8417//8131 8451//8131 8482//8131 
f 8418//8132 8452//8132 8483//8132 8453//8132 
f 8437//8133 8453//8133 8484//8133 8469//8133 
f 8454//8134 8485//8134 8486//8134 8455//8134 
f 8427//8136 8459//8136 8479//8136 8448//8136 
f 8428//8137 8460//8137 8488//8137 8459//8137 
f 8461//8138 8489//8138 8460//8138 8429//8138 
f 8461//8139 8430//8139 8462//8139 8490//8139 
f 8464//8140 8465//8140 8491//8140 8492//8140 
f 8434//8141 8468//8141 8493//8141 8466//8141 
f 8468//8142 8467//8142 8494//8142 8495//8142 
f 8438//8143 8469//8143 8496//8143 8470//8143 
f 8441//8144 8471//8144 8497//8144 8472//8144 
f 8498//8145 8473//8145 8442//8145 8472//8145 
f 8499//8146 8474//8146 8443//8146 8473//8146 
f 8444//8147 8474//8147 8500//8147 8475//8147 
f 8501//8148 8476//8148 8445//8148 8475//8148 
f 8446//8149 8476//8149 8502//8149 8477//8149 
f 8478//8150 8447//8150 8477//8150 8503//8150 
f 8478//8151 8504//8151 8480//8151 8449//8151 
f 8497//8152 8471//8152 8479//8152 8505//8152 
f 8450//8153 8480//8153 8506//8153 8481//8153 
f 8507//8154 8482//8154 8451//8154 8481//8154 
f 8452//8155 8482//8155 8508//8155 8483//8155 
f 8483//8156 8509//8156 8484//8156 8453//8156 
f 8510//8157 8511//8157 8455//8157 8486//8157 
f 8479//8160 8459//8160 8488//8160 8505//8160 
f 8488//8161 8460//8161 8489//8161 8512//8161 
f 8461//8162 8490//8162 8513//8162 8489//8162 
f 8468//8163 8495//8163 8514//8163 8493//8163 
f 8494//8164 8515//8164 8516//8164 8495//8164 
f 8517//8165 8498//8165 8472//8165 8497//8165 
f 8499//8166 8473//8166 8498//8166 8518//8166 
f 8499//8167 8519//8167 8500//8167 8474//8167 
f 8501//8168 8475//8168 8500//8168 8520//8168 
f 8501//8169 8521//8169 8502//8169 8476//8169 
f 8502//8170 8522//8170 8503//8170 8477//8170 
f 8478//8171 8503//8171 8523//8171 8504//8171 
f 8506//8172 8480//8172 8504//8172 8524//8172 
f 8525//8173 8517//8173 8497//8173 8505//8173 
f 8507//8174 8481//8174 8506//8174 8526//8174 
f 8507//8175 8527//8175 8508//8175 8482//8175 
f 8508//8176 8528//8176 8509//8176 8483//8176 
f 8529//8177 8511//8177 8510//8177 8530//8177 
f 8531//8178 8510//8178 8486//8178 8532//8178 
f 8525//8179 8505//8179 8488//8179 8512//8179 
f 8533//8180 8512//8180 8489//8180 8513//8180 
f 8490//8181 8534//8181 8535//8181 8513//8181 
f 8495//8182 8516//8182 8536//8182 8514//8182 
f 8515//8183 8537//8183 8538//8183 8516//8183 
f 8517//8184 8539//8184 8518//8184 8498//8184 
f 8499//8185 8518//8185 8540//8185 8519//8185 
f 8541//8186 8520//8186 8500//8186 8519//8186 
f 8501//8187 8520//8187 8542//8187 8521//8187 
f 8521//8188 8543//8188 8522//8188 8502//8188 
f 8544//8189 8523//8189 8503//8189 8522//8189 
f 8523//8190 8545//8190 8524//8190 8504//8190 
f 8546//8191 8526//8191 8506//8191 8524//8191 
f 8525//8192 8547//8192 8539//8192 8517//8192 
f 8507//8193 8526//8193 8548//8193 8527//8193 
f 8508//8194 8527//8194 8549//8194 8528//8194 
f 8525//8195 8512//8195 8533//8195 8547//8195 
f 8533//8196 8513//8196 8535//8196 8550//8196 
f 8538//8198 8552//8198 8536//8198 8516//8198 
f 8538//8199 8537//8199 8553//8199 8554//8199 
f 8555//8200 8540//8200 8518//8200 8539//8200 
f 8541//8201 8519//8201 8540//8201 8556//8201 
f 8541//8202 8557//8202 8542//8202 8520//8202 
f 8521//8203 8542//8203 8558//8203 8543//8203 
f 8544//8204 8522//8204 8543//8204 8559//8204 
f 8544//8205 8560//8205 8545//8205 8523//8205 
f 8546//8206 8524//8206 8545//8206 8561//8206 
f 8548//8207 8526//8207 8546//8207 8562//8207 
f 8563//8208 8555//8208 8539//8208 8547//8208 
f 8548//8209 8564//8209 8549//8209 8527//8209 
f 8533//8210 8550//8210 8563//8210 8547//8210 
f 8565//8211 8566//8211 8550//8211 8535//8211 
f 8538//8214 8554//8214 8568//8214 8552//8214 
f 8554//8215 8553//8215 8569//8215 8570//8215 
f 8556//8216 8540//8216 8555//8216 8571//8216 
f 8541//8217 8556//8217 8572//8217 8557//8217 
f 8573//8218 8558//8218 8542//8218 8557//8218 
f 8558//8219 8574//8219 8559//8219 8543//8219 
f 8544//8220 8559//8220 8575//8220 8560//8220 
f 8576//8221 8561//8221 8545//8221 8560//8221 
f 8577//8222 8562//8222 8546//8222 8561//8222 
f 8548//8223 8562//8223 8578//8223 8564//8223 
f 8579//8224 8571//8224 8555//8224 8563//8224 
f 8550//8225 8566//8225 8579//8225 8563//8225 
f 8566//8226 8565//8226 8580//8226 8581//8226 
f 8568//8229 8554//8229 8570//8229 8583//8229 
f 8570//8230 8569//8230 8584//8230 8585//8230 
f 8556//8231 8571//8231 8586//8231 8572//8231 
f 8587//8232 8573//8232 8557//8232 8572//8232 
f 8573//8233 8588//8233 8574//8233 8558//8233 
f 8575//8236 8590//8236 8576//8236 8560//8236 
f 8591//8237 8577//8237 8561//8237 8576//8237 
f 8577//8238 8592//8238 8578//8238 8562//8238 
f 8579//8239 8593//8239 8586//8239 8571//8239 
f 8579//8240 8566//8240 8581//8240 8593//8240 
f 8580//8241 8565//8241 8582//8241 8594//8241 
f 8581//8242 8580//8242 8595//8242 8596//8242 
f 8583//8243 8570//8243 8585//8243 8597//8243 
f 8598//8244 8584//8244 8569//8244 8599//8244 
f 8600//8245 8585//8245 8584//8245 8601//8245 
f 8587//8246 8572//8246 8586//8246 8602//8246 
f 8587//8247 8603//8247 8588//8247 8573//8247 
f 8604//8248 8605//8248 8574//8248 8588//8248 
f 8575//8250 8574//8250 8605//8250 8590//8250 
f 8591//8251 8576//8251 8590//8251 8606//8251 
f 8591//8252 8607//8252 8592//8252 8577//8252 
f 8602//8253 8586//8253 8593//8253 8608//8253 
f 8581//8254 8596//8254 8608//8254 8593//8254 
f 8594//8255 8582//8255 8609//8255 8610//8255 
f 8580//8256 8594//8256 8611//8256 8595//8256 
f 8596//8257 8595//8257 8612//8257 8613//8257 
f 8600//8258 8614//8258 8597//8258 8585//8258 
f 8598//8259 8615//8259 8601//8259 8584//8259 
f 8616//8260 8617//8260 8600//8260 8601//8260 
f 8587//8261 8602//8261 8618//8261 8603//8261 
f 8604//8262 8588//8262 8603//8262 8619//8262 
f 8620//8263 8621//8263 8605//8263 8604//8263 
f 8606//8264 8590//8264 8605//8264 8621//8264 
f 8607//8265 8591//8265 8606//8265 8622//8265 
f 8607//8266 8623//8266 8624//8266 8592//8266 
f 8625//8267 8618//8267 8602//8267 8608//8267 
f 8625//8268 8608//8268 8596//8268 8613//8268 
f 8594//8269 8610//8269 8626//8269 8611//8269 
f 8612//8270 8595//8270 8611//8270 8627//8270 
f 8612//8271 8628//8271 8629//8271 8613//8271 
f 8600//8272 8617//8272 8630//8272 8614//8272 
f 8616//8273 8601//8273 8615//8273 8631//8273 
f 8632//8274 8619//8274 8603//8274 8618//8274 
f 8620//8275 8604//8275 8619//8275 8633//8275 
f 8620//8276 8634//8276 8635//8276 8621//8276 
f 8606//8277 8621//8277 8635//8277 8622//8277 
f 8607//8278 8636//8278 8637//8278 8623//8278 
f 8625//8279 8638//8279 8632//8279 8618//8279 
f 8625//8280 8613//8280 8629//8280 8638//8280 
f 8626//8281 8610//8281 8639//8281 8640//8281 
f 8641//8282 8627//8282 8611//8282 8626//8282 
f 8612//8283 8627//8283 8642//8283 8628//8283 
f 8643//8284 8644//8284 8629//8284 8628//8284 
f 8633//8285 8619//8285 8632//8285 8645//8285 
f 8620//8286 8633//8286 8646//8286 8634//8286 
f 8636//8287 8647//8287 8648//8287 8637//8287 
f 8645//8288 8632//8288 8638//8288 8649//8288 
f 8644//8289 8649//8289 8638//8289 8629//8289 
f 8641//8290 8626//8290 8640//8290 8650//8290 
f 8641//8291 8651//8291 8642//8291 8627//8291 
f 8643//8292 8628//8292 8642//8292 8652//8292 
f 8643//8293 8653//8293 8654//8293 8644//8293 
f 8633//8294 8645//8294 8655//8294 8646//8294 
f 8645//8295 8649//8295 8656//8295 8655//8295 
f 8656//8296 8649//8296 8644//8296 8654//8296 
f 8640//8297 8657//8297 8658//8297 8650//8297 
f 8641//8298 8650//8298 8659//8298 8651//8298 
f 8652//8299 8642//8299 8651//8299 8660//8299 
f 8643//8300 8652//8300 8661//8300 8653//8300 
f 8659//8301 8650//8301 8658//8301 8662//8301 
f 8659//8302 8663//8302 8660//8302 8651//8302 
f 8661//8303 8652//8303 8660//8303 8664//8303 
f 8665//8304 8666//8304 8662//8304 8658//8304 
f 8659//8305 8662//8305 8667//8305 8663//8305 
f 8664//8306 8660//8306 8663//8306 8668//8306 
f 8665//8307 8669//8307 8670//8307 8666//8307 
f 8667//8308 8662//8308 8666//8308 8671//8308 
f 8667//8309 8672//8309 8668//8309 8663//8309 
f 8670//8310 8673//8310 8671//8310 8666//8310 
f 8667//8311 8671//8311 8674//8311 8672//8311 
f 8675//8312 8676//8312 8677//8312 8678//8312 
f 8677//8313 8676//8313 8675//8313 8678//8313 
f 8679//8314 8680//8314 8681//8314 8682//8314 
f 8683//8315 8684//8315 8685//8315 8686//8315 
f 8687//8316 8685//8316 8684//8316 8688//8316 
f 8689//8317 8690//8317 8686//8317 8685//8317 
f 8689//8318 8685//8318 8687//8318 8691//8318 
f 8692//8319 8688//8319 8684//8319 8693//8319 
f 8694//8320 8687//8320 8688//8320 8695//8320 
f 8689//8321 8696//8321 8697//8321 8690//8321 
f 8686//8322 8690//8322 8698//8322 8699//8322 
f 8700//8323 8691//8323 8687//8323 8694//8323 
f 8689//8324 8691//8324 8701//8324 8696//8324 
f 8702//8325 8695//8325 8688//8325 8692//8325 
f 8692//8326 8693//8326 8703//8326 8704//8326 
f 8705//8327 8694//8327 8695//8327 8706//8327 
f 8707//8328 8708//8328 8697//8328 8696//8328 
f 8690//8329 8697//8329 8709//8329 8698//8329 
f 8700//8330 8710//8330 8701//8330 8691//8330 
f 8705//8331 8711//8331 8700//8331 8694//8331 
f 8707//8332 8696//8332 8701//8332 8712//8332 
f 8702//8333 8713//8333 8706//8333 8695//8333 
f 8702//8334 8692//8334 8704//8334 8714//8334 
f 8715//8335 8704//8335 8703//8335 8716//8335 
f 8717//8336 8718//8336 8705//8336 8706//8336 
f 8707//8337 8719//8337 8720//8337 8708//8337 
f 8709//8338 8697//8338 8708//8338 8721//8338 
f 8700//8339 8711//8339 8722//8339 8710//8339 
f 8701//8340 8710//8340 8723//8340 8712//8340 
f 8718//8341 8724//8341 8711//8341 8705//8341 
f 8707//8342 8712//8342 8725//8342 8719//8342 
f 8726//8343 8713//8343 8702//8343 8714//8343 
f 8717//8344 8706//8344 8713//8344 8727//8344 
f 8728//8345 8714//8345 8704//8345 8715//8345 
f 8715//8346 8716//8346 8729//8346 8730//8346 
f 8717//8347 8731//8347 8724//8347 8718//8347 
f 8732//8348 8733//8348 8720//8348 8719//8348 
f 8720//8349 6641//8349 8721//8349 8708//8349 
f 8724//8350 8734//8350 8722//8350 8711//8350 
f 8710//8351 8722//8351 8735//8351 8723//8351 
f 8736//8352 8725//8352 8712//8352 8723//8352 
f 8732//8353 8719//8353 8725//8353 8737//8353 
f 8738//8354 8727//8354 8713//8354 8726//8354 
f 8739//8355 8726//8355 8714//8355 8728//8355 
f 8728//8356 8715//8356 8730//8356 8740//8356 
f 8717//8357 8741//8357 8742//8357 8731//8357 
f 8724//8358 8731//8358 8743//8358 8734//8358 
f 8732//8359 8744//8359 8745//8359 8733//8359 
f 8733//8360 8746//8360 6641//8360 8720//8360 
f 8747//8361 8735//8361 8722//8361 8734//8361 
f 8736//8362 8723//8362 8735//8362 8748//8362 
f 8736//8363 8749//8363 8737//8363 8725//8363 
f 8732//8364 8737//8364 8750//8364 8744//8364 
f 8751//8365 8738//8365 8726//8365 8739//8365 
f 8739//8366 8728//8366 8740//8366 8752//8366 
f 8747//8367 8734//8367 8743//8367 8753//8367 
f 8744//8368 8754//8368 8755//8368 8745//8368 
f 8733//8369 8745//8369 8756//8369 8746//8369 
f 8747//8370 8757//8370 8748//8370 8735//8370 
f 8736//8371 8748//8371 8758//8371 8749//8371 
f 8759//8372 8750//8372 8737//8372 8749//8372 
f 8744//8373 8750//8373 8760//8373 8754//8373 
f 8761//8374 8751//8374 8739//8374 8752//8374 
f 8747//8375 8753//8375 8762//8375 8757//8375 
f 8745//8377 8755//8377 8764//8377 8756//8377 
f 8746//8378 8756//8378 8765//8378 8766//8378 
f 8757//8379 8767//8379 8758//8379 8748//8379 
f 8759//8380 8749//8380 8758//8380 8768//8380 
f 8759//8381 8769//8381 8760//8381 8750//8381 
f 8757//8383 8762//8383 8770//8383 8767//8383 
f 8772//8385 8764//8385 8755//8385 8771//8385 
f 8773//8386 8765//8386 8756//8386 8764//8386 
f 8767//8387 8774//8387 8768//8387 8758//8387 
f 8759//8388 8768//8388 8775//8388 8769//8388 
f 8776//8389 8777//8389 8760//8389 8769//8389 
f 8767//8391 8770//8391 8778//8391 8774//8391 
f 8773//8393 8764//8393 8772//8393 8779//8393 
f 8780//8394 8781//8394 8772//8394 8771//8394 
f 8774//8395 8782//8395 8775//8395 8768//8395 
f 8776//8396 8769//8396 8775//8396 8783//8396 
f 8776//8397 8784//8397 8785//8397 8777//8397 
f 8780//8398 8771//8398 8777//8398 8785//8398 
f 8779//8399 8772//8399 8781//8399 8786//8399 
f 8773//8400 8779//8400 8787//8400 8788//8400 
f 8780//8401 8789//8401 8790//8401 8781//8401 
f 8791//8402 8783//8402 8775//8402 8782//8402 
f 8776//8403 8783//8403 8792//8403 8784//8403 
f 8793//8404 8785//8404 8784//8404 8794//8404 
f 8780//8405 8785//8405 8793//8405 8789//8405 
f 8786//8406 8781//8406 8790//8406 8795//8406 
f 8779//8407 8786//8407 8796//8407 8787//8407 
f 8790//8408 8789//8408 8797//8408 8798//8408 
f 8791//8409 8799//8409 8792//8409 8783//8409 
f 8784//8410 8792//8410 8800//8410 8794//8410 
f 8793//8411 8794//8411 8801//8411 8802//8411 
f 8793//8412 8802//8412 8797//8412 8789//8412 
f 8790//8413 8798//8413 8803//8413 8795//8413 
f 8804//8414 8805//8414 8798//8414 8797//8414 
f 8791//8415 8806//8415 8807//8415 8799//8415 
f 8799//8416 8808//8416 8800//8416 8792//8416 
f 8809//8417 8801//8417 8794//8417 8800//8417 
f 8801//8418 8810//8418 8811//8418 8802//8418 
f 8804//8419 8797//8419 8802//8419 8811//8419 
f 8803//8420 8798//8420 8805//8420 8812//8420 
f 8813//8421 8814//8421 8805//8421 8804//8421 
f 8815//8422 8808//8422 8799//8422 8807//8422 
f 8809//8423 8800//8423 8808//8423 8816//8423 
f 8809//8424 8817//8424 8810//8424 8801//8424 
f 8810//8425 8818//8425 8819//8425 8811//8425 
f 8813//8426 8804//8426 8811//8426 8819//8426 
f 8820//8427 8812//8427 8805//8427 8814//8427 
f 8813//8428 8821//8428 8822//8428 8814//8428 
f 8815//8429 8823//8429 8816//8429 8808//8429 
f 8809//8430 8816//8430 8824//8430 8817//8430 
f 8810//8431 8817//8431 8825//8431 8818//8431 
f 8826//8432 8827//8432 8819//8432 8818//8432 
f 8813//8433 8819//8433 8827//8433 8821//8433 
f 8820//8434 8828//8434 8829//8434 8812//8434 
f 8820//8435 8814//8435 8822//8435 8830//8435 
f 8821//8436 8831//8436 8832//8436 8822//8436 
f 8816//8437 8823//8437 8833//8437 8824//8437 
f 8834//8438 8825//8438 8817//8438 8824//8438 
f 8826//8439 8818//8439 8825//8439 8835//8439 
f 8826//8440 8836//8440 8837//8440 8827//8440 
f 8837//8441 8831//8441 8821//8441 8827//8441 
f 8820//8442 8830//8442 8838//8442 8828//8442 
f 8830//8443 8822//8443 8832//8443 8839//8443 
f 8840//8444 8832//8444 8831//8444 8841//8444 
f 8834//8445 8824//8445 8833//8445 8842//8445 
f 8834//8446 8843//8446 8835//8446 8825//8446 
f 8844//8447 8836//8447 8826//8447 8835//8447 
f 8836//8448 8845//8448 8846//8448 8837//8448 
f 8837//8449 8846//8449 8841//8449 8831//8449 
f 8847//8450 8838//8450 8830//8450 8839//8450 
f 8840//8451 8848//8451 8839//8451 8832//8451 
f 8849//8452 8840//8452 8841//8452 8850//8452 
f 8844//8453 8835//8453 8843//8453 8851//8453 
f 8844//8454 8852//8454 8845//8454 8836//8454 
f 8853//8455 8854//8455 8846//8455 8845//8455 
f 8846//8456 8854//8456 8850//8456 8841//8456 
f 8848//8457 8855//8457 8847//8457 8839//8457 
f 8849//8458 8856//8458 8848//8458 8840//8458 
f 8857//8459 8849//8459 8850//8459 8858//8459 
f 8844//8460 8851//8460 8859//8460 8852//8460 
f 8852//8461 8860//8461 8853//8461 8845//8461 
f 8853//8462 8861//8462 8862//8462 8854//8462 
f 8858//8463 8850//8463 8854//8463 8862//8463 
f 8856//8464 8863//8464 8855//8464 8848//8464 
f 8857//8465 8864//8465 8856//8465 8849//8465 
f 8865//8466 8857//8466 8858//8466 8866//8466 
f 8853//8467 8860//8467 8867//8467 8861//8467 
f 8868//8468 8869//8468 8862//8468 8861//8468 
f 8858//8469 8862//8469 8869//8469 8866//8469 
f 8864//8470 8870//8470 8863//8470 8856//8470 
f 8865//8471 8871//8471 8864//8471 8857//8471 
f 8872//8472 8873//8472 8865//8472 8866//8472 
f 8867//8473 8874//8473 8868//8473 8861//8473 
f 8868//8474 8875//8474 8876//8474 8869//8474 
f 8872//8475 8866//8475 8869//8475 8876//8475 
f 8871//8476 8877//8476 8870//8476 8864//8476 
f 8873//8477 8878//8477 8871//8477 8865//8477 
f 8868//8479 8874//8479 8880//8479 8875//8479 
f 8881//8480 8882//8480 8876//8480 8875//8480 
f 8872//8481 8876//8481 8882//8481 8883//8481 
f 8871//8482 8878//8482 8884//8482 8877//8482 
f 8885//8483 8886//8483 8878//8483 8873//8483 
f 8881//8486 8875//8486 8880//8486 8887//8486 
f 8889//8488 8890//8488 8883//8488 8882//8488 
f 8886//8489 8891//8489 8884//8489 8878//8489 
f 8885//8490 8892//8490 8893//8490 8886//8490 
f 8885//8491 8873//8491 8883//8491 8890//8491 
f 8881//8492 8887//8492 8894//8492 8895//8492 
f 8896//8495 8890//8495 8889//8495 8897//8495 
f 8895//8496 8898//8496 8889//8496 8882//8496 
f 8886//8497 8893//8497 8899//8497 8891//8497 
f 8885//8498 8890//8498 8896//8498 8892//8498 
f 8892//8499 8900//8499 8901//8499 8893//8499 
f 8894//8500 8887//8500 8902//8500 8903//8500 
f 8895//8501 8894//8501 8904//8501 8898//8501 
f 8898//8502 8905//8502 8897//8502 8889//8502 
f 8896//8503 8897//8503 8906//8503 8907//8503 
f 8908//8504 8899//8504 8893//8504 8901//8504 
f 8899//8505 8909//8505 8910//8505 8891//8505 
f 8892//8506 8896//8506 8907//8506 8900//8506 
f 8900//8507 8911//8507 8912//8507 8901//8507 
f 8894//8508 8903//8508 8913//8508 8905//8508 
f 8905//8509 8898//8509 8904//8509 8894//8509 
f 8905//8510 8914//8510 8906//8510 8897//8510 
f 8915//8511 8916//8511 8907//8511 8906//8511 
f 8908//8512 8901//8512 8912//8512 8917//8512 
f 8900//8513 8907//8513 8916//8513 8911//8513 
f 8919//8515 8920//8515 8914//8515 8905//8515 
f 8915//8516 8906//8516 8914//8516 8921//8516 
f 8922//8517 8923//8517 8916//8517 8915//8517 
f 8912//8518 8924//8518 8925//8518 8917//8518 
f 8923//8519 8926//8519 8911//8519 8916//8519 
f 8920//8522 8927//8522 8921//8522 8914//8522 
f 8922//8523 8915//8523 8921//8523 8928//8523 
f 8929//8524 8930//8524 8923//8524 8922//8524 
f 8930//8525 8931//8525 8926//8525 8923//8525 
f 8928//8526 8921//8526 8927//8526 8932//8526 
f 8929//8528 8934//8528 8935//8528 8930//8528 
f 8935//8530 8936//8530 8931//8530 8930//8530 
f 8937//8531 8928//8531 8932//8531 8938//8531 
f 8939//8533 8940//8533 8934//8533 8929//8533 
f 8934//8534 8941//8534 8942//8534 8935//8534 
f 8935//8536 8942//8536 8943//8536 8936//8536 
f 8944//8537 8945//8537 8937//8537 8938//8537 
f 8945//8539 8940//8539 8939//8539 8937//8539 
f 8934//8540 8940//8540 8946//8540 8941//8540 
f 8941//8541 8947//8541 8948//8541 8942//8541 
f 8943//8542 8942//8542 8948//8542 8949//8542 
f 8944//8544 8951//8544 8952//8544 8945//8544 
f 8944//8545 8938//8545 8953//8545 8954//8545 
f 8952//8546 8946//8546 8940//8546 8945//8546 
f 8955//8547 8947//8547 8941//8547 8946//8547 
f 8956//8548 8948//8548 8947//8548 8957//8548 
f 8949//8549 8948//8549 8956//8549 8958//8549 
f 8952//8552 8951//8552 8960//8552 8961//8552 
f 8955//8553 8946//8553 8952//8553 8962//8553 
f 8955//8554 8963//8554 8957//8554 8947//8554 
f 8964//8555 8965//8555 8956//8555 8957//8555 
f 8956//8556 8965//8556 8966//8556 8958//8556 
f 8949//8557 8958//8557 8967//8557 8968//8557 
f 8951//8560 8969//8560 8970//8560 8960//8560 
f 8970//8561 8971//8561 8961//8561 8960//8561 
f 8972//8562 8962//8562 8952//8562 8961//8562 
f 8972//8563 8963//8563 8955//8563 8962//8563 
f 8973//8564 8964//8564 8957//8564 8963//8564 
f 8974//8565 8975//8565 8965//8565 8964//8565 
f 8975//8566 8976//8566 8966//8566 8965//8566 
f 8977//8567 8967//8567 8958//8567 8966//8567 
f 8968//8568 8967//8568 8978//8568 8979//8568 
f 8951//8569 8980//8569 8981//8569 8969//8569 
f 8982//8570 8971//8570 8970//8570 8969//8570 
f 8961//8571 8971//8571 8982//8571 8972//8571 
f 8972//8572 8983//8572 8973//8572 8963//8572 
f 8973//8573 8984//8573 8974//8573 8964//8573 
f 8974//8574 8985//8574 8986//8574 8975//8574 
f 8986//8575 8987//8575 8976//8575 8975//8575 
f 8977//8576 8966//8576 8976//8576 8988//8576 
f 8977//8577 8989//8577 8978//8577 8967//8577 
f 8982//8578 8969//8578 8981//8578 8990//8578 
f 8982//8579 8991//8579 8983//8579 8972//8579 
f 8983//8580 8992//8580 8984//8580 8973//8580 
f 8993//8581 8985//8581 8974//8581 8984//8581 
f 8994//8582 8995//8582 8986//8582 8985//8582 
f 8986//8583 8995//8583 8996//8583 8987//8583 
f 8987//8584 8997//8584 8988//8584 8976//8584 
f 8977//8585 8988//8585 8998//8585 8989//8585 
f 8982//8586 8990//8586 8999//8586 8991//8586 
f 8991//8587 9000//8587 8992//8587 8983//8587 
f 9001//8588 8993//8588 8984//8588 8992//8588 
f 8993//8589 9002//8589 8994//8589 8985//8589 
f 8994//8590 9003//8590 9004//8590 8995//8590 
f 8995//8591 9004//8591 9005//8591 8996//8591 
f 8987//8592 8996//8592 9006//8592 8997//8592 
f 8997//8593 9007//8593 8998//8593 8988//8593 
f 8991//8594 8999//8594 9008//8594 9000//8594 
f 9001//8595 8992//8595 9000//8595 9009//8595 
f 9001//8596 9010//8596 9002//8596 8993//8596 
f 9011//8597 9003//8597 8994//8597 9002//8597 
f 9004//8598 9003//8598 9012//8598 9013//8598 
f 9004//8599 9013//8599 9014//8599 9005//8599 
f 9006//8600 8996//8600 9005//8600 9015//8600 
f 9016//8601 9007//8601 8997//8601 9006//8601 
f 9000//8602 9008//8602 9017//8602 9009//8602 
f 9001//8603 9009//8603 9018//8603 9010//8603 
f 9010//8604 9019//8604 9011//8604 9002//8604 
f 9011//8605 9020//8605 9012//8605 9003//8605 
f 9021//8606 9022//8606 9013//8606 9012//8606 
f 9022//8607 9023//8607 9014//8607 9013//8607 
f 9015//8608 9005//8608 9014//8608 9024//8608 
f 9016//8609 9006//8609 9015//8609 9025//8609 
f 9018//8610 9009//8610 9017//8610 9026//8610 
f 9011//8613 9019//8613 9028//8613 9020//8613 
f 9021//8614 9012//8614 9020//8614 9029//8614 
f 9021//8615 9030//8615 9031//8615 9022//8615 
f 9022//8616 9031//8616 9032//8616 9023//8616 
f 9023//8617 9033//8617 9024//8617 9014//8617 
f 9015//8618 9024//8618 9034//8618 9025//8618 
f 9035//8619 9016//8619 9025//8619 9036//8619 
f 9019//8620 9018//8620 9026//8620 9037//8620 
f 9028//8622 9019//8622 9037//8622 9038//8622 
f 9028//8623 9039//8623 9029//8623 9020//8623 
f 9021//8624 9029//8624 9040//8624 9030//8624 
f 9030//8625 9041//8625 9042//8625 9031//8625 
f 9031//8626 9042//8626 9043//8626 9032//8626 
f 9023//8627 9032//8627 9044//8627 9033//8627 
f 9024//8628 9033//8628 9045//8628 9034//8628 
f 9046//8629 9036//8629 9025//8629 9034//8629 
f 9028//8630 9038//8630 9047//8630 9039//8630 
f 9039//8631 9048//8631 9040//8631 9029//8631 
f 9049//8632 9041//8632 9030//8632 9040//8632 
f 9041//8633 9050//8633 9051//8633 9042//8633 
f 9051//8634 9052//8634 9043//8634 9042//8634 
f 9032//8635 9043//8635 9053//8635 9044//8635 
f 9045//8636 9033//8636 9044//8636 9054//8636 
f 9055//8637 9046//8637 9034//8637 9045//8637 
f 9039//8638 9047//8638 9056//8638 9048//8638 
f 9049//8639 9040//8639 9048//8639 9057//8639 
f 9049//8640 9058//8640 9050//8640 9041//8640 
f 9059//8641 9060//8641 9051//8641 9050//8641 
f 9051//8642 9060//8642 9061//8642 9052//8642 
f 9062//8643 9053//8643 9043//8643 9052//8643 
f 9054//8644 9044//8644 9053//8644 9063//8644 
f 9045//8646 9065//8646 9066//8646 9055//8646 
f 9049//8647 9057//8647 9067//8647 9058//8647 
f 9058//8648 9068//8648 9059//8648 9050//8648 
f 9059//8649 9069//8649 9070//8649 9060//8649 
f 9071//8650 9061//8650 9060//8650 9070//8650 
f 9062//8651 9052//8651 9061//8651 9072//8651 
f 9063//8652 9053//8652 9062//8652 9073//8652 
f 9067//8657 9076//8657 9068//8657 9058//8657 
f 9059//8658 9068//8658 9077//8658 9069//8658 
f 9078//8659 9079//8659 9070//8659 9069//8659 
f 9071//8660 9080//8660 9072//8660 9061//8660 
f 9071//8661 9070//8661 9079//8661 9081//8661 
f 9062//8662 9072//8662 9082//8662 9073//8662 
f 9083//8663 9084//8663 9063//8663 9073//8663 
f 9076//8667 9085//8667 9077//8667 9068//8667 
f 9078//8668 9069//8668 9077//8668 9086//8668 
f 9087//8669 9088//8669 9079//8669 9078//8669 
f 9080//8670 9071//8670 9081//8670 9089//8670 
f 9080//8671 9090//8671 9082//8671 9072//8671 
f 9081//8672 9079//8672 9088//8672 9089//8672 
f 9073//8673 9082//8673 9091//8673 9092//8673 
f 9085//8676 9094//8676 9086//8676 9077//8676 
f 9095//8677 9087//8677 9078//8677 9086//8677 
f 9087//8678 9096//8678 9097//8678 9088//8678 
f 9080//8679 9089//8679 9098//8679 9090//8679 
f 9099//8680 9089//8680 9088//8680 9097//8680 
f 9095//8681 9086//8681 9094//8681 9100//8681 
f 9095//8682 9101//8682 9096//8682 9087//8682 
f 9096//8683 9102//8683 9103//8683 9097//8683 
f 9090//8685 9098//8685 9105//8685 9106//8685 
f 9099//8686 9107//8686 9105//8686 9089//8686 
f 9099//8687 9097//8687 9103//8687 9108//8687 
f 9095//8688 9100//8688 9109//8688 9101//8688 
f 9101//8689 9110//8689 9102//8689 9096//8689 
f 9102//8690 9111//8690 9112//8690 9103//8690 
f 9099//8693 9108//8693 9113//8693 9107//8693 
f 9112//8694 9114//8694 9108//8694 9103//8694 
f 9101//8695 9109//8695 9115//8695 9110//8695 
f 9111//8696 9116//8696 9117//8696 9112//8696 
f 9108//8697 9114//8697 9118//8697 9113//8697 
f 9112//8699 9117//8699 9120//8699 9114//8699 
f 9114//8700 9120//8700 9121//8700 9118//8700 
f 9118//8701 9122//8701 9123//8701 9113//8701 
f 9124//8704 7148//8704 9125//8704 9126//8704 
f 7148//8705 9124//8705 9126//8705 9125//8705 
f 9127//8706 9128//8706 9129//8706 9130//8706 
f 9127//8707 9131//8707 9132//8707 9128//8707 
f 9133//8708 9127//8708 9130//8708 9134//8708 
f 9135//8709 9131//8709 9127//8709 9133//8709 
f 9136//8710 9133//8710 9134//8710 9137//8710 
f 9138//8711 9135//8711 9133//8711 9136//8711 
f 9139//8712 9136//8712 9137//8712 9140//8712 
f 9141//8713 9138//8713 9136//8713 9139//8713 
f 9142//8714 9143//8714 9139//8714 9140//8714 
f 9143//8715 9144//8715 9141//8715 9139//8715 
f 9145//8716 9146//8716 9143//8716 9142//8716 
f 9146//8717 9147//8717 9144//8717 9143//8717 
f 9148//8718 9149//8718 9146//8718 9145//8718 
f 9145//8719 9142//8719 9150//8719 9151//8719 
f 9146//8720 9149//8720 9152//8720 9147//8720 
f 9153//8721 9154//8721 9149//8721 9148//8721 
f 9148//8722 9145//8722 9151//8722 9155//8722 
f 9154//8723 9156//8723 9152//8723 9149//8723 
f 9158//8725 9159//8725 9154//8725 9153//8725 
f 9153//8726 9148//8726 9155//8726 9160//8726 
f 9161//8727 9156//8727 9154//8727 9159//8727 
f 9163//8730 9164//8730 9159//8730 9158//8730 
f 9165//8731 9158//8731 9153//8731 9160//8731 
f 9164//8732 9166//8732 9161//8732 9159//8732 
f 9163//8733 9167//8733 9168//8733 9164//8733 
f 9169//8734 9163//8734 9158//8734 9165//8734 
f 9168//8735 9170//8735 9166//8735 9164//8735 
f 9171//8736 9167//8736 9163//8736 9169//8736 
f 9172//8737 9173//8737 9168//8737 9167//8737 
f 9174//8738 9172//8738 9167//8738 9171//8738 
f 9171//8739 9169//8739 9175//8739 9176//8739 
f 9172//8740 9177//8740 9178//8740 9173//8740 
f 9179//8741 9177//8741 9172//8741 9174//8741 
f 9174//8742 9171//8742 9176//8742 9180//8742 
f 9181//8743 9182//8743 9178//8743 9177//8743 
f 9183//8744 9181//8744 9177//8744 9179//8744 
f 9179//8745 9174//8745 9180//8745 9184//8745 
f 9185//8746 9186//8746 9182//8746 9181//8746 
f 9187//8747 9185//8747 9181//8747 9183//8747 
f 9183//8748 9179//8748 9184//8748 9188//8748 
f 9189//8749 9190//8749 9186//8749 9185//8749 
f 9187//8750 9191//8750 9189//8750 9185//8750 
f 9187//8751 9183//8751 9188//8751 9192//8751 
f 9193//8752 9191//8752 9187//8752 9192//8752 
f 9194//8753 9195//8753 9189//8753 9191//8753 
f 9192//8754 9188//8754 9196//8754 9197//8754 
f 9198//8755 9194//8755 9191//8755 9193//8755 
f 9193//8756 9192//8756 9197//8756 9199//8756 
f 9200//8757 9201//8757 9195//8757 9194//8757 
f 9202//8758 9200//8758 9194//8758 9198//8758 
f 9198//8759 9193//8759 9199//8759 9203//8759 
f 9204//8760 9205//8760 9200//8760 9202//8760 
f 9202//8761 9198//8761 9203//8761 9206//8761 
f 9207//8762 9208//8762 9205//8762 9204//8762 
f 9209//8763 9204//8763 9202//8763 9206//8763 
f 9210//8764 9207//8764 9204//8764 9209//8764 
f 9209//8765 9206//8765 9211//8765 9212//8765 
f 9213//8766 9214//8766 9207//8766 9210//8766 
f 9210//8767 9209//8767 9212//8767 9215//8767 
f 9213//8768 9210//8768 9215//8768 9216//8768 
f 9217//8769 9218//8769 9219//8769 9220//8769 
f 9227//8779 9220//8779 9225//8779 9228//8779 
f 9227//8780 9229//8780 9226//8780 9220//8780 
f 9231//8783 9232//8783 9227//8783 9228//8783 
f 9227//8784 9232//8784 9233//8784 9229//8784 
f 9231//8785 9234//8785 9235//8785 9232//8785 
f 9236//8786 9237//8786 9235//8786 9234//8786 
f 9238//8787 9237//8787 9236//8787 9239//8787 
f 9241//8789 9242//8789 9238//8789 9239//8789 
f 9241//8792 9244//8792 9245//8792 9242//8792 
f 9238//8793 9242//8793 9246//8793 9243//8793 
f 9245//8794 9244//8794 9247//8794 9248//8794 
f 9249//8795 9248//8795 9247//8795 9250//8795 
f 9249//8796 9250//8796 9251//8796 9252//8796 
f 9254//8798 9255//8798 9252//8798 9251//8798 
f 9254//8801 9257//8801 9258//8801 9255//8801 
f 9257//8802 9259//8802 9260//8802 9258//8802 
f 9259//8803 9261//8803 9262//8803 9260//8803 
f 9261//8804 9263//8804 9264//8804 9262//8804 
f 9263//8806 9266//8806 9267//8806 9264//8806 
f 9266//8809 9269//8809 9270//8809 9267//8809 
f 9279//8818 9280//8818 9278//8818 9276//8818 
f 9281//8819 9282//8819 9275//8819 9278//8819 
f 9283//8820 9280//8820 9279//8820 9284//8820 
f 9281//8821 9278//8821 9280//8821 9285//8821 
f 2934//8822 9286//8822 9282//8822 9281//8822 
f 9287//8823 9285//8823 9280//8823 9283//8823 
f 9288//8824 9289//8824 9283//8824 9284//8824 
f 2934//8825 9281//8825 9285//8825 9290//8825 
f 9287//8826 9291//8826 9290//8826 9285//8826 
f 9292//8827 9287//8827 9283//8827 9289//8827 
f 9293//8828 9289//8828 9288//8828 9294//8828 
f 9292//8829 9295//8829 9291//8829 9287//8829 
f 9296//8830 9292//8830 9289//8830 9293//8830 
f 9296//8831 9297//8831 9295//8831 9292//8831 
f 9306//8844 9307//8844 9308//8844 9309//8844 
f 9306//8845 9310//8845 9311//8845 9307//8845 
f 9308//8846 9307//8846 9312//8846 9313//8846 
f 9308//8848 9313//8848 9315//8848 9316//8848 
f 9315//8851 9317//8851 9318//8851 9316//8851 
f 6774//8852 9318//8852 9317//8852 9319//8852 
f 9325//8865 9330//8865 9328//8865 9331//8865 
f 9325//8867 9331//8867 9333//8867 9334//8867 
f 9351//8890 9352//8890 9353//8890 9348//8890 
f 9351//8891 9354//8891 9355//8891 9352//8891 
f 9356//8892 9357//8892 9348//8892 9353//8892 
f 9354//8893 9358//8893 9359//8893 9355//8893 
f 9360//8894 9361//8894 9357//8894 9356//8894 
f 9358//8895 9362//8895 9363//8895 9359//8895 
f 9360//8896 9364//8896 9365//8896 9361//8896 
f 9362//8898 9367//8898 9368//8898 9363//8898 
f 9370//8900 9365//8900 9364//8900 9371//8900 
f 9365//8901 9372//8901 9373//8901 9361//8901 
f 9367//8904 9376//8904 9377//8904 9368//8904 
f 9363//8905 9368//8905 9378//8905 9379//8905 
f 9370//8908 9381//8908 9372//8908 9365//8908 
f 9370//8909 9371//8909 9382//8909 9383//8909 
f 9376//8912 9385//8912 9386//8912 9377//8912 
f 9368//8913 9377//8913 9387//8913 9378//8913 
f 9380//8914 9363//8914 9379//8914 9388//8914 
f 9380//8915 9388//8915 9389//8915 9359//8915 
f 9370//8916 9383//8916 9390//8916 9381//8916 
f 9391//8917 9383//8917 9382//8917 9392//8917 
f 9385//8918 9393//8918 9394//8918 9386//8918 
f 9391//8919 9395//8919 9390//8919 9383//8919 
f 9396//8920 9391//8920 9392//8920 9397//8920 
f 9394//8921 9393//8921 9398//8921 9399//8921 
f 9400//8922 9396//8922 9397//8922 9401//8922 
f 9399//8923 9398//8923 9402//8923 9403//8923 
f 9401//8924 9397//8924 9404//8924 9405//8924 
f 9406//8925 9400//8925 9401//8925 9407//8925 
f 9408//8926 9403//8926 9402//8926 9409//8926 
f 9399//8927 9403//8927 9410//8927 9411//8927 
f 9407//8928 9401//8928 9405//8928 9412//8928 
f 9413//8929 9406//8929 9407//8929 9414//8929 
f 9408//8931 9409//8931 9416//8931 9417//8931 
f 9418//8933 9419//8933 9413//8933 9414//8933 
f 9416//8935 9420//8935 9421//8935 9417//8935 
f 9422//8936 9419//8936 9418//8936 9423//8936 
f 9421//8937 9420//8937 9424//8937 9425//8937 
f 9427//8939 9422//8939 9423//8939 9428//8939 
f 9425//8940 9424//8940 9429//8940 9430//8940 
f 9421//8941 9425//8941 9224//8941 9431//8941 
f 9433//8944 9427//8944 9428//8944 9434//8944 
f 9435//8945 9432//8945 9421//8945 9431//8945 
f 9436//8946 9433//8946 9434//8946 9437//8946 
f 9431//8947 9438//8947 9439//8947 9435//8947 
f 9436//8948 9437//8948 9440//8948 9441//8948 
f 9442//8949 9441//8949 9440//8949 9443//8949 
f 9444//8950 9442//8950 9443//8950 9445//8950 
f 9446//8951 9444//8951 9445//8951 9447//8951 
f 9452//8955 9451//8955 9449//8955 9453//8955 
f 9448//8956 9451//8956 9454//8956 9455//8956 
f 9452//8957 9456//8957 9454//8957 9451//8957 
f 9452//8958 9453//8958 3600//8958 9457//8958 
f 9458//8959 9459//8959 9455//8959 9454//8959 
f 9452//8960 9457//8960 9460//8960 9456//8960 
f 9456//8961 9461//8961 9458//8961 9454//8961 
f 9457//8962 3600//8962 9462//8962 9463//8962 
f 9457//8963 9464//8963 9465//8963 9460//8963 
f 9456//8964 9460//8964 9466//8964 9461//8964 
f 9457//8965 9467//8965 9468//8965 9464//8965 
f 9465//8966 9464//8966 9469//8966 9470//8966 
f 9460//8967 9465//8967 9471//8967 9466//8967 
f 9472//8968 9469//8968 9464//8968 9468//8968 
f 9470//8969 9469//8969 9473//8969 9474//8969 
f 9465//8970 9470//8970 9475//8970 9471//8970 
f 9466//8971 9471//8971 9476//8971 9477//8971 
f 9473//8974 9479//8974 9480//8974 9474//8974 
f 9470//8975 9474//8975 9481//8975 9475//8975 
f 9471//8976 9475//8976 9482//8976 9476//8976 
f 9473//8978 9472//8978 9483//8978 9479//8978 
f 9489//8989 9492//8989 9493//8989 9490//8989 
f 9495//8992 9496//8992 9492//8992 9489//8992 
f 9490//8993 9493//8993 9497//8993 9498//8993 
f 9490//8994 9498//8994 9499//8994 9494//8994 
f 9500//8995 9501//8995 9496//8995 9495//8995 
f 9495//8997 9489//8997 9503//8997 9504//8997 
f 9498//8998 9497//8998 9505//8998 9506//8998 
f 9506//9004 9505//9004 9509//9004 9510//9004 
f 9510//9007 9509//9007 9512//9007 9513//9007 
f 9514//9008 9515//9008 9513//9008 9512//9008 
f 9510//9009 9513//9009 9516//9009 9517//9009 
f 9518//9010 9519//9010 9515//9010 9514//9010 
f 9515//9011 9520//9011 9516//9011 9513//9011 
f 9518//9012 9521//9012 9522//9012 9519//9012 
f 9518//9013 9514//9013 9523//9013 9524//9013 
f 9518//9014 9524//9014 9525//9014 9521//9014 
f 9521//9015 9526//9015 9527//9015 9522//9015 
f 9528//9016 9519//9016 9522//9016 9529//9016 
f 9525//9017 9530//9017 9526//9017 9521//9017 
f 9526//9018 9531//9018 9532//9018 9527//9018 
f 9526//9019 9530//9019 9533//9019 9531//9019 
f 9532//9020 9531//9020 9534//9020 9535//9020 
f 9535//9021 9534//9021 9536//9021 9537//9021 
f 9538//9022 9536//9022 9534//9022 9539//9022 
f 9541//9028 9544//9028 9545//9028 9543//9028 
f 9543//9029 9545//9029 9546//9029 9542//9029 
f 9545//9030 9544//9030 9547//9030 9548//9030 
f 9549//9031 9546//9031 9545//9031 9548//9031 
f 9550//9032 9551//9032 9549//9032 9548//9032 
f 9551//9033 9552//9033 9553//9033 9549//9033 
f 9557//9046 4678//9046 9561//9046 9560//9046 
f 9562//9050 9565//9050 9566//9050 9563//9050 
f 9562//9053 9568//9053 9569//9053 9565//9053 
f 9563//9054 9566//9054 9570//9054 9571//9054 
f 9563//9055 9571//9055 9572//9055 9567//9055 
f 9573//9056 9574//9056 9562//9056 9567//9056 
f 9562//9057 9574//9057 9575//9057 9568//9057 
f 9568//9058 9576//9058 9577//9058 9569//9058 
f 9573//9060 9579//9060 9580//9060 9574//9060 
f 9575//9061 9581//9061 9576//9061 9568//9061 
f 9577//9062 9576//9062 9582//9062 9583//9062 
f 9582//9067 9576//9067 9581//9067 9587//9067 
f 9590//9073 9593//9073 9594//9073 9591//9073 
f 9594//9076 9593//9076 9596//9076 9597//9076 
f 9598//9077 9599//9077 9591//9077 9594//9077 
f 9597//9078 9596//9078 9600//9078 9601//9078 
f 9598//9079 9594//9079 9597//9079 9602//9079 
f 9603//9080 9604//9080 9599//9080 9598//9080 
f 9602//9081 9597//9081 9605//9081 9606//9081 
f 9603//9082 9598//9082 9602//9082 9607//9082 
f 9608//9083 9604//9083 9603//9083 9609//9083 
f 9610//9084 9607//9084 9602//9084 9606//9084 
f 9611//9085 9609//9085 9603//9085 9607//9085 
f 9612//9086 9608//9086 9609//9086 9613//9086 
f 9611//9087 9607//9087 9610//9087 9614//9087 
f 9610//9088 9606//9088 9615//9088 9616//9088 
f 9613//9089 9609//9089 9611//9089 9617//9089 
f 9618//9090 9612//9090 9613//9090 9619//9090 
f 9614//9091 9610//9091 9616//9091 9620//9091 
f 9621//9092 9617//9092 9611//9092 9614//9092 
f 9622//9093 9616//9093 9615//9093 9623//9093 
f 9624//9094 9619//9094 9613//9094 9617//9094 
f 9625//9095 9618//9095 9619//9095 9626//9095 
f 9620//9096 9616//9096 9622//9096 9627//9096 
f 9621//9097 9614//9097 9620//9097 9628//9097 
f 9624//9098 9617//9098 9621//9098 9629//9098 
f 9622//9099 9623//9099 9630//9099 9631//9099 
f 9626//9100 9619//9100 9624//9100 9632//9100 
f 9633//9101 9634//9101 9625//9101 9626//9101 
f 9635//9102 9627//9102 9622//9102 9631//9102 
f 9636//9103 9628//9103 9620//9103 9627//9103 
f 9637//9104 9629//9104 9621//9104 9628//9104 
f 9624//9105 9629//9105 9638//9105 9632//9105 
f 9639//9106 9631//9106 9630//9106 9640//9106 
f 9633//9107 9626//9107 9632//9107 9641//9107 
f 9633//9108 9642//9108 9643//9108 9634//9108 
f 9636//9109 9627//9109 9635//9109 9644//9109 
f 9645//9110 9635//9110 9631//9110 9639//9110 
f 9637//9111 9628//9111 9636//9111 9646//9111 
f 9637//9112 9647//9112 9638//9112 9629//9112 
f 9648//9113 9641//9113 9632//9113 9638//9113 
f 9639//9114 9640//9114 9649//9114 9650//9114 
f 9651//9115 9642//9115 9633//9115 9641//9115 
f 9652//9116 9653//9116 9643//9116 9642//9116 
f 9654//9117 9644//9117 9635//9117 9645//9117 
f 9646//9118 9636//9118 9644//9118 9655//9118 
f 9645//9119 9639//9119 9650//9119 9656//9119 
f 9637//9120 9646//9120 9657//9120 9647//9120 
f 9658//9121 9648//9121 9638//9121 9647//9121 
f 9651//9122 9641//9122 9648//9122 9659//9122 
f 9650//9123 9649//9123 9660//9123 9661//9123 
f 9662//9124 9652//9124 9642//9124 9651//9124 
f 9655//9125 9644//9125 9654//9125 9663//9125 
f 9654//9126 9645//9126 9656//9126 9664//9126 
f 9665//9127 9657//9127 9646//9127 9655//9127 
f 9656//9128 9650//9128 9661//9128 9666//9128 
f 9658//9129 9647//9129 9657//9129 9667//9129 
f 9658//9130 9668//9130 9659//9130 9648//9130 
f 9662//9131 9651//9131 9659//9131 9669//9131 
f 9670//9132 9661//9132 9660//9132 9671//9132 
f 9672//9133 9673//9133 9652//9133 9662//9133 
f 9663//9134 9654//9134 9664//9134 9674//9134 
f 9665//9135 9655//9135 9663//9135 9675//9135 
f 9676//9136 9664//9136 9656//9136 9666//9136 
f 9677//9137 9667//9137 9657//9137 9665//9137 
f 9666//9138 9661//9138 9670//9138 9678//9138 
f 9679//9139 9668//9139 9658//9139 9667//9139 
f 9659//9140 9668//9140 9680//9140 9669//9140 
f 9681//9141 9672//9141 9662//9141 9669//9141 
f 9682//9142 9670//9142 9671//9142 9683//9142 
f 9674//9143 9664//9143 9676//9143 9684//9143 
f 9675//9144 9663//9144 9674//9144 9685//9144 
f 9677//9145 9665//9145 9675//9145 9686//9145 
f 9676//9146 9666//9146 9678//9146 9687//9146 
f 9679//9147 9667//9147 9677//9147 9688//9147 
f 9689//9148 9678//9148 9670//9148 9682//9148 
f 9690//9149 9680//9149 9668//9149 9679//9149 
f 9681//9150 9669//9150 9680//9150 9691//9150 
f 9692//9151 9682//9151 9683//9151 9693//9151 
f 9684//9152 9676//9152 9687//9152 9694//9152 
f 9685//9153 9674//9153 9684//9153 9695//9153 
f 9686//9154 9675//9154 9685//9154 9696//9154 
f 9688//9155 9677//9155 9686//9155 9697//9155 
f 9687//9156 9678//9156 9689//9156 9698//9156 
f 9699//9157 9689//9157 9682//9157 9692//9157 
f 9695//9159 9684//9159 9694//9159 9701//9159 
f 9685//9160 9695//9160 9702//9160 9696//9160 
f 9698//9162 9689//9162 9699//9162 9704//9162 
f 9699//9164 9692//9164 9705//9164 9706//9164 
f 9695//9166 9701//9166 9707//9166 9702//9166 
f 9709//9169 9698//9169 9704//9169 9710//9169 
f 9707//9172 9701//9172 9709//9172 9711//9172 
f 9707//9173 9712//9173 9713//9173 9702//9173 
f 9711//9176 9709//9176 9710//9176 9715//9176 
f 9707//9177 9711//9177 9716//9177 9712//9177 
f 9717//9178 9714//9178 9702//9178 9713//9178 
f 9711//9179 9715//9179 9718//9179 9716//9179 
f 9722//9183 9720//9183 9723//9183 9724//9183 
f 9725//9184 9719//9184 9722//9184 9726//9184 
f 9722//9186 9724//9186 9728//9186 9726//9186 
f 9729//9187 9725//9187 9726//9187 9730//9187 
f 9730//9190 9726//9190 9728//9190 9732//9190 
f 9733//9191 9729//9191 9730//9191 9734//9191 
f 9731//9192 9735//9192 9736//9192 9723//9192 
f 9734//9193 9730//9193 9732//9193 9737//9193 
f 9738//9194 9733//9194 9734//9194 9739//9194 
f 9734//9195 9737//9195 9740//9195 9739//9195 
f 9741//9196 9738//9196 9739//9196 9742//9196 
f 9739//9197 9740//9197 9743//9197 9742//9197 
f 9741//9198 9742//9198 9744//9198 9745//9198 
f 9744//9199 9742//9199 9743//9199 9746//9199 
f 9747//9200 9748//9200 9745//9200 9744//9200 
f 9749//9201 9748//9201 9747//9201 9750//9201 
f 9751//9202 9749//9202 9750//9202 9752//9202 
f 9754//9209 9759//9209 9760//9209 9757//9209 
f 9754//9212 9762//9212 9760//9212 9759//9212 
f 9763//9213 9758//9213 9761//9213 9764//9213 
f 9765//9214 9763//9214 9764//9214 9766//9214 
f 9767//9215 9768//9215 9765//9215 9766//9215 
f 9772//9217 9770//9217 9769//9217 9773//9217 
f 9772//9220 9775//9220 9776//9220 9770//9220 
f 9769//9223 9774//9223 9770//9223 9776//9223 
f 9791//9242 9787//9242 9790//9242 9792//9242 
f 9791//9243 9793//9243 9794//9243 9787//9243 
f 9795//9244 9793//9244 9791//9244 9796//9244 
f 9797//9245 9798//9245 9794//9245 9793//9245 
f 9795//9246 9799//9246 9800//9246 9793//9246 
f 9795//9247 9796//9247 9801//9247 9799//9247 
f 9797//9248 9793//9248 9800//9248 9802//9248 
f 9803//9249 9804//9249 9800//9249 9799//9249 
f 9799//9250 9801//9250 9805//9250 9803//9250 
f 9803//9251 9806//9251 9807//9251 9804//9251 
f 9812//9258 9809//9258 9813//9258 9814//9258 
f 9824//9274 9823//9274 9826//9274 9827//9274 
f 9829//9277 9830//9277 9826//9277 9823//9277 
f 9826//9278 9830//9278 9829//9278 9827//9278 
f 9824//9279 9827//9279 9831//9279 9832//9279 
f 9833//9280 9832//9280 9828//9280 9824//9280 
f 9823//9281 9828//9281 9832//9281 9829//9281 
f 9827//9282 9829//9282 9832//9282 9831//9282 
f 9833//9284 9835//9284 9836//9284 9832//9284 
f 9844//9301 9845//9301 7246//9301 9846//9301 
f 9844//9302 9847//9302 9848//9302 9845//9302 
f 9844//9303 9849//9303 9850//9303 9847//9303 
f 9850//9304 9851//9304 9848//9304 9847//9304 
f 9852//9305 9853//9305 9854//9305 9855//9305 
f 9852//9306 9855//9306 9854//9306 9853//9306 
f 9855//9307 9854//9307 9856//9307 9857//9307 
f 9855//9308 9857//9308 9856//9308 9854//9308 
f 6//9309 8679//9309 9858//9309 9859//9309 
f 9859//9310 9858//9310 9860//9310 9861//9310 
f 9862//9311 9863//9311 9864//9311 9865//9311 
f 9862//9312 9866//9312 9867//9312 9863//9312 
f 9864//9313 9863//9313 9868//9313 9869//9313 
f 9865//9314 9864//9314 9870//9314 9871//9314 
f 9872//9315 9862//9315 9865//9315 9873//9315 
f 9874//9316 9866//9316 9862//9316 9872//9316 
f 9868//9317 9875//9317 9876//9317 9869//9317 
f 9877//9318 9870//9318 9864//9318 9869//9318 
f 9878//9319 9872//9319 9873//9319 9879//9319 
f 9880//9320 9874//9320 9872//9320 9878//9320 
f 9876//9321 9875//9321 9881//9321 9882//9321 
f 9807//9324 9878//9324 9879//9324 9884//9324 
f 9885//9325 9880//9325 9878//9325 9807//9325 
f 9882//9326 9881//9326 9886//9326 9887//9326 
f 9890//9330 9891//9330 9889//9330 9888//9330 
f 9890//9331 9892//9331 9889//9331 9891//9331 
f 9893//9332 6807//9332 9894//9332 9895//9332 
f 6807//9333 9893//9333 9895//9333 9894//9333 
f 9791//9334 9896//9334 9897//9334 9898//9334 
f 9791//9335 9898//9335 9899//9335 9896//9335 
f 9584//9338 9899//9338 9898//9338 9902//9338 
f 5736//9347 9904//9347 9905//9347 5867//9347 
f 5736//9348 5867//9348 9905//9348 9904//9348 
f 9906//9349 9907//9349 9908//9349 9909//9349 
f 9910//9350 9911//9350 9908//9350 9907//9350 
f 9912//9351 9913//9351 9914//9351 9915//9351 
f 9915//9352 9914//9352 9913//9352 9912//9352 
f 9916//9353 9917//9353 44//9353 9917//9353 
f 7645//9354 9918//9354 9919//9354 9920//9354 
f 7645//9355 9920//9355 9919//9355 9918//9355 
f 9921//9356 9922//9356 9923//9356 9924//9356 
f 9921//9357 9924//9357 9923//9357 9922//9357 
f 9925//9358 9926//9358 9927//9358 9928//9358 
f 9925//9359 9928//9359 9927//9359 9926//9359 
f 9929//9360 9930//9360 9931//9360 9932//9360 
f 9929//9361 9932//9361 9931//9361 9930//9361 
f 9933//9362 9934//9362 9935//9362 9936//9362 
f 9934//9363 9937//9363 9938//9363 9935//9363 
f 9939//9364 9933//9364 9936//9364 9940//9364 
f 5488//9365 9941//9365 9942//9365 5489//9365 
f 5488//9366 5489//9366 9942//9366 9941//9366 
f 9943//9367 8678//9367 8677//9367 9944//9367 
f 9944//9368 8677//9368 8678//9368 9943//9368 
f 9249//9369 9945//9369 9946//9369 9945//9369 
f 9947//9370 9948//9370 9364//9370 9948//9370 
f 9949//9371 9950//9371 9951//9371 9952//9371 
f 9949//9372 9952//9372 9951//9372 9950//9372 
f 9953//9373 9954//9373 9955//9373 9956//9373 
f 9943//9374 9944//9374 9954//9374 9953//9374 
f 9943//9375 9955//9375 9954//9375 9944//9375 
f 9953//9376 9956//9376 9955//9376 9943//9376 
f 9957//9377 9958//9377 9959//9377 9960//9377 
f 9957//9378 9960//9378 9959//9378 9958//9378 
f 9938//9379 9961//9379 9962//9379 9963//9379 
f 9964//9380 9965//9380 9966//9380 9967//9380 
f 9966//9381 9965//9381 9964//9381 9967//9381 
f 9968//9382 2872//9382 9969//9382 9910//9382 
f 9970//9383 9971//9383 9972//9383 9973//9383 
f 9974//9384 9975//9384 9971//9384 9970//9384 
f 9974//9385 9972//9385 9971//9385 9975//9385 
f 9970//9386 9973//9386 9972//9386 9974//9386 
f 9976//9387 9595//9387 9977//9387 9978//9387 
f 9979//9388 9980//9388 6776//9388 9981//9388 
f 6776//9389 9980//9389 9979//9389 9981//9389 
f 9982//9390 9983//9390 9984//9390 5683//9390 
f 7345//9391 7577//9391 9985//9391 9986//9391 
f 7656//9392 9987//9392 9988//9392 9989//9392 
f 7656//9393 9989//9393 9988//9393 9987//9393 
f 9990//9394 9991//9394 9992//9394 9991//9394 
f 4664//9395 9993//9395 9994//9395 9993//9395 
f 9995//9396 9996//9396 9997//9396 9998//9396 
f 9995//9397 9998//9397 9997//9397 9996//9397 
f 9999//9398 10000//9398 10001//9398 10002//9398 
f 9999//9399 10003//9399 10004//9399 10000//9399 
f 10001//9400 10000//9400 10004//9400 10003//9400 
f 9999//9401 10002//9401 10001//9401 10003//9401 
f 10005//9402 10006//9402 10007//9402 10008//9402 
f 10008//9403 10007//9403 10006//9403 10005//9403 
f 4311//9404 10009//9404 10010//9404 10011//9404 
f 4311//9405 10011//9405 10010//9405 10009//9405 
f 9317//9406 10012//9406 6369//9406 6370//9406 
f 6369//9407 10012//9407 9317//9407 6370//9407 
f 2674//9408 10013//9408 2911//9408 10013//9408 
f 10014//9409 10015//9409 10016//9409 10017//9409 
f 10016//9410 10015//9410 10014//9410 10017//9410 
f 10018//9411 10019//9411 10020//9411 9990//9411 
f 10018//9412 9990//9412 10020//9412 10019//9412 
f 10021//9413 10022//9413 8078//9413 10022//9413 
f 10023//9414 10024//9414 10025//9414 10026//9414 
f 10023//9415 10026//9415 10025//9415 10024//9415 
f 9338//9416 10027//9416 10028//9416 10029//9416 
f 9338//9417 10029//9417 10028//9417 10027//9417 
f 10030//9418 10031//9418 3489//9418 10032//9418 
f 3489//9419 10031//9419 10030//9419 10032//9419 
f 10033//9420 10034//9420 10035//9420 10036//9420 
f 10033//9421 10036//9421 10035//9421 10034//9421 
f 10037//9422 10038//9422 10039//9422 10040//9422 
f 10038//9423 10037//9423 10040//9423 10039//9423 
f 9959//9424 10041//9424 10042//9424 9960//9424 
f 9960//9425 10042//9425 10041//9425 9959//9425 
f 10043//9426 10044//9426 4190//9426 10044//9426 
f 3305//9427 10045//9427 10046//9427 10047//9427 
f 3305//9428 10047//9428 10046//9428 10045//9428 
f 8871//9429 8864//9429 10048//9429 10049//9429 
f 8871//9430 10049//9430 10048//9430 8864//9430 
f 10050//9431 10051//9431 10052//9431 10053//9431 
f 10052//9432 10051//9432 10050//9432 10054//9432 
f 10054//9433 10050//9433 10053//9433 10052//9433 
f 10047//9434 3305//9434 10055//9434 3305//9434 
f 9847//9435 9850//9435 10050//9435 9850//9435 
f 1//4 2//4 6//4 
f 9//32 15//32 31//32 41//32 24//32 
f 24//48 42//48 55//48 43//48 25//48 
f 30//41 51//41 31//41 
f 24//60 41//60 31//60 64//60 42//60 
f 36//83 46//83 75//83 67//83 47//83 
f 55//113 69//113 99//113 124//113 104//113 
f 65//130 82//130 121//130 102//130 83//130 
f 96//151 97//151 137//151 163//151 138//151 
f 96//175 138//175 189//175 154//175 114//175 
f 97//210 190//210 220//210 191//210 137//210 
f 146//188 167//188 147//188 
f 137//246 222//246 223//246 138//246 163//246 
f 138//242 223//242 180//242 154//242 189//242 
f 137//281 191//281 220//281 296//281 222//281 
f 190//323 294//323 342//323 295//323 220//323 
f 255//369 340//369 302//369 341//369 256//369 
f 252//409 289//409 387//409 388//409 290//409 
f 220//418 295//418 342//418 379//418 296//418 
f 290//463 388//463 387//463 439//463 337//463 
f 324//445 419//445 372//445 
f 369//552 420//552 477//552 527//552 469//552 
f 341//574 554//574 617//574 555//574 443//574 
f 394//520 500//520 446//520 
f 551//688 677//688 614//688 
f 623//749 743//749 797//749 744//749 624//749 
f 395//698 626//698 564//698 
f 646//766 703//766 704//766 
f 746//844 799//844 800//844 
f 864//929 905//929 946//929 
f 881//994 922//994 963//994 1004//994 923//994 
f 941//969 1024//969 942//969 
f 945//1016 946//1016 983//1016 1025//1016 1026//1016 
f 921//1034 962//1034 1045//1034 1004//1034 963//1034 
f 1071//1096 1156//1096 1072//1096 
f 1031//1098 1072//1098 1116//1098 
f 1077//1148 1164//1148 1208//1148 1123//1148 1078//1148 
f 1092//1206 1134//1206 1175//1206 1223//1206 1136//1206 
f 1181//1257 1275//1257 1228//1257 
f 1202//1321 1249//1321 1341//1321 1345//1321 1250//1321 
f 1235//1309 1283//1309 1284//1309 
f 1274//1349 1319//1349 1368//1349 
f 1475//1607 1531//1607 1588//1607 1641//1607 1526//1607 
f 1543//1628 1600//1628 1662//1628 
f 1601//1634 1730//1634 1602//1634 
f 1544//1635 1602//1635 1660//1635 
f 1599//1764 1655//1764 1793//1764 1796//1764 1658//1764 
f 1600//1767 1658//1767 1797//1767 1728//1767 1662//1767 
f 1617//1796 1682//1796 1823//1796 1826//1796 1683//1796 
f 1668//1781 1735//1781 1736//1781 
f 1719//1837 1790//1837 1945//1837 
f 1791//1839 1946//1839 1792//1839 
f 1736//1941 1885//1941 2048//1941 1889//1941 1811//1941 
f 1822//1954 1980//1954 1906//1954 1826//1954 1823//1954 
f 1802//1929 1877//1929 1878//1929 
f 1880//1933 2033//1933 1881//1933 
f 1791//2086 2113//2086 2207//2086 2114//2086 1946//2086 
f 1792//2018 2029//2018 1950//2018 
f 2028//2189 2209//2189 2313//2189 2210//2189 2029//2189 
f 2032//2191 2120//2191 2316//2191 2213//2191 2033//2191 
f 1881//2205 2033//2205 2213//2205 2310//2205 2224//2205 
f 2022//2285 2197//2285 2204//2285 2304//2285 2108//2285 
f 2023//2292 2111//2292 2201//2292 2304//2292 2204//2292 
f 2028//2296 2115//2296 2312//2296 2417//2296 2209//2296 
f 2029//2193 2315//2193 2120//2193 
f 2038//2197 2124//2197 2125//2197 
f 2056//2215 2139//2215 2141//2215 
f 2083//2253 2171//2253 2275//2253 
f 2115//2391 2200//2391 2412//2391 2417//2391 2312//2391 
f 2140//2323 2235//2323 2238//2323 
f 2145//2334 2243//2334 2246//2334 
f 2323//2416 2434//2416 2324//2416 
f 2329//2425 2550//2425 2330//2425 
f 2174//2592 2383//2592 2611//2592 2612//2592 2384//2592 
f 2398//2490 2399//2490 2506//2490 
f 2310//2622 2646//2622 2647//2622 2415//2622 2414//2622 
f 2209//2511 2417//2511 2418//2511 
f 2412//2624 2416//2624 2522//2624 
f 2524//2628 2649//2628 2525//2628 
f 2384//2714 2612//2714 2872//2714 
f 2641//2738 2642//2738 2897//2738 
f 2525//2862 2649//2862 2647//2862 2900//2862 2659//2862 
f 2533//2758 2661//2758 2662//2758 
f 2565//2908 2811//2908 3069//2908 2944//2908 2693//2908 
f 2575//2795 2700//2795 2952//2795 
f 2643//2859 2766//2859 2770//2859 2654//2859 2767//2859 
f 2524//2863 2770//2863 2766//2863 
f 2810//3031 3068//3031 3210//3031 2944//3031 2811//3031 
f 2791//3137 2923//3137 3176//3137 3179//3137 2924//3137 
f 2813//3035 3070//3035 2945//3035 
f 2922//3136 3174//3136 3045//3136 
f 3053//3295 3333//3295 3483//3295 3334//3295 3054//3295 
f 2935//3157 3201//3157 3058//3157 
f 3064//3164 3348//3164 3065//3164 
f 2811//3311 2944//3311 3069//3311 3353//3311 3351//3311 
f 2944//3310 3210//3310 3068//3310 3352//3310 3070//3310 
f 2993//3363 3120//3363 3410//3363 3409//3363 3119//3363 
f 2994//3223 3121//3223 3120//3223 
f 3176//3276 3177//3276 3318//3276 
f 3050//3287 3196//3287 3187//3287 
f 3180//3424 3468//3424 3324//3424 
f 3216//3455 3357//3455 3656//3455 
f 3279//3678 3425//3678 3739//3678 3740//3678 3426//3678 
f 3335//3584 3484//3584 3485//3584 
f 3070//3759 3502//3759 3814//3759 3985//3759 3353//3759 
f 3409//3653 3410//3653 3558//3653 
f 3569//3827 3725//3827 4058//3827 3889//3827 3570//3827 
f 3418//3666 3570//3666 3890//3666 
f 3425//3838 3577//3838 3740//3838 3739//3838 3902//3838 
f 3448//3702 3598//3702 3599//3702 
f 3450//3706 3765//3706 3602//3706 
f 3499//3760 3646//3760 3815//3760 3654//3760 3647//3760 
f 3502//3756 3652//3756 3983//3756 
f 3425//3839 3902//3839 3739//3839 
f 3759//4022 4091//4022 4261//4022 4092//4022 3760//4022 
f 3598//3866 3761//3866 3928//3866 
f 3765//4027 3766//4027 4095//4027 4265//4027 3930//4027 
f 3603//3871 3768//3871 4097//3871 
f 3603//4031 4097//4031 4130//4031 3962//4031 3769//4031 
f 3633//4076 4137//4076 4132//4076 4133//4076 3799//4076 
f 3805//3917 3806//3917 4145//3917 
f 3680//3949 3843//3949 3844//3949 
f 3760//4188 4092//4188 4438//4188 4262//4188 3925//4188 
f 3634//4242 3966//4242 4313//4242 4490//4242 4314//4242 
f 3882//4144 4215//4144 4049//4144 
f 4058//4157 4059//4157 4403//4157 
f 3928//4191 4094//4191 4441//4191 
f 3942//4379 4107//4379 4278//4379 4455//4379 4109//4379 
f 3947//4210 4112//4210 4115//4210 
f 3951//4393 4466//4393 4651//4393 4291//4393 4117//4393 
f 3965//4236 4307//4236 4134//4236 
f 4134//4415 4486//4415 4489//4415 4487//4415 4135//4415 
f 3973//4246 4316//4246 4142//4246 
f 4041//4480 4207//4480 4560//4480 4563//4480 4208//4480 
f 4223//4328 4582//4328 4225//4328 
f 4286//4556 4287//4556 4647//4556 4466//4556 4649//4556 
f 4316//4418 4317//4418 4672//4418 
f 4144//4426 4321//4426 4498//4426 
f 4225//4498 4759//4498 4401//4498 
f 4226//4501 4585//4501 4404//4501 
f 4240//4509 4416//4509 4417//4509 
f 4242//4675 4418//4675 4769//4675 4931//4675 4770//4675 
f 4418//4676 4419//4676 4600//4676 4897//4676 4771//4676 
f 4288//4558 4465//4558 4815//4558 
f 4319//4584 4493//4584 4494//4584 
f 4388//4648 4568//4648 4907//4648 
f 4388//4819 4908//4819 4910//4819 4909//4819 4569//4819 
f 4392//4659 4753//4659 4575//4659 
f 4286//4719 4649//4719 4976//4719 
f 4671//4746 4837//4746 4672//4746 
f 4518//4759 4699//4759 4691//4759 
f 4574//4830 4751//4830 4752//4830 
f 4609//4856 4779//4856 4938//4856 
f 4288//4888 4815//4888 4465//4888 4811//4888 5145//4888 
f 4671//4908 4835//4908 5165//4908 
f 4673//4913 4838//4913 5006//4913 
f 4677//4917 4841//4917 5172//4917 
f 4571//5143 4902//5143 5072//5143 5396//5143 5240//5143 
f 4569//4991 4909//4991 4910//4991 
f 4747//4996 5087//4996 4912//4996 
f 4751//5003 4916//5003 5258//5003 
f 4768//5167 4927//5167 5266//5167 5269//5167 4929//5167 
f 4929//5171 5268//5171 5414//5171 5262//5171 4930//5171 
f 4783//5031 4946//5031 4941//5031 
f 4789//5040 5290//5040 4951//5040 
f 4808//5055 4970//5055 4971//5055 
f 4976//5059 4977//5059 5147//5059 
f 4842//5082 5004//5082 5010//5082 
f 4885//5128 5053//5128 5380//5128 
f 4896//5138 5066//5138 5079//5138 
f 5087//5303 5088//5303 5406//5303 5256//5303 5254//5303 
f 4927//5168 5106//5168 5266//5168 
f 5114//5180 5421//5180 5115//5180 
f 4838//5372 5169//5372 5474//5372 5475//5372 5006//5372 
f 5047//5271 5521//5271 5217//5271 
f 5081//5161 5098//5161 5248//5161 
f 5184//5383 5342//5383 5491//5383 
f 5243//5563 5399//5563 5678//5563 5679//5563 5400//5563 
f 5088//5439 5256//5439 5406//5439 
f 5254//5440 5256//5440 5407//5440 
f 5264//5449 5688//5449 5413//5449 
f 5115//5322 5421//5322 5422//5322 
f 5426//5461 5427//5461 5428//5461 
f 5293//5598 5438//5598 5585//5598 5715//5598 5439//5598 
f 5299//5478 5445//5478 5444//5478 
f 5458//5616 5732//5616 5604//5616 
f 5462//5621 5607//5621 5608//5621 
f 5683//5695 5817//5695 5684//5695 
f 5560//5703 5691//5703 5954//5703 
f 5571//5714 5700//5714 5834//5714 
f 5720//5858 5980//5858 6114//5858 5852//5858 5721//5858 
f 5749//5894 6010//5894 6158//5894 6016//5894 5750//5894 
f 5661//5804 5796//5804 5795//5804 
f 5869//6014 5999//6014 6281//6014 6001//6014 5870//6014 
f 5744//5884 5874//5884 5875//5884 
f 5938//5952 5939//5952 6217//5952 
f 5943//6092 6223//6092 6362//6092 6224//6092 5944//6092 
f 5845//5989 5973//5989 6258//5989 
f 5856//6130 5985//6130 6252//6130 6122//6130 5981//6130 
f 5867//6011 6279//6011 5998//6011 
f 5883//6034 6147//6034 6019//6034 6018//6034 6017//6034 
f 5944//6229 6224//6229 6362//6229 6359//6229 6076//6229 
f 5951//6098 6087//6098 6088//6098 
f 6015//6159 6437//6159 6148//6159 
f 6011//6298 6153//6298 6297//6298 6439//6298 6293//6298 
f 6015//6305 6157//6305 6164//6305 6306//6305 6437//6305 
f 6073//6226 6215//6226 6216//6226 
f 6124//6397 6266//6397 6547//6397 6674//6397 6403//6397 
f 6135//6277 6274//6277 6416//6277 
f 6147//6174 6288//6174 6303//6174 
f 6300//6303 6579//6303 6301//6303 
f 6231//6364 6368//6364 6370//6364 
f 6294//6422 6440//6422 6439//6422 6703//6422 6441//6422 
f 6408//6515 6544//6515 6680//6515 
f 6274//6640 6555//6640 6692//6640 6823//6640 6557//6640 
f 6439//6654 6577//6654 6831//6654 6936//6654 6703//6654 
f 6574//6543 6580//6543 6579//6543 6578//6543 6705//6543 
f 6548//6629 6679//6629 6678//6629 
f 4140//6652 6706//6652 6707//6652 
f 6600//6668 6732//6668 6733//6668 
f 6680//6722 6793//6722 6792//6722 
f 6684//6737 6814//6737 6815//6737 
f 6822//6936 6928//6936 7031//6936 7141//6936 6929//6936 
f 6826//6945 7037//6945 7246//6945 7145//6945 6934//6945 
f 6830//6850 6937//6850 6938//6850 
f 6897//6904 7204//6904 6999//6904 
f 6929//7027 7141//7027 7240//7027 7242//7027 7034//7027 
f 7035//7026 7142//7026 7333//7026 
f 6426//7031 7144//7031 7337//7031 
f 7037//7033 7145//7033 7246//7033 
f 7165//7125 7265//7125 7433//7125 
f 7122//7173 7314//7173 7313//7173 
f 7233//7183 7330//7183 7414//7183 7413//7183 7327//7183 
f 7334//7186 7491//7186 7335//7186 
f 7256//7198 7348//7198 7507//7198 
f 7420//7262 7574//7262 7421//7262 
f 7341//7265 7422//7265 7577//7265 
f 7376//7291 7456//7291 7449//7291 
f 7256//7400 7507//7400 7584//7400 7721//7400 7654//7400 
f 7459//7363 7617//7363 7539//7363 
f 7581//7395 7650//7395 7582//7395 
f 7566//7451 7640//7451 7714//7451 
f 7641//7506 7709//7506 7711//7506 
f 7789//7574 7915//7574 7790//7574 
f 7775//7619 7838//7619 7960//7619 
f 7824//7660 7883//7660 7881//7660 
f 7827//7729 7886//7729 7946//7729 8076//7729 7947//7729 
f 7772//7677 7895//7677 7894//7677 7956//7677 7896//7677 
f 7845//7746 7905//7746 8027//7746 7963//7746 7903//7746 
f 7789//7757 7909//7757 7849//7757 7971//7757 7979//7757 
f 7789//7692 7910//7692 7909//7692 
f 7946//7733 7947//7733 8076//7733 
f 7906//7749 8024//7749 7968//7749 
f 7946//7853 8074//7853 8078//7853 7948//7853 8010//7853 
f 8023//7804 8148//7804 8024//7804 
f 7970//7874 8031//7874 8160//7874 8164//7874 8032//7874 
f 8033//7878 8099//7878 8170//7878 8042//7878 8041//7878 
f 8029//7865 8157//7865 8093//7865 
f 8031//7933 8096//7933 8217//7933 8164//7933 8160//7933 
f 8104//7885 8225//7885 8105//7885 
f 8055//7895 8117//7895 8118//7895 
f 8138//7972 8200//7972 8263//7972 
f 8212//8034 8332//8034 8277//8034 
f 8251//8060 8313//8060 8309//8060 
f 8261//8070 8419//8070 8319//8070 
f 8319//8108 8420//8108 8457//8108 8421//8108 8320//8108 
f 8419//8159 8455//8159 8511//8159 
f 8534//8228 8567//8228 8582//8228 8565//8228 8535//8228 
f 8559//8249 8574//8249 8575//8249 
f 8754//8392 8760//8392 8777//8392 8771//8392 8755//8392 
f 8872//8485 8883//8485 8873//8485 
f 8881//8494 8895//8494 8882//8494 
f 8905//8521 8913//8521 8919//8521 
f 8922//8538 8928//8538 8937//8538 8939//8538 8929//8538 
f 8936//8559 8943//8559 8949//8559 8968//8559 8959//8559 
f 9010//8621 9018//8621 9019//8621 
f 9045//8666 9054//8666 9075//8666 9066//8666 9065//8666 
f 9054//8675 9063//8675 9084//8675 9093//8675 9075//8675 
f 9089//8692 9105//8692 9098//8692 
f 9107//8703 9113//8703 9123//8703 
f 9147//8729 9152//8729 9162//8729 
f 9217//8774 9224//8774 9218//8774 
f 9219//8776 9225//8776 9220//8776 
f 9217//8782 9220//8782 9226//8782 9230//8782 9224//8782 
f 9237//8791 9238//8791 9243//8791 
f 9250//8800 9256//8800 9251//8800 
f 9260//8808 9262//8808 9268//8808 
f 9269//8814 9272//8814 9274//8814 9273//8814 9270//8814 
f 9275//8817 9276//8817 9278//8817 
f 9080//8835 9301//8835 9298//8835 
f 9080//8837 9298//8837 9301//8837 
f 2905//8841 9305//8841 9302//8841 
f 2905//8843 9302//8843 9305//8843 
f 6085//8850 9311//8850 9310//8850 
f 9320//8856 9321//8856 9324//8856 
f 9320//8858 9324//8858 9321//8858 
f 9325//8861 9326//8861 9328//8861 
f 9325//8864 9328//8864 9330//8864 
f 2766//8871 9336//8871 9331//8871 9328//8871 9335//8871 
f 2819//8874 3351//8874 9338//8874 
f 9339//8878 9340//8878 9343//8878 
f 9339//8880 9343//8880 9340//8880 
f 9035//8884 9344//8884 9347//8884 
f 9035//8886 9347//8886 9344//8886 
f 9348//8889 9349//8889 9351//8889 
f 9358//8911 9374//8911 9384//8911 9375//8911 9362//8911 
f 9359//8907 9363//8907 9380//8907 
f 9403//8934 9408//8934 9410//8934 
f 9417//8943 9421//8943 9432//8943 
f 9448//8954 9449//8954 9451//8954 
f 9469//8977 9472//8977 9473//8977 
f 9475//8981 9481//8981 9482//8981 
f 2905//8985 9488//8985 9485//8985 
f 2905//8987 9485//8987 9488//8987 
f 9489//8991 9490//8991 9494//8991 
f 9492//9001 9496//9001 9508//9001 
f 9495//9006 9504//9006 9503//9006 9511//9006 9500//9006 
f 9536//9027 9541//9027 9543//9027 9542//9027 9537//9027 
f 2211//9037 2620//9037 9556//9037 
f 2211//9039 9556//9039 2620//9039 
f 4320//9043 4678//9043 9557//9043 
f 4320//9048 9557//9048 9560//9048 9561//9048 4678//9048 
f 9562//9052 9563//9052 9567//9052 
f 9570//9064 9584//9064 9571//9064 
f 9573//9069 9588//9069 9579//9069 
f 9574//9071 9580//9071 9589//9071 
f 9590//9075 9591//9075 9595//9075 
f 9687//9171 9698//9171 9709//9171 9701//9171 9694//9171 
f 9686//9175 9696//9175 9702//9175 9714//9175 9708//9175 
f 9719//9182 9720//9182 9722//9182 
f 9720//9189 9731//9189 9723//9189 
f 9753//9206 9754//9206 9757//9206 
f 9753//9211 9757//9211 9761//9211 9758//9211 9754//9211 
f 9769//9219 9770//9219 9774//9219 
f 9769//9226 9776//9226 9775//9226 9772//9226 9773//9226 
f 9778//9230 9779//9230 9782//9230 
f 9778//9232 9782//9232 9779//9232 
f 4440//9236 9783//9236 9784//9236 
f 4440//9238 9784//9238 9783//9238 
f 9787//9241 9788//9241 9790//9241 
f 9808//9255 9809//9255 9812//9255 
f 9808//9260 9812//9260 9814//9260 9813//9260 9809//9260 
f 5480//9264 9818//9264 9815//9264 
f 5480//9266 9815//9266 9818//9266 
f 3495//9270 9819//9270 9820//9270 
f 3495//9272 9820//9272 9819//9272 
f 9823//9276 9824//9276 9828//9276 
f 9824//9288 9832//9288 9836//9288 9835//9288 9833//9288 
f 6888//9292 9837//9292 9840//9292 
f 6888//9294 9840//9294 9837//9294 
f 5080//9298 9841//9298 5082//9298 
f 5080//9300 5082//9300 9841//9300 
f 9869//9329 9876//9329 9888//9329 9889//9329 9877//9329 
f 9584//9345 9903//9345 9897//9345 9896//9345 9899//9345 
f 9584//9346 9902//9346 9898//9346 9897//9346 9903//9346 
